family,workflow_size,deadline_factor,sharing,deadline_mode,candidate_count,topology,metric,comparison,difference_direction,total_paired_seeds,analyzed_paired_seeds,hds_mean,pbqs_mean,mean_paired_difference,median_paired_difference,paired_ci95_low,paired_ci95_high,cohen_dz,hds_improvement_pct,primary_test,p_value,wilcoxon_p_value,conditional_on_both_globally_successful,holm_adjusted_p_value_global,holm_adjusted_p_value_within_metric
cybershake,100,0.8,NonSharable,reference,20,small,global_deadline_success,HDS-PBQS,positive_favors_HDS,50,50,0.0,0.0,0.0,0.0,0.0,0.0,0.0,,exact_mcnemar,1.0,,0,1.0,1.0
cybershake,100,0.8,NonSharable,reference,20,small,sfc_subdeadline_success,HDS-PBQS,positive_favors_HDS,50,50,0.0,0.0,0.0,0.0,0.0,0.0,0.0,,exact_mcnemar,1.0,,0,1.0,1.0
cybershake,100,0.8,NonSharable,reference,20,small,accepted_sfc_ratio,HDS-PBQS,positive_favors_HDS,50,50,0.0,0.0,0.0,0.0,0.0,0.0,0.0,,paired_t,,,0,,
cybershake,100,0.8,NonSharable,reference,20,small,sfc_deadline_miss_rate,HDS-PBQS,negative_favors_HDS,50,50,1.0,1.0,0.0,0.0,0.0,0.0,0.0,0.0,paired_t,,,0,,
cybershake,100,0.8,NonSharable,reference,20,small,provisioning_cost,HDS-PBQS,negative_favors_HDS,50,0,,,,,,,0.0,,paired_t,,,1,,
cybershake,100,0.8,NonSharable,reference,20,small,makespan_s,HDS-PBQS,negative_favors_HDS,0,0,,,,,,,0.0,,paired_t,,,1,,
cybershake,100,0.8,NonSharable,reference,20,small,network_data_mb,HDS-PBQS,negative_favors_HDS,50,0,,,,,,,0.0,,paired_t,,,1,,
cybershake,100,0.8,NonSharable,reference,20,small,cpu_utilization,HDS-PBQS,positive_favors_HDS,50,0,,,,,,,0.0,,paired_t,,,1,,
cybershake,100,0.8,NonSharable,reference,20,small,ram_utilization,HDS-PBQS,positive_favors_HDS,50,0,,,,,,,0.0,,paired_t,,,1,,
cybershake,100,0.8,NonSharable,reference,20,small,scheduler_runtime_s,HDS-PBQS,negative_favors_HDS,50,50,8.875652005372026e-05,8.911659999284609e-05,-3.6007993912581586e-07,-2.7549867806056266e-07,-3.0743315369577855e-06,2.3541716587061533e-06,-0.03770232151963748,0.4040548440523205,paired_t,0.7908992200300438,0.10589261566596907,0,1.0,1.0
cybershake,100,0.8,Sharable,reference,20,small,global_deadline_success,HDS-PBQS,positive_favors_HDS,50,50,0.0,0.0,0.0,0.0,0.0,0.0,0.0,,exact_mcnemar,1.0,,0,1.0,1.0
cybershake,100,0.8,Sharable,reference,20,small,sfc_subdeadline_success,HDS-PBQS,positive_favors_HDS,50,50,0.0,0.0,0.0,0.0,0.0,0.0,0.0,,exact_mcnemar,1.0,,0,1.0,1.0
cybershake,100,0.8,Sharable,reference,20,small,accepted_sfc_ratio,HDS-PBQS,positive_favors_HDS,50,50,0.0,0.0,0.0,0.0,0.0,0.0,0.0,,paired_t,,,0,,
cybershake,100,0.8,Sharable,reference,20,small,sfc_deadline_miss_rate,HDS-PBQS,negative_favors_HDS,50,50,1.0,1.0,0.0,0.0,0.0,0.0,0.0,0.0,paired_t,,,0,,
cybershake,100,0.8,Sharable,reference,20,small,provisioning_cost,HDS-PBQS,negative_favors_HDS,50,0,,,,,,,0.0,,paired_t,,,1,,
cybershake,100,0.8,Sharable,reference,20,small,makespan_s,HDS-PBQS,negative_favors_HDS,0,0,,,,,,,0.0,,paired_t,,,1,,
cybershake,100,0.8,Sharable,reference,20,small,network_data_mb,HDS-PBQS,negative_favors_HDS,50,0,,,,,,,0.0,,paired_t,,,1,,
cybershake,100,0.8,Sharable,reference,20,small,cpu_utilization,HDS-PBQS,positive_favors_HDS,50,0,,,,,,,0.0,,paired_t,,,1,,
cybershake,100,0.8,Sharable,reference,20,small,ram_utilization,HDS-PBQS,positive_favors_HDS,50,0,,,,,,,0.0,,paired_t,,,1,,
cybershake,100,0.8,Sharable,reference,20,small,scheduler_runtime_s,HDS-PBQS,negative_favors_HDS,50,50,9.3646660243385e-05,9.498851977695185e-05,-1.3418595335668119e-06,-1.4999386621639132e-08,-9.338092231644388e-06,6.654373164510764e-06,-0.0476914910253097,1.4126544309962283,paired_t,0.7373840005734961,0.9389922173111831,0,1.0,1.0
cybershake,100,0.9,NonSharable,reference,20,small,global_deadline_success,HDS-PBQS,positive_favors_HDS,50,50,0.0,0.0,0.0,0.0,0.0,0.0,0.0,,exact_mcnemar,1.0,,0,1.0,1.0
cybershake,100,0.9,NonSharable,reference,20,small,sfc_subdeadline_success,HDS-PBQS,positive_favors_HDS,50,50,0.0,0.0,0.0,0.0,0.0,0.0,0.0,,exact_mcnemar,1.0,,0,1.0,1.0
cybershake,100,0.9,NonSharable,reference,20,small,accepted_sfc_ratio,HDS-PBQS,positive_favors_HDS,50,50,0.0,0.0,0.0,0.0,0.0,0.0,0.0,,paired_t,,,0,,
cybershake,100,0.9,NonSharable,reference,20,small,sfc_deadline_miss_rate,HDS-PBQS,negative_favors_HDS,50,50,1.0,1.0,0.0,0.0,0.0,0.0,0.0,0.0,paired_t,,,0,,
cybershake,100,0.9,NonSharable,reference,20,small,provisioning_cost,HDS-PBQS,negative_favors_HDS,50,0,,,,,,,0.0,,paired_t,,,1,,
cybershake,100,0.9,NonSharable,reference,20,small,makespan_s,HDS-PBQS,negative_favors_HDS,0,0,,,,,,,0.0,,paired_t,,,1,,
cybershake,100,0.9,NonSharable,reference,20,small,network_data_mb,HDS-PBQS,negative_favors_HDS,50,0,,,,,,,0.0,,paired_t,,,1,,
cybershake,100,0.9,NonSharable,reference,20,small,cpu_utilization,HDS-PBQS,positive_favors_HDS,50,0,,,,,,,0.0,,paired_t,,,1,,
cybershake,100,0.9,NonSharable,reference,20,small,ram_utilization,HDS-PBQS,positive_favors_HDS,50,0,,,,,,,0.0,,paired_t,,,1,,
cybershake,100,0.9,NonSharable,reference,20,small,scheduler_runtime_s,HDS-PBQS,negative_favors_HDS,50,50,9.164907998637763e-05,9.039461983774935e-05,1.25446014862827e-06,-5.609981599263847e-07,-4.456669729906849e-06,6.9655900271633895e-06,0.062424360357272154,-1.3877597481796236,paired_t,0.6608602130779709,0.39349457563481494,0,1.0,1.0
cybershake,100,0.9,Sharable,reference,20,small,global_deadline_success,HDS-PBQS,positive_favors_HDS,50,50,0.0,0.0,0.0,0.0,0.0,0.0,0.0,,exact_mcnemar,1.0,,0,1.0,1.0
cybershake,100,0.9,Sharable,reference,20,small,sfc_subdeadline_success,HDS-PBQS,positive_favors_HDS,50,50,0.0,0.0,0.0,0.0,0.0,0.0,0.0,,exact_mcnemar,1.0,,0,1.0,1.0
cybershake,100,0.9,Sharable,reference,20,small,accepted_sfc_ratio,HDS-PBQS,positive_favors_HDS,50,50,0.0,0.0,0.0,0.0,0.0,0.0,0.0,,paired_t,,,0,,
cybershake,100,0.9,Sharable,reference,20,small,sfc_deadline_miss_rate,HDS-PBQS,negative_favors_HDS,50,50,1.0,1.0,0.0,0.0,0.0,0.0,0.0,0.0,paired_t,,,0,,
cybershake,100,0.9,Sharable,reference,20,small,provisioning_cost,HDS-PBQS,negative_favors_HDS,50,0,,,,,,,0.0,,paired_t,,,1,,
cybershake,100,0.9,Sharable,reference,20,small,makespan_s,HDS-PBQS,negative_favors_HDS,0,0,,,,,,,0.0,,paired_t,,,1,,
cybershake,100,0.9,Sharable,reference,20,small,network_data_mb,HDS-PBQS,negative_favors_HDS,50,0,,,,,,,0.0,,paired_t,,,1,,
cybershake,100,0.9,Sharable,reference,20,small,cpu_utilization,HDS-PBQS,positive_favors_HDS,50,0,,,,,,,0.0,,paired_t,,,1,,
cybershake,100,0.9,Sharable,reference,20,small,ram_utilization,HDS-PBQS,positive_favors_HDS,50,0,,,,,,,0.0,,paired_t,,,1,,
cybershake,100,0.9,Sharable,reference,20,small,scheduler_runtime_s,HDS-PBQS,negative_favors_HDS,50,50,9.131902028456774e-05,9.04552401334476e-05,8.637801511201385e-07,-3.5499942896422e-07,-2.772697540968222e-06,4.500257843208499e-06,0.06750587342307965,-0.9549254966830087,paired_t,0.6352433391913789,0.8858855663449852,0,1.0,1.0
cybershake,100,1.0,NonSharable,reference,20,small,global_deadline_success,HDS-PBQS,positive_favors_HDS,50,50,0.0,0.0,0.0,0.0,0.0,0.0,0.0,,exact_mcnemar,1.0,,0,1.0,1.0
cybershake,100,1.0,NonSharable,reference,20,small,sfc_subdeadline_success,HDS-PBQS,positive_favors_HDS,50,50,0.0,0.0,0.0,0.0,0.0,0.0,0.0,,exact_mcnemar,1.0,,0,1.0,1.0
cybershake,100,1.0,NonSharable,reference,20,small,accepted_sfc_ratio,HDS-PBQS,positive_favors_HDS,50,50,0.0,0.0,0.0,0.0,0.0,0.0,0.0,,paired_t,,,0,,
cybershake,100,1.0,NonSharable,reference,20,small,sfc_deadline_miss_rate,HDS-PBQS,negative_favors_HDS,50,50,1.0,1.0,0.0,0.0,0.0,0.0,0.0,0.0,paired_t,,,0,,
cybershake,100,1.0,NonSharable,reference,20,small,provisioning_cost,HDS-PBQS,negative_favors_HDS,50,0,,,,,,,0.0,,paired_t,,,1,,
cybershake,100,1.0,NonSharable,reference,20,small,makespan_s,HDS-PBQS,negative_favors_HDS,0,0,,,,,,,0.0,,paired_t,,,1,,
cybershake,100,1.0,NonSharable,reference,20,small,network_data_mb,HDS-PBQS,negative_favors_HDS,50,0,,,,,,,0.0,,paired_t,,,1,,
cybershake,100,1.0,NonSharable,reference,20,small,cpu_utilization,HDS-PBQS,positive_favors_HDS,50,0,,,,,,,0.0,,paired_t,,,1,,
cybershake,100,1.0,NonSharable,reference,20,small,ram_utilization,HDS-PBQS,positive_favors_HDS,50,0,,,,,,,0.0,,paired_t,,,1,,
cybershake,100,1.0,NonSharable,reference,20,small,scheduler_runtime_s,HDS-PBQS,negative_favors_HDS,50,50,9.0805000363613e-05,8.84329198015619e-05,2.3720805620510987e-06,-2.85999703919515e-07,-1.688645999197874e-06,6.432807123300072e-06,0.16601409293368394,-2.6823501557721996,paired_t,0.24611050617440688,0.9542249738357711,0,1.0,1.0
cybershake,100,1.0,Sharable,reference,20,small,global_deadline_success,HDS-PBQS,positive_favors_HDS,50,50,0.0,0.0,0.0,0.0,0.0,0.0,0.0,,exact_mcnemar,1.0,,0,1.0,1.0
cybershake,100,1.0,Sharable,reference,20,small,sfc_subdeadline_success,HDS-PBQS,positive_favors_HDS,50,50,0.0,0.0,0.0,0.0,0.0,0.0,0.0,,exact_mcnemar,1.0,,0,1.0,1.0
cybershake,100,1.0,Sharable,reference,20,small,accepted_sfc_ratio,HDS-PBQS,positive_favors_HDS,50,50,0.0,0.0,0.0,0.0,0.0,0.0,0.0,,paired_t,,,0,,
cybershake,100,1.0,Sharable,reference,20,small,sfc_deadline_miss_rate,HDS-PBQS,negative_favors_HDS,50,50,1.0,1.0,0.0,0.0,0.0,0.0,0.0,0.0,paired_t,,,0,,
cybershake,100,1.0,Sharable,reference,20,small,provisioning_cost,HDS-PBQS,negative_favors_HDS,50,0,,,,,,,0.0,,paired_t,,,1,,
cybershake,100,1.0,Sharable,reference,20,small,makespan_s,HDS-PBQS,negative_favors_HDS,0,0,,,,,,,0.0,,paired_t,,,1,,
cybershake,100,1.0,Sharable,reference,20,small,network_data_mb,HDS-PBQS,negative_favors_HDS,50,0,,,,,,,0.0,,paired_t,,,1,,
cybershake,100,1.0,Sharable,reference,20,small,cpu_utilization,HDS-PBQS,positive_favors_HDS,50,0,,,,,,,0.0,,paired_t,,,1,,
cybershake,100,1.0,Sharable,reference,20,small,ram_utilization,HDS-PBQS,positive_favors_HDS,50,0,,,,,,,0.0,,paired_t,,,1,,
cybershake,100,1.0,Sharable,reference,20,small,scheduler_runtime_s,HDS-PBQS,negative_favors_HDS,50,50,9.046530023624114e-05,9.158719993137414e-05,-1.1218996951330016e-06,2.800006768666208e-07,-4.8070495850458885e-06,2.5632501947798853e-06,-0.08652032483431878,1.2249524998838657,paired_t,0.543504359067891,0.5655778099255286,0,1.0,1.0
cybershake,100,1.05,NonSharable,reference,20,small,global_deadline_success,HDS-PBQS,positive_favors_HDS,50,50,0.0,0.0,0.0,0.0,0.0,0.0,0.0,,exact_mcnemar,1.0,,0,1.0,1.0
cybershake,100,1.05,NonSharable,reference,20,small,sfc_subdeadline_success,HDS-PBQS,positive_favors_HDS,50,50,0.0,0.0,0.0,0.0,0.0,0.0,0.0,,exact_mcnemar,1.0,,0,1.0,1.0
cybershake,100,1.05,NonSharable,reference,20,small,accepted_sfc_ratio,HDS-PBQS,positive_favors_HDS,50,50,0.21700000000000003,0.20760000000000006,0.009399999999999999,0.0,-0.007962278154304444,0.02676227815430444,0.15386520236099066,4.527938342967226,paired_t,0.2819216037134465,0.42369327251032507,0,1.0,1.0
cybershake,100,1.05,NonSharable,reference,20,small,sfc_deadline_miss_rate,HDS-PBQS,negative_favors_HDS,50,50,0.7829999999999999,0.7924,-0.009399999999999999,0.0,-0.02676227815430444,0.007962278154304444,-0.15386520236099066,1.1862695608278742,paired_t,0.2819216037134465,0.4134398466183463,0,1.0,1.0
cybershake,100,1.05,NonSharable,reference,20,small,provisioning_cost,HDS-PBQS,negative_favors_HDS,50,0,,,,,,,0.0,,paired_t,,,1,,
cybershake,100,1.05,NonSharable,reference,20,small,makespan_s,HDS-PBQS,negative_favors_HDS,0,0,,,,,,,0.0,,paired_t,,,1,,
cybershake,100,1.05,NonSharable,reference,20,small,network_data_mb,HDS-PBQS,negative_favors_HDS,50,0,,,,,,,0.0,,paired_t,,,1,,
cybershake,100,1.05,NonSharable,reference,20,small,cpu_utilization,HDS-PBQS,positive_favors_HDS,50,0,,,,,,,0.0,,paired_t,,,1,,
cybershake,100,1.05,NonSharable,reference,20,small,ram_utilization,HDS-PBQS,positive_favors_HDS,50,0,,,,,,,0.0,,paired_t,,,1,,
cybershake,100,1.05,NonSharable,reference,20,small,scheduler_runtime_s,HDS-PBQS,negative_favors_HDS,50,50,0.008781824460020245,0.004078646220586916,0.004703178239433329,0.0038203604963200997,0.0037811657830064335,0.005625190695860224,1.4496859095188093,-115.31223805815996,paired_t,8.788397411929439e-14,4.218847493575595e-12,0,1.0370308946076738e-10,5.0972704989190745e-12
cybershake,100,1.05,Sharable,reference,20,small,global_deadline_success,HDS-PBQS,positive_favors_HDS,50,50,0.0,0.0,0.0,0.0,0.0,0.0,0.0,,exact_mcnemar,1.0,,0,1.0,1.0
cybershake,100,1.05,Sharable,reference,20,small,sfc_subdeadline_success,HDS-PBQS,positive_favors_HDS,50,50,0.0,0.0,0.0,0.0,0.0,0.0,0.0,,exact_mcnemar,1.0,,0,1.0,1.0
cybershake,100,1.05,Sharable,reference,20,small,accepted_sfc_ratio,HDS-PBQS,positive_favors_HDS,50,50,0.17240000000000003,0.16440000000000002,0.008,0.0,-0.009386849464260182,0.025386849464260182,0.13076404949840523,4.866180048661804,paired_t,0.35968382349757116,0.355762052174445,0,1.0,1.0
cybershake,100,1.05,Sharable,reference,20,small,sfc_deadline_miss_rate,HDS-PBQS,negative_favors_HDS,50,50,0.8275999999999999,0.8356,-0.008000000000000007,0.0,-0.02538684946426019,0.009386849464260175,-0.13076404949840534,0.9573958831977164,paired_t,0.35968382349757055,0.3440097334094119,0,1.0,1.0
cybershake,100,1.05,Sharable,reference,20,small,provisioning_cost,HDS-PBQS,negative_favors_HDS,50,0,,,,,,,0.0,,paired_t,,,1,,
cybershake,100,1.05,Sharable,reference,20,small,makespan_s,HDS-PBQS,negative_favors_HDS,0,0,,,,,,,0.0,,paired_t,,,1,,
cybershake,100,1.05,Sharable,reference,20,small,network_data_mb,HDS-PBQS,negative_favors_HDS,50,0,,,,,,,0.0,,paired_t,,,1,,
cybershake,100,1.05,Sharable,reference,20,small,cpu_utilization,HDS-PBQS,positive_favors_HDS,50,0,,,,,,,0.0,,paired_t,,,1,,
cybershake,100,1.05,Sharable,reference,20,small,ram_utilization,HDS-PBQS,positive_favors_HDS,50,0,,,,,,,0.0,,paired_t,,,1,,
cybershake,100,1.05,Sharable,reference,20,small,scheduler_runtime_s,HDS-PBQS,negative_favors_HDS,50,50,0.018580302299815186,0.0035119840388505947,0.015068318260964587,0.0132803810010955,0.012430226329710973,0.017706410192218202,1.6232825765628454,-429.05429222554676,paired_t,1.7038237330876563e-15,1.7763568394002505e-15,0,2.0735534831676777e-12,1.1926766131613594e-13
cybershake,100,1.1,NonSharable,reference,20,small,global_deadline_success,HDS-PBQS,positive_favors_HDS,50,50,0.0,0.0,0.0,0.0,0.0,0.0,0.0,,exact_mcnemar,1.0,,0,1.0,1.0
cybershake,100,1.1,NonSharable,reference,20,small,sfc_subdeadline_success,HDS-PBQS,positive_favors_HDS,50,50,0.0,0.0,0.0,0.0,0.0,0.0,0.0,,exact_mcnemar,1.0,,0,1.0,1.0
cybershake,100,1.1,NonSharable,reference,20,small,accepted_sfc_ratio,HDS-PBQS,positive_favors_HDS,50,50,0.3277999999999999,0.3032,0.0246,0.0,0.008873660369277121,0.04032633963072288,0.4445562546250054,8.113456464379913,paired_t,0.002833552625076263,0.004029238087713438,0,1.0,0.09350723662751667
cybershake,100,1.1,NonSharable,reference,20,small,sfc_deadline_miss_rate,HDS-PBQS,negative_favors_HDS,50,50,0.6722,0.6968,-0.0246,0.0,-0.04032633963072288,-0.008873660369277125,-0.4445562546250055,3.5304247990815094,paired_t,0.002833552625076263,0.003281287907437068,0,1.0,0.09350723662751667
cybershake,100,1.1,NonSharable,reference,20,small,provisioning_cost,HDS-PBQS,negative_favors_HDS,50,0,,,,,,,0.0,,paired_t,,,1,,
cybershake,100,1.1,NonSharable,reference,20,small,makespan_s,HDS-PBQS,negative_favors_HDS,0,0,,,,,,,0.0,,paired_t,,,1,,
cybershake,100,1.1,NonSharable,reference,20,small,network_data_mb,HDS-PBQS,negative_favors_HDS,50,0,,,,,,,0.0,,paired_t,,,1,,
cybershake,100,1.1,NonSharable,reference,20,small,cpu_utilization,HDS-PBQS,positive_favors_HDS,50,0,,,,,,,0.0,,paired_t,,,1,,
cybershake,100,1.1,NonSharable,reference,20,small,ram_utilization,HDS-PBQS,positive_favors_HDS,50,0,,,,,,,0.0,,paired_t,,,1,,
cybershake,100,1.1,NonSharable,reference,20,small,scheduler_runtime_s,HDS-PBQS,negative_favors_HDS,50,50,0.01156542672106293,0.005491970559014542,0.006073456162048387,0.004802682007721201,0.004828049207682262,0.007318863116414513,1.3859382567233425,-110.58792280084958,paired_t,3.918861012903981e-13,1.7763568394002505e-15,0,4.53804105294281e-10,1.9594305064519904e-11
cybershake,100,1.1,Sharable,reference,20,small,global_deadline_success,HDS-PBQS,positive_favors_HDS,50,50,0.0,0.0,0.0,0.0,0.0,0.0,0.0,,exact_mcnemar,1.0,,0,1.0,1.0
cybershake,100,1.1,Sharable,reference,20,small,sfc_subdeadline_success,HDS-PBQS,positive_favors_HDS,50,50,0.0,0.0,0.0,0.0,0.0,0.0,0.0,,exact_mcnemar,1.0,,0,1.0,1.0
cybershake,100,1.1,Sharable,reference,20,small,accepted_sfc_ratio,HDS-PBQS,positive_favors_HDS,50,50,0.2842,0.2088,0.0754,0.08999999999999997,0.05100504105896523,0.09979495894103477,0.8783963504990059,36.11111111111111,paired_t,1.1051429672447024e-07,1.818868611987481e-06,0,9.658949533718699e-05,6.409829210019274e-06
cybershake,100,1.1,Sharable,reference,20,small,sfc_deadline_miss_rate,HDS-PBQS,negative_favors_HDS,50,50,0.7158000000000001,0.7911999999999999,-0.0754,-0.08999999999999997,-0.09979495894103477,-0.05100504105896523,-0.8783963504990059,9.529828109201189,paired_t,1.1051429672447024e-07,1.8108705902851733e-06,0,9.658949533718699e-05,6.409829210019274e-06
cybershake,100,1.1,Sharable,reference,20,small,provisioning_cost,HDS-PBQS,negative_favors_HDS,50,0,,,,,,,0.0,,paired_t,,,1,,
cybershake,100,1.1,Sharable,reference,20,small,makespan_s,HDS-PBQS,negative_favors_HDS,0,0,,,,,,,0.0,,paired_t,,,1,,
cybershake,100,1.1,Sharable,reference,20,small,network_data_mb,HDS-PBQS,negative_favors_HDS,50,0,,,,,,,0.0,,paired_t,,,1,,
cybershake,100,1.1,Sharable,reference,20,small,cpu_utilization,HDS-PBQS,positive_favors_HDS,50,0,,,,,,,0.0,,paired_t,,,1,,
cybershake,100,1.1,Sharable,reference,20,small,ram_utilization,HDS-PBQS,positive_favors_HDS,50,0,,,,,,,0.0,,paired_t,,,1,,
cybershake,100,1.1,Sharable,reference,20,small,scheduler_runtime_s,HDS-PBQS,negative_favors_HDS,50,50,0.01975214243837395,0.004222731900445023,0.015529410537928924,0.013594957506939,0.012707395865724587,0.018351425210133263,1.56392157916537,-367.757435329776,paired_t,6.421813281363908e-15,1.7763568394002505e-15,0,7.744706817324873e-12,4.238396765700179e-13
cybershake,100,1.15,NonSharable,reference,20,small,global_deadline_success,HDS-PBQS,positive_favors_HDS,50,50,0.0,0.0,0.0,0.0,0.0,0.0,0.0,,exact_mcnemar,1.0,,0,1.0,1.0
cybershake,100,1.15,NonSharable,reference,20,small,sfc_subdeadline_success,HDS-PBQS,positive_favors_HDS,50,50,0.0,0.0,0.0,0.0,0.0,0.0,0.0,,exact_mcnemar,1.0,,0,1.0,1.0
cybershake,100,1.15,NonSharable,reference,20,small,accepted_sfc_ratio,HDS-PBQS,positive_favors_HDS,50,50,0.44380000000000003,0.41119999999999995,0.032600000000000004,0.0,0.008113320729018363,0.05708667927098164,0.3783615322695154,7.9280155642023535,paired_t,0.0101183858015307,0.009100434094641435,0,1.0,0.2833148024428596
cybershake,100,1.15,NonSharable,reference,20,small,sfc_deadline_miss_rate,HDS-PBQS,negative_favors_HDS,50,50,0.5562,0.5888,-0.03259999999999999,0.0,-0.05708667927098163,-0.008113320729018353,-0.3783615322695153,5.536684782608689,paired_t,0.0101183858015307,0.010988782096696195,0,1.0,0.2833148024428596
cybershake,100,1.15,NonSharable,reference,20,small,provisioning_cost,HDS-PBQS,negative_favors_HDS,50,0,,,,,,,0.0,,paired_t,,,1,,
cybershake,100,1.15,NonSharable,reference,20,small,makespan_s,HDS-PBQS,negative_favors_HDS,0,0,,,,,,,0.0,,paired_t,,,1,,
cybershake,100,1.15,NonSharable,reference,20,small,network_data_mb,HDS-PBQS,negative_favors_HDS,50,0,,,,,,,0.0,,paired_t,,,1,,
cybershake,100,1.15,NonSharable,reference,20,small,cpu_utilization,HDS-PBQS,positive_favors_HDS,50,0,,,,,,,0.0,,paired_t,,,1,,
cybershake,100,1.15,NonSharable,reference,20,small,ram_utilization,HDS-PBQS,positive_favors_HDS,50,0,,,,,,,0.0,,paired_t,,,1,,
cybershake,100,1.15,NonSharable,reference,20,small,scheduler_runtime_s,HDS-PBQS,negative_favors_HDS,50,50,0.017921058841311555,0.007676857380283714,0.01024420146102784,0.00918830100636115,0.008325577964423838,0.012162824957631843,1.5174263462539939,-133.44264395659837,paired_t,1.8442790103087517e-14,5.329070518200751e-15,0,2.2020691383086496e-11,1.1618957764945135e-12
cybershake,100,1.15,Sharable,reference,20,small,global_deadline_success,HDS-PBQS,positive_favors_HDS,50,50,0.0,0.0,0.0,0.0,0.0,0.0,0.0,,exact_mcnemar,1.0,,0,1.0,1.0
cybershake,100,1.15,Sharable,reference,20,small,sfc_subdeadline_success,HDS-PBQS,positive_favors_HDS,50,50,0.0,0.0,0.0,0.0,0.0,0.0,0.0,,exact_mcnemar,1.0,,0,1.0,1.0
cybershake,100,1.15,Sharable,reference,20,small,accepted_sfc_ratio,HDS-PBQS,positive_favors_HDS,50,50,0.3986,0.24020000000000002,0.15839999999999999,0.13999999999999999,0.12339781832092397,0.193402181679076,1.286113600668333,65.94504579517067,paired_t,4.2691971210974786e-12,2.3790992884649217e-09,0,4.674770847601739e-09,2.817670099924336e-10
cybershake,100,1.15,Sharable,reference,20,small,sfc_deadline_miss_rate,HDS-PBQS,negative_favors_HDS,50,50,0.6014,0.7598,-0.15839999999999999,-0.14,-0.193402181679076,-0.12339781832092397,-1.286113600668333,20.84759147143985,paired_t,4.2691971210974786e-12,2.3748366084530263e-09,0,4.674770847601739e-09,2.817670099924336e-10
cybershake,100,1.15,Sharable,reference,20,small,provisioning_cost,HDS-PBQS,negative_favors_HDS,50,0,,,,,,,0.0,,paired_t,,,1,,
cybershake,100,1.15,Sharable,reference,20,small,makespan_s,HDS-PBQS,negative_favors_HDS,0,0,,,,,,,0.0,,paired_t,,,1,,
cybershake,100,1.15,Sharable,reference,20,small,network_data_mb,HDS-PBQS,negative_favors_HDS,50,0,,,,,,,0.0,,paired_t,,,1,,
cybershake,100,1.15,Sharable,reference,20,small,cpu_utilization,HDS-PBQS,positive_favors_HDS,50,0,,,,,,,0.0,,paired_t,,,1,,
cybershake,100,1.15,Sharable,reference,20,small,ram_utilization,HDS-PBQS,positive_favors_HDS,50,0,,,,,,,0.0,,paired_t,,,1,,
cybershake,100,1.15,Sharable,reference,20,small,scheduler_runtime_s,HDS-PBQS,negative_favors_HDS,50,50,0.023593262119975363,0.004979832419485267,0.01861342970049009,0.01615901201330415,0.016605246029465424,0.020621613371514757,2.6341605437768427,-373.77622643803835,paired_t,7.079471550194678e-24,1.7763568394002505e-15,0,1.1206803463958175e-20,1.4654506108902984e-21
cybershake,100,1.2,NonSharable,reference,20,small,global_deadline_success,HDS-PBQS,positive_favors_HDS,50,50,0.0,0.0,0.0,0.0,0.0,0.0,0.0,,exact_mcnemar,1.0,,0,1.0,1.0
cybershake,100,1.2,NonSharable,reference,20,small,sfc_subdeadline_success,HDS-PBQS,positive_favors_HDS,50,50,0.0,0.0,0.0,0.0,0.0,0.0,0.0,,exact_mcnemar,1.0,,0,1.0,1.0
cybershake,100,1.2,NonSharable,reference,20,small,accepted_sfc_ratio,HDS-PBQS,positive_favors_HDS,50,50,0.5832,0.5474,0.0358,0.0,0.006488980050033236,0.06511101994996676,0.3471133875284564,6.540007307270744,paired_t,0.01770876978122322,0.032418272309374246,0,1.0,0.44271924453058054
cybershake,100,1.2,NonSharable,reference,20,small,sfc_deadline_miss_rate,HDS-PBQS,negative_favors_HDS,50,50,0.41680000000000006,0.4526,-0.0358,0.0,-0.06511101994996675,-0.006488980050033243,-0.34711338752845644,7.909854175872723,paired_t,0.01770876978122322,0.028510082489706472,0,1.0,0.44271924453058054
cybershake,100,1.2,NonSharable,reference,20,small,provisioning_cost,HDS-PBQS,negative_favors_HDS,50,0,,,,,,,0.0,,paired_t,,,1,,
cybershake,100,1.2,NonSharable,reference,20,small,makespan_s,HDS-PBQS,negative_favors_HDS,0,0,,,,,,,0.0,,paired_t,,,1,,
cybershake,100,1.2,NonSharable,reference,20,small,network_data_mb,HDS-PBQS,negative_favors_HDS,50,0,,,,,,,0.0,,paired_t,,,1,,
cybershake,100,1.2,NonSharable,reference,20,small,cpu_utilization,HDS-PBQS,positive_favors_HDS,50,0,,,,,,,0.0,,paired_t,,,1,,
cybershake,100,1.2,NonSharable,reference,20,small,ram_utilization,HDS-PBQS,positive_favors_HDS,50,0,,,,,,,0.0,,paired_t,,,1,,
cybershake,100,1.2,NonSharable,reference,20,small,scheduler_runtime_s,HDS-PBQS,negative_favors_HDS,50,50,0.018874473299510964,0.010363637360496749,0.008510835939014217,0.00893888750943005,0.006516672941624783,0.01050499893640365,1.212916303569109,-82.1220932667435,paired_t,2.543219266131823e-11,7.151434999741468e-11,0,2.6652937909061504e-08,1.0172877064527293e-09
cybershake,100,1.2,Sharable,reference,20,small,global_deadline_success,HDS-PBQS,positive_favors_HDS,50,50,0.0,0.0,0.0,0.0,0.0,0.0,0.0,,exact_mcnemar,1.0,,0,1.0,1.0
cybershake,100,1.2,Sharable,reference,20,small,sfc_subdeadline_success,HDS-PBQS,positive_favors_HDS,50,50,0.0,0.0,0.0,0.0,0.0,0.0,0.0,,exact_mcnemar,1.0,,0,1.0,1.0
cybershake,100,1.2,Sharable,reference,20,small,accepted_sfc_ratio,HDS-PBQS,positive_favors_HDS,50,50,0.5364000000000001,0.29300000000000004,0.24340000000000003,0.24,0.20285891406424436,0.2839410859357557,1.7062570730660251,83.07167235494882,paired_t,2.7700630098316126e-16,1.1067021806268e-09,0,3.459808699279665e-13,1.9113434767838125e-14
cybershake,100,1.2,Sharable,reference,20,small,sfc_deadline_miss_rate,HDS-PBQS,negative_favors_HDS,50,50,0.4636,0.7070000000000001,-0.24340000000000003,-0.24,-0.2839410859357557,-0.20285891406424436,-1.7062570730660251,34.427157001414436,paired_t,2.7700630098315973e-16,1.1020191355160075e-09,0,3.459808699279665e-13,1.911343476783802e-14
cybershake,100,1.2,Sharable,reference,20,small,provisioning_cost,HDS-PBQS,negative_favors_HDS,50,0,,,,,,,0.0,,paired_t,,,1,,
cybershake,100,1.2,Sharable,reference,20,small,makespan_s,HDS-PBQS,negative_favors_HDS,0,0,,,,,,,0.0,,paired_t,,,1,,
cybershake,100,1.2,Sharable,reference,20,small,network_data_mb,HDS-PBQS,negative_favors_HDS,50,0,,,,,,,0.0,,paired_t,,,1,,
cybershake,100,1.2,Sharable,reference,20,small,cpu_utilization,HDS-PBQS,positive_favors_HDS,50,0,,,,,,,0.0,,paired_t,,,1,,
cybershake,100,1.2,Sharable,reference,20,small,ram_utilization,HDS-PBQS,positive_favors_HDS,50,0,,,,,,,0.0,,paired_t,,,1,,
cybershake,100,1.2,Sharable,reference,20,small,scheduler_runtime_s,HDS-PBQS,negative_favors_HDS,50,50,0.02911933993986163,0.006188456341042127,0.0229308835988195,0.0209640579869302,0.020373643994718006,0.025488123202920994,2.5484061024515783,-370.54286780276414,paired_t,2.9263429921707326e-23,1.7763568394002505e-15,0,4.5797267827471965e-20,5.647841974889514e-21
cybershake,100,1.25,NonSharable,reference,20,small,global_deadline_success,HDS-PBQS,positive_favors_HDS,50,50,0.0,0.02,-0.02,0.0,-0.06019150474258478,0.020191504742584774,-0.14142135623730953,-100.0,exact_mcnemar,1.0,,0,1.0,1.0
cybershake,100,1.25,NonSharable,reference,20,small,sfc_subdeadline_success,HDS-PBQS,positive_favors_HDS,50,50,0.0,0.02,-0.02,0.0,-0.06019150474258478,0.020191504742584774,-0.14142135623730953,-100.0,exact_mcnemar,1.0,,0,1.0,1.0
cybershake,100,1.25,NonSharable,reference,20,small,accepted_sfc_ratio,HDS-PBQS,positive_favors_HDS,50,50,0.7071999999999999,0.643,0.0642,0.03999999999999998,0.03639544277358401,0.09200455722641598,0.6562031531108721,9.984447900466552,paired_t,2.625845560708516e-05,3.0503404085049183e-05,0,0.020954247574453955,0.0012604058691400876
cybershake,100,1.25,NonSharable,reference,20,small,sfc_deadline_miss_rate,HDS-PBQS,negative_favors_HDS,50,50,0.2928,0.35700000000000004,-0.0642,-0.03999999999999998,-0.09200455722641598,-0.03639544277358401,-0.6562031531108721,17.98319327731093,paired_t,2.625845560708516e-05,2.4109060820147556e-05,0,0.020954247574453955,0.0012604058691400876
cybershake,100,1.25,NonSharable,reference,20,small,provisioning_cost,HDS-PBQS,negative_favors_HDS,50,0,,,,,,,0.0,,paired_t,,,1,,
cybershake,100,1.25,NonSharable,reference,20,small,makespan_s,HDS-PBQS,negative_favors_HDS,0,0,,,,,,,0.0,,paired_t,,,1,,
cybershake,100,1.25,NonSharable,reference,20,small,network_data_mb,HDS-PBQS,negative_favors_HDS,50,0,,,,,,,0.0,,paired_t,,,1,,
cybershake,100,1.25,NonSharable,reference,20,small,cpu_utilization,HDS-PBQS,positive_favors_HDS,50,0,,,,,,,0.0,,paired_t,,,1,,
cybershake,100,1.25,NonSharable,reference,20,small,ram_utilization,HDS-PBQS,positive_favors_HDS,50,0,,,,,,,0.0,,paired_t,,,1,,
cybershake,100,1.25,NonSharable,reference,20,small,scheduler_runtime_s,HDS-PBQS,negative_favors_HDS,50,50,0.020393821700636135,0.01104294864060644,0.009350873060029696,0.00886472751699325,0.00787998961194832,0.01082175650811107,1.806729638073369,-84.67732092536635,paired_t,3.258168594009231e-17,1.2434497875801753e-14,0,4.385494927536425e-14,2.9649334205484003e-15
cybershake,100,1.25,Sharable,reference,20,small,global_deadline_success,HDS-PBQS,positive_favors_HDS,50,50,0.0,0.0,0.0,0.0,0.0,0.0,0.0,,exact_mcnemar,1.0,,0,1.0,1.0
cybershake,100,1.25,Sharable,reference,20,small,sfc_subdeadline_success,HDS-PBQS,positive_favors_HDS,50,50,0.0,0.0,0.0,0.0,0.0,0.0,0.0,,exact_mcnemar,1.0,,0,1.0,1.0
cybershake,100,1.25,Sharable,reference,20,small,accepted_sfc_ratio,HDS-PBQS,positive_favors_HDS,50,50,0.6686,0.3576,0.311,0.28,0.26736634227639106,0.35463365772360894,2.0256202819171225,86.96868008948547,paired_t,3.836462502758779e-19,1.10149989504269e-09,0,5.574380016508506e-16,2.6855237519311452e-17
cybershake,100,1.25,Sharable,reference,20,small,sfc_deadline_miss_rate,HDS-PBQS,negative_favors_HDS,50,50,0.33140000000000003,0.6424000000000001,-0.311,-0.28,-0.35463365772360894,-0.26736634227639106,-2.0256202819171225,48.41220423412204,paired_t,3.836462502758779e-19,1.105399549066536e-09,0,5.574380016508506e-16,2.6855237519311452e-17
cybershake,100,1.25,Sharable,reference,20,small,provisioning_cost,HDS-PBQS,negative_favors_HDS,50,0,,,,,,,0.0,,paired_t,,,1,,
cybershake,100,1.25,Sharable,reference,20,small,makespan_s,HDS-PBQS,negative_favors_HDS,0,0,,,,,,,0.0,,paired_t,,,1,,
cybershake,100,1.25,Sharable,reference,20,small,network_data_mb,HDS-PBQS,negative_favors_HDS,50,0,,,,,,,0.0,,paired_t,,,1,,
cybershake,100,1.25,Sharable,reference,20,small,cpu_utilization,HDS-PBQS,positive_favors_HDS,50,0,,,,,,,0.0,,paired_t,,,1,,
cybershake,100,1.25,Sharable,reference,20,small,ram_utilization,HDS-PBQS,positive_favors_HDS,50,0,,,,,,,0.0,,paired_t,,,1,,
cybershake,100,1.25,Sharable,reference,20,small,scheduler_runtime_s,HDS-PBQS,negative_favors_HDS,50,50,0.03158796169911506,0.006968472978332963,0.024619488720782096,0.02194098050313185,0.021132321729799744,0.028106655711764447,2.006437115415524,-353.2981873838264,paired_t,5.595604822473108e-19,1.7763568394002505e-15,0,8.055522291356808e-16,7.106418124540847e-17
cybershake,100,1.3,NonSharable,reference,20,small,global_deadline_success,HDS-PBQS,positive_favors_HDS,50,50,0.14,0.06,0.08,0.0,-0.016759896734384938,0.17675989673438494,0.23497078032307298,133.33333333333337,exact_mcnemar,0.21875,0.21875,0,1.0,1.0
cybershake,100,1.3,NonSharable,reference,20,small,sfc_subdeadline_success,HDS-PBQS,positive_favors_HDS,50,50,0.14,0.06,0.08,0.0,-0.016759896734384938,0.17675989673438494,0.23497078032307298,133.33333333333337,exact_mcnemar,0.21875,0.21875,0,1.0,1.0
cybershake,100,1.3,NonSharable,reference,20,small,accepted_sfc_ratio,HDS-PBQS,positive_favors_HDS,50,50,0.8427999999999999,0.7704,0.0724,0.07999999999999996,0.03552112366821222,0.10927887633178779,0.5579305658007662,9.397715472481817,paired_t,0.00025402341536324394,0.00021638857514437023,0,0.18162674198471943,0.010160936614529758
cybershake,100,1.3,NonSharable,reference,20,small,sfc_deadline_miss_rate,HDS-PBQS,negative_favors_HDS,50,50,0.1572,0.2296,-0.0724,-0.08,-0.10927887633178779,-0.03552112366821222,-0.5579305658007662,31.533101045296164,paired_t,0.00025402341536324394,0.00020104933474157131,0,0.18162674198471943,0.010160936614529758
cybershake,100,1.3,NonSharable,reference,20,small,provisioning_cost,HDS-PBQS,negative_favors_HDS,50,2,0.0975,0.11,-0.012499999999999997,-0.012499999999999997,-0.17132755920218362,0.14632755920218365,-0.7071067811865475,11.363636363636362,paired_t,0.5000000000000001,,1,1.0,1.0
cybershake,100,1.3,NonSharable,reference,20,small,makespan_s,HDS-PBQS,negative_favors_HDS,2,2,181.1740200285382,183.81522350543875,-2.6412034769005572,-2.6412034769005572,-52.438560583933715,47.1561536301326,-0.4765367705091836,1.436879615589842,paired_t,0.6224777129905108,1.0,1,1.0,1.0
cybershake,100,1.3,NonSharable,reference,20,small,network_data_mb,HDS-PBQS,negative_favors_HDS,50,2,472.6645998073162,471.8459830825559,0.8186167247602611,0.8186167247602611,-116.78764783664376,118.42488128616428,0.06253901090057074,-0.1734923585472359,paired_t,0.9438412333051195,1.0,1,1.0,1.0
cybershake,100,1.3,NonSharable,reference,20,small,cpu_utilization,HDS-PBQS,positive_favors_HDS,50,2,0.1552421393009618,0.1444314372879413,0.010810702013020493,0.010810702013020493,-0.048217091930909776,0.06983849595695077,1.645501168668785,7.485006184261728,paired_t,0.2583802598983136,0.5,1,1.0,1.0
cybershake,100,1.3,NonSharable,reference,20,small,ram_utilization,HDS-PBQS,positive_favors_HDS,50,2,0.2890846592569968,0.26602903404347755,0.023055625213519254,0.023055625213519254,0.0026061257563114275,0.04350512467072708,10.129664757149376,8.666582313624914,paired_t,0.044367619279302696,0.5,1,1.0,0.44367619279302695
cybershake,100,1.3,NonSharable,reference,20,small,scheduler_runtime_s,HDS-PBQS,negative_favors_HDS,50,50,0.022869836618483488,0.012715471619157998,0.010154364999325484,0.009760157505297698,0.008401162923402431,0.011907567075248537,1.6460387778430057,-79.85834346896131,paired_t,1.030705188400674e-15,5.329070518200751e-15,0,1.278074433616836e-12,7.52414787532492e-14
cybershake,100,1.3,Sharable,reference,20,small,global_deadline_success,HDS-PBQS,positive_favors_HDS,50,50,0.14,0.0,0.14,0.0,0.040386207711017225,0.2396137922889828,0.3994181815102191,,exact_mcnemar,0.015625,0.015625,0,1.0,1.0
cybershake,100,1.3,Sharable,reference,20,small,sfc_subdeadline_success,HDS-PBQS,positive_favors_HDS,50,50,0.14,0.0,0.14,0.0,0.040386207711017225,0.2396137922889828,0.3994181815102191,,exact_mcnemar,0.015625,0.015625,0,1.0,1.0
cybershake,100,1.3,Sharable,reference,20,small,accepted_sfc_ratio,HDS-PBQS,positive_favors_HDS,50,50,0.7764,0.41899999999999993,0.35739999999999994,0.365,0.3151381882278958,0.3996618117721041,2.403398053587914,85.29832935560862,paired_t,3.5023346367299135e-22,7.527930751217349e-10,0,5.379586002017147e-19,2.591727631180136e-20
cybershake,100,1.3,Sharable,reference,20,small,sfc_deadline_miss_rate,HDS-PBQS,negative_favors_HDS,50,50,0.22360000000000002,0.5810000000000001,-0.35739999999999994,-0.365,-0.3996618117721041,-0.3151381882278958,-2.403398053587914,61.514629948364885,paired_t,3.5023346367299135e-22,7.521122069214678e-10,0,5.379586002017147e-19,2.591727631180136e-20
cybershake,100,1.3,Sharable,reference,20,small,provisioning_cost,HDS-PBQS,negative_favors_HDS,50,0,,,,,,,0.0,,paired_t,,,1,,
cybershake,100,1.3,Sharable,reference,20,small,makespan_s,HDS-PBQS,negative_favors_HDS,0,0,,,,,,,0.0,,paired_t,,,1,,
cybershake,100,1.3,Sharable,reference,20,small,network_data_mb,HDS-PBQS,negative_favors_HDS,50,0,,,,,,,0.0,,paired_t,,,1,,
cybershake,100,1.3,Sharable,reference,20,small,cpu_utilization,HDS-PBQS,positive_favors_HDS,50,0,,,,,,,0.0,,paired_t,,,1,,
cybershake,100,1.3,Sharable,reference,20,small,ram_utilization,HDS-PBQS,positive_favors_HDS,50,0,,,,,,,0.0,,paired_t,,,1,,
cybershake,100,1.3,Sharable,reference,20,small,scheduler_runtime_s,HDS-PBQS,negative_favors_HDS,50,50,0.03420654946021382,0.008200034579203876,0.026006514881009943,0.023123850496631355,0.022996926531616134,0.029016103230403753,2.4558075369592056,-317.15128308074605,paired_t,1.4105621744349823e-22,1.7763568394002505e-15,0,2.1906030568975275e-19,2.5531175357273178e-20
cybershake,100,1.35,NonSharable,reference,20,small,global_deadline_success,HDS-PBQS,positive_favors_HDS,50,50,0.42,0.16,0.26,0.0,0.11016620409190125,0.40983379590809876,0.49315431128909837,162.5,exact_mcnemar,0.002349853515625,0.0016162222150599857,0,1.0,0.481719970703125
cybershake,100,1.35,NonSharable,reference,20,small,sfc_subdeadline_success,HDS-PBQS,positive_favors_HDS,50,50,0.42,0.16,0.26,0.0,0.11016620409190125,0.40983379590809876,0.49315431128909837,162.5,exact_mcnemar,0.002349853515625,0.0016162222150599857,0,1.0,0.481719970703125
cybershake,100,1.35,NonSharable,reference,20,small,accepted_sfc_ratio,HDS-PBQS,positive_favors_HDS,50,50,0.9396000000000001,0.8758,0.0638,0.044999999999999984,0.03832307827435047,0.08927692172564952,0.711693491697349,7.284768211920539,paired_t,6.920984579499371e-06,6.136698428378361e-06,0,0.005626760463132989,0.0003598911981339673
cybershake,100,1.35,NonSharable,reference,20,small,sfc_deadline_miss_rate,HDS-PBQS,negative_favors_HDS,50,50,0.0604,0.12420000000000002,-0.0638,-0.04499999999999999,-0.08927692172564952,-0.03832307827435046,-0.7116934916973489,51.36876006441225,paired_t,6.920984579499399e-06,5.757443935645253e-06,0,0.005626760463132989,0.00035989119813396875
cybershake,100,1.35,NonSharable,reference,20,small,provisioning_cost,HDS-PBQS,negative_favors_HDS,50,6,0.1025,0.11916666666666666,-0.016666666666666666,-0.019999999999999997,-0.03175325453598528,-0.0015800787973480578,-1.1593472394004207,13.986013986013985,paired_t,0.03625457231114594,0.125,1,1.0,1.0
cybershake,100,1.35,NonSharable,reference,20,small,makespan_s,HDS-PBQS,negative_favors_HDS,6,6,190.77441502571628,194.65731564694872,-3.8829006212323756,-3.9117566000085304,-8.186122595172893,0.42032135270814264,-0.9469310025771491,1.9947365493701148,paired_t,0.06809618527394325,0.09375,1,1.0,0.544769482191546
cybershake,100,1.35,NonSharable,reference,20,small,network_data_mb,HDS-PBQS,negative_favors_HDS,50,6,480.62627030566296,482.78781979327596,-2.1615494876130206,0.8186167247602611,-31.803817538125003,27.480718562898964,-0.0765260966480204,0.447722456738563,paired_t,0.8586772862265651,1.0,1,1.0,1.0
cybershake,100,1.35,NonSharable,reference,20,small,cpu_utilization,HDS-PBQS,positive_favors_HDS,50,6,0.1496300498886759,0.13955176758234453,0.010078282306331352,0.012191360769097256,-0.0006412603578979312,0.020797824970560635,0.9866567047203083,7.2218951296224425,paired_t,0.060354848294611844,0.09375,1,1.0,0.5431936346515066
cybershake,100,1.35,NonSharable,reference,20,small,ram_utilization,HDS-PBQS,positive_favors_HDS,50,6,0.2834821846890067,0.25868574051444065,0.024796444174566046,0.025533485068084005,0.0053376464858099874,0.04425524186332211,1.3373011362627665,9.585547361541499,paired_t,0.022058955965013866,0.0625,1,1.0,0.2647074715801664
cybershake,100,1.35,NonSharable,reference,20,small,scheduler_runtime_s,HDS-PBQS,negative_favors_HDS,50,50,0.02678312425945474,0.014751268020700039,0.012031856238754699,0.013181363998228349,0.010556991620422602,0.013506720857086795,2.3184607362116623,-81.56489477291537,paired_t,1.5766160816333228e-21,5.329070518200751e-15,0,2.3696539706948843e-18,2.617182695511316e-19
cybershake,100,1.35,Sharable,reference,20,small,global_deadline_success,HDS-PBQS,positive_favors_HDS,50,50,0.26,0.0,0.26,0.0,0.1340759264460495,0.38592407355395053,0.5867915509994366,,exact_mcnemar,0.000244140625,0.000244140625,0,0.175048828125,0.05078125
cybershake,100,1.35,Sharable,reference,20,small,sfc_subdeadline_success,HDS-PBQS,positive_favors_HDS,50,50,0.26,0.0,0.26,0.0,0.1340759264460495,0.38592407355395053,0.5867915509994366,,exact_mcnemar,0.000244140625,0.000244140625,0,0.175048828125,0.05078125
cybershake,100,1.35,Sharable,reference,20,small,accepted_sfc_ratio,HDS-PBQS,positive_favors_HDS,50,50,0.8708,0.4809999999999999,0.3898,0.4,0.3522613734404182,0.42733862655958177,2.951091833272167,81.03950103950108,paired_t,4.989943642550594e-26,7.526228061894621e-10,0,8.213447235638278e-23,3.942055477614969e-24
cybershake,100,1.35,Sharable,reference,20,small,sfc_deadline_miss_rate,HDS-PBQS,negative_favors_HDS,50,50,0.1292,0.519,-0.3898,-0.4,-0.42733862655958177,-0.3522613734404182,-2.951091833272167,75.10597302504817,paired_t,4.989943642550594e-26,7.531337167878101e-10,0,8.213447235638278e-23,3.942055477614969e-24
cybershake,100,1.35,Sharable,reference,20,small,provisioning_cost,HDS-PBQS,negative_favors_HDS,50,0,,,,,,,0.0,,paired_t,,,1,,
cybershake,100,1.35,Sharable,reference,20,small,makespan_s,HDS-PBQS,negative_favors_HDS,0,0,,,,,,,0.0,,paired_t,,,1,,
cybershake,100,1.35,Sharable,reference,20,small,network_data_mb,HDS-PBQS,negative_favors_HDS,50,0,,,,,,,0.0,,paired_t,,,1,,
cybershake,100,1.35,Sharable,reference,20,small,cpu_utilization,HDS-PBQS,positive_favors_HDS,50,0,,,,,,,0.0,,paired_t,,,1,,
cybershake,100,1.35,Sharable,reference,20,small,ram_utilization,HDS-PBQS,positive_favors_HDS,50,0,,,,,,,0.0,,paired_t,,,1,,
cybershake,100,1.35,Sharable,reference,20,small,scheduler_runtime_s,HDS-PBQS,negative_favors_HDS,50,50,0.03746395808040684,0.009219805360989942,0.028244152719416896,0.027262932015219152,0.025289043027080235,0.031199262411753557,2.716277981089909,-306.3421798351748,paired_t,1.8788971061276964e-24,1.7763568394002505e-15,0,3.0362977235023573e-21,4.0959956913583784e-22
cybershake,100,1.4,NonSharable,reference,20,small,global_deadline_success,HDS-PBQS,positive_favors_HDS,50,50,0.78,0.42,0.36,0.0,0.21071726809897082,0.5092827319010291,0.6853496494577307,85.71428571428574,exact_mcnemar,4.00543212890625e-05,5.699411623331837e-05,0,0.03144264221191406,0.008571624755859375
cybershake,100,1.4,NonSharable,reference,20,small,sfc_subdeadline_success,HDS-PBQS,positive_favors_HDS,50,50,0.78,0.42,0.36,0.0,0.21071726809897082,0.5092827319010291,0.6853496494577307,85.71428571428574,exact_mcnemar,4.00543212890625e-05,5.699411623331837e-05,0,0.03144264221191406,0.008571624755859375
cybershake,100,1.4,NonSharable,reference,20,small,accepted_sfc_ratio,HDS-PBQS,positive_favors_HDS,50,50,0.9838,0.9478,0.036,0.009999999999999898,0.02020265270602775,0.05179734729397224,0.6476458741747182,3.798269677147081,paired_t,3.215965347183334e-05,3.89125724297042e-05,0,0.02550260520316364,0.001511503713176167
cybershake,100,1.4,NonSharable,reference,20,small,sfc_deadline_miss_rate,HDS-PBQS,negative_favors_HDS,50,50,0.016200000000000003,0.052199999999999996,-0.036000000000000004,-0.010000000000000009,-0.05179734729397225,-0.02020265270602776,-0.6476458741747184,68.9655172413793,paired_t,3.215965347183309e-05,2.8867976511644685e-05,0,0.02550260520316364,0.0015115037131761553
cybershake,100,1.4,NonSharable,reference,20,small,provisioning_cost,HDS-PBQS,negative_favors_HDS,50,20,0.10375000000000001,0.1145,-0.01075,-0.015,-0.01688395892774245,-0.00461604107225755,-0.8202133285013385,9.388646288209602,paired_t,0.0016343204258032476,0.0025934026516733774,1,1.0,0.06700713745793314
cybershake,100,1.4,NonSharable,reference,20,small,makespan_s,HDS-PBQS,negative_favors_HDS,20,20,194.24186471780817,198.4815111408956,-4.2396464230874145,-4.657030263655557,-6.314740341801841,-2.164552504372988,-0.956205204129201,2.1360409837256067,paired_t,0.0004078363080719039,0.0005855560302734375,1,0.288748106114908,0.006117544621078558
cybershake,100,1.4,NonSharable,reference,20,small,network_data_mb,HDS-PBQS,negative_favors_HDS,50,20,493.7989077564472,500.04081881633954,-6.241911059892283,-9.70355557527148,-16.7381063466854,4.254284226900831,-0.2783203074829565,1.248280305329422,paired_t,0.22838199884685292,0.26109886169433594,1,1.0,1.0
cybershake,100,1.4,NonSharable,reference,20,small,cpu_utilization,HDS-PBQS,positive_favors_HDS,50,20,0.14535276229189348,0.1389251558559956,0.006427606435897848,0.006650964073659255,0.0015618243275588714,0.011293388544236824,0.6182382079218288,4.6266685081573575,paired_t,0.012331318729102678,0.01923370361328125,1,1.0,0.1726384622074375
cybershake,100,1.4,NonSharable,reference,20,small,ram_utilization,HDS-PBQS,positive_favors_HDS,50,20,0.26988746222825644,0.25359620795670285,0.016291254271553555,0.019868347471882236,0.006766860837976587,0.025815647705130524,0.8005277974823911,6.42409222236282,paired_t,0.001996959552138475,0.002712249755859375,1,1.0,0.033948312386354075
cybershake,100,1.4,NonSharable,reference,20,small,scheduler_runtime_s,HDS-PBQS,negative_favors_HDS,50,50,0.025405201580433596,0.015554810300891347,0.00985039127954225,0.010198707517702101,0.008411938522347765,0.011288844036736736,1.946153749608315,-63.32697788656275,paired_t,1.8590987407831574e-18,3.552713678800501e-15,0,2.6287656194673847e-15,2.137963551900631e-16
cybershake,100,1.4,Sharable,reference,20,small,global_deadline_success,HDS-PBQS,positive_favors_HDS,50,50,0.58,0.0,0.58,1.0,0.4383081494166353,0.7216918505833646,1.163328557774343,,exact_mcnemar,3.725290298461914e-09,7.237829871739995e-08,0,3.430992364883423e-06,8.381903171539307e-07
cybershake,100,1.4,Sharable,reference,20,small,sfc_subdeadline_success,HDS-PBQS,positive_favors_HDS,50,50,0.58,0.0,0.58,1.0,0.4383081494166353,0.7216918505833646,1.163328557774343,,exact_mcnemar,3.725290298461914e-09,7.237829871739995e-08,0,3.430992364883423e-06,8.381903171539307e-07
cybershake,100,1.4,Sharable,reference,20,small,accepted_sfc_ratio,HDS-PBQS,positive_favors_HDS,50,50,0.9394,0.5378000000000001,0.40159999999999996,0.405,0.36343054873642094,0.43976945126357897,2.990178097634597,74.67460022313126,paired_t,2.7895578703995065e-26,7.517719802882833e-10,0,4.597191370418387e-23,2.231646296319605e-24
cybershake,100,1.4,Sharable,reference,20,small,sfc_deadline_miss_rate,HDS-PBQS,negative_favors_HDS,50,50,0.06060000000000001,0.4622,-0.40159999999999996,-0.405,-0.43976945126357897,-0.36343054873642094,-2.990178097634596,86.88879273041974,paired_t,2.7895578703995065e-26,7.512618995330574e-10,0,4.597191370418387e-23,2.231646296319605e-24
cybershake,100,1.4,Sharable,reference,20,small,provisioning_cost,HDS-PBQS,negative_favors_HDS,50,0,,,,,,,0.0,,paired_t,,,1,,
cybershake,100,1.4,Sharable,reference,20,small,makespan_s,HDS-PBQS,negative_favors_HDS,0,0,,,,,,,0.0,,paired_t,,,1,,
cybershake,100,1.4,Sharable,reference,20,small,network_data_mb,HDS-PBQS,negative_favors_HDS,50,0,,,,,,,0.0,,paired_t,,,1,,
cybershake,100,1.4,Sharable,reference,20,small,cpu_utilization,HDS-PBQS,positive_favors_HDS,50,0,,,,,,,0.0,,paired_t,,,1,,
cybershake,100,1.4,Sharable,reference,20,small,ram_utilization,HDS-PBQS,positive_favors_HDS,50,0,,,,,,,0.0,,paired_t,,,1,,
cybershake,100,1.4,Sharable,reference,20,small,scheduler_runtime_s,HDS-PBQS,negative_favors_HDS,50,50,0.03649114501997242,0.00979830994081562,0.026692835079156797,0.024179105004805003,0.023735839469651146,0.02964983068866245,2.5654484468547105,-272.4228488421838,paired_t,2.2009808268749398e-23,1.7763568394002505e-15,0,3.4511379365399055e-20,4.2919126124061325e-21
cybershake,100,1.45,NonSharable,reference,20,small,global_deadline_success,HDS-PBQS,positive_favors_HDS,50,50,0.96,0.8,0.16,0.0,0.0547539355559592,0.2652460644440408,0.4320493798938574,19.99999999999999,exact_mcnemar,0.0078125,0.0078125,0,1.0,1.0
cybershake,100,1.45,NonSharable,reference,20,small,sfc_subdeadline_success,HDS-PBQS,positive_favors_HDS,50,50,0.96,0.8,0.16,0.0,0.0547539355559592,0.2652460644440408,0.4320493798938574,19.99999999999999,exact_mcnemar,0.0078125,0.0078125,0,1.0,1.0
cybershake,100,1.45,NonSharable,reference,20,small,accepted_sfc_ratio,HDS-PBQS,positive_favors_HDS,50,50,0.9984000000000001,0.9928,0.005600000000000005,0.0,0.000332687444705374,0.010867312555294637,0.30214694382932183,0.564061240934735,paired_t,0.03765811114040418,0.0078125,0,1.0,0.7908203339484878
cybershake,100,1.45,NonSharable,reference,20,small,sfc_deadline_miss_rate,HDS-PBQS,negative_favors_HDS,50,50,0.0016,0.0072,-0.005600000000000001,0.0,-0.01086731255529463,-0.00033268744470537053,-0.30214694382932167,77.77777777777777,paired_t,0.037658111140404356,0.03125,0,1.0,0.7908203339484915
cybershake,100,1.45,NonSharable,reference,20,small,provisioning_cost,HDS-PBQS,negative_favors_HDS,50,40,0.10787499999999998,0.12074999999999998,-0.012875000000000001,-0.015,-0.01726378845201517,-0.008486211547984832,-0.9382144541690582,10.662525879917183,paired_t,6.400587215117378e-07,2.8953391860182905e-06,1,0.0005466101481710241,5.6325167493032925e-05
cybershake,100,1.45,NonSharable,reference,20,small,makespan_s,HDS-PBQS,negative_favors_HDS,40,40,198.65527760675164,205.18433037304294,-6.529052766291319,-6.4250069301406825,-8.335886662731145,-4.722218869851495,-1.155663716651576,3.182042583086591,paired_t,8.097084359016536e-09,5.844412953592837e-09,1,7.4007351041411136e-06,1.9433002461639686e-07
cybershake,100,1.45,NonSharable,reference,20,small,network_data_mb,HDS-PBQS,negative_favors_HDS,50,40,496.3800371956093,509.03849295714735,-12.658455761538116,-13.57714684503162,-20.144589080114883,-5.172322442961347,-0.54078258861276,2.4867384169714812,paired_t,0.0014802068120540058,0.0022767432674299926,1,0.993218770888238,0.11841654496432047
cybershake,100,1.45,NonSharable,reference,20,small,cpu_utilization,HDS-PBQS,positive_favors_HDS,50,40,0.1446656973002261,0.1350244992834059,0.009641198016820186,0.009191430354999856,0.005923610902269408,0.013358785131370964,0.8294102111688929,7.140332360414148,paired_t,5.753581424673392e-06,7.508137059630826e-06,1,0.004683415279684141,0.0001495931170415082
cybershake,100,1.45,NonSharable,reference,20,small,ram_utilization,HDS-PBQS,positive_favors_HDS,50,40,0.26916203261616867,0.2463250202250277,0.02283701239114099,0.022356692929891397,0.015480436996217005,0.030193587786064978,0.9928031044485196,9.271089217927782,paired_t,2.1221626644924837e-07,2.0396328181959689e-07,1,0.00018399150301149833,5.305406661231209e-06
cybershake,100,1.45,NonSharable,reference,20,small,scheduler_runtime_s,HDS-PBQS,negative_favors_HDS,50,50,0.027992530200790452,0.016783878560527165,0.011208651640263283,0.011262839001574348,0.009121045430302649,0.013296257850223918,1.5258929271770787,-66.78224940583242,paired_t,1.520382091572878e-14,7.65609797781508e-12,0,1.818376981521162e-11,9.882483595223707e-13
cybershake,100,1.45,Sharable,reference,20,small,global_deadline_success,HDS-PBQS,positive_favors_HDS,50,50,0.8,0.0,0.8,1.0,0.6851671293069006,0.9148328706930995,1.979898987322333,,exact_mcnemar,1.8189894035458565e-12,2.5396285894708567e-10,0,2.039087121374905e-09,4.256435204297304e-10
cybershake,100,1.45,Sharable,reference,20,small,sfc_subdeadline_success,HDS-PBQS,positive_favors_HDS,50,50,0.8,0.0,0.8,1.0,0.6851671293069006,0.9148328706930995,1.979898987322333,,exact_mcnemar,1.8189894035458565e-12,2.5396285894708567e-10,0,2.039087121374905e-09,4.256435204297304e-10
cybershake,100,1.45,Sharable,reference,20,small,accepted_sfc_ratio,HDS-PBQS,positive_favors_HDS,50,50,0.9747999999999999,0.5780000000000001,0.39679999999999993,0.43000000000000005,0.3564348166913053,0.4371651833086946,2.793727242566865,68.65051903114183,paired_t,5.529939258623755e-25,7.299515330570721e-10,0,9.002741113039472e-22,4.202753836554054e-23
cybershake,100,1.45,Sharable,reference,20,small,sfc_deadline_miss_rate,HDS-PBQS,negative_favors_HDS,50,50,0.0252,0.4219999999999999,-0.3967999999999999,-0.43,-0.4371651833086945,-0.3564348166913052,-2.7937272425668653,94.02843601895734,paired_t,5.529939258623823e-25,7.297859122580957e-10,0,9.002741113039472e-22,4.202753836554105e-23
cybershake,100,1.45,Sharable,reference,20,small,provisioning_cost,HDS-PBQS,negative_favors_HDS,50,0,,,,,,,0.0,,paired_t,,,1,,
cybershake,100,1.45,Sharable,reference,20,small,makespan_s,HDS-PBQS,negative_favors_HDS,0,0,,,,,,,0.0,,paired_t,,,1,,
cybershake,100,1.45,Sharable,reference,20,small,network_data_mb,HDS-PBQS,negative_favors_HDS,50,0,,,,,,,0.0,,paired_t,,,1,,
cybershake,100,1.45,Sharable,reference,20,small,cpu_utilization,HDS-PBQS,positive_favors_HDS,50,0,,,,,,,0.0,,paired_t,,,1,,
cybershake,100,1.45,Sharable,reference,20,small,ram_utilization,HDS-PBQS,positive_favors_HDS,50,0,,,,,,,0.0,,paired_t,,,1,,
cybershake,100,1.45,Sharable,reference,20,small,scheduler_runtime_s,HDS-PBQS,negative_favors_HDS,50,50,0.038546720819140276,0.010771791818697187,0.02777492900044309,0.02580531899911875,0.02467443008406522,0.03087542791682096,2.5458959014133913,-257.848735548645,paired_t,3.052098632737601e-23,1.7763568394002505e-15,0,4.773482261601608e-20,5.860029374856194e-21
cybershake,100,1.5,NonSharable,reference,20,small,global_deadline_success,HDS-PBQS,positive_favors_HDS,50,50,1.0,0.98,0.02,0.0,-0.020191504742584788,0.06019150474258479,0.1414213562373095,2.040816326530614,exact_mcnemar,1.0,,0,1.0,1.0
cybershake,100,1.5,NonSharable,reference,20,small,sfc_subdeadline_success,HDS-PBQS,positive_favors_HDS,50,50,1.0,0.98,0.02,0.0,-0.020191504742584788,0.06019150474258479,0.1414213562373095,2.040816326530614,exact_mcnemar,1.0,,0,1.0,1.0
cybershake,100,1.5,NonSharable,reference,20,small,accepted_sfc_ratio,HDS-PBQS,positive_favors_HDS,50,50,1.0,0.9986,0.0013999999999999991,0.0,-0.0014134053319809338,0.004213405331980932,0.14142135623730953,0.14019627478469424,paired_t,0.32222340595067545,,0,1.0,1.0
cybershake,100,1.5,NonSharable,reference,20,small,sfc_deadline_miss_rate,HDS-PBQS,negative_favors_HDS,50,50,0.0,0.0014000000000000002,-0.0014000000000000002,0.0,-0.004213405331980936,0.0014134053319809353,-0.1414213562373095,100.0,paired_t,0.32222340595067545,,0,1.0,1.0
cybershake,100,1.5,NonSharable,reference,20,small,provisioning_cost,HDS-PBQS,negative_favors_HDS,50,49,0.10724489795918365,0.12163265306122449,-0.014387755102040817,-0.015,-0.018239530915983952,-0.010535979288097684,-1.0729196049420564,11.828859060402701,paired_t,1.2188669949344107e-09,6.511860545094458e-08,1,1.174987783116772e-06,1.1091689653903137e-07
cybershake,100,1.5,NonSharable,reference,20,small,makespan_s,HDS-PBQS,negative_favors_HDS,49,49,199.32584623782037,206.78207659263668,-7.4562303548163005,-6.4994005379140845,-9.233787508482722,-5.678673201149879,-1.2048441939645935,3.6058397699067415,paired_t,4.904191107793825e-11,3.0897950864527957e-11,1,4.982658165518526e-08,1.4222154212602092e-09
cybershake,100,1.5,NonSharable,reference,20,small,network_data_mb,HDS-PBQS,negative_favors_HDS,50,49,498.83283446714563,513.9752277228835,-15.142393255737678,-14.853384230043616,-22.191781492886516,-8.09300501858884,-0.6169901591735226,2.9461328949305026,paired_t,7.826820950415703e-05,0.0001750194502996294,1,0.05784020682357204,0.006339724969836719
cybershake,100,1.5,NonSharable,reference,20,small,cpu_utilization,HDS-PBQS,positive_favors_HDS,50,49,0.1456127465869696,0.135734991548543,0.009877755038426573,0.009295047107971605,0.0066083223968097324,0.013147187680043413,0.8678027126940224,7.27723553501974,paired_t,1.9284533507502478e-07,1.920240855213251e-07,1,0.0001677386611779115,8.87088541345114e-06
cybershake,100,1.5,NonSharable,reference,20,small,ram_utilization,HDS-PBQS,positive_favors_HDS,50,49,0.27052316260971365,0.24749478706477665,0.023028375544936988,0.024217947404672507,0.016626714072410773,0.029430037017463204,1.033250787002391,9.304590136239838,paired_t,3.236138097098362e-09,2.1565789154465165e-09,1,2.9837193255246895e-06,1.0032028101004921e-07
cybershake,100,1.5,NonSharable,reference,20,small,scheduler_runtime_s,HDS-PBQS,negative_favors_HDS,50,50,0.02737699268007414,0.016873948578577203,0.01050304410149693,0.010021290503573248,0.008941239348137644,0.012064848854856217,1.9112069548758317,-62.24413955386453,paired_t,3.7675025794464e-18,3.552713678800501e-15,0,5.304643631860532e-15,4.1442528373910403e-16
cybershake,100,1.5,Sharable,reference,20,small,global_deadline_success,HDS-PBQS,positive_favors_HDS,50,50,0.9,0.0,0.9,1.0,0.8138753469801755,0.9861246530198245,2.9698484809834995,,exact_mcnemar,5.684341886080802e-14,1.9703444711799168e-11,0,6.758682502550073e-11,1.3415046851150692e-11
cybershake,100,1.5,Sharable,reference,20,small,sfc_subdeadline_success,HDS-PBQS,positive_favors_HDS,50,50,0.9,0.0,0.9,1.0,0.8138753469801755,0.9861246530198245,2.9698484809834995,,exact_mcnemar,5.684341886080802e-14,1.9703444711799168e-11,0,6.758682502550073e-11,1.3415046851150692e-11
cybershake,100,1.5,Sharable,reference,20,small,accepted_sfc_ratio,HDS-PBQS,positive_favors_HDS,50,50,0.9936000000000001,0.6324000000000001,0.36119999999999997,0.33499999999999996,0.3250611997835284,0.39733880021647155,2.840490099011926,57.1157495256167,paired_t,2.6763253250117874e-25,7.316095991480364e-10,0,4.378468231719244e-22,2.0607705002590763e-23
cybershake,100,1.5,Sharable,reference,20,small,sfc_deadline_miss_rate,HDS-PBQS,negative_favors_HDS,50,50,0.0064,0.3676,-0.36119999999999997,-0.335,-0.39733880021647155,-0.3250611997835284,-2.840490099011927,98.25897714907508,paired_t,2.6763253250117626e-25,7.326060620684653e-10,0,4.378468231719244e-22,2.0607705002590572e-23
cybershake,100,1.5,Sharable,reference,20,small,provisioning_cost,HDS-PBQS,negative_favors_HDS,50,0,,,,,,,0.0,,paired_t,,,1,,
cybershake,100,1.5,Sharable,reference,20,small,makespan_s,HDS-PBQS,negative_favors_HDS,0,0,,,,,,,0.0,,paired_t,,,1,,
cybershake,100,1.5,Sharable,reference,20,small,network_data_mb,HDS-PBQS,negative_favors_HDS,50,0,,,,,,,0.0,,paired_t,,,1,,
cybershake,100,1.5,Sharable,reference,20,small,cpu_utilization,HDS-PBQS,positive_favors_HDS,50,0,,,,,,,0.0,,paired_t,,,1,,
cybershake,100,1.5,Sharable,reference,20,small,ram_utilization,HDS-PBQS,positive_favors_HDS,50,0,,,,,,,0.0,,paired_t,,,1,,
cybershake,100,1.5,Sharable,reference,20,small,scheduler_runtime_s,HDS-PBQS,negative_favors_HDS,50,50,0.03885316446081556,0.01198402340000025,0.02686914106081531,0.02398619799168955,0.023624358911140723,0.030113923210489897,2.3533553400867686,-224.2080156553662,paired_t,8.458409875049222e-22,1.7763568394002505e-15,0,1.2738365271824127e-18,1.4294712688833185e-19
cybershake,100,1.6,NonSharable,reference,20,small,global_deadline_success,HDS-PBQS,positive_favors_HDS,50,50,1.0,1.0,0.0,0.0,0.0,0.0,0.0,0.0,exact_mcnemar,1.0,,0,1.0,1.0
cybershake,100,1.6,NonSharable,reference,20,small,sfc_subdeadline_success,HDS-PBQS,positive_favors_HDS,50,50,1.0,1.0,0.0,0.0,0.0,0.0,0.0,0.0,exact_mcnemar,1.0,,0,1.0,1.0
cybershake,100,1.6,NonSharable,reference,20,small,accepted_sfc_ratio,HDS-PBQS,positive_favors_HDS,50,50,1.0,1.0,0.0,0.0,0.0,0.0,0.0,0.0,paired_t,,,0,,
cybershake,100,1.6,NonSharable,reference,20,small,sfc_deadline_miss_rate,HDS-PBQS,negative_favors_HDS,50,50,0.0,0.0,0.0,0.0,0.0,0.0,0.0,,paired_t,,,0,,
cybershake,100,1.6,NonSharable,reference,20,small,provisioning_cost,HDS-PBQS,negative_favors_HDS,50,50,0.10719999999999999,0.12180000000000002,-0.014600000000000004,-0.015,-0.018481877594151003,-0.010718122405849002,-1.0688832889758177,11.986863711001666,paired_t,9.105471027669574e-10,5.678573175381582e-08,1,8.977994433282201e-07,9.83390870988314e-08
cybershake,100,1.6,NonSharable,reference,20,small,makespan_s,HDS-PBQS,negative_favors_HDS,50,50,199.39716697390355,206.87404715377986,-7.476880179876293,-6.529870507246599,-9.207848619190672,-5.745911740561913,-1.2275820793594852,3.6142185463787846,paired_t,1.7749844974156475e-11,1.0192735544478637e-11,1,1.8939084587424958e-08,8.164928688111978e-10
cybershake,100,1.6,NonSharable,reference,20,small,network_data_mb,HDS-PBQS,negative_favors_HDS,50,50,499.73554132713826,515.0950279127368,-15.359486585598445,-14.283109780215312,-22.184536549881887,-8.534436621315002,-0.639573015948494,2.9818743636175413,paired_t,3.89067151404533e-05,7.500770700019643e-05,1,0.030580678100396295,0.0038128580837644235
cybershake,100,1.6,NonSharable,reference,20,small,cpu_utilization,HDS-PBQS,positive_favors_HDS,50,50,0.14565191809284217,0.13575208551151913,0.00989983258132306,0.009191430354999856,0.006716841295767174,0.013082823866878946,0.8839173711576249,7.292582315785491,paired_t,9.617892746166982e-08,7.235236054725647e-08,1,8.569542436834697e-05,6.0592724300851386e-06
cybershake,100,1.6,NonSharable,reference,20,small,ram_utilization,HDS-PBQS,positive_favors_HDS,50,50,0.27021126282205843,0.24716023242645557,0.023051030395602794,0.023742559280963707,0.016819775830894602,0.029282284960310986,1.0513180429940576,9.326350832940678,paired_t,1.4150717631077607e-09,7.237197507947712e-10,1,1.3627141078727736e-06,9.056459283889669e-08
cybershake,100,1.6,NonSharable,reference,20,small,scheduler_runtime_s,HDS-PBQS,negative_favors_HDS,50,50,0.025901017541982537,0.016156978660437697,0.009744038881544842,0.009650894004153102,0.008216850306526073,0.011271227456563612,1.8132830845261785,-60.3085458384883,paired_t,2.840017724836962e-17,1.2434497875801753e-14,0,3.831183910805061e-14,2.6412164840983744e-15
cybershake,100,1.6,Sharable,reference,20,small,global_deadline_success,HDS-PBQS,positive_favors_HDS,50,50,0.98,0.02,0.96,1.0,0.9037436122205812,1.0162563877794188,4.849742261192855,4800.0,exact_mcnemar,7.105427357601002e-15,4.262191597843629e-12,0,8.562039965909207e-12,1.6981971384666394e-12
cybershake,100,1.6,Sharable,reference,20,small,sfc_subdeadline_success,HDS-PBQS,positive_favors_HDS,50,50,0.98,0.02,0.96,1.0,0.9037436122205812,1.0162563877794188,4.849742261192855,4800.0,exact_mcnemar,7.105427357601002e-15,4.262191597843629e-12,0,8.562039965909207e-12,1.6981971384666394e-12
cybershake,100,1.6,Sharable,reference,20,small,accepted_sfc_ratio,HDS-PBQS,positive_favors_HDS,50,50,0.9978,0.7584000000000001,0.23939999999999997,0.245,0.20757445781066355,0.2712255421893364,2.1378026115286213,31.56645569620252,paired_t,4.410444886984726e-20,1.0348541215340995e-09,0,6.500995763415461e-17,3.131415869759155e-18
cybershake,100,1.6,Sharable,reference,20,small,sfc_deadline_miss_rate,HDS-PBQS,negative_favors_HDS,50,50,0.0022,0.24160000000000004,-0.2394,-0.245,-0.2712255421893364,-0.20757445781066358,-2.1378026115286213,99.08940397350992,paired_t,4.410444886984709e-20,1.0348541215340995e-09,0,6.500995763415461e-17,3.131415869759143e-18
cybershake,100,1.6,Sharable,reference,20,small,provisioning_cost,HDS-PBQS,negative_favors_HDS,50,1,0.095,0.075,0.020000000000000004,0.020000000000000004,0.020000000000000004,0.020000000000000004,0.0,-26.666666666666675,paired_t,,,1,,
cybershake,100,1.6,Sharable,reference,20,small,makespan_s,HDS-PBQS,negative_favors_HDS,1,1,189.1310706570793,235.7615553803284,-46.63048472324908,-46.63048472324908,-46.63048472324908,-46.63048472324908,0.0,19.778663509419594,paired_t,,,1,,
cybershake,100,1.6,Sharable,reference,20,small,network_data_mb,HDS-PBQS,negative_favors_HDS,50,1,498.2132016999531,362.4475794472547,135.7656222526984,135.7656222526984,135.7656222526984,135.7656222526984,0.0,-37.458002191584704,paired_t,,,1,,
cybershake,100,1.6,Sharable,reference,20,small,cpu_utilization,HDS-PBQS,positive_favors_HDS,50,1,0.1635222367980637,0.2189055730439866,-0.0553833362459229,-0.0553833362459229,-0.0553833362459229,-0.0553833362459229,0.0,-25.30010336228134,paired_t,,,1,,
cybershake,100,1.6,Sharable,reference,20,small,ram_utilization,HDS-PBQS,positive_favors_HDS,50,1,0.2858983154408356,0.3675101964980889,-0.08161188105725331,-0.08161188105725331,-0.08161188105725331,-0.08161188105725331,0.0,-22.206698435829033,paired_t,,,1,,
cybershake,100,1.6,Sharable,reference,20,small,scheduler_runtime_s,HDS-PBQS,negative_favors_HDS,50,50,0.03777982487874393,0.01335499957982388,0.024424825298920046,0.022402056005375953,0.0214066613331078,0.027442989264732293,2.2998944472910843,-182.8890008788915,paired_t,2.2018071658979708e-21,1.7763568394002505e-15,0,3.2983071345151603e-18,3.566927608754713e-19
cybershake,100,1.7,NonSharable,reference,20,small,global_deadline_success,HDS-PBQS,positive_favors_HDS,50,50,1.0,1.0,0.0,0.0,0.0,0.0,0.0,0.0,exact_mcnemar,1.0,,0,1.0,1.0
cybershake,100,1.7,NonSharable,reference,20,small,sfc_subdeadline_success,HDS-PBQS,positive_favors_HDS,50,50,1.0,1.0,0.0,0.0,0.0,0.0,0.0,0.0,exact_mcnemar,1.0,,0,1.0,1.0
cybershake,100,1.7,NonSharable,reference,20,small,accepted_sfc_ratio,HDS-PBQS,positive_favors_HDS,50,50,1.0,1.0,0.0,0.0,0.0,0.0,0.0,0.0,paired_t,,,0,,
cybershake,100,1.7,NonSharable,reference,20,small,sfc_deadline_miss_rate,HDS-PBQS,negative_favors_HDS,50,50,0.0,0.0,0.0,0.0,0.0,0.0,0.0,,paired_t,,,0,,
cybershake,100,1.7,NonSharable,reference,20,small,provisioning_cost,HDS-PBQS,negative_favors_HDS,50,50,0.10719999999999999,0.12180000000000002,-0.014600000000000004,-0.015,-0.018481877594151003,-0.010718122405849002,-1.0688832889758177,11.986863711001666,paired_t,9.105471027669574e-10,5.678573175381582e-08,1,8.977994433282201e-07,9.83390870988314e-08
cybershake,100,1.7,NonSharable,reference,20,small,makespan_s,HDS-PBQS,negative_favors_HDS,50,50,199.39716697390355,206.87404715377986,-7.476880179876293,-6.529870507246599,-9.207848619190672,-5.745911740561913,-1.2275820793594852,3.6142185463787846,paired_t,1.7749844974156475e-11,1.0192735544478637e-11,1,1.8939084587424958e-08,8.164928688111978e-10
cybershake,100,1.7,NonSharable,reference,20,small,network_data_mb,HDS-PBQS,negative_favors_HDS,50,50,499.73554132713826,514.9356521108474,-15.200110783709029,-14.283109780215312,-22.042009101023815,-8.358212466394244,-0.6313779433091934,2.951846647518026,paired_t,4.716661852205404e-05,0.00010381446904439429,1,0.03680497707579781,0.00455949269010522
cybershake,100,1.7,NonSharable,reference,20,small,cpu_utilization,HDS-PBQS,positive_favors_HDS,50,50,0.14565191809284217,0.13575208551151913,0.00989983258132306,0.009191430354999856,0.006716841295767174,0.013082823866878946,0.8839173711576249,7.292582315785491,paired_t,9.617892746166982e-08,7.235236054725647e-08,1,8.569542436834697e-05,6.0592724300851386e-06
cybershake,100,1.7,NonSharable,reference,20,small,ram_utilization,HDS-PBQS,positive_favors_HDS,50,50,0.27021126282205843,0.24716023242645557,0.023051030395602794,0.023742559280963707,0.016819775830894602,0.029282284960310986,1.0513180429940576,9.326350832940678,paired_t,1.4150717631077607e-09,7.237197507947712e-10,1,1.3627141078727736e-06,9.056459283889669e-08
cybershake,100,1.7,NonSharable,reference,20,small,scheduler_runtime_s,HDS-PBQS,negative_favors_HDS,50,50,0.025344822959159456,0.01610232272112621,0.009242500238033245,0.00873052349561475,0.007878503361438033,0.010606497114628457,1.925729852933597,-57.39855297960901,paired_t,2.8065714758451875e-18,5.329070518200751e-15,0,3.9628789238934045e-15,3.171425767705062e-16
cybershake,100,1.7,Sharable,reference,20,small,global_deadline_success,HDS-PBQS,positive_favors_HDS,50,50,1.0,0.18,0.82,1.0,0.7097066293616534,0.9302933706383465,2.1129231988987303,455.5555555555556,exact_mcnemar,9.094947017729282e-13,1.5222921962563045e-10,0,1.025910023599863e-09,2.1373125491663814e-10
cybershake,100,1.7,Sharable,reference,20,small,sfc_subdeadline_success,HDS-PBQS,positive_favors_HDS,50,50,1.0,0.18,0.82,1.0,0.7097066293616534,0.9302933706383465,2.1129231988987303,455.5555555555556,exact_mcnemar,9.094947017729282e-13,1.5222921962563045e-10,0,1.025910023599863e-09,2.1373125491663814e-10
cybershake,100,1.7,Sharable,reference,20,small,accepted_sfc_ratio,HDS-PBQS,positive_favors_HDS,50,50,1.0,0.8668,0.1332,0.13,0.10127088601789608,0.16512911398210395,1.1855957285018528,15.366866635902166,paired_t,4.9827438770990646e-11,2.3437875991221107e-08,0,5.057485035255551e-08,3.238783520114392e-09
cybershake,100,1.7,Sharable,reference,20,small,sfc_deadline_miss_rate,HDS-PBQS,negative_favors_HDS,50,50,0.0,0.1332,-0.1332,-0.13,-0.16512911398210395,-0.10127088601789608,-1.1855957285018528,100.0,paired_t,4.9827438770990646e-11,2.3437875991221107e-08,0,5.057485035255551e-08,3.238783520114392e-09
cybershake,100,1.7,Sharable,reference,20,small,provisioning_cost,HDS-PBQS,negative_favors_HDS,50,9,0.09833333333333333,0.08555555555555555,0.012777777777777777,0.015,0.003948312938284479,0.021607242617271073,1.1123969168353511,-14.935064935064934,paired_t,0.01027396599795818,0.03125,1,1.0,0.3698627759264945
cybershake,100,1.7,Sharable,reference,20,small,makespan_s,HDS-PBQS,negative_favors_HDS,9,9,199.72479204790898,249.59415435689976,-49.869362308990766,-55.10805870040994,-60.00634270105956,-39.73238191692197,-3.7814993964903354,19.98018040025151,paired_t,3.2855072634790136e-06,0.00390625,1,0.0027072579851067074,6.242463800610126e-05
cybershake,100,1.7,Sharable,reference,20,small,network_data_mb,HDS-PBQS,negative_favors_HDS,50,9,486.1417327267258,357.9054548016238,128.23627792510194,129.384844494331,112.44951260262538,144.02304324757853,6.243909188866591,-35.82965171519375,paired_t,6.813059380639451e-08,0.00390625,1,6.09087508629167e-05,7.017451162058635e-06
cybershake,100,1.7,Sharable,reference,20,small,cpu_utilization,HDS-PBQS,positive_favors_HDS,50,9,0.14975727867207053,0.18550266376490246,-0.03574538509283193,-0.034435777665556,-0.05027034889886668,-0.021220421286797173,-1.8916629085227876,-19.269472668130515,paired_t,0.00046769332305250953,0.00390625,1,0.32972379275201924,0.008886173137997682
cybershake,100,1.7,Sharable,reference,20,small,ram_utilization,HDS-PBQS,positive_favors_HDS,50,9,0.28462364493844255,0.3406004520454187,-0.05597680710697617,-0.05352092447805562,-0.0765011284701145,-0.035452485743837824,-2.096419273835211,-16.43474245874216,paired_t,0.00023549885303679599,0.00390625,1,0.16908817648041952,0.005067997196015332
cybershake,100,1.7,Sharable,reference,20,small,scheduler_runtime_s,HDS-PBQS,negative_favors_HDS,50,50,0.03667930468029221,0.014924513798905484,0.021754790881386724,0.0189950309977576,0.018049802491705194,0.025459779271068253,1.6687348272604783,-145.76549142245526,paired_t,6.2642144516010905e-16,1.7763568394002505e-15,0,7.792682777791757e-13,4.635518694184807e-14
cybershake,100,1.8,NonSharable,reference,20,small,global_deadline_success,HDS-PBQS,positive_favors_HDS,50,50,1.0,1.0,0.0,0.0,0.0,0.0,0.0,0.0,exact_mcnemar,1.0,,0,1.0,1.0
cybershake,100,1.8,NonSharable,reference,20,small,sfc_subdeadline_success,HDS-PBQS,positive_favors_HDS,50,50,1.0,1.0,0.0,0.0,0.0,0.0,0.0,0.0,exact_mcnemar,1.0,,0,1.0,1.0
cybershake,100,1.8,NonSharable,reference,20,small,accepted_sfc_ratio,HDS-PBQS,positive_favors_HDS,50,50,1.0,1.0,0.0,0.0,0.0,0.0,0.0,0.0,paired_t,,,0,,
cybershake,100,1.8,NonSharable,reference,20,small,sfc_deadline_miss_rate,HDS-PBQS,negative_favors_HDS,50,50,0.0,0.0,0.0,0.0,0.0,0.0,0.0,,paired_t,,,0,,
cybershake,100,1.8,NonSharable,reference,20,small,provisioning_cost,HDS-PBQS,negative_favors_HDS,50,50,0.10719999999999999,0.12180000000000002,-0.014600000000000004,-0.015,-0.018481877594151003,-0.010718122405849002,-1.0688832889758177,11.986863711001666,paired_t,9.105471027669574e-10,5.678573175381582e-08,1,8.977994433282201e-07,9.83390870988314e-08
cybershake,100,1.8,NonSharable,reference,20,small,makespan_s,HDS-PBQS,negative_favors_HDS,50,50,199.39716697390355,206.87404715377986,-7.476880179876293,-6.529870507246599,-9.207848619190672,-5.745911740561913,-1.2275820793594852,3.6142185463787846,paired_t,1.7749844974156475e-11,1.0192735544478637e-11,1,1.8939084587424958e-08,8.164928688111978e-10
cybershake,100,1.8,NonSharable,reference,20,small,network_data_mb,HDS-PBQS,negative_favors_HDS,50,50,499.73554132713826,514.9450999395596,-15.209558612421274,-14.283109780215312,-22.05412303742933,-8.364994187413217,-0.6315242961750681,2.953627214669384,paired_t,4.700507927943526e-05,0.00010381446904439429,1,0.03680497707579781,0.00455949269010522
cybershake,100,1.8,NonSharable,reference,20,small,cpu_utilization,HDS-PBQS,positive_favors_HDS,50,50,0.14565191809284217,0.13575208551151913,0.009899832581323062,0.009191430354999912,0.006716841295767176,0.013082823866878947,0.8839173711576251,7.292582315785491,paired_t,9.617892746166887e-08,7.235236054725647e-08,1,8.569542436834697e-05,6.0592724300851386e-06
cybershake,100,1.8,NonSharable,reference,20,small,ram_utilization,HDS-PBQS,positive_favors_HDS,50,50,0.27021126282205843,0.24716023242645557,0.023051030395602794,0.023742559280963707,0.016819775830894602,0.029282284960310986,1.0513180429940576,9.326350832940678,paired_t,1.4150717631077607e-09,7.237197507947712e-10,1,1.3627141078727736e-06,9.056459283889669e-08
cybershake,100,1.8,NonSharable,reference,20,small,scheduler_runtime_s,HDS-PBQS,negative_favors_HDS,50,50,0.024754315579702913,0.01574188126163786,0.009012434318065053,0.00930443348443075,0.007798803888899304,0.010226064747230802,2.1104493031841125,-57.25131684246586,paired_t,7.422864594341557e-20,5.329070518200751e-15,0,1.0889342359899064e-16,1.0317781786134764e-17
cybershake,100,1.8,Sharable,reference,20,small,global_deadline_success,HDS-PBQS,positive_favors_HDS,50,50,1.0,0.38,0.62,1.0,0.48065420310552015,0.7593457968944799,1.264494906443301,163.1578947368421,exact_mcnemar,9.313225746154785e-10,2.5802843041604163e-08,0,9.024515748023987e-07,2.123415470123291e-07
cybershake,100,1.8,Sharable,reference,20,small,sfc_subdeadline_success,HDS-PBQS,positive_favors_HDS,50,50,1.0,0.38,0.62,1.0,0.48065420310552015,0.7593457968944799,1.264494906443301,163.1578947368421,exact_mcnemar,9.313225746154785e-10,2.5802843041604163e-08,0,9.024515748023987e-07,2.123415470123291e-07
cybershake,100,1.8,Sharable,reference,20,small,accepted_sfc_ratio,HDS-PBQS,positive_favors_HDS,50,50,1.0,0.9376000000000001,0.062400000000000004,0.020000000000000018,0.03942223238423288,0.08537776761576713,0.7717844518004754,6.655290102389067,paired_t,1.5851246630172548e-06,1.1205974124151415e-06,0,0.001318823719630356,8.718185646594902e-05
cybershake,100,1.8,Sharable,reference,20,small,sfc_deadline_miss_rate,HDS-PBQS,negative_favors_HDS,50,50,0.0,0.062400000000000004,-0.062400000000000004,-0.02,-0.08537776761576713,-0.03942223238423288,-0.7717844518004752,100.0,paired_t,1.5851246630172548e-06,1.1205974124151415e-06,0,0.001318823719630356,8.718185646594902e-05
cybershake,100,1.8,Sharable,reference,20,small,provisioning_cost,HDS-PBQS,negative_favors_HDS,50,19,0.10131578947368422,0.0881578947368421,0.013157894736842105,0.015,0.006099269203986932,0.020216520269697277,0.8984613547288682,-14.925373134328375,paired_t,0.0010119781651734066,0.004402367998717295,1,0.6830852614920495,0.042503082937283075
cybershake,100,1.8,Sharable,reference,20,small,makespan_s,HDS-PBQS,negative_favors_HDS,19,19,200.35339907268164,259.06358649882065,-58.710187426139086,-59.09031245523113,-61.403555327915356,-56.016819524362816,-10.506327234537606,22.66246222388583,paired_t,4.3560713269578154e-20,3.814697265625e-06,1,6.429561278589736e-17,4.094707047340346e-18
cybershake,100,1.8,Sharable,reference,20,small,network_data_mb,HDS-PBQS,negative_favors_HDS,50,19,496.57790145083334,374.808503487113,121.76939796372041,123.48597892301541,110.95733339596016,132.58146253148067,5.42828529665524,-32.48842991309217,paired_t,5.194027638837583e-15,3.814697265625e-06,1,6.2743853877158e-12,5.609549849944589e-13
cybershake,100,1.8,Sharable,reference,20,small,cpu_utilization,HDS-PBQS,positive_favors_HDS,50,19,0.15069137529358984,0.19873267742557274,-0.0480413021319829,-0.05101187542494362,-0.054398634883722236,-0.04168396938024356,-3.6422769319508834,-24.173831276426508,paired_t,4.966631960025902e-12,3.814697265625e-06,1,5.42852873230831e-09,4.4203024444230524e-10
cybershake,100,1.8,Sharable,reference,20,small,ram_utilization,HDS-PBQS,positive_favors_HDS,50,19,0.28593220579508183,0.364452785523698,-0.0785205797286161,-0.08530356477187973,-0.09003959698834875,-0.06700156246888346,-3.2854979842611325,-21.544787925214106,paired_t,2.790558686419139e-11,3.814697265625e-06,1,2.9189243859944193e-08,2.3161637097278855e-09
cybershake,100,1.8,Sharable,reference,20,small,scheduler_runtime_s,HDS-PBQS,negative_favors_HDS,50,50,0.03508377333724634,0.016168284000159416,0.018915489337086918,0.01633854999454345,0.016311558193623767,0.02151942048055007,2.064464186489032,-116.9913228695168,paired_t,1.7987361904823352e-19,1.7763568394002505e-15,0,2.6261548381042097e-16,2.392319133341506e-17
cybershake,100,1.9,NonSharable,reference,20,small,global_deadline_success,HDS-PBQS,positive_favors_HDS,50,50,1.0,1.0,0.0,0.0,0.0,0.0,0.0,0.0,exact_mcnemar,1.0,,0,1.0,1.0
cybershake,100,1.9,NonSharable,reference,20,small,sfc_subdeadline_success,HDS-PBQS,positive_favors_HDS,50,50,1.0,1.0,0.0,0.0,0.0,0.0,0.0,0.0,exact_mcnemar,1.0,,0,1.0,1.0
cybershake,100,1.9,NonSharable,reference,20,small,accepted_sfc_ratio,HDS-PBQS,positive_favors_HDS,50,50,1.0,1.0,0.0,0.0,0.0,0.0,0.0,0.0,paired_t,,,0,,
cybershake,100,1.9,NonSharable,reference,20,small,sfc_deadline_miss_rate,HDS-PBQS,negative_favors_HDS,50,50,0.0,0.0,0.0,0.0,0.0,0.0,0.0,,paired_t,,,0,,
cybershake,100,1.9,NonSharable,reference,20,small,provisioning_cost,HDS-PBQS,negative_favors_HDS,50,50,0.10719999999999999,0.12180000000000002,-0.014600000000000004,-0.015,-0.018481877594151003,-0.010718122405849002,-1.0688832889758177,11.986863711001666,paired_t,9.105471027669574e-10,5.678573175381582e-08,1,8.977994433282201e-07,9.83390870988314e-08
cybershake,100,1.9,NonSharable,reference,20,small,makespan_s,HDS-PBQS,negative_favors_HDS,50,50,199.39716697390355,206.87404715377986,-7.476880179876293,-6.529870507246599,-9.207848619190672,-5.745911740561913,-1.2275820793594852,3.6142185463787846,paired_t,1.7749844974156475e-11,1.0192735544478637e-11,1,1.8939084587424958e-08,8.164928688111978e-10
cybershake,100,1.9,NonSharable,reference,20,small,network_data_mb,HDS-PBQS,negative_favors_HDS,50,50,499.73554132713826,514.9450999395596,-15.209558612421274,-14.283109780215312,-22.05412303742933,-8.364994187413217,-0.6315242961750681,2.953627214669384,paired_t,4.700507927943526e-05,0.00010381446904439429,1,0.03680497707579781,0.00455949269010522
cybershake,100,1.9,NonSharable,reference,20,small,cpu_utilization,HDS-PBQS,positive_favors_HDS,50,50,0.14565191809284217,0.13575208551151913,0.00989983258132306,0.009191430354999912,0.006716841295767174,0.013082823866878946,0.883917371157625,7.292582315785491,paired_t,9.617892746166937e-08,7.235236054725647e-08,1,8.569542436834697e-05,6.0592724300851386e-06
cybershake,100,1.9,NonSharable,reference,20,small,ram_utilization,HDS-PBQS,positive_favors_HDS,50,50,0.27021126282205843,0.24716023242645557,0.023051030395602794,0.023742559280963707,0.016819775830894602,0.029282284960310986,1.0513180429940576,9.326350832940678,paired_t,1.4150717631077607e-09,7.237197507947712e-10,1,1.3627141078727736e-06,9.056459283889669e-08
cybershake,100,1.9,NonSharable,reference,20,small,scheduler_runtime_s,HDS-PBQS,negative_favors_HDS,50,50,0.026309174218622458,0.016580822659889187,0.009728351558733264,0.009170391496809299,0.008007527943466923,0.011449175173999605,1.606653289518611,-58.672309319532204,paired_t,2.4652358359959576e-15,1.7687185049908294e-11,0,2.9829353615551085e-12,1.676360368477251e-13
cybershake,100,1.9,Sharable,reference,20,small,global_deadline_success,HDS-PBQS,positive_favors_HDS,50,50,1.0,0.72,0.28,0.0,0.15110042233801238,0.4088995776619877,0.6173419725817378,38.88888888888889,exact_mcnemar,0.0001220703125,0.0001828106329818348,0,0.08935546875,0.0257568359375
cybershake,100,1.9,Sharable,reference,20,small,sfc_subdeadline_success,HDS-PBQS,positive_favors_HDS,50,50,1.0,0.72,0.28,0.0,0.15110042233801238,0.4088995776619877,0.6173419725817378,38.88888888888889,exact_mcnemar,0.0001220703125,0.0001828106329818348,0,0.08935546875,0.0257568359375
cybershake,100,1.9,Sharable,reference,20,small,accepted_sfc_ratio,HDS-PBQS,positive_favors_HDS,50,50,1.0,0.975,0.025000000000000005,0.0,0.010991684058156152,0.039008315941843855,0.5071931142108477,2.5641025641025665,paired_t,0.0007718574660585401,0.0009590273513470204,0,0.5279505067840414,0.028558726244165982
cybershake,100,1.9,Sharable,reference,20,small,sfc_deadline_miss_rate,HDS-PBQS,negative_favors_HDS,50,50,0.0,0.025,-0.025,0.0,-0.039008315941843855,-0.010991684058156148,-0.5071931142108477,100.0,paired_t,0.0007718574660585401,0.0009590273513470204,0,0.5279505067840414,0.028558726244165982
cybershake,100,1.9,Sharable,reference,20,small,provisioning_cost,HDS-PBQS,negative_favors_HDS,50,36,0.10305555555555555,0.08847222222222222,0.014583333333333334,0.017499999999999995,0.010412348185239114,0.018754318481427553,1.183003517919692,-16.48351648351649,paired_t,2.856387104625769e-08,6.259673753600712e-06,1,2.596455878104824e-05,2.5421845231169344e-06
cybershake,100,1.9,Sharable,reference,20,small,makespan_s,HDS-PBQS,negative_favors_HDS,36,36,204.62291396319884,267.2397950716728,-62.616881108473976,-61.57339343783359,-65.4830824849214,-59.75067973202656,-7.391840865590946,23.430971832499846,paired_t,2.3764972806764188e-32,2.9103830456733704e-11,1,4.12084628469291e-29,3.255801274526694e-30
cybershake,100,1.9,Sharable,reference,20,small,network_data_mb,HDS-PBQS,negative_favors_HDS,50,36,502.1670037644352,384.3378380414978,117.82916572293753,119.64364775298677,109.05775323907122,126.60057820680385,4.545180607137909,-30.657706335491007,paired_t,3.6168892869228383e-25,2.9103830456733704e-11,1,5.89914642697115e-22,5.533840608991942e-23
cybershake,100,1.9,Sharable,reference,20,small,cpu_utilization,HDS-PBQS,positive_favors_HDS,50,36,0.14780733832843737,0.19420086253812874,-0.046393524209691395,-0.046714429394756146,-0.05136311744545301,-0.04142393097392978,-3.158671037024846,-23.88945322041637,paired_t,5.52596210140555e-20,2.9103830456733704e-11,1,8.123164289066157e-17,8.454722015150491e-18
cybershake,100,1.9,Sharable,reference,20,small,ram_utilization,HDS-PBQS,positive_favors_HDS,50,36,0.2807284463814089,0.3569037346457061,-0.07617528826429722,-0.0802894613424571,-0.08473332410280404,-0.06761725242579039,-3.0116734641821497,-21.343371018494793,paired_t,2.5200348384831844e-19,2.9103830456733704e-11,1,3.674210794508483e-16,3.855653302879272e-17
cybershake,100,1.9,Sharable,reference,20,small,scheduler_runtime_s,HDS-PBQS,negative_favors_HDS,50,50,0.036242014642266396,0.016723704939577092,0.019518309702689304,0.017105261498727552,0.01676957706182139,0.022267042343557218,2.0180362977552475,-116.71044049873605,paired_t,4.45265249917183e-19,1.7763568394002505e-15,0,6.460798776298325e-16,5.743921723931661e-17
cybershake,100,2.0,NonSharable,reference,20,small,global_deadline_success,HDS-PBQS,positive_favors_HDS,50,50,1.0,1.0,0.0,0.0,0.0,0.0,0.0,0.0,exact_mcnemar,1.0,,0,1.0,1.0
cybershake,100,2.0,NonSharable,reference,20,small,sfc_subdeadline_success,HDS-PBQS,positive_favors_HDS,50,50,1.0,1.0,0.0,0.0,0.0,0.0,0.0,0.0,exact_mcnemar,1.0,,0,1.0,1.0
cybershake,100,2.0,NonSharable,reference,20,small,accepted_sfc_ratio,HDS-PBQS,positive_favors_HDS,50,50,1.0,1.0,0.0,0.0,0.0,0.0,0.0,0.0,paired_t,,,0,,
cybershake,100,2.0,NonSharable,reference,20,small,sfc_deadline_miss_rate,HDS-PBQS,negative_favors_HDS,50,50,0.0,0.0,0.0,0.0,0.0,0.0,0.0,,paired_t,,,0,,
cybershake,100,2.0,NonSharable,reference,20,small,provisioning_cost,HDS-PBQS,negative_favors_HDS,50,50,0.10719999999999999,0.12180000000000002,-0.014600000000000004,-0.015,-0.018481877594151003,-0.010718122405849002,-1.0688832889758177,11.986863711001666,paired_t,9.105471027669574e-10,5.678573175381582e-08,1,8.977994433282201e-07,9.83390870988314e-08
cybershake,100,2.0,NonSharable,reference,20,small,makespan_s,HDS-PBQS,negative_favors_HDS,50,50,199.39716697390355,206.87404715377986,-7.476880179876293,-6.529870507246599,-9.207848619190672,-5.745911740561913,-1.2275820793594852,3.6142185463787846,paired_t,1.7749844974156475e-11,1.0192735544478637e-11,1,1.8939084587424958e-08,8.164928688111978e-10
cybershake,100,2.0,NonSharable,reference,20,small,network_data_mb,HDS-PBQS,negative_favors_HDS,50,50,499.73554132713826,514.9450999395596,-15.209558612421274,-14.283109780215312,-22.05412303742933,-8.364994187413217,-0.6315242961750681,2.953627214669384,paired_t,4.700507927943526e-05,0.00010381446904439429,1,0.03680497707579781,0.00455949269010522
cybershake,100,2.0,NonSharable,reference,20,small,cpu_utilization,HDS-PBQS,positive_favors_HDS,50,50,0.14565191809284217,0.13575208551151913,0.00989983258132306,0.009191430354999912,0.006716841295767174,0.013082823866878946,0.883917371157625,7.292582315785491,paired_t,9.617892746166937e-08,7.235236054725647e-08,1,8.569542436834697e-05,6.0592724300851386e-06
cybershake,100,2.0,NonSharable,reference,20,small,ram_utilization,HDS-PBQS,positive_favors_HDS,50,50,0.27021126282205843,0.24716023242645557,0.023051030395602794,0.023742559280963707,0.016819775830894602,0.029282284960310986,1.0513180429940576,9.326350832940678,paired_t,1.4150717631077607e-09,7.237197507947712e-10,1,1.3627141078727736e-06,9.056459283889669e-08
cybershake,100,2.0,NonSharable,reference,20,small,scheduler_runtime_s,HDS-PBQS,negative_favors_HDS,50,50,0.02681880522242859,0.016212228620497565,0.010606576601931018,0.00984487651112435,0.0090125537459609,0.012200599457901137,1.8910366978451196,-65.42331008409812,paired_t,5.683375932918677e-18,3.552713678800501e-15,0,7.973776433884903e-15,5.967544729564611e-16
cybershake,100,2.0,Sharable,reference,20,small,global_deadline_success,HDS-PBQS,positive_favors_HDS,50,50,1.0,0.86,0.14,0.0,0.040386207711017225,0.2396137922889828,0.3994181815102191,16.279069767441865,exact_mcnemar,0.015625,0.015625,0,1.0,1.0
cybershake,100,2.0,Sharable,reference,20,small,sfc_subdeadline_success,HDS-PBQS,positive_favors_HDS,50,50,1.0,0.86,0.14,0.0,0.040386207711017225,0.2396137922889828,0.3994181815102191,16.279069767441865,exact_mcnemar,0.015625,0.015625,0,1.0,1.0
cybershake,100,2.0,Sharable,reference,20,small,accepted_sfc_ratio,HDS-PBQS,positive_favors_HDS,50,50,1.0,0.9962000000000001,0.0038000000000000035,0.0,0.0004574954232868405,0.007142504576713166,0.3230954591379308,0.3814495081308888,paired_t,0.0267031329641057,0.015625,0,1.0,0.6141720581744311
cybershake,100,2.0,Sharable,reference,20,small,sfc_deadline_miss_rate,HDS-PBQS,negative_favors_HDS,50,50,0.0,0.0038,-0.0038,0.0,-0.00714250457671316,-0.0004574954232868401,-0.3230954591379308,100.0,paired_t,0.0267031329641057,0.015625,0,1.0,0.6141720581744311
cybershake,100,2.0,Sharable,reference,20,small,provisioning_cost,HDS-PBQS,negative_favors_HDS,50,43,0.1038372093023256,0.08837209302325583,0.015465116279069768,0.01999999999999999,0.010900205930499186,0.02003002662764035,1.0426185656545912,-17.5,paired_t,2.4880108719545648e-08,1.6548715143071986e-06,1,2.264089893478654e-05,2.2392097847591084e-06
cybershake,100,2.0,Sharable,reference,20,small,makespan_s,HDS-PBQS,negative_favors_HDS,43,43,204.66954491138696,271.34591393747104,-66.67636902608409,-65.29630874843332,-70.08781712751005,-63.26492092465813,-6.015028506476078,24.572461054802904,paired_t,8.085676895372294e-35,2.2737367544323206e-13,1,1.4182277274483005e-31,1.2451942418873333e-32
cybershake,100,2.0,Sharable,reference,20,small,network_data_mb,HDS-PBQS,negative_favors_HDS,50,43,505.7379962951234,390.78604440315286,114.95195189197067,118.0260566662646,105.450120183115,124.45378360082633,3.723175712407126,-29.415572418287496,paired_t,1.9402502599128595e-26,2.2737367544323206e-13,1,3.1994726785963054e-23,2.9879854002658036e-24
cybershake,100,2.0,Sharable,reference,20,small,cpu_utilization,HDS-PBQS,positive_favors_HDS,50,43,0.14843795787646125,0.19706948291396478,-0.0486315250375035,-0.04746069119069021,-0.05331378775674441,-0.04394926231826259,-3.1964405229588135,-24.677349490349425,paired_t,7.300337390105572e-24,2.2737367544323206e-13,1,1.1549133751147015e-20,1.1315522954663636e-21
cybershake,100,2.0,Sharable,reference,20,small,ram_utilization,HDS-PBQS,positive_favors_HDS,50,43,0.2791993736142946,0.3590732153705026,-0.07987384175620796,-0.08327808005200571,-0.0877277028855558,-0.07201998062686012,-3.129866925077668,-22.24444440217902,paired_t,1.6363562358618719e-23,2.2737367544323206e-13,1,2.5756247152465862e-20,2.7163513515307073e-21
cybershake,100,2.0,Sharable,reference,20,small,scheduler_runtime_s,HDS-PBQS,negative_favors_HDS,50,50,0.03780745835712874,0.017140944521088334,0.020666513836040398,0.020697364989246153,0.01782679952197108,0.023506228150109717,2.0682919465392047,-120.56811578040286,paired_t,1.6701789205499558e-19,1.7763568394002505e-15,0,2.441801581844035e-16,2.2547415427424404e-17
cybershake,100,2.25,NonSharable,reference,20,small,global_deadline_success,HDS-PBQS,positive_favors_HDS,50,50,1.0,1.0,0.0,0.0,0.0,0.0,0.0,0.0,exact_mcnemar,1.0,,0,1.0,1.0
cybershake,100,2.25,NonSharable,reference,20,small,sfc_subdeadline_success,HDS-PBQS,positive_favors_HDS,50,50,1.0,1.0,0.0,0.0,0.0,0.0,0.0,0.0,exact_mcnemar,1.0,,0,1.0,1.0
cybershake,100,2.25,NonSharable,reference,20,small,accepted_sfc_ratio,HDS-PBQS,positive_favors_HDS,50,50,1.0,1.0,0.0,0.0,0.0,0.0,0.0,0.0,paired_t,,,0,,
cybershake,100,2.25,NonSharable,reference,20,small,sfc_deadline_miss_rate,HDS-PBQS,negative_favors_HDS,50,50,0.0,0.0,0.0,0.0,0.0,0.0,0.0,,paired_t,,,0,,
cybershake,100,2.25,NonSharable,reference,20,small,provisioning_cost,HDS-PBQS,negative_favors_HDS,50,50,0.10719999999999999,0.12180000000000002,-0.014600000000000004,-0.015,-0.018481877594151003,-0.010718122405849002,-1.0688832889758177,11.986863711001666,paired_t,9.105471027669574e-10,5.678573175381582e-08,1,8.977994433282201e-07,9.83390870988314e-08
cybershake,100,2.25,NonSharable,reference,20,small,makespan_s,HDS-PBQS,negative_favors_HDS,50,50,199.39716697390355,206.87404715377986,-7.476880179876293,-6.529870507246599,-9.207848619190672,-5.745911740561913,-1.2275820793594852,3.6142185463787846,paired_t,1.7749844974156475e-11,1.0192735544478637e-11,1,1.8939084587424958e-08,8.164928688111978e-10
cybershake,100,2.25,NonSharable,reference,20,small,network_data_mb,HDS-PBQS,negative_favors_HDS,50,50,499.73554132713826,514.9450999395596,-15.209558612421274,-14.283109780215312,-22.05412303742933,-8.364994187413217,-0.6315242961750681,2.953627214669384,paired_t,4.700507927943526e-05,0.00010381446904439429,1,0.03680497707579781,0.00455949269010522
cybershake,100,2.25,NonSharable,reference,20,small,cpu_utilization,HDS-PBQS,positive_favors_HDS,50,50,0.14565191809284217,0.13575208551151913,0.00989983258132306,0.009191430354999912,0.006716841295767174,0.013082823866878946,0.883917371157625,7.292582315785491,paired_t,9.617892746166937e-08,7.235236054725647e-08,1,8.569542436834697e-05,6.0592724300851386e-06
cybershake,100,2.25,NonSharable,reference,20,small,ram_utilization,HDS-PBQS,positive_favors_HDS,50,50,0.27021126282205843,0.24716023242645557,0.023051030395602794,0.023742559280963707,0.016819775830894602,0.029282284960310986,1.0513180429940576,9.326350832940678,paired_t,1.4150717631077607e-09,7.237197507947712e-10,1,1.3627141078727736e-06,9.056459283889669e-08
cybershake,100,2.25,NonSharable,reference,20,small,scheduler_runtime_s,HDS-PBQS,negative_favors_HDS,50,50,0.025294051759847166,0.016155521402106337,0.009138530357740829,0.009103820530072,0.007774403649531259,0.010502657065950398,1.9038858896993411,-56.5659883719343,paired_t,4.3725409104625474e-18,5.861977570020827e-14,0,6.147792520110342e-15,4.722344183299551e-16
cybershake,100,2.25,Sharable,reference,20,small,global_deadline_success,HDS-PBQS,positive_favors_HDS,50,50,1.0,1.0,0.0,0.0,0.0,0.0,0.0,0.0,exact_mcnemar,1.0,,0,1.0,1.0
cybershake,100,2.25,Sharable,reference,20,small,sfc_subdeadline_success,HDS-PBQS,positive_favors_HDS,50,50,1.0,1.0,0.0,0.0,0.0,0.0,0.0,0.0,exact_mcnemar,1.0,,0,1.0,1.0
cybershake,100,2.25,Sharable,reference,20,small,accepted_sfc_ratio,HDS-PBQS,positive_favors_HDS,50,50,1.0,1.0,0.0,0.0,0.0,0.0,0.0,0.0,paired_t,,,0,,
cybershake,100,2.25,Sharable,reference,20,small,sfc_deadline_miss_rate,HDS-PBQS,negative_favors_HDS,50,50,0.0,0.0,0.0,0.0,0.0,0.0,0.0,,paired_t,,,0,,
cybershake,100,2.25,Sharable,reference,20,small,provisioning_cost,HDS-PBQS,negative_favors_HDS,50,50,0.10419999999999999,0.087,0.017200000000000003,0.020000000000000004,0.013108096976184916,0.02129190302381509,1.1945996486419788,-19.77011494252873,paired_t,3.9907117052095206e-11,5.296755819550578e-08,1,4.16231230853353e-08,5.307646567928663e-09
cybershake,100,2.25,Sharable,reference,20,small,makespan_s,HDS-PBQS,negative_favors_HDS,50,50,204.67800213287788,274.66849391414945,-69.99049178127161,-67.30432522075725,-73.85686272996658,-66.12412083257665,-5.144637682928757,25.481805642822597,paired_t,4.017961468528325e-37,1.7763568394002505e-15,1,7.12384568370072e-34,6.951073340554002e-35
cybershake,100,2.25,Sharable,reference,20,small,network_data_mb,HDS-PBQS,negative_favors_HDS,50,50,506.2295042805017,393.8528954291654,112.37660885133636,117.66345153772673,103.51385991860352,121.2393577840692,3.6035184014826362,-28.53263493947,paired_t,6.324964985161362e-30,1.7763568394002505e-15,1,1.0809365159640769e-26,1.0942189424329156e-27
cybershake,100,2.25,Sharable,reference,20,small,cpu_utilization,HDS-PBQS,positive_favors_HDS,50,50,0.1494198572287105,0.20044232851474666,-0.05102247128603616,-0.05083171153005479,-0.05495701168069436,-0.04708793089137796,-3.685417976340874,-25.454938417502166,paired_t,2.2648670279267376e-30,1.7763568394002505e-15,1,3.913690224257403e-27,4.031463309709593e-28
cybershake,100,2.25,Sharable,reference,20,small,ram_utilization,HDS-PBQS,positive_favors_HDS,50,50,0.2797015450904642,0.36368429632881294,-0.08398275123834872,-0.08563075428128347,-0.09088686310433475,-0.0770786393723627,-3.4570172501702507,-23.092212692741224,paired_t,4.179486819296503e-29,1.7763568394002505e-15,1,7.109307079623351e-26,7.439486538347775e-27
cybershake,100,2.25,Sharable,reference,20,small,scheduler_runtime_s,HDS-PBQS,negative_favors_HDS,50,50,0.036270685822455524,0.01795046543949861,0.018320220382956914,0.015559377505269352,0.014759038476784295,0.021881402289129534,1.4620283832737062,-102.05986270776404,paired_t,6.598427697978092e-14,8.881784197001252e-15,0,7.832333677499995e-11,3.893072341807074e-12
cybershake,100,2.5,NonSharable,reference,20,small,global_deadline_success,HDS-PBQS,positive_favors_HDS,50,50,1.0,1.0,0.0,0.0,0.0,0.0,0.0,0.0,exact_mcnemar,1.0,,0,1.0,1.0
cybershake,100,2.5,NonSharable,reference,20,small,sfc_subdeadline_success,HDS-PBQS,positive_favors_HDS,50,50,1.0,1.0,0.0,0.0,0.0,0.0,0.0,0.0,exact_mcnemar,1.0,,0,1.0,1.0
cybershake,100,2.5,NonSharable,reference,20,small,accepted_sfc_ratio,HDS-PBQS,positive_favors_HDS,50,50,1.0,1.0,0.0,0.0,0.0,0.0,0.0,0.0,paired_t,,,0,,
cybershake,100,2.5,NonSharable,reference,20,small,sfc_deadline_miss_rate,HDS-PBQS,negative_favors_HDS,50,50,0.0,0.0,0.0,0.0,0.0,0.0,0.0,,paired_t,,,0,,
cybershake,100,2.5,NonSharable,reference,20,small,provisioning_cost,HDS-PBQS,negative_favors_HDS,50,50,0.10719999999999999,0.12180000000000002,-0.014600000000000004,-0.015,-0.018481877594151003,-0.010718122405849002,-1.0688832889758177,11.986863711001666,paired_t,9.105471027669574e-10,5.678573175381582e-08,1,8.977994433282201e-07,9.83390870988314e-08
cybershake,100,2.5,NonSharable,reference,20,small,makespan_s,HDS-PBQS,negative_favors_HDS,50,50,199.39716697390355,206.87404715377986,-7.476880179876293,-6.529870507246599,-9.207848619190672,-5.745911740561913,-1.2275820793594852,3.6142185463787846,paired_t,1.7749844974156475e-11,1.0192735544478637e-11,1,1.8939084587424958e-08,8.164928688111978e-10
cybershake,100,2.5,NonSharable,reference,20,small,network_data_mb,HDS-PBQS,negative_favors_HDS,50,50,499.73554132713826,514.9450999395596,-15.209558612421274,-14.283109780215312,-22.05412303742933,-8.364994187413217,-0.6315242961750681,2.953627214669384,paired_t,4.700507927943526e-05,0.00010381446904439429,1,0.03680497707579781,0.00455949269010522
cybershake,100,2.5,NonSharable,reference,20,small,cpu_utilization,HDS-PBQS,positive_favors_HDS,50,50,0.14565191809284217,0.13575208551151913,0.009899832581323056,0.009191430354999912,0.006716841295767171,0.013082823866878942,0.8839173711576246,7.292582315785491,paired_t,9.617892746167032e-08,7.235236054725647e-08,1,8.569542436834697e-05,6.0592724300851386e-06
cybershake,100,2.5,NonSharable,reference,20,small,ram_utilization,HDS-PBQS,positive_favors_HDS,50,50,0.27021126282205843,0.24716023242645557,0.023051030395602794,0.023742559280963707,0.016819775830894602,0.029282284960310986,1.0513180429940576,9.326350832940678,paired_t,1.4150717631077607e-09,7.237197507947712e-10,1,1.3627141078727736e-06,9.056459283889669e-08
cybershake,100,2.5,NonSharable,reference,20,small,scheduler_runtime_s,HDS-PBQS,negative_favors_HDS,50,50,0.027278699441085297,0.01653697682020715,0.010741722620878143,0.0102563230138912,0.00901327428349836,0.012470170958257925,1.7661874673608784,-64.95578204930682,paired_t,7.667576773587706e-17,5.329070518200751e-15,0,9.944847075343255e-14,6.3640887220777956e-15
cybershake,100,2.5,Sharable,reference,20,small,global_deadline_success,HDS-PBQS,positive_favors_HDS,50,50,1.0,1.0,0.0,0.0,0.0,0.0,0.0,0.0,exact_mcnemar,1.0,,0,1.0,1.0
cybershake,100,2.5,Sharable,reference,20,small,sfc_subdeadline_success,HDS-PBQS,positive_favors_HDS,50,50,1.0,1.0,0.0,0.0,0.0,0.0,0.0,0.0,exact_mcnemar,1.0,,0,1.0,1.0
cybershake,100,2.5,Sharable,reference,20,small,accepted_sfc_ratio,HDS-PBQS,positive_favors_HDS,50,50,1.0,1.0,0.0,0.0,0.0,0.0,0.0,0.0,paired_t,,,0,,
cybershake,100,2.5,Sharable,reference,20,small,sfc_deadline_miss_rate,HDS-PBQS,negative_favors_HDS,50,50,0.0,0.0,0.0,0.0,0.0,0.0,0.0,,paired_t,,,0,,
cybershake,100,2.5,Sharable,reference,20,small,provisioning_cost,HDS-PBQS,negative_favors_HDS,50,50,0.10419999999999999,0.087,0.017200000000000003,0.020000000000000004,0.013108096976184916,0.02129190302381509,1.1945996486419788,-19.77011494252873,paired_t,3.9907117052095206e-11,5.296755819550578e-08,1,4.16231230853353e-08,5.307646567928663e-09
cybershake,100,2.5,Sharable,reference,20,small,makespan_s,HDS-PBQS,negative_favors_HDS,50,50,204.67800213287788,274.66849391414945,-69.99049178127161,-67.30432522075725,-73.85686272996658,-66.12412083257665,-5.144637682928757,25.481805642822597,paired_t,4.017961468528325e-37,1.7763568394002505e-15,1,7.12384568370072e-34,6.951073340554002e-35
cybershake,100,2.5,Sharable,reference,20,small,network_data_mb,HDS-PBQS,negative_favors_HDS,50,50,506.2295042805017,393.8528954291654,112.37660885133636,117.66345153772673,103.51385991860352,121.2393577840692,3.6035184014826362,-28.53263493947,paired_t,6.324964985161362e-30,1.7763568394002505e-15,1,1.0809365159640769e-26,1.0942189424329156e-27
cybershake,100,2.5,Sharable,reference,20,small,cpu_utilization,HDS-PBQS,positive_favors_HDS,50,50,0.1494198572287105,0.20044232851474666,-0.05102247128603616,-0.05083171153005479,-0.05495701168069436,-0.04708793089137796,-3.685417976340874,-25.454938417502166,paired_t,2.2648670279267376e-30,1.7763568394002505e-15,1,3.913690224257403e-27,4.031463309709593e-28
cybershake,100,2.5,Sharable,reference,20,small,ram_utilization,HDS-PBQS,positive_favors_HDS,50,50,0.2797015450904642,0.36368429632881294,-0.08398275123834872,-0.08563075428128347,-0.09088686310433475,-0.0770786393723627,-3.4570172501702507,-23.092212692741224,paired_t,4.179486819296503e-29,1.7763568394002505e-15,1,7.109307079623351e-26,7.439486538347775e-27
cybershake,100,2.5,Sharable,reference,20,small,scheduler_runtime_s,HDS-PBQS,negative_favors_HDS,50,50,0.037796550459315716,0.01883868905824779,0.018957861401067918,0.017909847500050098,0.015365058289403094,0.022550664512732743,1.4995991791520147,-100.63259360803538,paired_t,2.7737794001155937e-14,2.022026990289305e-11,0,3.3063450449377876e-11,1.7197432280716681e-12
cybershake,100,2.75,NonSharable,reference,20,small,global_deadline_success,HDS-PBQS,positive_favors_HDS,50,50,1.0,1.0,0.0,0.0,0.0,0.0,0.0,0.0,exact_mcnemar,1.0,,0,1.0,1.0
cybershake,100,2.75,NonSharable,reference,20,small,sfc_subdeadline_success,HDS-PBQS,positive_favors_HDS,50,50,1.0,1.0,0.0,0.0,0.0,0.0,0.0,0.0,exact_mcnemar,1.0,,0,1.0,1.0
cybershake,100,2.75,NonSharable,reference,20,small,accepted_sfc_ratio,HDS-PBQS,positive_favors_HDS,50,50,1.0,1.0,0.0,0.0,0.0,0.0,0.0,0.0,paired_t,,,0,,
cybershake,100,2.75,NonSharable,reference,20,small,sfc_deadline_miss_rate,HDS-PBQS,negative_favors_HDS,50,50,0.0,0.0,0.0,0.0,0.0,0.0,0.0,,paired_t,,,0,,
cybershake,100,2.75,NonSharable,reference,20,small,provisioning_cost,HDS-PBQS,negative_favors_HDS,50,50,0.10719999999999999,0.12180000000000002,-0.014600000000000004,-0.015,-0.018481877594151003,-0.010718122405849002,-1.0688832889758177,11.986863711001666,paired_t,9.105471027669574e-10,5.678573175381582e-08,1,8.977994433282201e-07,9.83390870988314e-08
cybershake,100,2.75,NonSharable,reference,20,small,makespan_s,HDS-PBQS,negative_favors_HDS,50,50,199.39716697390355,206.87404715377986,-7.476880179876293,-6.529870507246599,-9.207848619190672,-5.745911740561913,-1.2275820793594852,3.6142185463787846,paired_t,1.7749844974156475e-11,1.0192735544478637e-11,1,1.8939084587424958e-08,8.164928688111978e-10
cybershake,100,2.75,NonSharable,reference,20,small,network_data_mb,HDS-PBQS,negative_favors_HDS,50,50,499.73554132713826,514.9450999395596,-15.209558612421274,-14.283109780215312,-22.05412303742933,-8.364994187413217,-0.6315242961750681,2.953627214669384,paired_t,4.700507927943526e-05,0.00010381446904439429,1,0.03680497707579781,0.00455949269010522
cybershake,100,2.75,NonSharable,reference,20,small,cpu_utilization,HDS-PBQS,positive_favors_HDS,50,50,0.14565191809284217,0.13575208551151913,0.009899832581323056,0.009191430354999912,0.006716841295767171,0.013082823866878942,0.8839173711576246,7.292582315785491,paired_t,9.617892746167032e-08,7.235236054725647e-08,1,8.569542436834697e-05,6.0592724300851386e-06
cybershake,100,2.75,NonSharable,reference,20,small,ram_utilization,HDS-PBQS,positive_favors_HDS,50,50,0.27021126282205843,0.24716023242645557,0.023051030395602794,0.023742559280963707,0.016819775830894602,0.029282284960310986,1.0513180429940576,9.326350832940678,paired_t,1.4150717631077607e-09,7.237197507947712e-10,1,1.3627141078727736e-06,9.056459283889669e-08
cybershake,100,2.75,NonSharable,reference,20,small,scheduler_runtime_s,HDS-PBQS,negative_favors_HDS,50,50,0.026556752199248832,0.01628705102128147,0.010269701177967359,0.01003877750918035,0.008800238329902023,0.011739164026032695,1.986179361731878,-63.05439311603102,paired_t,8.356020463336424e-19,1.2434497875801753e-14,0,1.1890617119327732e-15,1.0293309338980021e-16
cybershake,100,2.75,Sharable,reference,20,small,global_deadline_success,HDS-PBQS,positive_favors_HDS,50,50,1.0,1.0,0.0,0.0,0.0,0.0,0.0,0.0,exact_mcnemar,1.0,,0,1.0,1.0
cybershake,100,2.75,Sharable,reference,20,small,sfc_subdeadline_success,HDS-PBQS,positive_favors_HDS,50,50,1.0,1.0,0.0,0.0,0.0,0.0,0.0,0.0,exact_mcnemar,1.0,,0,1.0,1.0
cybershake,100,2.75,Sharable,reference,20,small,accepted_sfc_ratio,HDS-PBQS,positive_favors_HDS,50,50,1.0,1.0,0.0,0.0,0.0,0.0,0.0,0.0,paired_t,,,0,,
cybershake,100,2.75,Sharable,reference,20,small,sfc_deadline_miss_rate,HDS-PBQS,negative_favors_HDS,50,50,0.0,0.0,0.0,0.0,0.0,0.0,0.0,,paired_t,,,0,,
cybershake,100,2.75,Sharable,reference,20,small,provisioning_cost,HDS-PBQS,negative_favors_HDS,50,50,0.10419999999999999,0.087,0.017200000000000003,0.020000000000000004,0.013108096976184916,0.02129190302381509,1.1945996486419788,-19.77011494252873,paired_t,3.9907117052095206e-11,5.296755819550578e-08,1,4.16231230853353e-08,5.307646567928663e-09
cybershake,100,2.75,Sharable,reference,20,small,makespan_s,HDS-PBQS,negative_favors_HDS,50,50,204.67800213287788,274.66849391414945,-69.99049178127161,-67.30432522075725,-73.85686272996658,-66.12412083257665,-5.144637682928757,25.481805642822597,paired_t,4.017961468528325e-37,1.7763568394002505e-15,1,7.12384568370072e-34,6.951073340554002e-35
cybershake,100,2.75,Sharable,reference,20,small,network_data_mb,HDS-PBQS,negative_favors_HDS,50,50,506.2295042805017,393.8528954291654,112.37660885133636,117.66345153772673,103.51385991860352,121.2393577840692,3.6035184014826362,-28.53263493947,paired_t,6.324964985161362e-30,1.7763568394002505e-15,1,1.0809365159640769e-26,1.0942189424329156e-27
cybershake,100,2.75,Sharable,reference,20,small,cpu_utilization,HDS-PBQS,positive_favors_HDS,50,50,0.1494198572287105,0.20044232851474666,-0.05102247128603616,-0.05083171153005479,-0.05495701168069436,-0.04708793089137796,-3.685417976340874,-25.454938417502166,paired_t,2.2648670279267376e-30,1.7763568394002505e-15,1,3.913690224257403e-27,4.031463309709593e-28
cybershake,100,2.75,Sharable,reference,20,small,ram_utilization,HDS-PBQS,positive_favors_HDS,50,50,0.2797015450904642,0.36368429632881294,-0.08398275123834872,-0.08563075428128347,-0.09088686310433475,-0.0770786393723627,-3.4570172501702507,-23.092212692741224,paired_t,4.179486819296503e-29,1.7763568394002505e-15,1,7.109307079623351e-26,7.439486538347775e-27
cybershake,100,2.75,Sharable,reference,20,small,scheduler_runtime_s,HDS-PBQS,negative_favors_HDS,50,50,0.037514345462623125,0.01783768221954228,0.019676663243080848,0.017725702491588897,0.016476746094842783,0.022876580391318912,1.7475595652253293,-110.3095290122606,paired_t,1.1401736670136364e-16,5.329070518200751e-15,0,1.4571419464434273e-13,9.121389336109091e-15
cybershake,100,3.0,NonSharable,reference,20,small,global_deadline_success,HDS-PBQS,positive_favors_HDS,50,50,1.0,1.0,0.0,0.0,0.0,0.0,0.0,0.0,exact_mcnemar,1.0,,0,1.0,1.0
cybershake,100,3.0,NonSharable,reference,20,small,sfc_subdeadline_success,HDS-PBQS,positive_favors_HDS,50,50,1.0,1.0,0.0,0.0,0.0,0.0,0.0,0.0,exact_mcnemar,1.0,,0,1.0,1.0
cybershake,100,3.0,NonSharable,reference,20,small,accepted_sfc_ratio,HDS-PBQS,positive_favors_HDS,50,50,1.0,1.0,0.0,0.0,0.0,0.0,0.0,0.0,paired_t,,,0,,
cybershake,100,3.0,NonSharable,reference,20,small,sfc_deadline_miss_rate,HDS-PBQS,negative_favors_HDS,50,50,0.0,0.0,0.0,0.0,0.0,0.0,0.0,,paired_t,,,0,,
cybershake,100,3.0,NonSharable,reference,20,small,provisioning_cost,HDS-PBQS,negative_favors_HDS,50,50,0.10719999999999999,0.12180000000000002,-0.014600000000000004,-0.015,-0.018481877594151003,-0.010718122405849002,-1.0688832889758177,11.986863711001666,paired_t,9.105471027669574e-10,5.678573175381582e-08,1,8.977994433282201e-07,9.83390870988314e-08
cybershake,100,3.0,NonSharable,reference,20,small,makespan_s,HDS-PBQS,negative_favors_HDS,50,50,199.39716697390355,206.87404715377986,-7.476880179876293,-6.529870507246599,-9.207848619190672,-5.745911740561913,-1.2275820793594852,3.6142185463787846,paired_t,1.7749844974156475e-11,1.0192735544478637e-11,1,1.8939084587424958e-08,8.164928688111978e-10
cybershake,100,3.0,NonSharable,reference,20,small,network_data_mb,HDS-PBQS,negative_favors_HDS,50,50,499.73554132713826,514.9450999395596,-15.209558612421274,-14.283109780215312,-22.05412303742933,-8.364994187413217,-0.6315242961750681,2.953627214669384,paired_t,4.700507927943526e-05,0.00010381446904439429,1,0.03680497707579781,0.00455949269010522
cybershake,100,3.0,NonSharable,reference,20,small,cpu_utilization,HDS-PBQS,positive_favors_HDS,50,50,0.14565191809284217,0.13575208551151913,0.009899832581323056,0.009191430354999912,0.006716841295767171,0.013082823866878942,0.8839173711576246,7.292582315785491,paired_t,9.617892746167032e-08,7.235236054725647e-08,1,8.569542436834697e-05,6.0592724300851386e-06
cybershake,100,3.0,NonSharable,reference,20,small,ram_utilization,HDS-PBQS,positive_favors_HDS,50,50,0.27021126282205843,0.24716023242645557,0.023051030395602794,0.023742559280963707,0.016819775830894602,0.029282284960310986,1.0513180429940576,9.326350832940678,paired_t,1.4150717631077607e-09,7.237197507947712e-10,1,1.3627141078727736e-06,9.056459283889669e-08
cybershake,100,3.0,NonSharable,reference,20,small,scheduler_runtime_s,HDS-PBQS,negative_favors_HDS,50,50,0.02596641295844161,0.016117785759415665,0.009848627199025937,0.00951485150289955,0.008484700261244644,0.01121255413680723,2.052125230011186,-61.10409547584777,paired_t,2.285801569758835e-19,3.552713678800501e-15,0,3.3349844902781406e-16,3.0172580720816626e-17
cybershake,100,3.0,Sharable,reference,20,small,global_deadline_success,HDS-PBQS,positive_favors_HDS,50,50,1.0,1.0,0.0,0.0,0.0,0.0,0.0,0.0,exact_mcnemar,1.0,,0,1.0,1.0
cybershake,100,3.0,Sharable,reference,20,small,sfc_subdeadline_success,HDS-PBQS,positive_favors_HDS,50,50,1.0,1.0,0.0,0.0,0.0,0.0,0.0,0.0,exact_mcnemar,1.0,,0,1.0,1.0
cybershake,100,3.0,Sharable,reference,20,small,accepted_sfc_ratio,HDS-PBQS,positive_favors_HDS,50,50,1.0,1.0,0.0,0.0,0.0,0.0,0.0,0.0,paired_t,,,0,,
cybershake,100,3.0,Sharable,reference,20,small,sfc_deadline_miss_rate,HDS-PBQS,negative_favors_HDS,50,50,0.0,0.0,0.0,0.0,0.0,0.0,0.0,,paired_t,,,0,,
cybershake,100,3.0,Sharable,reference,20,small,provisioning_cost,HDS-PBQS,negative_favors_HDS,50,50,0.10419999999999999,0.087,0.017200000000000003,0.020000000000000004,0.013108096976184916,0.02129190302381509,1.1945996486419788,-19.77011494252873,paired_t,3.9907117052095206e-11,5.296755819550578e-08,1,4.16231230853353e-08,5.307646567928663e-09
cybershake,100,3.0,Sharable,reference,20,small,makespan_s,HDS-PBQS,negative_favors_HDS,50,50,204.67800213287788,274.66849391414945,-69.99049178127161,-67.30432522075725,-73.85686272996658,-66.12412083257665,-5.144637682928757,25.481805642822597,paired_t,4.017961468528325e-37,1.7763568394002505e-15,1,7.12384568370072e-34,6.951073340554002e-35
cybershake,100,3.0,Sharable,reference,20,small,network_data_mb,HDS-PBQS,negative_favors_HDS,50,50,506.2295042805017,393.8528954291654,112.37660885133636,117.66345153772673,103.51385991860352,121.2393577840692,3.6035184014826362,-28.53263493947,paired_t,6.324964985161362e-30,1.7763568394002505e-15,1,1.0809365159640769e-26,1.0942189424329156e-27
cybershake,100,3.0,Sharable,reference,20,small,cpu_utilization,HDS-PBQS,positive_favors_HDS,50,50,0.1494198572287105,0.20044232851474666,-0.05102247128603616,-0.05083171153005479,-0.05495701168069436,-0.04708793089137796,-3.685417976340874,-25.454938417502166,paired_t,2.2648670279267376e-30,1.7763568394002505e-15,1,3.913690224257403e-27,4.031463309709593e-28
cybershake,100,3.0,Sharable,reference,20,small,ram_utilization,HDS-PBQS,positive_favors_HDS,50,50,0.2797015450904642,0.36368429632881294,-0.08398275123834872,-0.08563075428128347,-0.09088686310433475,-0.0770786393723627,-3.4570172501702507,-23.092212692741224,paired_t,4.179486819296503e-29,1.7763568394002505e-15,1,7.109307079623351e-26,7.439486538347775e-27
cybershake,100,3.0,Sharable,reference,20,small,scheduler_runtime_s,HDS-PBQS,negative_favors_HDS,50,50,0.03620731770322886,0.01702103425988748,0.01918628344334138,0.0172038585096743,0.016391788522397817,0.021980778364284942,1.9512225205284346,-112.72102006490064,paired_t,1.6791274773330844e-18,1.7763568394002505e-15,0,2.3776445079036476e-15,1.9645791484797087e-16
cybershake,100,3.25,NonSharable,reference,20,small,global_deadline_success,HDS-PBQS,positive_favors_HDS,50,50,1.0,1.0,0.0,0.0,0.0,0.0,0.0,0.0,exact_mcnemar,1.0,,0,1.0,1.0
cybershake,100,3.25,NonSharable,reference,20,small,sfc_subdeadline_success,HDS-PBQS,positive_favors_HDS,50,50,1.0,1.0,0.0,0.0,0.0,0.0,0.0,0.0,exact_mcnemar,1.0,,0,1.0,1.0
cybershake,100,3.25,NonSharable,reference,20,small,accepted_sfc_ratio,HDS-PBQS,positive_favors_HDS,50,50,1.0,1.0,0.0,0.0,0.0,0.0,0.0,0.0,paired_t,,,0,,
cybershake,100,3.25,NonSharable,reference,20,small,sfc_deadline_miss_rate,HDS-PBQS,negative_favors_HDS,50,50,0.0,0.0,0.0,0.0,0.0,0.0,0.0,,paired_t,,,0,,
cybershake,100,3.25,NonSharable,reference,20,small,provisioning_cost,HDS-PBQS,negative_favors_HDS,50,50,0.10719999999999999,0.12180000000000002,-0.014600000000000004,-0.015,-0.018481877594151003,-0.010718122405849002,-1.0688832889758177,11.986863711001666,paired_t,9.105471027669574e-10,5.678573175381582e-08,1,8.977994433282201e-07,9.83390870988314e-08
cybershake,100,3.25,NonSharable,reference,20,small,makespan_s,HDS-PBQS,negative_favors_HDS,50,50,199.39716697390355,206.87404715377986,-7.476880179876293,-6.529870507246599,-9.207848619190672,-5.745911740561913,-1.2275820793594852,3.6142185463787846,paired_t,1.7749844974156475e-11,1.0192735544478637e-11,1,1.8939084587424958e-08,8.164928688111978e-10
cybershake,100,3.25,NonSharable,reference,20,small,network_data_mb,HDS-PBQS,negative_favors_HDS,50,50,499.73554132713826,514.9450999395596,-15.209558612421274,-14.283109780215312,-22.05412303742933,-8.364994187413217,-0.6315242961750681,2.953627214669384,paired_t,4.700507927943526e-05,0.00010381446904439429,1,0.03680497707579781,0.00455949269010522
cybershake,100,3.25,NonSharable,reference,20,small,cpu_utilization,HDS-PBQS,positive_favors_HDS,50,50,0.14565191809284217,0.13575208551151913,0.009899832581323056,0.009191430354999912,0.006716841295767171,0.013082823866878942,0.8839173711576246,7.292582315785491,paired_t,9.617892746167032e-08,7.235236054725647e-08,1,8.569542436834697e-05,6.0592724300851386e-06
cybershake,100,3.25,NonSharable,reference,20,small,ram_utilization,HDS-PBQS,positive_favors_HDS,50,50,0.27021126282205843,0.24716023242645557,0.023051030395602794,0.023742559280963707,0.016819775830894602,0.029282284960310986,1.0513180429940576,9.326350832940678,paired_t,1.4150717631077607e-09,7.237197507947712e-10,1,1.3627141078727736e-06,9.056459283889669e-08
cybershake,100,3.25,NonSharable,reference,20,small,scheduler_runtime_s,HDS-PBQS,negative_favors_HDS,50,50,0.02840188662179566,0.016704377843197962,0.011697508778597699,0.01097594299972115,0.009580275264156566,0.013814742293038832,1.5701599230015362,-70.02660553060308,paired_t,5.580062425078718e-15,1.6058265828178264e-12,0,6.735135347070012e-12,3.7386418248027407e-13
cybershake,100,3.25,Sharable,reference,20,small,global_deadline_success,HDS-PBQS,positive_favors_HDS,50,50,1.0,1.0,0.0,0.0,0.0,0.0,0.0,0.0,exact_mcnemar,1.0,,0,1.0,1.0
cybershake,100,3.25,Sharable,reference,20,small,sfc_subdeadline_success,HDS-PBQS,positive_favors_HDS,50,50,1.0,1.0,0.0,0.0,0.0,0.0,0.0,0.0,exact_mcnemar,1.0,,0,1.0,1.0
cybershake,100,3.25,Sharable,reference,20,small,accepted_sfc_ratio,HDS-PBQS,positive_favors_HDS,50,50,1.0,1.0,0.0,0.0,0.0,0.0,0.0,0.0,paired_t,,,0,,
cybershake,100,3.25,Sharable,reference,20,small,sfc_deadline_miss_rate,HDS-PBQS,negative_favors_HDS,50,50,0.0,0.0,0.0,0.0,0.0,0.0,0.0,,paired_t,,,0,,
cybershake,100,3.25,Sharable,reference,20,small,provisioning_cost,HDS-PBQS,negative_favors_HDS,50,50,0.10419999999999999,0.087,0.017200000000000003,0.020000000000000004,0.013108096976184916,0.02129190302381509,1.1945996486419788,-19.77011494252873,paired_t,3.9907117052095206e-11,5.296755819550578e-08,1,4.16231230853353e-08,5.307646567928663e-09
cybershake,100,3.25,Sharable,reference,20,small,makespan_s,HDS-PBQS,negative_favors_HDS,50,50,204.67800213287788,274.66849391414945,-69.99049178127161,-67.30432522075725,-73.85686272996658,-66.12412083257665,-5.144637682928757,25.481805642822597,paired_t,4.017961468528325e-37,1.7763568394002505e-15,1,7.12384568370072e-34,6.951073340554002e-35
cybershake,100,3.25,Sharable,reference,20,small,network_data_mb,HDS-PBQS,negative_favors_HDS,50,50,506.2295042805017,393.8528954291654,112.37660885133636,117.66345153772673,103.51385991860352,121.2393577840692,3.6035184014826362,-28.53263493947,paired_t,6.324964985161362e-30,1.7763568394002505e-15,1,1.0809365159640769e-26,1.0942189424329156e-27
cybershake,100,3.25,Sharable,reference,20,small,cpu_utilization,HDS-PBQS,positive_favors_HDS,50,50,0.1494198572287105,0.20044232851474666,-0.05102247128603616,-0.05083171153005479,-0.05495701168069436,-0.04708793089137796,-3.685417976340874,-25.454938417502166,paired_t,2.2648670279267376e-30,1.7763568394002505e-15,1,3.913690224257403e-27,4.031463309709593e-28
cybershake,100,3.25,Sharable,reference,20,small,ram_utilization,HDS-PBQS,positive_favors_HDS,50,50,0.2797015450904642,0.36368429632881294,-0.08398275123834872,-0.08563075428128347,-0.09088686310433475,-0.0770786393723627,-3.4570172501702507,-23.092212692741224,paired_t,4.179486819296503e-29,1.7763568394002505e-15,1,7.109307079623351e-26,7.439486538347775e-27
cybershake,100,3.25,Sharable,reference,20,small,scheduler_runtime_s,HDS-PBQS,negative_favors_HDS,50,50,0.03819694123936637,0.01746792791964249,0.02072901331972388,0.01812129700556395,0.017431584558155248,0.024026442081292513,1.7865800382574877,-118.66898818842928,paired_t,4.978870303479708e-17,1.7763568394002505e-15,0,6.676665076966288e-14,4.3814058670621434e-15
cybershake,100,3.5,NonSharable,reference,20,small,global_deadline_success,HDS-PBQS,positive_favors_HDS,50,50,1.0,1.0,0.0,0.0,0.0,0.0,0.0,0.0,exact_mcnemar,1.0,,0,1.0,1.0
cybershake,100,3.5,NonSharable,reference,20,small,sfc_subdeadline_success,HDS-PBQS,positive_favors_HDS,50,50,1.0,1.0,0.0,0.0,0.0,0.0,0.0,0.0,exact_mcnemar,1.0,,0,1.0,1.0
cybershake,100,3.5,NonSharable,reference,20,small,accepted_sfc_ratio,HDS-PBQS,positive_favors_HDS,50,50,1.0,1.0,0.0,0.0,0.0,0.0,0.0,0.0,paired_t,,,0,,
cybershake,100,3.5,NonSharable,reference,20,small,sfc_deadline_miss_rate,HDS-PBQS,negative_favors_HDS,50,50,0.0,0.0,0.0,0.0,0.0,0.0,0.0,,paired_t,,,0,,
cybershake,100,3.5,NonSharable,reference,20,small,provisioning_cost,HDS-PBQS,negative_favors_HDS,50,50,0.10719999999999999,0.12180000000000002,-0.014600000000000004,-0.015,-0.018481877594151003,-0.010718122405849002,-1.0688832889758177,11.986863711001666,paired_t,9.105471027669574e-10,5.678573175381582e-08,1,8.977994433282201e-07,9.83390870988314e-08
cybershake,100,3.5,NonSharable,reference,20,small,makespan_s,HDS-PBQS,negative_favors_HDS,50,50,199.39716697390355,206.87404715377986,-7.476880179876293,-6.529870507246599,-9.207848619190672,-5.745911740561913,-1.2275820793594852,3.6142185463787846,paired_t,1.7749844974156475e-11,1.0192735544478637e-11,1,1.8939084587424958e-08,8.164928688111978e-10
cybershake,100,3.5,NonSharable,reference,20,small,network_data_mb,HDS-PBQS,negative_favors_HDS,50,50,499.73554132713826,514.9450999395596,-15.209558612421274,-14.283109780215312,-22.05412303742933,-8.364994187413217,-0.6315242961750681,2.953627214669384,paired_t,4.700507927943526e-05,0.00010381446904439429,1,0.03680497707579781,0.00455949269010522
cybershake,100,3.5,NonSharable,reference,20,small,cpu_utilization,HDS-PBQS,positive_favors_HDS,50,50,0.14565191809284217,0.13575208551151913,0.009899832581323055,0.009191430354999856,0.006716841295767169,0.01308282386687894,0.8839173711576245,7.292582315785491,paired_t,9.617892746167032e-08,7.235236054725647e-08,1,8.569542436834697e-05,6.0592724300851386e-06
cybershake,100,3.5,NonSharable,reference,20,small,ram_utilization,HDS-PBQS,positive_favors_HDS,50,50,0.27021126282205843,0.24716023242645557,0.023051030395602794,0.023742559280963707,0.016819775830894602,0.029282284960310986,1.0513180429940576,9.326350832940678,paired_t,1.4150717631077607e-09,7.237197507947712e-10,1,1.3627141078727736e-06,9.056459283889669e-08
cybershake,100,3.5,NonSharable,reference,20,small,scheduler_runtime_s,HDS-PBQS,negative_favors_HDS,50,50,0.028729437980291504,0.016814562961953872,0.011914875018337627,0.010253132006255298,0.008898574442192282,0.014931175594482971,1.1226235344766293,-70.86045022577922,paired_t,2.375544219031271e-10,4.440892098500626e-14,0,2.3565398652790212e-07,9.02706803231883e-09
cybershake,100,3.5,Sharable,reference,20,small,global_deadline_success,HDS-PBQS,positive_favors_HDS,50,50,1.0,1.0,0.0,0.0,0.0,0.0,0.0,0.0,exact_mcnemar,1.0,,0,1.0,1.0
cybershake,100,3.5,Sharable,reference,20,small,sfc_subdeadline_success,HDS-PBQS,positive_favors_HDS,50,50,1.0,1.0,0.0,0.0,0.0,0.0,0.0,0.0,exact_mcnemar,1.0,,0,1.0,1.0
cybershake,100,3.5,Sharable,reference,20,small,accepted_sfc_ratio,HDS-PBQS,positive_favors_HDS,50,50,1.0,1.0,0.0,0.0,0.0,0.0,0.0,0.0,paired_t,,,0,,
cybershake,100,3.5,Sharable,reference,20,small,sfc_deadline_miss_rate,HDS-PBQS,negative_favors_HDS,50,50,0.0,0.0,0.0,0.0,0.0,0.0,0.0,,paired_t,,,0,,
cybershake,100,3.5,Sharable,reference,20,small,provisioning_cost,HDS-PBQS,negative_favors_HDS,50,50,0.10419999999999999,0.087,0.017200000000000003,0.020000000000000004,0.013108096976184916,0.02129190302381509,1.1945996486419788,-19.77011494252873,paired_t,3.9907117052095206e-11,5.296755819550578e-08,1,4.16231230853353e-08,5.307646567928663e-09
cybershake,100,3.5,Sharable,reference,20,small,makespan_s,HDS-PBQS,negative_favors_HDS,50,50,204.67800213287788,274.66849391414945,-69.99049178127161,-67.30432522075725,-73.85686272996658,-66.12412083257665,-5.144637682928757,25.481805642822597,paired_t,4.017961468528325e-37,1.7763568394002505e-15,1,7.12384568370072e-34,6.951073340554002e-35
cybershake,100,3.5,Sharable,reference,20,small,network_data_mb,HDS-PBQS,negative_favors_HDS,50,50,506.2295042805017,393.8528954291654,112.37660885133636,117.66345153772673,103.51385991860352,121.2393577840692,3.6035184014826362,-28.53263493947,paired_t,6.324964985161362e-30,1.7763568394002505e-15,1,1.0809365159640769e-26,1.0942189424329156e-27
cybershake,100,3.5,Sharable,reference,20,small,cpu_utilization,HDS-PBQS,positive_favors_HDS,50,50,0.1494198572287105,0.20044232851474666,-0.05102247128603616,-0.05083171153005479,-0.05495701168069436,-0.04708793089137796,-3.685417976340874,-25.454938417502166,paired_t,2.2648670279267376e-30,1.7763568394002505e-15,1,3.913690224257403e-27,4.031463309709593e-28
cybershake,100,3.5,Sharable,reference,20,small,ram_utilization,HDS-PBQS,positive_favors_HDS,50,50,0.2797015450904642,0.36368429632881294,-0.08398275123834872,-0.08563075428128347,-0.09088686310433475,-0.0770786393723627,-3.4570172501702507,-23.092212692741224,paired_t,4.179486819296503e-29,1.7763568394002505e-15,1,7.109307079623351e-26,7.439486538347775e-27
cybershake,100,3.5,Sharable,reference,20,small,scheduler_runtime_s,HDS-PBQS,negative_favors_HDS,50,50,0.04009800332198206,0.01800308195925022,0.022094921362731845,0.0202571549889399,0.018566260713397963,0.025623582012065726,1.7795157420136696,-122.72854954914636,paired_t,5.780455398978521e-17,1.2434497875801753e-14,0,7.745810234631218e-14,5.028996197111313e-15
cybershake,100,3.75,NonSharable,reference,20,small,global_deadline_success,HDS-PBQS,positive_favors_HDS,50,50,1.0,1.0,0.0,0.0,0.0,0.0,0.0,0.0,exact_mcnemar,1.0,,0,1.0,1.0
cybershake,100,3.75,NonSharable,reference,20,small,sfc_subdeadline_success,HDS-PBQS,positive_favors_HDS,50,50,1.0,1.0,0.0,0.0,0.0,0.0,0.0,0.0,exact_mcnemar,1.0,,0,1.0,1.0
cybershake,100,3.75,NonSharable,reference,20,small,accepted_sfc_ratio,HDS-PBQS,positive_favors_HDS,50,50,1.0,1.0,0.0,0.0,0.0,0.0,0.0,0.0,paired_t,,,0,,
cybershake,100,3.75,NonSharable,reference,20,small,sfc_deadline_miss_rate,HDS-PBQS,negative_favors_HDS,50,50,0.0,0.0,0.0,0.0,0.0,0.0,0.0,,paired_t,,,0,,
cybershake,100,3.75,NonSharable,reference,20,small,provisioning_cost,HDS-PBQS,negative_favors_HDS,50,50,0.10719999999999999,0.12180000000000002,-0.014600000000000004,-0.015,-0.018481877594151003,-0.010718122405849002,-1.0688832889758177,11.986863711001666,paired_t,9.105471027669574e-10,5.678573175381582e-08,1,8.977994433282201e-07,9.83390870988314e-08
cybershake,100,3.75,NonSharable,reference,20,small,makespan_s,HDS-PBQS,negative_favors_HDS,50,50,199.39716697390355,206.87404715377986,-7.476880179876293,-6.529870507246599,-9.207848619190672,-5.745911740561913,-1.2275820793594852,3.6142185463787846,paired_t,1.7749844974156475e-11,1.0192735544478637e-11,1,1.8939084587424958e-08,8.164928688111978e-10
cybershake,100,3.75,NonSharable,reference,20,small,network_data_mb,HDS-PBQS,negative_favors_HDS,50,50,499.73554132713826,514.9450999395596,-15.209558612421274,-14.283109780215312,-22.05412303742933,-8.364994187413217,-0.6315242961750681,2.953627214669384,paired_t,4.700507927943526e-05,0.00010381446904439429,1,0.03680497707579781,0.00455949269010522
cybershake,100,3.75,NonSharable,reference,20,small,cpu_utilization,HDS-PBQS,positive_favors_HDS,50,50,0.14565191809284217,0.13575208551151913,0.009899832581323055,0.009191430354999856,0.006716841295767169,0.01308282386687894,0.8839173711576245,7.292582315785491,paired_t,9.617892746167032e-08,7.235236054725647e-08,1,8.569542436834697e-05,6.0592724300851386e-06
cybershake,100,3.75,NonSharable,reference,20,small,ram_utilization,HDS-PBQS,positive_favors_HDS,50,50,0.27021126282205843,0.24716023242645557,0.023051030395602794,0.023742559280963707,0.016819775830894602,0.029282284960310986,1.0513180429940576,9.326350832940678,paired_t,1.4150717631077607e-09,7.237197507947712e-10,1,1.3627141078727736e-06,9.056459283889669e-08
cybershake,100,3.75,NonSharable,reference,20,small,scheduler_runtime_s,HDS-PBQS,negative_favors_HDS,50,50,0.026590243378886918,0.01672970514133336,0.009860538237553555,0.009636748489356249,0.00822507799355726,0.01149599848154985,1.7134833884806282,-58.940299032476986,paired_t,2.3697051565315113e-16,1.7763568394002505e-14,0,2.9645011508209207e-13,1.8246729705292638e-14
cybershake,100,3.75,Sharable,reference,20,small,global_deadline_success,HDS-PBQS,positive_favors_HDS,50,50,1.0,1.0,0.0,0.0,0.0,0.0,0.0,0.0,exact_mcnemar,1.0,,0,1.0,1.0
cybershake,100,3.75,Sharable,reference,20,small,sfc_subdeadline_success,HDS-PBQS,positive_favors_HDS,50,50,1.0,1.0,0.0,0.0,0.0,0.0,0.0,0.0,exact_mcnemar,1.0,,0,1.0,1.0
cybershake,100,3.75,Sharable,reference,20,small,accepted_sfc_ratio,HDS-PBQS,positive_favors_HDS,50,50,1.0,1.0,0.0,0.0,0.0,0.0,0.0,0.0,paired_t,,,0,,
cybershake,100,3.75,Sharable,reference,20,small,sfc_deadline_miss_rate,HDS-PBQS,negative_favors_HDS,50,50,0.0,0.0,0.0,0.0,0.0,0.0,0.0,,paired_t,,,0,,
cybershake,100,3.75,Sharable,reference,20,small,provisioning_cost,HDS-PBQS,negative_favors_HDS,50,50,0.10419999999999999,0.087,0.017200000000000003,0.020000000000000004,0.013108096976184916,0.02129190302381509,1.1945996486419788,-19.77011494252873,paired_t,3.9907117052095206e-11,5.296755819550578e-08,1,4.16231230853353e-08,5.307646567928663e-09
cybershake,100,3.75,Sharable,reference,20,small,makespan_s,HDS-PBQS,negative_favors_HDS,50,50,204.67800213287788,274.66849391414945,-69.99049178127161,-67.30432522075725,-73.85686272996658,-66.12412083257665,-5.144637682928757,25.481805642822597,paired_t,4.017961468528325e-37,1.7763568394002505e-15,1,7.12384568370072e-34,6.951073340554002e-35
cybershake,100,3.75,Sharable,reference,20,small,network_data_mb,HDS-PBQS,negative_favors_HDS,50,50,506.2295042805017,393.8528954291654,112.37660885133636,117.66345153772673,103.51385991860352,121.2393577840692,3.6035184014826362,-28.53263493947,paired_t,6.324964985161362e-30,1.7763568394002505e-15,1,1.0809365159640769e-26,1.0942189424329156e-27
cybershake,100,3.75,Sharable,reference,20,small,cpu_utilization,HDS-PBQS,positive_favors_HDS,50,50,0.1494198572287105,0.20044232851474666,-0.05102247128603616,-0.05083171153005479,-0.05495701168069436,-0.04708793089137796,-3.685417976340874,-25.454938417502166,paired_t,2.2648670279267376e-30,1.7763568394002505e-15,1,3.913690224257403e-27,4.031463309709593e-28
cybershake,100,3.75,Sharable,reference,20,small,ram_utilization,HDS-PBQS,positive_favors_HDS,50,50,0.2797015450904642,0.36368429632881294,-0.08398275123834872,-0.08563075428128347,-0.09088686310433475,-0.0770786393723627,-3.4570172501702507,-23.092212692741224,paired_t,4.179486819296503e-29,1.7763568394002505e-15,1,7.109307079623351e-26,7.439486538347775e-27
cybershake,100,3.75,Sharable,reference,20,small,scheduler_runtime_s,HDS-PBQS,negative_favors_HDS,50,50,0.037771733440677,0.018115321778677706,0.019656411661999298,0.01735763350734485,0.017118979100244805,0.02219384422375379,2.2015522575335695,-108.50710742072214,paired_t,1.3330606825514561e-20,1.7763568394002505e-15,0,1.978262052906361e-17,1.9862604170016696e-18
cybershake,100,4.0,NonSharable,reference,20,small,global_deadline_success,HDS-PBQS,positive_favors_HDS,50,50,1.0,1.0,0.0,0.0,0.0,0.0,0.0,0.0,exact_mcnemar,1.0,,0,1.0,1.0
cybershake,100,4.0,NonSharable,reference,20,small,sfc_subdeadline_success,HDS-PBQS,positive_favors_HDS,50,50,1.0,1.0,0.0,0.0,0.0,0.0,0.0,0.0,exact_mcnemar,1.0,,0,1.0,1.0
cybershake,100,4.0,NonSharable,reference,20,small,accepted_sfc_ratio,HDS-PBQS,positive_favors_HDS,50,50,1.0,1.0,0.0,0.0,0.0,0.0,0.0,0.0,paired_t,,,0,,
cybershake,100,4.0,NonSharable,reference,20,small,sfc_deadline_miss_rate,HDS-PBQS,negative_favors_HDS,50,50,0.0,0.0,0.0,0.0,0.0,0.0,0.0,,paired_t,,,0,,
cybershake,100,4.0,NonSharable,reference,20,small,provisioning_cost,HDS-PBQS,negative_favors_HDS,50,50,0.10719999999999999,0.12180000000000002,-0.014600000000000004,-0.015,-0.018481877594151003,-0.010718122405849002,-1.0688832889758177,11.986863711001666,paired_t,9.105471027669574e-10,5.678573175381582e-08,1,8.977994433282201e-07,9.83390870988314e-08
cybershake,100,4.0,NonSharable,reference,20,small,makespan_s,HDS-PBQS,negative_favors_HDS,50,50,199.39716697390355,206.87404715377986,-7.476880179876293,-6.529870507246599,-9.207848619190672,-5.745911740561913,-1.2275820793594852,3.6142185463787846,paired_t,1.7749844974156475e-11,1.0192735544478637e-11,1,1.8939084587424958e-08,8.164928688111978e-10
cybershake,100,4.0,NonSharable,reference,20,small,network_data_mb,HDS-PBQS,negative_favors_HDS,50,50,499.73554132713826,514.9450999395596,-15.209558612421274,-14.283109780215312,-22.05412303742933,-8.364994187413217,-0.6315242961750681,2.953627214669384,paired_t,4.700507927943526e-05,0.00010381446904439429,1,0.03680497707579781,0.00455949269010522
cybershake,100,4.0,NonSharable,reference,20,small,cpu_utilization,HDS-PBQS,positive_favors_HDS,50,50,0.14565191809284217,0.13575208551151913,0.009899832581323055,0.009191430354999856,0.006716841295767169,0.01308282386687894,0.8839173711576245,7.292582315785491,paired_t,9.617892746167032e-08,7.235236054725647e-08,1,8.569542436834697e-05,6.0592724300851386e-06
cybershake,100,4.0,NonSharable,reference,20,small,ram_utilization,HDS-PBQS,positive_favors_HDS,50,50,0.27021126282205843,0.24716023242645557,0.023051030395602794,0.023742559280963707,0.016819775830894602,0.029282284960310986,1.0513180429940576,9.326350832940678,paired_t,1.4150717631077607e-09,7.237197507947712e-10,1,1.3627141078727736e-06,9.056459283889669e-08
cybershake,100,4.0,NonSharable,reference,20,small,scheduler_runtime_s,HDS-PBQS,negative_favors_HDS,50,50,0.026247169358612103,0.01669380789957354,0.009553361459038562,0.0098108789843536,0.00811887452350342,0.010987848394573705,1.8926873565843927,-57.22697611299705,paired_t,5.4948103880076164e-18,8.881784197001252e-15,0,7.714713784762694e-15,5.824499011288073e-16
cybershake,100,4.0,Sharable,reference,20,small,global_deadline_success,HDS-PBQS,positive_favors_HDS,50,50,1.0,1.0,0.0,0.0,0.0,0.0,0.0,0.0,exact_mcnemar,1.0,,0,1.0,1.0
cybershake,100,4.0,Sharable,reference,20,small,sfc_subdeadline_success,HDS-PBQS,positive_favors_HDS,50,50,1.0,1.0,0.0,0.0,0.0,0.0,0.0,0.0,exact_mcnemar,1.0,,0,1.0,1.0
cybershake,100,4.0,Sharable,reference,20,small,accepted_sfc_ratio,HDS-PBQS,positive_favors_HDS,50,50,1.0,1.0,0.0,0.0,0.0,0.0,0.0,0.0,paired_t,,,0,,
cybershake,100,4.0,Sharable,reference,20,small,sfc_deadline_miss_rate,HDS-PBQS,negative_favors_HDS,50,50,0.0,0.0,0.0,0.0,0.0,0.0,0.0,,paired_t,,,0,,
cybershake,100,4.0,Sharable,reference,20,small,provisioning_cost,HDS-PBQS,negative_favors_HDS,50,50,0.1041,0.087,0.0171,0.020000000000000004,0.013028996576815735,0.021171003423184266,1.1937514474443158,-19.65517241379311,paired_t,4.074992461325154e-11,5.296755819550578e-08,1,4.2216921899328594e-08,5.307646567928663e-09
cybershake,100,4.0,Sharable,reference,20,small,makespan_s,HDS-PBQS,negative_favors_HDS,50,50,204.93530996652123,274.66849391414945,-69.73318394762828,-67.30432522075725,-73.53827390989964,-65.92809398535691,-5.208274127056732,25.388126229513627,paired_t,2.2461719513972586e-37,1.7763568394002505e-15,1,3.993693729584326e-34,3.99818607348712e-35
cybershake,100,4.0,Sharable,reference,20,small,network_data_mb,HDS-PBQS,negative_favors_HDS,50,50,506.7528685180256,393.8528954291654,112.89997308886021,118.01266868257764,104.05012928951412,121.7498168882063,3.625580074054797,-28.66551811580252,paired_t,4.7869282321654844e-30,1.7763568394002505e-15,1,8.20479498993164e-27,8.520732253254562e-28
cybershake,100,4.0,Sharable,reference,20,small,cpu_utilization,HDS-PBQS,positive_favors_HDS,50,50,0.14920151291647854,0.20044232851474666,-0.05124081559826814,-0.05083171153005479,-0.05525338910701391,-0.047228242089522365,-3.6292116852997447,-25.56386965665204,paired_t,4.572984003115153e-30,1.7763568394002505e-15,1,7.860959501354947e-27,7.819802645326911e-28
cybershake,100,4.0,Sharable,reference,20,small,ram_utilization,HDS-PBQS,positive_favors_HDS,50,50,0.27924918419710587,0.36368429632881294,-0.08443511213170703,-0.08606823606801622,-0.09140938027636389,-0.07746084398705017,-3.4406754749807673,-23.21659554290128,paired_t,5.181213026935078e-29,1.7763568394002505e-15,1,8.745887589466295e-26,8.859874276058866e-27
cybershake,100,4.0,Sharable,reference,20,small,scheduler_runtime_s,HDS-PBQS,negative_favors_HDS,50,50,0.03819229855915177,0.018054194496798973,0.0201381040623528,0.018563078981969752,0.016629100750775505,0.023647107373930096,1.6310004129331763,-111.54252307364533,paired_t,1.436244440257473e-15,6.590283874174929e-13,0,1.779506861479009e-12,1.0340959969853806e-13
cybershake,100,4.25,NonSharable,reference,20,small,global_deadline_success,HDS-PBQS,positive_favors_HDS,50,50,1.0,1.0,0.0,0.0,0.0,0.0,0.0,0.0,exact_mcnemar,1.0,,0,1.0,1.0
cybershake,100,4.25,NonSharable,reference,20,small,sfc_subdeadline_success,HDS-PBQS,positive_favors_HDS,50,50,1.0,1.0,0.0,0.0,0.0,0.0,0.0,0.0,exact_mcnemar,1.0,,0,1.0,1.0
cybershake,100,4.25,NonSharable,reference,20,small,accepted_sfc_ratio,HDS-PBQS,positive_favors_HDS,50,50,1.0,1.0,0.0,0.0,0.0,0.0,0.0,0.0,paired_t,,,0,,
cybershake,100,4.25,NonSharable,reference,20,small,sfc_deadline_miss_rate,HDS-PBQS,negative_favors_HDS,50,50,0.0,0.0,0.0,0.0,0.0,0.0,0.0,,paired_t,,,0,,
cybershake,100,4.25,NonSharable,reference,20,small,provisioning_cost,HDS-PBQS,negative_favors_HDS,50,50,0.10719999999999999,0.12180000000000002,-0.014600000000000004,-0.015,-0.018481877594151003,-0.010718122405849002,-1.0688832889758177,11.986863711001666,paired_t,9.105471027669574e-10,5.678573175381582e-08,1,8.977994433282201e-07,9.83390870988314e-08
cybershake,100,4.25,NonSharable,reference,20,small,makespan_s,HDS-PBQS,negative_favors_HDS,50,50,199.39716697390355,206.87404715377986,-7.476880179876293,-6.529870507246599,-9.207848619190672,-5.745911740561913,-1.2275820793594852,3.6142185463787846,paired_t,1.7749844974156475e-11,1.0192735544478637e-11,1,1.8939084587424958e-08,8.164928688111978e-10
cybershake,100,4.25,NonSharable,reference,20,small,network_data_mb,HDS-PBQS,negative_favors_HDS,50,50,499.73554132713826,514.9450999395596,-15.209558612421274,-14.283109780215312,-22.05412303742933,-8.364994187413217,-0.6315242961750681,2.953627214669384,paired_t,4.700507927943526e-05,0.00010381446904439429,1,0.03680497707579781,0.00455949269010522
cybershake,100,4.25,NonSharable,reference,20,small,cpu_utilization,HDS-PBQS,positive_favors_HDS,50,50,0.14565191809284217,0.13575208551151913,0.009899832581323055,0.009191430354999856,0.006716841295767169,0.01308282386687894,0.8839173711576245,7.292582315785491,paired_t,9.617892746167032e-08,7.235236054725647e-08,1,8.569542436834697e-05,6.0592724300851386e-06
cybershake,100,4.25,NonSharable,reference,20,small,ram_utilization,HDS-PBQS,positive_favors_HDS,50,50,0.27021126282205843,0.24716023242645557,0.023051030395602794,0.023742559280963707,0.016819775830894602,0.029282284960310986,1.0513180429940576,9.326350832940678,paired_t,1.4150717631077607e-09,7.237197507947712e-10,1,1.3627141078727736e-06,9.056459283889669e-08
cybershake,100,4.25,NonSharable,reference,20,small,scheduler_runtime_s,HDS-PBQS,negative_favors_HDS,50,50,0.026457265340504774,0.016822070620037224,0.009635194720467552,0.009080981992156,0.008163198620049715,0.011107190820885389,1.8602576738271606,-57.27710302791625,paired_t,1.0695700089926252e-17,3.552713678800501e-15,0,1.49525887257169e-14,1.0909614091724776e-15
cybershake,100,4.25,Sharable,reference,20,small,global_deadline_success,HDS-PBQS,positive_favors_HDS,50,50,1.0,1.0,0.0,0.0,0.0,0.0,0.0,0.0,exact_mcnemar,1.0,,0,1.0,1.0
cybershake,100,4.25,Sharable,reference,20,small,sfc_subdeadline_success,HDS-PBQS,positive_favors_HDS,50,50,1.0,1.0,0.0,0.0,0.0,0.0,0.0,0.0,exact_mcnemar,1.0,,0,1.0,1.0
cybershake,100,4.25,Sharable,reference,20,small,accepted_sfc_ratio,HDS-PBQS,positive_favors_HDS,50,50,1.0,1.0,0.0,0.0,0.0,0.0,0.0,0.0,paired_t,,,0,,
cybershake,100,4.25,Sharable,reference,20,small,sfc_deadline_miss_rate,HDS-PBQS,negative_favors_HDS,50,50,0.0,0.0,0.0,0.0,0.0,0.0,0.0,,paired_t,,,0,,
cybershake,100,4.25,Sharable,reference,20,small,provisioning_cost,HDS-PBQS,negative_favors_HDS,50,50,0.1041,0.087,0.0171,0.020000000000000004,0.013028996576815735,0.021171003423184266,1.1937514474443158,-19.65517241379311,paired_t,4.074992461325154e-11,5.296755819550578e-08,1,4.2216921899328594e-08,5.307646567928663e-09
cybershake,100,4.25,Sharable,reference,20,small,makespan_s,HDS-PBQS,negative_favors_HDS,50,50,204.93530996652123,274.66849391414945,-69.73318394762828,-67.30432522075725,-73.53827390989964,-65.92809398535691,-5.208274127056732,25.388126229513627,paired_t,2.2461719513972586e-37,1.7763568394002505e-15,1,3.993693729584326e-34,3.99818607348712e-35
cybershake,100,4.25,Sharable,reference,20,small,network_data_mb,HDS-PBQS,negative_favors_HDS,50,50,506.7528685180256,393.8528954291654,112.89997308886021,118.01266868257764,104.05012928951412,121.7498168882063,3.625580074054797,-28.66551811580252,paired_t,4.7869282321654844e-30,1.7763568394002505e-15,1,8.20479498993164e-27,8.520732253254562e-28
cybershake,100,4.25,Sharable,reference,20,small,cpu_utilization,HDS-PBQS,positive_favors_HDS,50,50,0.14920151291647854,0.20044232851474666,-0.05124081559826814,-0.05083171153005479,-0.05525338910701391,-0.047228242089522365,-3.6292116852997447,-25.56386965665204,paired_t,4.572984003115153e-30,1.7763568394002505e-15,1,7.860959501354947e-27,7.819802645326911e-28
cybershake,100,4.25,Sharable,reference,20,small,ram_utilization,HDS-PBQS,positive_favors_HDS,50,50,0.27924918419710587,0.36368429632881294,-0.08443511213170703,-0.08606823606801622,-0.09140938027636389,-0.07746084398705017,-3.4406754749807673,-23.21659554290128,paired_t,5.181213026935078e-29,1.7763568394002505e-15,1,8.745887589466295e-26,8.859874276058866e-27
cybershake,100,4.25,Sharable,reference,20,small,scheduler_runtime_s,HDS-PBQS,negative_favors_HDS,50,50,0.036016539299816894,0.01784864500143153,0.01816789429838537,0.0181508629993914,0.015711743051194937,0.0206240455455758,2.1021744635987414,-101.7886472442487,paired_t,8.696450121534723e-20,1.7763568394002505e-15,0,1.274029942804837e-16,1.2001101167717919e-17
cybershake,100,4.5,NonSharable,reference,20,small,global_deadline_success,HDS-PBQS,positive_favors_HDS,50,50,1.0,1.0,0.0,0.0,0.0,0.0,0.0,0.0,exact_mcnemar,1.0,,0,1.0,1.0
cybershake,100,4.5,NonSharable,reference,20,small,sfc_subdeadline_success,HDS-PBQS,positive_favors_HDS,50,50,1.0,1.0,0.0,0.0,0.0,0.0,0.0,0.0,exact_mcnemar,1.0,,0,1.0,1.0
cybershake,100,4.5,NonSharable,reference,20,small,accepted_sfc_ratio,HDS-PBQS,positive_favors_HDS,50,50,1.0,1.0,0.0,0.0,0.0,0.0,0.0,0.0,paired_t,,,0,,
cybershake,100,4.5,NonSharable,reference,20,small,sfc_deadline_miss_rate,HDS-PBQS,negative_favors_HDS,50,50,0.0,0.0,0.0,0.0,0.0,0.0,0.0,,paired_t,,,0,,
cybershake,100,4.5,NonSharable,reference,20,small,provisioning_cost,HDS-PBQS,negative_favors_HDS,50,50,0.10719999999999999,0.12180000000000002,-0.014600000000000004,-0.015,-0.018481877594151003,-0.010718122405849002,-1.0688832889758177,11.986863711001666,paired_t,9.105471027669574e-10,5.678573175381582e-08,1,8.977994433282201e-07,9.83390870988314e-08
cybershake,100,4.5,NonSharable,reference,20,small,makespan_s,HDS-PBQS,negative_favors_HDS,50,50,199.39716697390355,206.87404715377986,-7.476880179876293,-6.529870507246599,-9.207848619190672,-5.745911740561913,-1.2275820793594852,3.6142185463787846,paired_t,1.7749844974156475e-11,1.0192735544478637e-11,1,1.8939084587424958e-08,8.164928688111978e-10
cybershake,100,4.5,NonSharable,reference,20,small,network_data_mb,HDS-PBQS,negative_favors_HDS,50,50,499.73554132713826,514.9450999395596,-15.209558612421274,-14.283109780215312,-22.05412303742933,-8.364994187413217,-0.6315242961750681,2.953627214669384,paired_t,4.700507927943526e-05,0.00010381446904439429,1,0.03680497707579781,0.00455949269010522
cybershake,100,4.5,NonSharable,reference,20,small,cpu_utilization,HDS-PBQS,positive_favors_HDS,50,50,0.14565191809284217,0.13575208551151913,0.009899832581323055,0.009191430354999856,0.006716841295767169,0.01308282386687894,0.8839173711576245,7.292582315785491,paired_t,9.617892746167032e-08,7.235236054725647e-08,1,8.569542436834697e-05,6.0592724300851386e-06
cybershake,100,4.5,NonSharable,reference,20,small,ram_utilization,HDS-PBQS,positive_favors_HDS,50,50,0.27021126282205843,0.24716023242645557,0.023051030395602794,0.023742559280963707,0.016819775830894602,0.029282284960310986,1.0513180429940576,9.326350832940678,paired_t,1.4150717631077607e-09,7.237197507947712e-10,1,1.3627141078727736e-06,9.056459283889669e-08
cybershake,100,4.5,NonSharable,reference,20,small,scheduler_runtime_s,HDS-PBQS,negative_favors_HDS,50,50,0.024931196540419434,0.016106734801942316,0.008824461738477115,0.008429143003013447,0.007477363166771589,0.010171560310182641,1.8616932199270402,-54.78740320113158,paired_t,1.038350495591333e-17,5.329070518200751e-15,0,1.452652343332275e-14,1.069501010459073e-15
cybershake,100,4.5,Sharable,reference,20,small,global_deadline_success,HDS-PBQS,positive_favors_HDS,50,50,1.0,1.0,0.0,0.0,0.0,0.0,0.0,0.0,exact_mcnemar,1.0,,0,1.0,1.0
cybershake,100,4.5,Sharable,reference,20,small,sfc_subdeadline_success,HDS-PBQS,positive_favors_HDS,50,50,1.0,1.0,0.0,0.0,0.0,0.0,0.0,0.0,exact_mcnemar,1.0,,0,1.0,1.0
cybershake,100,4.5,Sharable,reference,20,small,accepted_sfc_ratio,HDS-PBQS,positive_favors_HDS,50,50,1.0,1.0,0.0,0.0,0.0,0.0,0.0,0.0,paired_t,,,0,,
cybershake,100,4.5,Sharable,reference,20,small,sfc_deadline_miss_rate,HDS-PBQS,negative_favors_HDS,50,50,0.0,0.0,0.0,0.0,0.0,0.0,0.0,,paired_t,,,0,,
cybershake,100,4.5,Sharable,reference,20,small,provisioning_cost,HDS-PBQS,negative_favors_HDS,50,50,0.1041,0.087,0.0171,0.020000000000000004,0.013028996576815735,0.021171003423184266,1.1937514474443158,-19.65517241379311,paired_t,4.074992461325154e-11,5.296755819550578e-08,1,4.2216921899328594e-08,5.307646567928663e-09
cybershake,100,4.5,Sharable,reference,20,small,makespan_s,HDS-PBQS,negative_favors_HDS,50,50,204.93530996652123,274.66849391414945,-69.73318394762828,-67.30432522075725,-73.53827390989964,-65.92809398535691,-5.208274127056732,25.388126229513627,paired_t,2.2461719513972586e-37,1.7763568394002505e-15,1,3.993693729584326e-34,3.99818607348712e-35
cybershake,100,4.5,Sharable,reference,20,small,network_data_mb,HDS-PBQS,negative_favors_HDS,50,50,506.7528685180256,393.8528954291654,112.89997308886021,118.01266868257764,104.05012928951412,121.7498168882063,3.625580074054797,-28.66551811580252,paired_t,4.7869282321654844e-30,1.7763568394002505e-15,1,8.20479498993164e-27,8.520732253254562e-28
cybershake,100,4.5,Sharable,reference,20,small,cpu_utilization,HDS-PBQS,positive_favors_HDS,50,50,0.14920151291647854,0.20044232851474666,-0.05124081559826814,-0.05083171153005479,-0.05525338910701391,-0.047228242089522365,-3.6292116852997447,-25.56386965665204,paired_t,4.572984003115153e-30,1.7763568394002505e-15,1,7.860959501354947e-27,7.819802645326911e-28
cybershake,100,4.5,Sharable,reference,20,small,ram_utilization,HDS-PBQS,positive_favors_HDS,50,50,0.27924918419710587,0.36368429632881294,-0.08443511213170705,-0.08606823606801622,-0.09140938027636392,-0.07746084398705019,-3.440675474980768,-23.21659554290128,paired_t,5.181213026935009e-29,1.7763568394002505e-15,1,8.745887589466295e-26,8.859874276058866e-27
cybershake,100,4.5,Sharable,reference,20,small,scheduler_runtime_s,HDS-PBQS,negative_favors_HDS,50,50,0.0353127653557021,0.01729694478053711,0.018015820575164987,0.0153840355051216,0.014975914563798879,0.021055726586531095,1.6842756116450652,-104.15608538819399,paired_t,4.462862708163665e-16,3.552713678800501e-15,0,5.560726934371927e-13,3.347147031122749e-14
cybershake,100,4.75,NonSharable,reference,20,small,global_deadline_success,HDS-PBQS,positive_favors_HDS,50,50,1.0,1.0,0.0,0.0,0.0,0.0,0.0,0.0,exact_mcnemar,1.0,,0,1.0,1.0
cybershake,100,4.75,NonSharable,reference,20,small,sfc_subdeadline_success,HDS-PBQS,positive_favors_HDS,50,50,1.0,1.0,0.0,0.0,0.0,0.0,0.0,0.0,exact_mcnemar,1.0,,0,1.0,1.0
cybershake,100,4.75,NonSharable,reference,20,small,accepted_sfc_ratio,HDS-PBQS,positive_favors_HDS,50,50,1.0,1.0,0.0,0.0,0.0,0.0,0.0,0.0,paired_t,,,0,,
cybershake,100,4.75,NonSharable,reference,20,small,sfc_deadline_miss_rate,HDS-PBQS,negative_favors_HDS,50,50,0.0,0.0,0.0,0.0,0.0,0.0,0.0,,paired_t,,,0,,
cybershake,100,4.75,NonSharable,reference,20,small,provisioning_cost,HDS-PBQS,negative_favors_HDS,50,50,0.10719999999999999,0.12180000000000002,-0.014600000000000004,-0.015,-0.018481877594151003,-0.010718122405849002,-1.0688832889758177,11.986863711001666,paired_t,9.105471027669574e-10,5.678573175381582e-08,1,8.977994433282201e-07,9.83390870988314e-08
cybershake,100,4.75,NonSharable,reference,20,small,makespan_s,HDS-PBQS,negative_favors_HDS,50,50,199.39716697390355,206.87404715377986,-7.476880179876293,-6.529870507246599,-9.207848619190672,-5.745911740561913,-1.2275820793594852,3.6142185463787846,paired_t,1.7749844974156475e-11,1.0192735544478637e-11,1,1.8939084587424958e-08,8.164928688111978e-10
cybershake,100,4.75,NonSharable,reference,20,small,network_data_mb,HDS-PBQS,negative_favors_HDS,50,50,499.73554132713826,514.9450999395596,-15.209558612421274,-14.283109780215312,-22.05412303742933,-8.364994187413217,-0.6315242961750681,2.953627214669384,paired_t,4.700507927943526e-05,0.00010381446904439429,1,0.03680497707579781,0.00455949269010522
cybershake,100,4.75,NonSharable,reference,20,small,cpu_utilization,HDS-PBQS,positive_favors_HDS,50,50,0.14565191809284217,0.13575208551151913,0.009899832581323055,0.009191430354999856,0.006716841295767169,0.01308282386687894,0.8839173711576245,7.292582315785491,paired_t,9.617892746167032e-08,7.235236054725647e-08,1,8.569542436834697e-05,6.0592724300851386e-06
cybershake,100,4.75,NonSharable,reference,20,small,ram_utilization,HDS-PBQS,positive_favors_HDS,50,50,0.27021126282205843,0.24716023242645557,0.023051030395602794,0.023742559280963707,0.016819775830894602,0.029282284960310986,1.0513180429940576,9.326350832940678,paired_t,1.4150717631077607e-09,7.237197507947712e-10,1,1.3627141078727736e-06,9.056459283889669e-08
cybershake,100,4.75,NonSharable,reference,20,small,scheduler_runtime_s,HDS-PBQS,negative_favors_HDS,50,50,0.02491080916202913,0.015939119719041578,0.008971689442987547,0.0090608000027714,0.007597296834202552,0.010346082051772542,1.8551656287174978,-56.28723292836287,paired_t,1.1881993380649928e-17,5.329070518200751e-15,0,1.6373386878535603e-14,1.1763173446843429e-15
cybershake,100,4.75,Sharable,reference,20,small,global_deadline_success,HDS-PBQS,positive_favors_HDS,50,50,1.0,1.0,0.0,0.0,0.0,0.0,0.0,0.0,exact_mcnemar,1.0,,0,1.0,1.0
cybershake,100,4.75,Sharable,reference,20,small,sfc_subdeadline_success,HDS-PBQS,positive_favors_HDS,50,50,1.0,1.0,0.0,0.0,0.0,0.0,0.0,0.0,exact_mcnemar,1.0,,0,1.0,1.0
cybershake,100,4.75,Sharable,reference,20,small,accepted_sfc_ratio,HDS-PBQS,positive_favors_HDS,50,50,1.0,1.0,0.0,0.0,0.0,0.0,0.0,0.0,paired_t,,,0,,
cybershake,100,4.75,Sharable,reference,20,small,sfc_deadline_miss_rate,HDS-PBQS,negative_favors_HDS,50,50,0.0,0.0,0.0,0.0,0.0,0.0,0.0,,paired_t,,,0,,
cybershake,100,4.75,Sharable,reference,20,small,provisioning_cost,HDS-PBQS,negative_favors_HDS,50,50,0.1041,0.087,0.0171,0.020000000000000004,0.013028996576815735,0.021171003423184266,1.1937514474443158,-19.65517241379311,paired_t,4.074992461325154e-11,5.296755819550578e-08,1,4.2216921899328594e-08,5.307646567928663e-09
cybershake,100,4.75,Sharable,reference,20,small,makespan_s,HDS-PBQS,negative_favors_HDS,50,50,204.93530996652123,274.66849391414945,-69.73318394762828,-67.30432522075725,-73.53827390989964,-65.92809398535691,-5.208274127056732,25.388126229513627,paired_t,2.2461719513972586e-37,1.7763568394002505e-15,1,3.993693729584326e-34,3.99818607348712e-35
cybershake,100,4.75,Sharable,reference,20,small,network_data_mb,HDS-PBQS,negative_favors_HDS,50,50,506.7528685180256,393.8528954291654,112.89997308886021,118.01266868257764,104.05012928951412,121.7498168882063,3.625580074054797,-28.66551811580252,paired_t,4.7869282321654844e-30,1.7763568394002505e-15,1,8.20479498993164e-27,8.520732253254562e-28
cybershake,100,4.75,Sharable,reference,20,small,cpu_utilization,HDS-PBQS,positive_favors_HDS,50,50,0.14920151291647854,0.20044232851474666,-0.05124081559826814,-0.05083171153005479,-0.05525338910701391,-0.047228242089522365,-3.6292116852997447,-25.56386965665204,paired_t,4.572984003115153e-30,1.7763568394002505e-15,1,7.860959501354947e-27,7.819802645326911e-28
cybershake,100,4.75,Sharable,reference,20,small,ram_utilization,HDS-PBQS,positive_favors_HDS,50,50,0.27924918419710587,0.36368429632881294,-0.08443511213170705,-0.08606823606801622,-0.09140938027636392,-0.07746084398705019,-3.440675474980768,-23.21659554290128,paired_t,5.181213026935009e-29,1.7763568394002505e-15,1,8.745887589466295e-26,8.859874276058866e-27
cybershake,100,4.75,Sharable,reference,20,small,scheduler_runtime_s,HDS-PBQS,negative_favors_HDS,50,50,0.034894952937611336,0.01723438214146877,0.017660570796142562,0.015678368014050648,0.014856686062138365,0.02046445553014676,1.7900445855189424,-102.47289778754711,paired_t,4.6279249847445225e-17,5.329070518200751e-15,0,6.219931179496638e-14,4.118853236422625e-15
cybershake,100,5.0,NonSharable,reference,20,small,global_deadline_success,HDS-PBQS,positive_favors_HDS,50,50,1.0,1.0,0.0,0.0,0.0,0.0,0.0,0.0,exact_mcnemar,1.0,,0,1.0,1.0
cybershake,100,5.0,NonSharable,reference,20,small,sfc_subdeadline_success,HDS-PBQS,positive_favors_HDS,50,50,1.0,1.0,0.0,0.0,0.0,0.0,0.0,0.0,exact_mcnemar,1.0,,0,1.0,1.0
cybershake,100,5.0,NonSharable,reference,20,small,accepted_sfc_ratio,HDS-PBQS,positive_favors_HDS,50,50,1.0,1.0,0.0,0.0,0.0,0.0,0.0,0.0,paired_t,,,0,,
cybershake,100,5.0,NonSharable,reference,20,small,sfc_deadline_miss_rate,HDS-PBQS,negative_favors_HDS,50,50,0.0,0.0,0.0,0.0,0.0,0.0,0.0,,paired_t,,,0,,
cybershake,100,5.0,NonSharable,reference,20,small,provisioning_cost,HDS-PBQS,negative_favors_HDS,50,50,0.10719999999999999,0.12180000000000002,-0.014600000000000004,-0.015,-0.018481877594151003,-0.010718122405849002,-1.0688832889758177,11.986863711001666,paired_t,9.105471027669574e-10,5.678573175381582e-08,1,8.977994433282201e-07,9.83390870988314e-08
cybershake,100,5.0,NonSharable,reference,20,small,makespan_s,HDS-PBQS,negative_favors_HDS,50,50,199.39716697390355,206.87404715377986,-7.476880179876293,-6.529870507246599,-9.207848619190672,-5.745911740561913,-1.2275820793594852,3.6142185463787846,paired_t,1.7749844974156475e-11,1.0192735544478637e-11,1,1.8939084587424958e-08,8.164928688111978e-10
cybershake,100,5.0,NonSharable,reference,20,small,network_data_mb,HDS-PBQS,negative_favors_HDS,50,50,499.73554132713826,514.9450999395596,-15.209558612421274,-14.283109780215312,-22.05412303742933,-8.364994187413217,-0.6315242961750681,2.953627214669384,paired_t,4.700507927943526e-05,0.00010381446904439429,1,0.03680497707579781,0.00455949269010522
cybershake,100,5.0,NonSharable,reference,20,small,cpu_utilization,HDS-PBQS,positive_favors_HDS,50,50,0.14565191809284217,0.13575208551151913,0.009899832581323055,0.009191430354999856,0.006716841295767169,0.01308282386687894,0.8839173711576245,7.292582315785491,paired_t,9.617892746167032e-08,7.235236054725647e-08,1,8.569542436834697e-05,6.0592724300851386e-06
cybershake,100,5.0,NonSharable,reference,20,small,ram_utilization,HDS-PBQS,positive_favors_HDS,50,50,0.27021126282205843,0.24716023242645557,0.023051030395602794,0.023742559280963707,0.016819775830894602,0.029282284960310986,1.0513180429940576,9.326350832940678,paired_t,1.4150717631077607e-09,7.237197507947712e-10,1,1.3627141078727736e-06,9.056459283889669e-08
cybershake,100,5.0,NonSharable,reference,20,small,scheduler_runtime_s,HDS-PBQS,negative_favors_HDS,50,50,0.027261751600672093,0.01669870490004537,0.01056304670062672,0.009636445500291302,0.008949130246897268,0.012176963154356171,1.860061993813649,-63.25668226281443,paired_t,1.073898713832274e-17,3.552713678800501e-15,0,1.5002365032236867e-14,1.0909614091724776e-15
cybershake,100,5.0,Sharable,reference,20,small,global_deadline_success,HDS-PBQS,positive_favors_HDS,50,50,1.0,1.0,0.0,0.0,0.0,0.0,0.0,0.0,exact_mcnemar,1.0,,0,1.0,1.0
cybershake,100,5.0,Sharable,reference,20,small,sfc_subdeadline_success,HDS-PBQS,positive_favors_HDS,50,50,1.0,1.0,0.0,0.0,0.0,0.0,0.0,0.0,exact_mcnemar,1.0,,0,1.0,1.0
cybershake,100,5.0,Sharable,reference,20,small,accepted_sfc_ratio,HDS-PBQS,positive_favors_HDS,50,50,1.0,1.0,0.0,0.0,0.0,0.0,0.0,0.0,paired_t,,,0,,
cybershake,100,5.0,Sharable,reference,20,small,sfc_deadline_miss_rate,HDS-PBQS,negative_favors_HDS,50,50,0.0,0.0,0.0,0.0,0.0,0.0,0.0,,paired_t,,,0,,
cybershake,100,5.0,Sharable,reference,20,small,provisioning_cost,HDS-PBQS,negative_favors_HDS,50,50,0.1041,0.087,0.0171,0.020000000000000004,0.013028996576815735,0.021171003423184266,1.1937514474443158,-19.65517241379311,paired_t,4.074992461325154e-11,5.296755819550578e-08,1,4.2216921899328594e-08,5.307646567928663e-09
cybershake,100,5.0,Sharable,reference,20,small,makespan_s,HDS-PBQS,negative_favors_HDS,50,50,204.93530996652123,274.66849391414945,-69.73318394762828,-67.30432522075725,-73.53827390989964,-65.92809398535691,-5.208274127056732,25.388126229513627,paired_t,2.2461719513972586e-37,1.7763568394002505e-15,1,3.993693729584326e-34,3.99818607348712e-35
cybershake,100,5.0,Sharable,reference,20,small,network_data_mb,HDS-PBQS,negative_favors_HDS,50,50,506.7528685180256,393.8528954291654,112.89997308886021,118.01266868257764,104.05012928951412,121.7498168882063,3.625580074054797,-28.66551811580252,paired_t,4.7869282321654844e-30,1.7763568394002505e-15,1,8.20479498993164e-27,8.520732253254562e-28
cybershake,100,5.0,Sharable,reference,20,small,cpu_utilization,HDS-PBQS,positive_favors_HDS,50,50,0.14920151291647854,0.20044232851474666,-0.05124081559826814,-0.05083171153005479,-0.05525338910701391,-0.047228242089522365,-3.6292116852997447,-25.56386965665204,paired_t,4.572984003115153e-30,1.7763568394002505e-15,1,7.860959501354947e-27,7.819802645326911e-28
cybershake,100,5.0,Sharable,reference,20,small,ram_utilization,HDS-PBQS,positive_favors_HDS,50,50,0.27924918419710587,0.36368429632881294,-0.08443511213170705,-0.08606823606801622,-0.09140938027636392,-0.07746084398705019,-3.440675474980768,-23.21659554290128,paired_t,5.181213026935009e-29,1.7763568394002505e-15,1,8.745887589466295e-26,8.859874276058866e-27
cybershake,100,5.0,Sharable,reference,20,small,scheduler_runtime_s,HDS-PBQS,negative_favors_HDS,50,50,0.03891467955989351,0.017783285537443547,0.02113139402244996,0.0191583005071152,0.018019751616462444,0.024243036428437476,1.9300018928478493,-118.82727732148714,paired_t,2.5743545079094382e-18,1.7763568394002505e-15,0,3.637562919676036e-15,2.9347641390167596e-16
epigenomics,100,0.8,NonSharable,reference,20,small,global_deadline_success,HDS-PBQS,positive_favors_HDS,50,50,0.0,0.0,0.0,0.0,0.0,0.0,0.0,,exact_mcnemar,1.0,,0,1.0,1.0
epigenomics,100,0.8,NonSharable,reference,20,small,sfc_subdeadline_success,HDS-PBQS,positive_favors_HDS,50,50,0.0,0.0,0.0,0.0,0.0,0.0,0.0,,exact_mcnemar,1.0,,0,1.0,1.0
epigenomics,100,0.8,NonSharable,reference,20,small,accepted_sfc_ratio,HDS-PBQS,positive_favors_HDS,50,50,0.0,0.0,0.0,0.0,0.0,0.0,0.0,,paired_t,,,0,,
epigenomics,100,0.8,NonSharable,reference,20,small,sfc_deadline_miss_rate,HDS-PBQS,negative_favors_HDS,50,50,1.0,1.0,0.0,0.0,0.0,0.0,0.0,0.0,paired_t,,,0,,
epigenomics,100,0.8,NonSharable,reference,20,small,provisioning_cost,HDS-PBQS,negative_favors_HDS,50,0,,,,,,,0.0,,paired_t,,,1,,
epigenomics,100,0.8,NonSharable,reference,20,small,makespan_s,HDS-PBQS,negative_favors_HDS,0,0,,,,,,,0.0,,paired_t,,,1,,
epigenomics,100,0.8,NonSharable,reference,20,small,network_data_mb,HDS-PBQS,negative_favors_HDS,50,0,,,,,,,0.0,,paired_t,,,1,,
epigenomics,100,0.8,NonSharable,reference,20,small,cpu_utilization,HDS-PBQS,positive_favors_HDS,50,0,,,,,,,0.0,,paired_t,,,1,,
epigenomics,100,0.8,NonSharable,reference,20,small,ram_utilization,HDS-PBQS,positive_favors_HDS,50,0,,,,,,,0.0,,paired_t,,,1,,
epigenomics,100,0.8,NonSharable,reference,20,small,scheduler_runtime_s,HDS-PBQS,negative_favors_HDS,50,50,8.980012040410346e-05,9.15279601031188e-05,-1.7278396990153304e-06,-1.5175010048551485e-06,-6.812598472832068e-06,3.356919074801407e-06,-0.09657225270733037,1.8877725419300155,paired_t,0.4979056748755648,0.12316903051698347,0,1.0,1.0
epigenomics,100,0.8,Sharable,reference,20,small,global_deadline_success,HDS-PBQS,positive_favors_HDS,50,50,0.0,0.0,0.0,0.0,0.0,0.0,0.0,,exact_mcnemar,1.0,,0,1.0,1.0
epigenomics,100,0.8,Sharable,reference,20,small,sfc_subdeadline_success,HDS-PBQS,positive_favors_HDS,50,50,0.0,0.0,0.0,0.0,0.0,0.0,0.0,,exact_mcnemar,1.0,,0,1.0,1.0
epigenomics,100,0.8,Sharable,reference,20,small,accepted_sfc_ratio,HDS-PBQS,positive_favors_HDS,50,50,0.0,0.0,0.0,0.0,0.0,0.0,0.0,,paired_t,,,0,,
epigenomics,100,0.8,Sharable,reference,20,small,sfc_deadline_miss_rate,HDS-PBQS,negative_favors_HDS,50,50,1.0,1.0,0.0,0.0,0.0,0.0,0.0,0.0,paired_t,,,0,,
epigenomics,100,0.8,Sharable,reference,20,small,provisioning_cost,HDS-PBQS,negative_favors_HDS,50,0,,,,,,,0.0,,paired_t,,,1,,
epigenomics,100,0.8,Sharable,reference,20,small,makespan_s,HDS-PBQS,negative_favors_HDS,0,0,,,,,,,0.0,,paired_t,,,1,,
epigenomics,100,0.8,Sharable,reference,20,small,network_data_mb,HDS-PBQS,negative_favors_HDS,50,0,,,,,,,0.0,,paired_t,,,1,,
epigenomics,100,0.8,Sharable,reference,20,small,cpu_utilization,HDS-PBQS,positive_favors_HDS,50,0,,,,,,,0.0,,paired_t,,,1,,
epigenomics,100,0.8,Sharable,reference,20,small,ram_utilization,HDS-PBQS,positive_favors_HDS,50,0,,,,,,,0.0,,paired_t,,,1,,
epigenomics,100,0.8,Sharable,reference,20,small,scheduler_runtime_s,HDS-PBQS,negative_favors_HDS,50,50,9.680680042946686e-05,9.009096000226525e-05,6.715840427201627e-06,-3.5049924917984754e-07,-3.1992109601706303e-07,1.3751601950420317e-05,0.2712742217204448,-7.454510893249159,paired_t,0.06092268360289533,0.6666519727454681,0,1.0,1.0
epigenomics,100,0.9,NonSharable,reference,20,small,global_deadline_success,HDS-PBQS,positive_favors_HDS,50,50,0.0,0.0,0.0,0.0,0.0,0.0,0.0,,exact_mcnemar,1.0,,0,1.0,1.0
epigenomics,100,0.9,NonSharable,reference,20,small,sfc_subdeadline_success,HDS-PBQS,positive_favors_HDS,50,50,0.0,0.0,0.0,0.0,0.0,0.0,0.0,,exact_mcnemar,1.0,,0,1.0,1.0
epigenomics,100,0.9,NonSharable,reference,20,small,accepted_sfc_ratio,HDS-PBQS,positive_favors_HDS,50,50,0.0,0.0,0.0,0.0,0.0,0.0,0.0,,paired_t,,,0,,
epigenomics,100,0.9,NonSharable,reference,20,small,sfc_deadline_miss_rate,HDS-PBQS,negative_favors_HDS,50,50,1.0,1.0,0.0,0.0,0.0,0.0,0.0,0.0,paired_t,,,0,,
epigenomics,100,0.9,NonSharable,reference,20,small,provisioning_cost,HDS-PBQS,negative_favors_HDS,50,0,,,,,,,0.0,,paired_t,,,1,,
epigenomics,100,0.9,NonSharable,reference,20,small,makespan_s,HDS-PBQS,negative_favors_HDS,0,0,,,,,,,0.0,,paired_t,,,1,,
epigenomics,100,0.9,NonSharable,reference,20,small,network_data_mb,HDS-PBQS,negative_favors_HDS,50,0,,,,,,,0.0,,paired_t,,,1,,
epigenomics,100,0.9,NonSharable,reference,20,small,cpu_utilization,HDS-PBQS,positive_favors_HDS,50,0,,,,,,,0.0,,paired_t,,,1,,
epigenomics,100,0.9,NonSharable,reference,20,small,ram_utilization,HDS-PBQS,positive_favors_HDS,50,0,,,,,,,0.0,,paired_t,,,1,,
epigenomics,100,0.9,NonSharable,reference,20,small,scheduler_runtime_s,HDS-PBQS,negative_favors_HDS,50,50,8.831718019791502e-05,8.901591987523038e-05,-6.987396773153662e-07,1.1500014807097614e-07,-3.5484863449159264e-06,2.1510069902851943e-06,-0.06968325337856393,0.7849603512436282,paired_t,0.6244006669667974,0.7869345601071634,0,1.0,1.0
epigenomics,100,0.9,Sharable,reference,20,small,global_deadline_success,HDS-PBQS,positive_favors_HDS,50,50,0.0,0.0,0.0,0.0,0.0,0.0,0.0,,exact_mcnemar,1.0,,0,1.0,1.0
epigenomics,100,0.9,Sharable,reference,20,small,sfc_subdeadline_success,HDS-PBQS,positive_favors_HDS,50,50,0.0,0.0,0.0,0.0,0.0,0.0,0.0,,exact_mcnemar,1.0,,0,1.0,1.0
epigenomics,100,0.9,Sharable,reference,20,small,accepted_sfc_ratio,HDS-PBQS,positive_favors_HDS,50,50,0.0,0.0,0.0,0.0,0.0,0.0,0.0,,paired_t,,,0,,
epigenomics,100,0.9,Sharable,reference,20,small,sfc_deadline_miss_rate,HDS-PBQS,negative_favors_HDS,50,50,1.0,1.0,0.0,0.0,0.0,0.0,0.0,0.0,paired_t,,,0,,
epigenomics,100,0.9,Sharable,reference,20,small,provisioning_cost,HDS-PBQS,negative_favors_HDS,50,0,,,,,,,0.0,,paired_t,,,1,,
epigenomics,100,0.9,Sharable,reference,20,small,makespan_s,HDS-PBQS,negative_favors_HDS,0,0,,,,,,,0.0,,paired_t,,,1,,
epigenomics,100,0.9,Sharable,reference,20,small,network_data_mb,HDS-PBQS,negative_favors_HDS,50,0,,,,,,,0.0,,paired_t,,,1,,
epigenomics,100,0.9,Sharable,reference,20,small,cpu_utilization,HDS-PBQS,positive_favors_HDS,50,0,,,,,,,0.0,,paired_t,,,1,,
epigenomics,100,0.9,Sharable,reference,20,small,ram_utilization,HDS-PBQS,positive_favors_HDS,50,0,,,,,,,0.0,,paired_t,,,1,,
epigenomics,100,0.9,Sharable,reference,20,small,scheduler_runtime_s,HDS-PBQS,negative_favors_HDS,50,50,8.767756029555678e-05,8.914033991458296e-05,-1.4627796190261778e-06,-5.509991751750931e-07,-4.044022253906996e-06,1.11846301585464e-06,-0.16105319290515907,1.6409850135503836,paired_t,0.26031618669633977,0.20429360989158218,0,1.0,1.0
epigenomics,100,1.0,NonSharable,reference,20,small,global_deadline_success,HDS-PBQS,positive_favors_HDS,50,50,0.0,0.0,0.0,0.0,0.0,0.0,0.0,,exact_mcnemar,1.0,,0,1.0,1.0
epigenomics,100,1.0,NonSharable,reference,20,small,sfc_subdeadline_success,HDS-PBQS,positive_favors_HDS,50,50,0.0,0.0,0.0,0.0,0.0,0.0,0.0,,exact_mcnemar,1.0,,0,1.0,1.0
epigenomics,100,1.0,NonSharable,reference,20,small,accepted_sfc_ratio,HDS-PBQS,positive_favors_HDS,50,50,0.0,0.0,0.0,0.0,0.0,0.0,0.0,,paired_t,,,0,,
epigenomics,100,1.0,NonSharable,reference,20,small,sfc_deadline_miss_rate,HDS-PBQS,negative_favors_HDS,50,50,1.0,1.0,0.0,0.0,0.0,0.0,0.0,0.0,paired_t,,,0,,
epigenomics,100,1.0,NonSharable,reference,20,small,provisioning_cost,HDS-PBQS,negative_favors_HDS,50,0,,,,,,,0.0,,paired_t,,,1,,
epigenomics,100,1.0,NonSharable,reference,20,small,makespan_s,HDS-PBQS,negative_favors_HDS,0,0,,,,,,,0.0,,paired_t,,,1,,
epigenomics,100,1.0,NonSharable,reference,20,small,network_data_mb,HDS-PBQS,negative_favors_HDS,50,0,,,,,,,0.0,,paired_t,,,1,,
epigenomics,100,1.0,NonSharable,reference,20,small,cpu_utilization,HDS-PBQS,positive_favors_HDS,50,0,,,,,,,0.0,,paired_t,,,1,,
epigenomics,100,1.0,NonSharable,reference,20,small,ram_utilization,HDS-PBQS,positive_favors_HDS,50,0,,,,,,,0.0,,paired_t,,,1,,
epigenomics,100,1.0,NonSharable,reference,20,small,scheduler_runtime_s,HDS-PBQS,negative_favors_HDS,50,50,9.197347993903472e-05,8.904818008886178e-05,2.9252998501729487e-06,-4.45499608758837e-07,-1.6721340748565716e-06,7.522733775202469e-06,0.18083153175408465,-3.2850753909330397,paired_t,0.2070357251555141,0.6947463342363385,0,1.0,1.0
epigenomics,100,1.0,Sharable,reference,20,small,global_deadline_success,HDS-PBQS,positive_favors_HDS,50,50,0.0,0.0,0.0,0.0,0.0,0.0,0.0,,exact_mcnemar,1.0,,0,1.0,1.0
epigenomics,100,1.0,Sharable,reference,20,small,sfc_subdeadline_success,HDS-PBQS,positive_favors_HDS,50,50,0.0,0.0,0.0,0.0,0.0,0.0,0.0,,exact_mcnemar,1.0,,0,1.0,1.0
epigenomics,100,1.0,Sharable,reference,20,small,accepted_sfc_ratio,HDS-PBQS,positive_favors_HDS,50,50,0.0,0.0,0.0,0.0,0.0,0.0,0.0,,paired_t,,,0,,
epigenomics,100,1.0,Sharable,reference,20,small,sfc_deadline_miss_rate,HDS-PBQS,negative_favors_HDS,50,50,1.0,1.0,0.0,0.0,0.0,0.0,0.0,0.0,paired_t,,,0,,
epigenomics,100,1.0,Sharable,reference,20,small,provisioning_cost,HDS-PBQS,negative_favors_HDS,50,0,,,,,,,0.0,,paired_t,,,1,,
epigenomics,100,1.0,Sharable,reference,20,small,makespan_s,HDS-PBQS,negative_favors_HDS,0,0,,,,,,,0.0,,paired_t,,,1,,
epigenomics,100,1.0,Sharable,reference,20,small,network_data_mb,HDS-PBQS,negative_favors_HDS,50,0,,,,,,,0.0,,paired_t,,,1,,
epigenomics,100,1.0,Sharable,reference,20,small,cpu_utilization,HDS-PBQS,positive_favors_HDS,50,0,,,,,,,0.0,,paired_t,,,1,,
epigenomics,100,1.0,Sharable,reference,20,small,ram_utilization,HDS-PBQS,positive_favors_HDS,50,0,,,,,,,0.0,,paired_t,,,1,,
epigenomics,100,1.0,Sharable,reference,20,small,scheduler_runtime_s,HDS-PBQS,negative_favors_HDS,50,50,8.906067974748544e-05,8.953969998400965e-05,-4.790202365242057e-07,-5.309993866831064e-07,-2.767370955874562e-06,1.8093304828261504e-06,-0.059490900493455796,0.5349808371144417,paired_t,0.6758395841316123,0.4490067617286915,0,1.0,1.0
epigenomics,100,1.05,NonSharable,reference,20,small,global_deadline_success,HDS-PBQS,positive_favors_HDS,50,50,0.44,0.4,0.04,0.0,-0.16669916724757886,0.24669916724757887,0.05499719409228703,9.999999999999995,exact_mcnemar,0.8450189828872681,0.6948866023724733,0,1.0,1.0
epigenomics,100,1.05,NonSharable,reference,20,small,sfc_subdeadline_success,HDS-PBQS,positive_favors_HDS,50,50,0.44,0.4,0.04,0.0,-0.16669916724757886,0.24669916724757887,0.05499719409228703,9.999999999999995,exact_mcnemar,0.8450189828872681,0.6948866023724733,0,1.0,1.0
epigenomics,100,1.05,NonSharable,reference,20,small,accepted_sfc_ratio,HDS-PBQS,positive_favors_HDS,50,50,0.8702040816326531,0.8102040816326531,0.06000000000000002,0.0,-0.015325469632499263,0.1353254696324993,0.2263751080867708,7.405541561712839,paired_t,0.11586873539669254,0.3296032841104337,0,1.0,1.0
epigenomics,100,1.05,NonSharable,reference,20,small,sfc_deadline_miss_rate,HDS-PBQS,negative_favors_HDS,50,50,0.1297959183673469,0.1897959183673469,-0.06000000000000001,0.0,-0.13532546963249925,0.015325469632499242,-0.22637510808677083,31.612903225806456,paired_t,0.11586873539669246,0.3374710771202756,0,1.0,1.0
epigenomics,100,1.05,NonSharable,reference,20,small,provisioning_cost,HDS-PBQS,negative_favors_HDS,50,8,0.081875,0.099375,-0.0175,-0.012500000000000004,-0.027492361235339376,-0.007507638764660627,-1.464155046434633,17.61006289308176,paired_t,0.00434233605576406,0.0078125,1,1.0,0.16935110617479832
epigenomics,100,1.05,NonSharable,reference,20,small,makespan_s,HDS-PBQS,negative_favors_HDS,8,8,231.42316235979746,232.80466095119613,-1.3814985913986746,-0.9491029888602611,-3.5144243380258713,0.7514271552285221,-0.5414917642761886,0.5934153490544921,paired_t,0.1694878517093485,0.1484375,1,1.0,1.0
epigenomics,100,1.05,NonSharable,reference,20,small,network_data_mb,HDS-PBQS,negative_favors_HDS,50,8,173.68932385377087,185.1979221502427,-11.508598296471842,-11.346858469954782,-22.52048569597367,-0.4967108969700149,-0.8737311421217203,6.214215668756492,paired_t,0.042752428249054744,0.0546875,1,1.0,1.0
epigenomics,100,1.05,NonSharable,reference,20,small,cpu_utilization,HDS-PBQS,positive_favors_HDS,50,8,0.14723087915763897,0.1317605333336341,0.015470345824004863,0.014631956545370348,0.007986004865675054,0.02295468678233467,1.728079044731431,11.741259262234477,paired_t,0.0017778154012840417,0.0078125,1,1.0,0.03022286182182871
epigenomics,100,1.05,NonSharable,reference,20,small,ram_utilization,HDS-PBQS,positive_favors_HDS,50,8,0.2938654237849203,0.2588677466740412,0.03499767711087914,0.0343431499422836,0.02074758558127976,0.049247768640478515,2.0532352520235913,13.519520125829793,paired_t,0.000658528752781214,0.0078125,1,0.4510921956551316,0.012512046302843065
epigenomics,100,1.05,NonSharable,reference,20,small,scheduler_runtime_s,HDS-PBQS,negative_favors_HDS,50,50,0.003636332420064664,0.00607646039839887,-0.002440127978334206,-0.00406520149590505,-0.0037193278073403314,-0.0011609281493280808,-0.5421175665638814,40.15706214389504,paired_t,0.0003609786461500097,4.2364032282193875e-08,0,0.2559338601203569,0.009024466153750244
epigenomics,100,1.05,Sharable,reference,20,small,global_deadline_success,HDS-PBQS,positive_favors_HDS,50,50,0.44,0.1,0.34,0.0,0.1816097097844903,0.49839029021550973,0.6100558988627092,340.0,exact_mcnemar,0.00022125244140625,0.0002075015940618338,0,0.1606292724609375,0.0464630126953125
epigenomics,100,1.05,Sharable,reference,20,small,sfc_subdeadline_success,HDS-PBQS,positive_favors_HDS,50,50,0.44,0.1,0.34,0.0,0.1816097097844903,0.49839029021550973,0.6100558988627092,340.0,exact_mcnemar,0.00022125244140625,0.0002075015940618338,0,0.1606292724609375,0.0464630126953125
epigenomics,100,1.05,Sharable,reference,20,small,accepted_sfc_ratio,HDS-PBQS,positive_favors_HDS,50,50,0.8697959183673469,0.6836734693877553,0.18612244897959188,0.1428571428571429,0.09983541660147718,0.2724094813577066,0.6130169653462377,27.223880597014887,paired_t,7.237652893987023e-05,0.0001082911653908868,0,0.05377576100232358,0.00318456727335429
epigenomics,100,1.05,Sharable,reference,20,small,sfc_deadline_miss_rate,HDS-PBQS,negative_favors_HDS,50,50,0.13020408163265304,0.31632653061224486,-0.18612244897959188,-0.1428571428571428,-0.2724094813577066,-0.09983541660147718,-0.6130169653462377,58.83870967741936,paired_t,7.237652893987023e-05,0.0001227315028970553,0,0.05377576100232358,0.00318456727335429
epigenomics,100,1.05,Sharable,reference,20,small,provisioning_cost,HDS-PBQS,negative_favors_HDS,50,3,0.08833333333333333,0.08833333333333333,0.0,-0.0050000000000000044,-0.03286205303864214,0.03286205303864214,0.0,0.0,paired_t,1.0,1.0,1,1.0,1.0
epigenomics,100,1.05,Sharable,reference,20,small,makespan_s,HDS-PBQS,negative_favors_HDS,3,3,230.0717429186043,230.99935096786703,-0.9276080492626969,-1.056645986021607,-3.836698076305227,1.9814819777798336,-0.7921054747278659,0.4015630543445892,paired_t,0.3036950637997537,0.5,1,1.0,1.0
epigenomics,100,1.05,Sharable,reference,20,small,network_data_mb,HDS-PBQS,negative_favors_HDS,50,3,163.01056983903663,153.51670239461308,9.493867444423563,-0.9321903040669781,-61.006549732215426,79.99428462106255,0.33452389494322193,-6.184257019812522,paired_t,0.6208792957821222,1.0,1,1.0,1.0
epigenomics,100,1.05,Sharable,reference,20,small,cpu_utilization,HDS-PBQS,positive_favors_HDS,50,3,0.14415140371578694,0.14195547932692687,0.0021959243888600897,0.00038889395687788375,-0.02820880398162998,0.03260065275935016,0.17941217958105773,1.5469106224514269,paired_t,0.7853858954729648,0.75,1,1.0,1.0
epigenomics,100,1.05,Sharable,reference,20,small,ram_utilization,HDS-PBQS,positive_favors_HDS,50,3,0.2929043808857011,0.2894511651224397,0.0034532157632613525,-0.0028843432738400177,-0.06904177905892774,0.07594821058545044,0.11832904499639486,1.1930218908604757,paired_t,0.8565754303192139,1.0,1,1.0,1.0
epigenomics,100,1.05,Sharable,reference,20,small,scheduler_runtime_s,HDS-PBQS,negative_favors_HDS,50,50,0.0033263674783665497,0.005380647799174715,-0.002054280320808164,-0.00274279499717525,-0.0028517669363259464,-0.0012567937052903812,-0.7320749917556716,38.179051993019335,paired_t,4.210824662463815e-06,1.1033688904760197e-05,0,0.003436032924570473,0.00011790309054898683
epigenomics,100,1.1,NonSharable,reference,20,small,global_deadline_success,HDS-PBQS,positive_favors_HDS,50,50,0.84,0.56,0.28,0.0,0.11719630758133176,0.4428036924186683,0.4887795746927402,49.999999999999986,exact_mcnemar,0.0025768280029296875,0.001745118699528905,0,1.0,0.5256729125976562
epigenomics,100,1.1,NonSharable,reference,20,small,sfc_subdeadline_success,HDS-PBQS,positive_favors_HDS,50,50,0.84,0.56,0.28,0.0,0.11719630758133176,0.4428036924186683,0.4887795746927402,49.999999999999986,exact_mcnemar,0.0025768280029296875,0.001745118699528905,0,1.0,0.5256729125976562
epigenomics,100,1.1,NonSharable,reference,20,small,accepted_sfc_ratio,HDS-PBQS,positive_favors_HDS,50,50,0.9518367346938774,0.8971428571428571,0.05469387755102039,0.0,0.006261029100334936,0.10312672600170585,0.32093565652442024,6.0964513193812415,paired_t,0.02768403119384589,0.025771835516832466,0,1.0,0.6141720581744311
epigenomics,100,1.1,NonSharable,reference,20,small,sfc_deadline_miss_rate,HDS-PBQS,negative_favors_HDS,50,50,0.048163265306122444,0.10285714285714284,-0.0546938775510204,0.0,-0.10312672600170585,-0.00626102910033495,-0.3209356565244203,53.17460317460317,paired_t,0.027684031193845868,0.02688306854400371,0,1.0,0.6141720581744311
epigenomics,100,1.1,NonSharable,reference,20,small,provisioning_cost,HDS-PBQS,negative_favors_HDS,50,25,0.09040000000000001,0.10360000000000001,-0.0132,-0.010000000000000009,-0.017886761760836502,-0.008513238239163497,-1.162570764366203,12.741312741312743,paired_t,5.407755872313424e-06,0.00014044183163610858,1,0.004407321035935441,0.00045965924914664105
epigenomics,100,1.1,NonSharable,reference,20,small,makespan_s,HDS-PBQS,negative_favors_HDS,25,25,244.01352853346404,251.02500513953458,-7.011476606070572,-7.736085722345933,-8.82028398008114,-5.202669232060005,-1.6000572189256301,2.79313871626978,paired_t,3.154003538349863e-08,5.960464477539063e-08,1,2.8543732022066262e-05,6.938807784369699e-07
epigenomics,100,1.1,NonSharable,reference,20,small,network_data_mb,HDS-PBQS,negative_favors_HDS,50,25,166.21526041785413,194.82065841821267,-28.605398000358555,-32.03755201953709,-36.73503358243048,-20.475762418286628,-1.4524301659457792,14.682938776930234,paired_t,1.6741294235223944e-07,3.2782554626464844e-06,1,0.00014581667278880056,1.7076120119928422e-05
epigenomics,100,1.1,NonSharable,reference,20,small,cpu_utilization,HDS-PBQS,positive_favors_HDS,50,25,0.14674477545585712,0.13466274972856646,0.012082025727290658,0.01230315130252109,0.0076639034027246936,0.016500148051856622,1.1288087421869966,8.972062245605303,paired_t,8.225902579674035e-06,1.8298625946044922e-05,1,0.006654755186956294,0.00020564756449185088
epigenomics,100,1.1,NonSharable,reference,20,small,ram_utilization,HDS-PBQS,positive_favors_HDS,50,25,0.290506069369413,0.26110175098205746,0.029404318387355514,0.02882449239113269,0.021449448188707313,0.03735918858600372,1.525795617271753,11.261632017694184,paired_t,7.238049469102161e-08,8.344650268554688e-07,1,6.46357817590823e-05,2.026653851348605e-06
epigenomics,100,1.1,NonSharable,reference,20,small,scheduler_runtime_s,HDS-PBQS,negative_favors_HDS,50,50,0.0030699584991088556,0.006677787637963725,-0.00360782913885487,-0.00445878650680245,-0.0041130431928316094,-0.003102615084878131,-2.0295035111506,54.02731165549635,paired_t,3.5552262382958463e-19,1.5631940186722204e-13,0,5.172854176720456e-16,4.657346372167559e-17
epigenomics,100,1.1,Sharable,reference,20,small,global_deadline_success,HDS-PBQS,positive_favors_HDS,50,50,0.86,0.3,0.56,1.0,0.41749615508663696,0.7025038449133632,1.116813649304452,186.66666666666669,exact_mcnemar,7.450580596923828e-09,1.2131545083660686e-07,0,6.8247318267822266e-06,1.6614794731140137e-06
epigenomics,100,1.1,Sharable,reference,20,small,sfc_subdeadline_success,HDS-PBQS,positive_favors_HDS,50,50,0.86,0.3,0.56,1.0,0.41749615508663696,0.7025038449133632,1.116813649304452,186.66666666666669,exact_mcnemar,7.450580596923828e-09,1.2131545083660686e-07,0,6.8247318267822266e-06,1.6614794731140137e-06
epigenomics,100,1.1,Sharable,reference,20,small,accepted_sfc_ratio,HDS-PBQS,positive_favors_HDS,50,50,0.966938775510204,0.8661224489795919,0.1008163265306122,0.020408163265306034,0.04201280113560738,0.15961985192561703,0.4872443070405535,11.639962299717235,paired_t,0.0011787085924509209,0.00025965355917812995,0,0.7944495913119168,0.04007609214333131
epigenomics,100,1.1,Sharable,reference,20,small,sfc_deadline_miss_rate,HDS-PBQS,negative_favors_HDS,50,50,0.03306122448979591,0.13387755102040813,-0.10081632653061223,-0.0204081632653061,-0.15961985192561706,-0.04201280113560741,-0.4872443070405536,75.30487804878048,paired_t,0.0011787085924509152,0.0001633956991557719,0,0.7944495913119168,0.04007609214333112
epigenomics,100,1.1,Sharable,reference,20,small,provisioning_cost,HDS-PBQS,negative_favors_HDS,50,15,0.08833333333333333,0.08600000000000001,0.002333333333333332,0.0,-0.004907291622733855,0.00957395828940052,0.17845930954278721,-2.713178294573635,paired_t,0.500759662964775,0.8492546127220139,1,1.0,1.0
epigenomics,100,1.1,Sharable,reference,20,small,makespan_s,HDS-PBQS,negative_favors_HDS,15,15,240.62577688069422,247.24958362871533,-6.623806748021033,-4.142107268285457,-9.58322779950054,-3.664385696541526,-1.2394795631101712,2.678996118338388,paired_t,0.0002823079254113646,6.103515625e-05,1,0.20072093496748022,0.0045169268065818335
epigenomics,100,1.1,Sharable,reference,20,small,network_data_mb,HDS-PBQS,negative_favors_HDS,50,15,166.98163692081397,156.8334134965509,10.148223424263056,10.377341173630327,-5.855655887080983,26.152102735607095,0.3511585349215638,-6.470702382873443,paired_t,0.19531943443053398,0.25238037109375,1,1.0,1.0
epigenomics,100,1.1,Sharable,reference,20,small,cpu_utilization,HDS-PBQS,positive_favors_HDS,50,15,0.14892477473603233,0.15591340372382428,-0.00698862898779193,-0.00018144731387770285,-0.016070998816908696,0.002093740841324838,-0.42611937270789374,-4.482378564559592,paired_t,0.12111716935391127,0.5614013671875,1,1.0,0.9689373548312902
epigenomics,100,1.1,Sharable,reference,20,small,ram_utilization,HDS-PBQS,positive_favors_HDS,50,15,0.296699121843846,0.3100419709721654,-0.013342849128319453,0.0006977947593136413,-0.03188633521954638,0.0052006369629074775,-0.39847003539663484,-4.3035622198122585,paired_t,0.1450635498477185,0.5994873046875,1,1.0,1.0
epigenomics,100,1.1,Sharable,reference,20,small,scheduler_runtime_s,HDS-PBQS,negative_favors_HDS,50,50,0.0033998641209472646,0.006680303339453481,-0.0032804392185062188,-0.00440556299872695,-0.0039285793079705785,-0.0026322991290418586,-1.438408957722097,49.10614161982936,paired_t,1.1428456786924789e-13,2.994404724177002e-11,0,1.3474150551784327e-10,6.51422036854713e-12
epigenomics,100,1.15,NonSharable,reference,20,small,global_deadline_success,HDS-PBQS,positive_favors_HDS,50,50,0.98,0.8,0.18,0.0,0.06970662936165346,0.29029337063834654,0.4638124095143555,22.49999999999999,exact_mcnemar,0.00390625,0.00390625,0,1.0,0.7890625
epigenomics,100,1.15,NonSharable,reference,20,small,sfc_subdeadline_success,HDS-PBQS,positive_favors_HDS,50,50,0.98,0.8,0.18,0.0,0.06970662936165346,0.29029337063834654,0.4638124095143555,22.49999999999999,exact_mcnemar,0.00390625,0.00390625,0,1.0,0.7890625
epigenomics,100,1.15,NonSharable,reference,20,small,accepted_sfc_ratio,HDS-PBQS,positive_favors_HDS,50,50,0.999591836734694,0.9546938775510205,0.044897959183673466,0.0,0.012722421057726023,0.0770734973096209,0.39657017602094563,4.702864471996578,paired_t,0.0072110385990744146,0.001953125,0,1.0,0.20912011937315803
epigenomics,100,1.15,NonSharable,reference,20,small,sfc_deadline_miss_rate,HDS-PBQS,negative_favors_HDS,50,50,0.000408163265306122,0.04530612244897959,-0.044897959183673466,0.0,-0.0770734973096209,-0.012722421057726023,-0.3965701760209457,99.0990990990991,paired_t,0.007211038599074409,0.001953125,0,1.0,0.20912011937315786
epigenomics,100,1.15,NonSharable,reference,20,small,provisioning_cost,HDS-PBQS,negative_favors_HDS,50,40,0.08875,0.10612499999999998,-0.017374999999999995,-0.015,-0.020771743218303107,-0.013978256781696884,-1.6359183560730932,16.372202591283855,paired_t,9.66783605018316e-13,3.353212305821621e-08,1,1.0876315556456055e-09,1.2954900307245436e-10
epigenomics,100,1.15,NonSharable,reference,20,small,makespan_s,HDS-PBQS,negative_favors_HDS,40,40,245.32186818049635,256.71724400025323,-11.395375819756854,-10.893024528158165,-12.884268045614785,-9.906483593898923,-2.4477379414958595,4.4388821109912024,paired_t,3.030795807541969e-18,1.8189894035458565e-12,1,4.276452884441718e-15,2.0306331910531193e-16
epigenomics,100,1.15,NonSharable,reference,20,small,network_data_mb,HDS-PBQS,negative_favors_HDS,50,40,169.219699365072,203.10448984629878,-33.88479048122679,-34.71702295209501,-40.50458106760632,-27.264999894847257,-1.637042984021156,16.68342758294975,paired_t,9.478105351054318e-13,2.000888343900442e-10,1,1.067234662528716e-09,9.952010618607033e-11
epigenomics,100,1.15,NonSharable,reference,20,small,cpu_utilization,HDS-PBQS,positive_favors_HDS,50,40,0.1480300489254846,0.13276695058978522,0.015263098335699415,0.014790975165632908,0.0115699966523808,0.01895620001901803,1.3217550126764686,11.49615794284402,paired_t,3.1575230314945335e-10,1.6443664208054543e-09,1,3.129105324211083e-07,2.083965200786392e-08
epigenomics,100,1.15,NonSharable,reference,20,small,ram_utilization,HDS-PBQS,positive_favors_HDS,50,40,0.29259233035062626,0.25446870971635427,0.03812362063427198,0.035845667405001516,0.031140670843000137,0.04510657042554382,1.746042252923623,14.981653609501464,paired_t,1.4322556577335914e-13,3.637978807091713e-12,1,1.68290039783697e-10,1.5325135537749428e-11
epigenomics,100,1.15,NonSharable,reference,20,small,scheduler_runtime_s,HDS-PBQS,negative_favors_HDS,50,50,0.003590183901323996,0.007288594939600394,-0.003698411038276397,-0.0046984500149847,-0.004562500374122506,-0.0028343217024302883,-1.2163982863874183,50.74244170412312,paired_t,2.3348658487987848e-11,2.2601653881793027e-10,0,2.4492742753899253e-08,9.572949980075017e-10
epigenomics,100,1.15,Sharable,reference,20,small,global_deadline_success,HDS-PBQS,positive_favors_HDS,50,50,0.96,0.44,0.52,1.0,0.36550817294488125,0.6744918270551188,0.9565707628342988,118.18181818181819,exact_mcnemar,2.1606683731079102e-07,8.944731824900336e-07,0,0.00018711388111114502,4.7966837882995605e-05
epigenomics,100,1.15,Sharable,reference,20,small,sfc_subdeadline_success,HDS-PBQS,positive_favors_HDS,50,50,0.96,0.44,0.52,1.0,0.36550817294488125,0.6744918270551188,0.9565707628342988,118.18181818181819,exact_mcnemar,2.1606683731079102e-07,8.944731824900336e-07,0,0.00018711388111114502,4.7966837882995605e-05
epigenomics,100,1.15,Sharable,reference,20,small,accepted_sfc_ratio,HDS-PBQS,positive_favors_HDS,50,50,0.9991836734693877,0.8959183673469387,0.10326530612244897,0.020408163265306034,0.06392107274798538,0.14260953949691257,0.7459206283798651,11.526195899772212,paired_t,2.9989095069910435e-06,3.742156947658146e-06,0,0.002477099252774602,0.00016194111337751636
epigenomics,100,1.15,Sharable,reference,20,small,sfc_deadline_miss_rate,HDS-PBQS,negative_favors_HDS,50,50,0.000816326530612244,0.1040816326530612,-0.10326530612244897,-0.0204081632653061,-0.14260953949691257,-0.06392107274798538,-0.7459206283798651,99.2156862745098,paired_t,2.9989095069910435e-06,3.7348143749042996e-06,0,0.002477099252774602,0.00016194111337751636
epigenomics,100,1.15,Sharable,reference,20,small,provisioning_cost,HDS-PBQS,negative_favors_HDS,50,21,0.08952380952380953,0.08071428571428571,0.008809523809523809,0.010000000000000009,0.0028351599503160423,0.014783887668731576,0.6712090617933881,-10.914454277286152,paired_t,0.005962133547309768,0.005064813774373807,1,1.0,0.2265610747977712
epigenomics,100,1.15,Sharable,reference,20,small,makespan_s,HDS-PBQS,negative_favors_HDS,21,21,245.72505262491177,261.97923555612806,-16.254182931216324,-15.569420247228294,-19.16559613455064,-13.34276972788201,-2.541314079285996,6.204378334302718,paired_t,2.3043026427015475e-10,9.5367431640625e-07,1,2.29278112948804e-07,6.452047399564333e-09
epigenomics,100,1.15,Sharable,reference,20,small,network_data_mb,HDS-PBQS,negative_favors_HDS,50,21,168.8798533794796,161.36217760592157,7.517675773558044,3.5729096017967663,-3.567936945813112,18.6032884929292,0.30868884486356407,-4.658883441643738,paired_t,0.1725692929295802,0.2428417205810547,1,1.0,1.0
epigenomics,100,1.15,Sharable,reference,20,small,cpu_utilization,HDS-PBQS,positive_favors_HDS,50,21,0.14968228546821635,0.16814647145237407,-0.018464185984157746,-0.012477653379445314,-0.027343017122013705,-0.009585354846301786,-0.9466107151406035,-10.981013056457465,paired_t,0.00031929703158507935,0.00024127960205078125,1,0.22670089242540634,0.0063859406317015865
epigenomics,100,1.15,Sharable,reference,20,small,ram_utilization,HDS-PBQS,positive_favors_HDS,50,21,0.29449190704628336,0.3265423563603872,-0.03205044931410372,-0.017260946466180482,-0.05016755156203691,-0.013933347066170526,-0.805271693844803,-9.81509708919093,paired_t,0.0014498685874426275,0.0018587112426757812,1,0.9743116907614457,0.026097634573967295
epigenomics,100,1.15,Sharable,reference,20,small,scheduler_runtime_s,HDS-PBQS,negative_favors_HDS,50,50,0.0034309738017327053,0.006934736018447376,-0.0035037622167146698,-0.004498265496295051,-0.004159324803699485,-0.0028481996297298542,-1.5189369011659621,50.52481027964394,paired_t,1.781754905721576e-14,1.1727507853720454e-11,0,2.1291971123372834e-11,1.1403231396618086e-12
epigenomics,100,1.2,NonSharable,reference,20,small,global_deadline_success,HDS-PBQS,positive_favors_HDS,50,50,1.0,0.98,0.02,0.0,-0.020191504742584774,0.06019150474258478,0.14142135623730953,2.040816326530614,exact_mcnemar,1.0,,0,1.0,1.0
epigenomics,100,1.2,NonSharable,reference,20,small,sfc_subdeadline_success,HDS-PBQS,positive_favors_HDS,50,50,1.0,0.98,0.02,0.0,-0.020191504742584774,0.06019150474258478,0.14142135623730953,2.040816326530614,exact_mcnemar,1.0,,0,1.0,1.0
epigenomics,100,1.2,NonSharable,reference,20,small,accepted_sfc_ratio,HDS-PBQS,positive_favors_HDS,50,50,1.0,0.9979591836734695,0.0020408163265306124,0.0,-0.002060357626794365,0.00614199027985559,0.14142135623730953,0.2044989775051038,paired_t,0.3222234059506754,,0,1.0,1.0
epigenomics,100,1.2,NonSharable,reference,20,small,sfc_deadline_miss_rate,HDS-PBQS,negative_favors_HDS,50,50,0.0,0.002040816326530612,-0.002040816326530612,0.0,-0.006141990279855588,0.0020603576267943647,-0.14142135623730953,100.0,paired_t,0.32222340595067545,,0,1.0,1.0
epigenomics,100,1.2,NonSharable,reference,20,small,provisioning_cost,HDS-PBQS,negative_favors_HDS,50,49,0.08938775510204082,0.10765306122448977,-0.018265306122448977,-0.015,-0.0213615581430681,-0.015169054101829855,-1.6944384512020045,16.96682464454974,paired_t,7.11181622552821e-16,2.2798297291853162e-09,1,8.832875752106037e-13,9.672070066718366e-14
epigenomics,100,1.2,NonSharable,reference,20,small,makespan_s,HDS-PBQS,negative_favors_HDS,49,49,247.61062049662016,261.388813985694,-13.778193489073876,-12.386753245540604,-15.588945393186284,-11.967441584961469,-2.1855888913556214,5.271148860191066,paired_t,4.35790495502251e-20,3.552713678800501e-15,1,6.429561278589736e-17,4.094707047340346e-18
epigenomics,100,1.2,NonSharable,reference,20,small,network_data_mb,HDS-PBQS,negative_favors_HDS,50,49,171.7304885087514,208.06385432105535,-36.33336581230397,-37.93557748974584,-42.05751275051318,-30.60921887409475,-1.8231819131999736,17.4626034545334,paired_t,4.850368583884109e-17,2.4868995751603507e-13,1,6.509194639572473e-14,5.286901756433679e-15
epigenomics,100,1.2,NonSharable,reference,20,small,cpu_utilization,HDS-PBQS,positive_favors_HDS,50,49,0.15036141092857253,0.1346000400921125,0.01576137083646006,0.01571661377424899,0.012310548437472183,0.019212193235447938,1.311917498725863,11.709781680357498,paired_t,3.816381194823137e-12,1.7685408693068894e-11,1,4.182753789526158e-09,3.4347430753408234e-10
epigenomics,100,1.2,NonSharable,reference,20,small,ram_utilization,HDS-PBQS,positive_favors_HDS,50,49,0.2960523052276646,0.25645366722304985,0.039598638004614724,0.03606199923034112,0.032855832337934016,0.04634144367129543,1.6868433422113713,15.44085465160222,paired_t,8.359860633832754e-16,4.973799150320701e-14,1,1.0374587046586448e-12,9.112248090877703e-14
epigenomics,100,1.2,NonSharable,reference,20,small,scheduler_runtime_s,HDS-PBQS,negative_favors_HDS,50,50,0.003183347382073358,0.007474888359356502,-0.004291540977283144,-0.00473158499880805,-0.004744497858955206,-0.0038385840956110823,-2.69262373600045,57.41277690002307,paired_t,2.744528806832067e-24,1.7763568394002505e-15,0,4.415946850192796e-21,5.9007369346889445e-22
epigenomics,100,1.2,Sharable,reference,20,small,global_deadline_success,HDS-PBQS,positive_favors_HDS,50,50,1.0,0.62,0.38,0.0,0.24065420310552016,0.5193457968944799,0.7750130071749265,61.29032258064516,exact_mcnemar,3.814697265625e-06,1.3071845366763019e-05,0,0.00312042236328125,0.000827789306640625
epigenomics,100,1.2,Sharable,reference,20,small,sfc_subdeadline_success,HDS-PBQS,positive_favors_HDS,50,50,1.0,0.62,0.38,0.0,0.24065420310552016,0.5193457968944799,0.7750130071749265,61.29032258064516,exact_mcnemar,3.814697265625e-06,1.3071845366763019e-05,0,0.00312042236328125,0.000827789306640625
epigenomics,100,1.2,Sharable,reference,20,small,accepted_sfc_ratio,HDS-PBQS,positive_favors_HDS,50,50,1.0,0.9571428571428571,0.04285714285714284,0.0,0.01529576929784264,0.07041851641644303,0.44191793305676336,4.477611940298515,paired_t,0.002987300509654611,0.00010002314281242939,0,1.0,0.09559361630894755
epigenomics,100,1.2,Sharable,reference,20,small,sfc_deadline_miss_rate,HDS-PBQS,negative_favors_HDS,50,50,0.0,0.04285714285714284,-0.04285714285714284,0.0,-0.07041851641644303,-0.015295769297842644,-0.44191793305676347,100.0,paired_t,0.0029873005096546037,0.00010002314281242939,0,1.0,0.09559361630894732
epigenomics,100,1.2,Sharable,reference,20,small,provisioning_cost,HDS-PBQS,negative_favors_HDS,50,31,0.09096774193548388,0.08419354838709676,0.006774193548387097,0.009999999999999995,0.003244858128379486,0.01030352896839471,0.704040267784784,-8.045977011494271,paired_t,0.00047560881838032355,0.00062736577881137,1,0.3348286081397478,0.02806092028443909
epigenomics,100,1.2,Sharable,reference,20,small,makespan_s,HDS-PBQS,negative_favors_HDS,31,31,247.2380191901599,271.8147978887138,-24.576778698554005,-23.770267848436873,-27.009700766485693,-22.143856630622317,-3.705353050772848,9.041736833112425,paired_t,2.827436121752196e-19,9.313225746154785e-10,1,4.1167469932711973e-16,2.5729668707944983e-17
epigenomics,100,1.2,Sharable,reference,20,small,network_data_mb,HDS-PBQS,negative_favors_HDS,50,31,168.71699815739376,171.68667825398794,-2.969680096594153,-5.8265167521606145,-11.757543274800712,5.818183081612405,-0.12395362007337159,1.7297090996197866,paired_t,0.4954081622532942,0.444234280847013,1,1.0,1.0
epigenomics,100,1.2,Sharable,reference,20,small,cpu_utilization,HDS-PBQS,positive_favors_HDS,50,31,0.1495785944171639,0.17166325478938146,-0.022084660372217617,-0.023579494004826285,-0.027847410807309615,-0.01632190993712562,-1.405703563922712,-12.865106396423549,paired_t,9.835227543467732e-09,1.5739351511001587e-07,1,8.969727519642572e-06,6.294545627819349e-07
epigenomics,100,1.2,Sharable,reference,20,small,ram_utilization,HDS-PBQS,positive_favors_HDS,50,31,0.2940465579138876,0.3286645970032926,-0.03461803908940495,-0.03480127718662479,-0.04487359483050463,-0.02436248334830527,-1.2381580846676883,-10.532938261390584,paired_t,1.1832749921926766e-07,7.096678018569946e-07,1,0.00010318157931920139,3.076514979700959e-06
epigenomics,100,1.2,Sharable,reference,20,small,scheduler_runtime_s,HDS-PBQS,negative_favors_HDS,50,50,0.0033996571402530656,0.0074017981384531025,-0.004002140998200039,-0.00475281949547935,-0.004596091036767334,-0.0034081909596327432,-1.914968958807676,54.069847938820466,paired_t,3.490385979996953e-18,3.6770586575585185e-13,0,4.917953845815707e-15,3.8743284377966176e-16
epigenomics,100,1.25,NonSharable,reference,20,small,global_deadline_success,HDS-PBQS,positive_favors_HDS,50,50,1.0,1.0,0.0,0.0,0.0,0.0,0.0,0.0,exact_mcnemar,1.0,,0,1.0,1.0
epigenomics,100,1.25,NonSharable,reference,20,small,sfc_subdeadline_success,HDS-PBQS,positive_favors_HDS,50,50,1.0,1.0,0.0,0.0,0.0,0.0,0.0,0.0,exact_mcnemar,1.0,,0,1.0,1.0
epigenomics,100,1.25,NonSharable,reference,20,small,accepted_sfc_ratio,HDS-PBQS,positive_favors_HDS,50,50,1.0,1.0,0.0,0.0,0.0,0.0,0.0,0.0,paired_t,,,0,,
epigenomics,100,1.25,NonSharable,reference,20,small,sfc_deadline_miss_rate,HDS-PBQS,negative_favors_HDS,50,50,0.0,0.0,0.0,0.0,0.0,0.0,0.0,,paired_t,,,0,,
epigenomics,100,1.25,NonSharable,reference,20,small,provisioning_cost,HDS-PBQS,negative_favors_HDS,50,50,0.08920000000000002,0.10749999999999998,-0.0183,-0.017499999999999995,-0.02129185910377189,-0.015308140896228109,-1.7383179739363759,17.02325581395346,paired_t,1.3893695410987485e-16,1.5484901965925434e-09,1,1.7742249039831017e-13,2.2229912657579974e-14
epigenomics,100,1.25,NonSharable,reference,20,small,makespan_s,HDS-PBQS,negative_favors_HDS,50,50,247.82788016797838,262.1372917396488,-14.3094115716704,-12.460426528086984,-16.367722246426336,-12.251100896914465,-1.9757414769979502,5.458747008755368,paired_t,1.0283883598518008e-18,1.7763568394002505e-15,1,1.4623682477092608e-15,6.993040846992245e-17
epigenomics,100,1.25,NonSharable,reference,20,small,network_data_mb,HDS-PBQS,negative_favors_HDS,50,50,171.3456159549526,207.90664911712702,-36.56103316217446,-38.74179064730174,-42.31114583829664,-30.810920486052286,-1.807013400191727,17.585312118410062,paired_t,3.238830006009963e-17,1.5631940186722204e-13,1,4.3627040180954205e-14,3.56271300661096e-15
epigenomics,100,1.25,NonSharable,reference,20,small,cpu_utilization,HDS-PBQS,positive_favors_HDS,50,50,0.15058246228835703,0.13517357568906632,0.015408886599290725,0.01559228399333315,0.01219836001826077,0.01861941318032068,1.3639996454425423,11.399333427958641,paired_t,6.591956952127733e-13,8.842704346534447e-12,1,7.462095269808593e-10,6.130506996854348e-11
epigenomics,100,1.25,NonSharable,reference,20,small,ram_utilization,HDS-PBQS,positive_favors_HDS,50,50,0.29636708967834674,0.2576862340851173,0.03868085559322942,0.03605956587966554,0.032437747131986785,0.04492396405447205,1.7608179636354038,15.010835068687683,paired_t,8.594647749702128e-17,2.4868995751603507e-14,1,1.1130068835864255e-13,9.626005479666383e-15
epigenomics,100,1.25,NonSharable,reference,20,small,scheduler_runtime_s,HDS-PBQS,negative_favors_HDS,50,50,0.003224899319611662,0.007642193579304099,-0.0044172942596924355,-0.004865318496740649,-0.004851461406055525,-0.003983127113329346,-2.891469676874322,57.80139188903766,paired_t,1.2262040214737067e-25,1.7763568394002505e-15,0,2.010974595216879e-22,2.8325312896042623e-23
epigenomics,100,1.25,Sharable,reference,20,small,global_deadline_success,HDS-PBQS,positive_favors_HDS,50,50,1.0,0.86,0.14,0.0,0.040386207711017225,0.2396137922889828,0.3994181815102191,16.279069767441865,exact_mcnemar,0.015625,0.015625,0,1.0,1.0
epigenomics,100,1.25,Sharable,reference,20,small,sfc_subdeadline_success,HDS-PBQS,positive_favors_HDS,50,50,1.0,0.86,0.14,0.0,0.040386207711017225,0.2396137922889828,0.3994181815102191,16.279069767441865,exact_mcnemar,0.015625,0.015625,0,1.0,1.0
epigenomics,100,1.25,Sharable,reference,20,small,accepted_sfc_ratio,HDS-PBQS,positive_favors_HDS,50,50,1.0,0.986938775510204,0.01306122448979591,0.0,-0.00044001894839381696,0.02656246792798564,0.2749345973885738,1.323407775020683,paired_t,0.05763895293353409,0.015625,0,1.0,1.0
epigenomics,100,1.25,Sharable,reference,20,small,sfc_deadline_miss_rate,HDS-PBQS,negative_favors_HDS,50,50,0.0,0.013061224489795914,-0.013061224489795914,0.0,-0.02656246792798564,0.0004400189483938135,-0.27493459738857384,100.0,paired_t,0.05763895293353403,0.015625,0,1.0,1.0
epigenomics,100,1.25,Sharable,reference,20,small,provisioning_cost,HDS-PBQS,negative_favors_HDS,50,43,0.08953488372093023,0.08279069767441861,0.006744186046511629,0.009999999999999995,0.0038190963832711107,0.009669275709752147,0.7095693964999836,-8.146067415730318,paired_t,3.2576647245991274e-05,5.341999888283591e-05,1,0.025768127971579097,0.0026712850741712844
epigenomics,100,1.25,Sharable,reference,20,small,makespan_s,HDS-PBQS,negative_favors_HDS,43,43,247.62488495767946,275.9517807748461,-28.32689581716661,-28.659090553730266,-30.7773603103468,-25.876431323986417,-3.557583386013431,10.265161448723918,paired_t,1.153443030396619e-25,2.2737367544323206e-13,1,1.8928000128808517e-22,1.3033906243481795e-23
epigenomics,100,1.25,Sharable,reference,20,small,network_data_mb,HDS-PBQS,negative_favors_HDS,50,43,170.52772838097871,173.84436025361748,-3.316631872638698,-5.984053442638157,-10.806836995581186,4.173573250303791,-0.13627245368640156,1.9078167780652815,paired_t,0.3766289302347605,0.2516441779609977,1,1.0,1.0
epigenomics,100,1.25,Sharable,reference,20,small,cpu_utilization,HDS-PBQS,positive_favors_HDS,50,43,0.14972796673298427,0.17315590329729408,-0.023427936564309852,-0.024386275738111307,-0.027590437109747887,-0.019265436018871818,-1.7321450339576054,-13.529966994013488,paired_t,2.189462359051691e-14,3.842615114990622e-11,1,2.6120285943486674e-11,2.495987089318928e-12
epigenomics,100,1.25,Sharable,reference,20,small,ram_utilization,HDS-PBQS,positive_favors_HDS,50,43,0.2949663119495075,0.331481252209379,-0.036514940259871564,-0.03841047950415777,-0.04442713840198256,-0.028602742117760566,-1.4202930336827626,-11.01568792095879,paired_t,8.974244577295479e-12,1.1318661563564092e-09,1,9.629364431438048e-09,7.538365444928202e-10
epigenomics,100,1.25,Sharable,reference,20,small,scheduler_runtime_s,HDS-PBQS,negative_favors_HDS,50,50,0.0034728904611255984,0.0079591096600779,-0.004486219198952302,-0.0049224824997509,-0.0053989237027346,-0.0035735146951700048,-1.3969136605804768,56.36584229332495,paired_t,3.0243212089859514e-13,1.8989254613188677e-12,0,3.5142612448416753e-10,1.633133452852414e-11
epigenomics,100,1.3,NonSharable,reference,20,small,global_deadline_success,HDS-PBQS,positive_favors_HDS,50,50,1.0,1.0,0.0,0.0,0.0,0.0,0.0,0.0,exact_mcnemar,1.0,,0,1.0,1.0
epigenomics,100,1.3,NonSharable,reference,20,small,sfc_subdeadline_success,HDS-PBQS,positive_favors_HDS,50,50,1.0,1.0,0.0,0.0,0.0,0.0,0.0,0.0,exact_mcnemar,1.0,,0,1.0,1.0
epigenomics,100,1.3,NonSharable,reference,20,small,accepted_sfc_ratio,HDS-PBQS,positive_favors_HDS,50,50,1.0,1.0,0.0,0.0,0.0,0.0,0.0,0.0,paired_t,,,0,,
epigenomics,100,1.3,NonSharable,reference,20,small,sfc_deadline_miss_rate,HDS-PBQS,negative_favors_HDS,50,50,0.0,0.0,0.0,0.0,0.0,0.0,0.0,,paired_t,,,0,,
epigenomics,100,1.3,NonSharable,reference,20,small,provisioning_cost,HDS-PBQS,negative_favors_HDS,50,50,0.08920000000000002,0.10759999999999997,-0.0184,-0.017499999999999995,-0.021416959147761927,-0.015383040852238072,-1.733275753833334,17.100371747211863,paired_t,1.54794857668123e-16,1.5469625833688807e-09,1,1.9736344352685684e-13,2.4457587511563435e-14
epigenomics,100,1.3,NonSharable,reference,20,small,makespan_s,HDS-PBQS,negative_favors_HDS,50,50,247.82788016797838,262.3142627511665,-14.486382583188082,-12.786398424647587,-16.537933978121092,-12.434831188255071,-2.006766385584307,5.522529515266968,paired_t,5.559366660701731e-19,1.7763568394002505e-15,1,8.055522291356808e-16,5.003429994631558e-17
epigenomics,100,1.3,NonSharable,reference,20,small,network_data_mb,HDS-PBQS,negative_favors_HDS,50,50,171.3456159549526,208.17034345708294,-36.824727502130344,-38.74179064730174,-42.533175062757664,-31.116279941503027,-1.8333306296401344,17.689708769550187,paired_t,1.868859886374428e-17,1.2434497875801753e-13,1,2.5640757641057153e-14,2.466895050014245e-15
epigenomics,100,1.3,NonSharable,reference,20,small,cpu_utilization,HDS-PBQS,positive_favors_HDS,50,50,0.15058246228835703,0.13508845594863228,0.015494006339724753,0.015757113031097933,0.012285044431883682,0.018702968247565822,1.3722032256042476,11.469526563851161,paired_t,5.425227430844555e-13,8.842704346534447e-12,1,6.266137682625461e-10,6.130506996854348e-11
epigenomics,100,1.3,NonSharable,reference,20,small,ram_utilization,HDS-PBQS,positive_favors_HDS,50,50,0.29636708967834674,0.2574399427284938,0.03892714694985289,0.03616333220539715,0.032697179754437304,0.04515711414526847,1.7757674173162972,15.120865292806185,paired_t,6.257746849422394e-17,2.4868995751603507e-14,1,8.372865284527163e-14,9.511775211122039e-15
epigenomics,100,1.3,NonSharable,reference,20,small,scheduler_runtime_s,HDS-PBQS,negative_favors_HDS,50,50,0.0031990291007968573,0.007545746239848045,-0.004346717139051186,-0.0048629885113769,-0.004828784958251646,-0.0038646493198507274,-2.5625509387799568,57.60486770807072,paired_t,2.309966710015807e-23,1.7763568394002505e-15,0,3.61971783459477e-20,4.4813354174306656e-21
epigenomics,100,1.3,Sharable,reference,20,small,global_deadline_success,HDS-PBQS,positive_favors_HDS,50,50,1.0,0.94,0.06,0.0,-0.008178239472322657,0.12817823947232265,0.25010636035367373,6.382978723404261,exact_mcnemar,0.25,0.25,0,1.0,1.0
epigenomics,100,1.3,Sharable,reference,20,small,sfc_subdeadline_success,HDS-PBQS,positive_favors_HDS,50,50,1.0,0.94,0.06,0.0,-0.008178239472322657,0.12817823947232265,0.25010636035367373,6.382978723404261,exact_mcnemar,0.25,0.25,0,1.0,1.0
epigenomics,100,1.3,Sharable,reference,20,small,accepted_sfc_ratio,HDS-PBQS,positive_favors_HDS,50,50,1.0,0.9983673469387756,0.0016326530612244894,0.0,-0.00034203870886500166,0.0036073448313139805,0.2349707803230726,0.1635322976287725,paired_t,0.1030000374112524,0.25,0,1.0,1.0
epigenomics,100,1.3,Sharable,reference,20,small,sfc_deadline_miss_rate,HDS-PBQS,negative_favors_HDS,50,50,0.0,0.001632653061224488,-0.001632653061224488,0.0,-0.0036073448313139744,0.00034203870886499884,-0.23497078032307292,100.0,paired_t,0.10300003741125198,0.25,0,1.0,1.0
epigenomics,100,1.3,Sharable,reference,20,small,provisioning_cost,HDS-PBQS,negative_favors_HDS,50,47,0.08936170212765958,0.0820212765957447,0.007340425531914894,0.009999999999999995,0.004605038643349476,0.010075812420480314,0.7879067073186561,-8.949416342412439,paired_t,2.258647037245595e-06,1.0292599173792095e-05,1,0.0018679010998021073,0.0001965022922403668
epigenomics,100,1.3,Sharable,reference,20,small,makespan_s,HDS-PBQS,negative_favors_HDS,47,47,247.1721465229254,278.0544848065494,-30.8823382836239,-31.626048478226693,-33.61029113292946,-28.154385434318336,-3.3238823062017953,11.106578016574607,paired_t,1.0652823151599671e-26,1.4210854715202004e-14,1,1.7577158200139457e-23,1.2144218392823624e-24
epigenomics,100,1.3,Sharable,reference,20,small,network_data_mb,HDS-PBQS,negative_favors_HDS,50,47,171.03889930372873,173.58079081621256,-2.541891512483825,-5.8265167521606145,-10.112396140420543,5.028613115452894,-0.09858356134542548,1.4643852586057091,paired_t,0.5025166715354827,0.415636839805984,1,1.0,1.0
epigenomics,100,1.3,Sharable,reference,20,small,cpu_utilization,HDS-PBQS,positive_favors_HDS,50,47,0.14954854335707088,0.17463989566362767,-0.0250913523065568,-0.026648346015663404,-0.028772014367480624,-0.02141069024563298,-2.0015684422116977,-14.367480128873312,paired_t,7.118039085052748e-18,1.4210854715202004e-14,1,9.979490797243953e-15,1.0819419409280178e-15
epigenomics,100,1.3,Sharable,reference,20,small,ram_utilization,HDS-PBQS,positive_favors_HDS,50,47,0.2954200798183672,0.333993564778727,-0.03857348496035979,-0.03841047950415777,-0.045512245700406205,-0.031634724220313375,-1.6322222216218805,-11.549170112278954,paired_t,1.0112201214153927e-14,7.105427357601002e-14,1,1.2134641456984713e-11,1.092117731128624e-12
epigenomics,100,1.3,Sharable,reference,20,small,scheduler_runtime_s,HDS-PBQS,negative_favors_HDS,50,50,0.003392211819445898,0.007859584557372673,-0.004467372737926776,-0.004993515993192,-0.0051854867523889675,-0.003749258723464584,-1.767982881377095,56.83980756637019,paired_t,7.380762741420486e-17,1.9539925233402755e-13,0,9.580230038363791e-14,6.199840702793208e-15
epigenomics,100,1.35,NonSharable,reference,20,small,global_deadline_success,HDS-PBQS,positive_favors_HDS,50,50,1.0,1.0,0.0,0.0,0.0,0.0,0.0,0.0,exact_mcnemar,1.0,,0,1.0,1.0
epigenomics,100,1.35,NonSharable,reference,20,small,sfc_subdeadline_success,HDS-PBQS,positive_favors_HDS,50,50,1.0,1.0,0.0,0.0,0.0,0.0,0.0,0.0,exact_mcnemar,1.0,,0,1.0,1.0
epigenomics,100,1.35,NonSharable,reference,20,small,accepted_sfc_ratio,HDS-PBQS,positive_favors_HDS,50,50,1.0,1.0,0.0,0.0,0.0,0.0,0.0,0.0,paired_t,,,0,,
epigenomics,100,1.35,NonSharable,reference,20,small,sfc_deadline_miss_rate,HDS-PBQS,negative_favors_HDS,50,50,0.0,0.0,0.0,0.0,0.0,0.0,0.0,,paired_t,,,0,,
epigenomics,100,1.35,NonSharable,reference,20,small,provisioning_cost,HDS-PBQS,negative_favors_HDS,50,50,0.08920000000000002,0.10759999999999997,-0.0184,-0.017499999999999995,-0.021416959147761927,-0.015383040852238072,-1.733275753833334,17.100371747211863,paired_t,1.54794857668123e-16,1.5469625833688807e-09,1,1.9736344352685684e-13,2.4457587511563435e-14
epigenomics,100,1.35,NonSharable,reference,20,small,makespan_s,HDS-PBQS,negative_favors_HDS,50,50,247.82788016797838,262.3142627511665,-14.486382583188082,-12.786398424647587,-16.537933978121092,-12.434831188255071,-2.006766385584307,5.522529515266968,paired_t,5.559366660701731e-19,1.7763568394002505e-15,1,8.055522291356808e-16,5.003429994631558e-17
epigenomics,100,1.35,NonSharable,reference,20,small,network_data_mb,HDS-PBQS,negative_favors_HDS,50,50,171.3456159549526,208.17034345708294,-36.824727502130344,-38.74179064730174,-42.533175062757664,-31.116279941503027,-1.8333306296401344,17.689708769550187,paired_t,1.868859886374428e-17,1.2434497875801753e-13,1,2.5640757641057153e-14,2.466895050014245e-15
epigenomics,100,1.35,NonSharable,reference,20,small,cpu_utilization,HDS-PBQS,positive_favors_HDS,50,50,0.15058246228835703,0.13508845594863228,0.015494006339724753,0.015757113031097933,0.012285044431883682,0.018702968247565822,1.3722032256042476,11.469526563851161,paired_t,5.425227430844555e-13,8.842704346534447e-12,1,6.266137682625461e-10,6.130506996854348e-11
epigenomics,100,1.35,NonSharable,reference,20,small,ram_utilization,HDS-PBQS,positive_favors_HDS,50,50,0.29636708967834674,0.2574399427284938,0.03892714694985289,0.03616333220539715,0.032697179754437304,0.04515711414526847,1.7757674173162972,15.120865292806185,paired_t,6.257746849422394e-17,2.4868995751603507e-14,1,8.372865284527163e-14,9.511775211122039e-15
epigenomics,100,1.35,NonSharable,reference,20,small,scheduler_runtime_s,HDS-PBQS,negative_favors_HDS,50,50,0.0032365014805690834,0.007827746162074578,-0.004591244681505492,-0.0047987299949455,-0.005525618328923175,-0.0036568710340878097,-1.396462009498516,58.65346916523775,paired_t,3.0566988833543867e-13,1.7763568394002505e-14,0,3.548827403574443e-10,1.633133452852414e-11
epigenomics,100,1.35,Sharable,reference,20,small,global_deadline_success,HDS-PBQS,positive_favors_HDS,50,50,1.0,0.98,0.02,0.0,-0.020191504742584788,0.06019150474258479,0.1414213562373095,2.040816326530614,exact_mcnemar,1.0,,0,1.0,1.0
epigenomics,100,1.35,Sharable,reference,20,small,sfc_subdeadline_success,HDS-PBQS,positive_favors_HDS,50,50,1.0,0.98,0.02,0.0,-0.020191504742584788,0.06019150474258479,0.1414213562373095,2.040816326530614,exact_mcnemar,1.0,,0,1.0,1.0
epigenomics,100,1.35,Sharable,reference,20,small,accepted_sfc_ratio,HDS-PBQS,positive_favors_HDS,50,50,1.0,0.999591836734694,0.0004081632653061207,0.0,-0.00041207152535887133,0.0012283980559711126,0.1414213562373095,0.040832993058380555,paired_t,0.32222340595067545,,0,1.0,1.0
epigenomics,100,1.35,Sharable,reference,20,small,sfc_deadline_miss_rate,HDS-PBQS,negative_favors_HDS,50,50,0.0,0.000408163265306122,-0.000408163265306122,0.0,-0.0012283980559711168,0.00041207152535887274,-0.14142135623730948,100.0,paired_t,0.32222340595067567,,0,1.0,1.0
epigenomics,100,1.35,Sharable,reference,20,small,provisioning_cost,HDS-PBQS,negative_favors_HDS,50,49,0.08857142857142859,0.08214285714285716,0.0064285714285714285,0.0050000000000000044,0.0036167130519173065,0.00924042980522555,0.6566836094424632,-7.826086956521748,paired_t,3.134916540510806e-05,5.654549610240663e-05,1,0.0248912373316558,0.002601980728623969
epigenomics,100,1.35,Sharable,reference,20,small,makespan_s,HDS-PBQS,negative_favors_HDS,49,49,247.60221444624872,278.6510060258271,-31.048791579578364,-31.819803916445494,-33.6724671085089,-28.425116050647834,-3.3991452527329526,11.142537047470976,paired_t,3.2144704336962344e-28,3.552713678800501e-15,1,5.381023506007496e-25,4.3395350854899165e-26
epigenomics,100,1.35,Sharable,reference,20,small,network_data_mb,HDS-PBQS,negative_favors_HDS,50,49,170.58996120367823,175.12360860603243,-4.533647402354229,-5.984053442638157,-12.348610440750793,3.2813156360423346,-0.16663106039017356,2.5888270795934454,paired_t,0.2492084327105663,0.22711251781322517,1,1.0,1.0
epigenomics,100,1.35,Sharable,reference,20,small,cpu_utilization,HDS-PBQS,positive_favors_HDS,50,49,0.1510011930992777,0.174509362124384,-0.02350816902510631,-0.024386275738111307,-0.027592035599412784,-0.019424302450799832,-1.6534170277102056,-13.471007365410301,paired_t,1.7104808728110774e-15,4.867217739956686e-13,1,2.07994474133827e-12,2.203575875463376e-13
epigenomics,100,1.35,Sharable,reference,20,small,ram_utilization,HDS-PBQS,positive_favors_HDS,50,49,0.29758471125651736,0.3333697056133813,-0.03578499435686393,-0.03778592855597057,-0.043412715965741824,-0.02815727274798603,-1.3475387567436432,-10.734327011214647,paired_t,1.653501468224788e-12,2.0385471088957274e-11,1,1.8552286473482122e-09,1.7527115563182752e-10
epigenomics,100,1.35,Sharable,reference,20,small,scheduler_runtime_s,HDS-PBQS,negative_favors_HDS,50,50,0.0033670915409310903,0.007666037859817108,-0.004298946318886018,-0.0050148050049757,-0.004859797923952484,-0.003738094713819552,-2.1783784065796894,56.07781226100779,paired_t,2.053869723391992e-20,7.638334409421077e-14,0,3.0417810603435405e-17,2.9986497961523084e-18
epigenomics,100,1.4,NonSharable,reference,20,small,global_deadline_success,HDS-PBQS,positive_favors_HDS,50,50,1.0,1.0,0.0,0.0,0.0,0.0,0.0,0.0,exact_mcnemar,1.0,,0,1.0,1.0
epigenomics,100,1.4,NonSharable,reference,20,small,sfc_subdeadline_success,HDS-PBQS,positive_favors_HDS,50,50,1.0,1.0,0.0,0.0,0.0,0.0,0.0,0.0,exact_mcnemar,1.0,,0,1.0,1.0
epigenomics,100,1.4,NonSharable,reference,20,small,accepted_sfc_ratio,HDS-PBQS,positive_favors_HDS,50,50,1.0,1.0,0.0,0.0,0.0,0.0,0.0,0.0,paired_t,,,0,,
epigenomics,100,1.4,NonSharable,reference,20,small,sfc_deadline_miss_rate,HDS-PBQS,negative_favors_HDS,50,50,0.0,0.0,0.0,0.0,0.0,0.0,0.0,,paired_t,,,0,,
epigenomics,100,1.4,NonSharable,reference,20,small,provisioning_cost,HDS-PBQS,negative_favors_HDS,50,50,0.08920000000000002,0.10759999999999997,-0.0184,-0.017499999999999995,-0.021416959147761927,-0.015383040852238072,-1.733275753833334,17.100371747211863,paired_t,1.54794857668123e-16,1.5469625833688807e-09,1,1.9736344352685684e-13,2.4457587511563435e-14
epigenomics,100,1.4,NonSharable,reference,20,small,makespan_s,HDS-PBQS,negative_favors_HDS,50,50,247.82788016797838,262.3142627511665,-14.486382583188082,-12.786398424647587,-16.537933978121092,-12.434831188255071,-2.006766385584307,5.522529515266968,paired_t,5.559366660701731e-19,1.7763568394002505e-15,1,8.055522291356808e-16,5.003429994631558e-17
epigenomics,100,1.4,NonSharable,reference,20,small,network_data_mb,HDS-PBQS,negative_favors_HDS,50,50,171.3456159549526,208.17034345708294,-36.824727502130344,-38.74179064730174,-42.533175062757664,-31.116279941503027,-1.8333306296401344,17.689708769550187,paired_t,1.868859886374428e-17,1.2434497875801753e-13,1,2.5640757641057153e-14,2.466895050014245e-15
epigenomics,100,1.4,NonSharable,reference,20,small,cpu_utilization,HDS-PBQS,positive_favors_HDS,50,50,0.15058246228835703,0.13508845594863228,0.015494006339724753,0.015757113031097933,0.012285044431883682,0.018702968247565822,1.3722032256042476,11.469526563851161,paired_t,5.425227430844555e-13,8.842704346534447e-12,1,6.266137682625461e-10,6.130506996854348e-11
epigenomics,100,1.4,NonSharable,reference,20,small,ram_utilization,HDS-PBQS,positive_favors_HDS,50,50,0.29636708967834674,0.2574399427284938,0.03892714694985289,0.03616333220539715,0.032697179754437304,0.04515711414526847,1.7757674173162972,15.120865292806185,paired_t,6.257746849422394e-17,2.4868995751603507e-14,1,8.372865284527163e-14,9.511775211122039e-15
epigenomics,100,1.4,NonSharable,reference,20,small,scheduler_runtime_s,HDS-PBQS,negative_favors_HDS,50,50,0.0033436097411321903,0.007645568360094276,-0.004301958618962087,-0.00478439450489535,-0.004832165038512293,-0.0037717521994118813,-2.305900243567322,56.267348826752745,paired_t,1.975917043182184e-21,8.881784197001252e-15,0,2.9618996477300937e-18,3.22074478038696e-19
epigenomics,100,1.4,Sharable,reference,20,small,global_deadline_success,HDS-PBQS,positive_favors_HDS,50,50,1.0,1.0,0.0,0.0,0.0,0.0,0.0,0.0,exact_mcnemar,1.0,,0,1.0,1.0
epigenomics,100,1.4,Sharable,reference,20,small,sfc_subdeadline_success,HDS-PBQS,positive_favors_HDS,50,50,1.0,1.0,0.0,0.0,0.0,0.0,0.0,0.0,exact_mcnemar,1.0,,0,1.0,1.0
epigenomics,100,1.4,Sharable,reference,20,small,accepted_sfc_ratio,HDS-PBQS,positive_favors_HDS,50,50,1.0,1.0,0.0,0.0,0.0,0.0,0.0,0.0,paired_t,,,0,,
epigenomics,100,1.4,Sharable,reference,20,small,sfc_deadline_miss_rate,HDS-PBQS,negative_favors_HDS,50,50,0.0,0.0,0.0,0.0,0.0,0.0,0.0,,paired_t,,,0,,
epigenomics,100,1.4,Sharable,reference,20,small,provisioning_cost,HDS-PBQS,negative_favors_HDS,50,50,0.08860000000000001,0.08220000000000001,0.0064,0.0050000000000000044,0.0036458059514209414,0.009154194048579058,0.6603964147373913,-7.785888077858884,paired_t,2.3768037348873492e-05,5.9844936562908056e-05,1,0.01899066184174992,0.001996515137305373
epigenomics,100,1.4,Sharable,reference,20,small,makespan_s,HDS-PBQS,negative_favors_HDS,50,50,247.66708069734526,279.2217306988196,-31.554650001474382,-32.049264065684525,-34.3177567546765,-28.79154324827226,-3.2455250946402185,11.300929165685366,paired_t,7.222294401741785e-28,1.7763568394002505e-15,1,1.2082898534114007e-24,9.677874498333992e-26
epigenomics,100,1.4,Sharable,reference,20,small,network_data_mb,HDS-PBQS,negative_favors_HDS,50,50,170.90396188920633,176.55919180855915,-5.655229919352878,-6.6705414983007785,-13.633262954062623,2.3228031153568676,-0.20145298386119437,3.2030220921517993,paired_t,0.16064335515873948,0.15714035289247086,1,1.0,1.0
epigenomics,100,1.4,Sharable,reference,20,small,cpu_utilization,HDS-PBQS,positive_favors_HDS,50,50,0.15110388553663226,0.17428523248989009,-0.023181346953257843,-0.023534007868360643,-0.0272341644159433,-0.019128529490572387,-1.6255520933099343,-13.300809610821458,paired_t,1.6202763790171882e-15,3.0020430585864233e-13,1,2.005902157223279e-12,2.203575875463376e-13
epigenomics,100,1.4,Sharable,reference,20,small,ram_utilization,HDS-PBQS,positive_favors_HDS,50,50,0.2975473191754884,0.3326456099382472,-0.03509829076275886,-0.03756192921415505,-0.042694365567205954,-0.027502215958311767,-1.3131550339934999,-10.551256266173038,paired_t,2.2234224211515604e-12,1.5448975432263978e-11,1,2.4813394220051416e-09,2.312359317997623e-10
epigenomics,100,1.4,Sharable,reference,20,small,scheduler_runtime_s,HDS-PBQS,negative_favors_HDS,50,50,0.0034946020403003324,0.007733439379153379,-0.004238837338853046,-0.0049860900053317996,-0.004803569464168022,-0.0036741052135380696,-2.1331604643317013,54.811800171078545,paired_t,4.8163567440001565e-20,1.5631940186722204e-13,0,7.08967712716823e-17,6.887390143920224e-18
epigenomics,100,1.45,NonSharable,reference,20,small,global_deadline_success,HDS-PBQS,positive_favors_HDS,50,50,1.0,1.0,0.0,0.0,0.0,0.0,0.0,0.0,exact_mcnemar,1.0,,0,1.0,1.0
epigenomics,100,1.45,NonSharable,reference,20,small,sfc_subdeadline_success,HDS-PBQS,positive_favors_HDS,50,50,1.0,1.0,0.0,0.0,0.0,0.0,0.0,0.0,exact_mcnemar,1.0,,0,1.0,1.0
epigenomics,100,1.45,NonSharable,reference,20,small,accepted_sfc_ratio,HDS-PBQS,positive_favors_HDS,50,50,1.0,1.0,0.0,0.0,0.0,0.0,0.0,0.0,paired_t,,,0,,
epigenomics,100,1.45,NonSharable,reference,20,small,sfc_deadline_miss_rate,HDS-PBQS,negative_favors_HDS,50,50,0.0,0.0,0.0,0.0,0.0,0.0,0.0,,paired_t,,,0,,
epigenomics,100,1.45,NonSharable,reference,20,small,provisioning_cost,HDS-PBQS,negative_favors_HDS,50,50,0.08920000000000002,0.10759999999999997,-0.0184,-0.017499999999999995,-0.021416959147761927,-0.015383040852238072,-1.733275753833334,17.100371747211863,paired_t,1.54794857668123e-16,1.5469625833688807e-09,1,1.9736344352685684e-13,2.4457587511563435e-14
epigenomics,100,1.45,NonSharable,reference,20,small,makespan_s,HDS-PBQS,negative_favors_HDS,50,50,247.82788016797838,262.3140577476841,-14.48617757970571,-12.786398424647587,-16.537763613295375,-12.434591546116046,-2.00670410545821,5.522455679306276,paired_t,5.56620263871263e-19,1.7763568394002505e-15,1,8.055522291356808e-16,5.003429994631558e-17
epigenomics,100,1.45,NonSharable,reference,20,small,network_data_mb,HDS-PBQS,negative_favors_HDS,50,50,171.3456159549526,208.17034345708294,-36.824727502130344,-38.74179064730174,-42.533175062757664,-31.116279941503027,-1.8333306296401344,17.689708769550187,paired_t,1.868859886374428e-17,1.2434497875801753e-13,1,2.5640757641057153e-14,2.466895050014245e-15
epigenomics,100,1.45,NonSharable,reference,20,small,cpu_utilization,HDS-PBQS,positive_favors_HDS,50,50,0.15058246228835703,0.13508845594863228,0.015494006339724753,0.015757113031097933,0.012285044431883682,0.018702968247565822,1.3722032256042476,11.469526563851161,paired_t,5.425227430844555e-13,8.842704346534447e-12,1,6.266137682625461e-10,6.130506996854348e-11
epigenomics,100,1.45,NonSharable,reference,20,small,ram_utilization,HDS-PBQS,positive_favors_HDS,50,50,0.29636708967834674,0.2574399427284938,0.03892714694985289,0.03616333220539715,0.032697179754437304,0.04515711414526847,1.7757674173162972,15.120865292806185,paired_t,6.257746849422394e-17,2.4868995751603507e-14,1,8.372865284527163e-14,9.511775211122039e-15
epigenomics,100,1.45,NonSharable,reference,20,small,scheduler_runtime_s,HDS-PBQS,negative_favors_HDS,50,50,0.00323701435947437,0.008076202119555042,-0.004839187760080673,-0.0048793550085975,-0.00583760753915021,-0.003840767981011136,-1.3774586335319057,59.91910168225565,paired_t,4.789744109682245e-13,1.7763568394002505e-15,0,5.541733934902358e-10,2.3469746137443002e-11
epigenomics,100,1.45,Sharable,reference,20,small,global_deadline_success,HDS-PBQS,positive_favors_HDS,50,50,1.0,1.0,0.0,0.0,0.0,0.0,0.0,0.0,exact_mcnemar,1.0,,0,1.0,1.0
epigenomics,100,1.45,Sharable,reference,20,small,sfc_subdeadline_success,HDS-PBQS,positive_favors_HDS,50,50,1.0,1.0,0.0,0.0,0.0,0.0,0.0,0.0,exact_mcnemar,1.0,,0,1.0,1.0
epigenomics,100,1.45,Sharable,reference,20,small,accepted_sfc_ratio,HDS-PBQS,positive_favors_HDS,50,50,1.0,1.0,0.0,0.0,0.0,0.0,0.0,0.0,paired_t,,,0,,
epigenomics,100,1.45,Sharable,reference,20,small,sfc_deadline_miss_rate,HDS-PBQS,negative_favors_HDS,50,50,0.0,0.0,0.0,0.0,0.0,0.0,0.0,,paired_t,,,0,,
epigenomics,100,1.45,Sharable,reference,20,small,provisioning_cost,HDS-PBQS,negative_favors_HDS,50,50,0.08860000000000001,0.0824,0.0062,0.0049999999999999975,0.003408356465942277,0.008991643534057722,0.6311767539720177,-7.524271844660207,paired_t,4.7389569837509234e-05,9.10329439168175e-05,1,0.03680497707579781,0.003791165587000739
epigenomics,100,1.45,Sharable,reference,20,small,makespan_s,HDS-PBQS,negative_favors_HDS,50,50,247.66708069734526,279.22191687206595,-31.554836174720705,-32.049264065684525,-34.317990358661085,-28.791681990780326,-3.2454885321491824,11.300988306436741,paired_t,7.225949406306794e-28,1.7763568394002505e-15,1,1.2082898534114007e-24,9.677874498333992e-26
epigenomics,100,1.45,Sharable,reference,20,small,network_data_mb,HDS-PBQS,negative_favors_HDS,50,50,170.90396188920633,176.55919180855915,-5.655229919352878,-6.6705414983007785,-13.633262954062623,2.3228031153568676,-0.20145298386119437,3.2030220921517993,paired_t,0.16064335515873948,0.15714035289247086,1,1.0,1.0
epigenomics,100,1.45,Sharable,reference,20,small,cpu_utilization,HDS-PBQS,positive_favors_HDS,50,50,0.15110388553663226,0.17428523248989009,-0.023181346953257843,-0.023534007868360643,-0.0272341644159433,-0.019128529490572387,-1.6255520933099343,-13.300809610821458,paired_t,1.6202763790171882e-15,3.0020430585864233e-13,1,2.005902157223279e-12,2.203575875463376e-13
epigenomics,100,1.45,Sharable,reference,20,small,ram_utilization,HDS-PBQS,positive_favors_HDS,50,50,0.2975473191754884,0.3326456099382472,-0.03509829076275886,-0.03756192921415505,-0.042694365567205954,-0.027502215958311767,-1.3131550339934999,-10.551256266173038,paired_t,2.2234224211515604e-12,1.5448975432263978e-11,1,2.4813394220051416e-09,2.312359317997623e-10
epigenomics,100,1.45,Sharable,reference,20,small,scheduler_runtime_s,HDS-PBQS,negative_favors_HDS,50,50,0.0034584952411386865,0.007842651439277641,-0.004384156198138953,-0.005018147998271201,-0.005019344004277524,-0.0037489683920003828,-1.9615669467706838,55.90145414575206,paired_t,1.3647560178705535e-18,3.6770586575585185e-13,0,1.937953545376186e-15,1.6513547816233697e-16
epigenomics,100,1.5,NonSharable,reference,20,small,global_deadline_success,HDS-PBQS,positive_favors_HDS,50,50,1.0,1.0,0.0,0.0,0.0,0.0,0.0,0.0,exact_mcnemar,1.0,,0,1.0,1.0
epigenomics,100,1.5,NonSharable,reference,20,small,sfc_subdeadline_success,HDS-PBQS,positive_favors_HDS,50,50,1.0,1.0,0.0,0.0,0.0,0.0,0.0,0.0,exact_mcnemar,1.0,,0,1.0,1.0
epigenomics,100,1.5,NonSharable,reference,20,small,accepted_sfc_ratio,HDS-PBQS,positive_favors_HDS,50,50,1.0,1.0,0.0,0.0,0.0,0.0,0.0,0.0,paired_t,,,0,,
epigenomics,100,1.5,NonSharable,reference,20,small,sfc_deadline_miss_rate,HDS-PBQS,negative_favors_HDS,50,50,0.0,0.0,0.0,0.0,0.0,0.0,0.0,,paired_t,,,0,,
epigenomics,100,1.5,NonSharable,reference,20,small,provisioning_cost,HDS-PBQS,negative_favors_HDS,50,50,0.08920000000000002,0.10759999999999997,-0.0184,-0.017499999999999995,-0.021416959147761927,-0.015383040852238072,-1.733275753833334,17.100371747211863,paired_t,1.54794857668123e-16,1.5469625833688807e-09,1,1.9736344352685684e-13,2.4457587511563435e-14
epigenomics,100,1.5,NonSharable,reference,20,small,makespan_s,HDS-PBQS,negative_favors_HDS,50,50,247.82788016797838,262.3140577476841,-14.48617757970571,-12.786398424647587,-16.537763613295375,-12.434591546116046,-2.00670410545821,5.522455679306276,paired_t,5.56620263871263e-19,1.7763568394002505e-15,1,8.055522291356808e-16,5.003429994631558e-17
epigenomics,100,1.5,NonSharable,reference,20,small,network_data_mb,HDS-PBQS,negative_favors_HDS,50,50,171.3456159549526,208.17034345708294,-36.824727502130344,-38.74179064730174,-42.533175062757664,-31.116279941503027,-1.8333306296401344,17.689708769550187,paired_t,1.868859886374428e-17,1.2434497875801753e-13,1,2.5640757641057153e-14,2.466895050014245e-15
epigenomics,100,1.5,NonSharable,reference,20,small,cpu_utilization,HDS-PBQS,positive_favors_HDS,50,50,0.15058246228835703,0.13508845594863228,0.015494006339724753,0.015757113031097933,0.012285044431883682,0.018702968247565822,1.3722032256042476,11.469526563851161,paired_t,5.425227430844555e-13,8.842704346534447e-12,1,6.266137682625461e-10,6.130506996854348e-11
epigenomics,100,1.5,NonSharable,reference,20,small,ram_utilization,HDS-PBQS,positive_favors_HDS,50,50,0.29636708967834674,0.2574399427284938,0.03892714694985289,0.03616333220539715,0.032697179754437304,0.04515711414526847,1.7757674173162972,15.120865292806185,paired_t,6.257746849422394e-17,2.4868995751603507e-14,1,8.372865284527163e-14,9.511775211122039e-15
epigenomics,100,1.5,NonSharable,reference,20,small,scheduler_runtime_s,HDS-PBQS,negative_favors_HDS,50,50,0.0032564059372816234,0.007556463381479214,-0.0043000574441975905,-0.00475236001148,-0.004751783455125781,-0.0038483314332694004,-2.7053186545111934,56.905687583122166,paired_t,2.2387751908446857e-24,1.7763568394002505e-15,0,3.611144382832478e-21,4.858142164132968e-22
epigenomics,100,1.5,Sharable,reference,20,small,global_deadline_success,HDS-PBQS,positive_favors_HDS,50,50,1.0,1.0,0.0,0.0,0.0,0.0,0.0,0.0,exact_mcnemar,1.0,,0,1.0,1.0
epigenomics,100,1.5,Sharable,reference,20,small,sfc_subdeadline_success,HDS-PBQS,positive_favors_HDS,50,50,1.0,1.0,0.0,0.0,0.0,0.0,0.0,0.0,exact_mcnemar,1.0,,0,1.0,1.0
epigenomics,100,1.5,Sharable,reference,20,small,accepted_sfc_ratio,HDS-PBQS,positive_favors_HDS,50,50,1.0,1.0,0.0,0.0,0.0,0.0,0.0,0.0,paired_t,,,0,,
epigenomics,100,1.5,Sharable,reference,20,small,sfc_deadline_miss_rate,HDS-PBQS,negative_favors_HDS,50,50,0.0,0.0,0.0,0.0,0.0,0.0,0.0,,paired_t,,,0,,
epigenomics,100,1.5,Sharable,reference,20,small,provisioning_cost,HDS-PBQS,negative_favors_HDS,50,50,0.08860000000000001,0.0824,0.0062,0.0049999999999999975,0.003408356465942277,0.008991643534057722,0.6311767539720177,-7.524271844660207,paired_t,4.7389569837509234e-05,9.10329439168175e-05,1,0.03680497707579781,0.003791165587000739
epigenomics,100,1.5,Sharable,reference,20,small,makespan_s,HDS-PBQS,negative_favors_HDS,50,50,247.66708069734526,279.22191687206595,-31.554836174720705,-32.049264065684525,-34.317990358661085,-28.791681990780326,-3.2454885321491824,11.300988306436741,paired_t,7.225949406306794e-28,1.7763568394002505e-15,1,1.2082898534114007e-24,9.677874498333992e-26
epigenomics,100,1.5,Sharable,reference,20,small,network_data_mb,HDS-PBQS,negative_favors_HDS,50,50,170.90396188920633,176.55919180855915,-5.655229919352878,-6.6705414983007785,-13.633262954062623,2.3228031153568676,-0.20145298386119437,3.2030220921517993,paired_t,0.16064335515873948,0.15714035289247086,1,1.0,1.0
epigenomics,100,1.5,Sharable,reference,20,small,cpu_utilization,HDS-PBQS,positive_favors_HDS,50,50,0.15110388553663226,0.17428523248989009,-0.023181346953257843,-0.023534007868360643,-0.0272341644159433,-0.019128529490572387,-1.6255520933099343,-13.300809610821458,paired_t,1.6202763790171882e-15,3.0020430585864233e-13,1,2.005902157223279e-12,2.203575875463376e-13
epigenomics,100,1.5,Sharable,reference,20,small,ram_utilization,HDS-PBQS,positive_favors_HDS,50,50,0.2975473191754884,0.3326456099382472,-0.03509829076275886,-0.03756192921415505,-0.042694365567205954,-0.027502215958311767,-1.3131550339934999,-10.551256266173038,paired_t,2.2234224211515604e-12,1.5448975432263978e-11,1,2.4813394220051416e-09,2.312359317997623e-10
epigenomics,100,1.5,Sharable,reference,20,small,scheduler_runtime_s,HDS-PBQS,negative_favors_HDS,50,50,0.00337719281757013,0.007810350921790763,-0.004433158104220633,-0.004986692492821,-0.004990008296716635,-0.0038763079117246314,-2.2625287916084553,56.76003739924397,paired_t,4.336961972119852e-21,5.861977570020827e-14,0,6.475084224374939e-18,6.852399915949366e-19
epigenomics,100,1.6,NonSharable,reference,20,small,global_deadline_success,HDS-PBQS,positive_favors_HDS,50,50,1.0,1.0,0.0,0.0,0.0,0.0,0.0,0.0,exact_mcnemar,1.0,,0,1.0,1.0
epigenomics,100,1.6,NonSharable,reference,20,small,sfc_subdeadline_success,HDS-PBQS,positive_favors_HDS,50,50,1.0,1.0,0.0,0.0,0.0,0.0,0.0,0.0,exact_mcnemar,1.0,,0,1.0,1.0
epigenomics,100,1.6,NonSharable,reference,20,small,accepted_sfc_ratio,HDS-PBQS,positive_favors_HDS,50,50,1.0,1.0,0.0,0.0,0.0,0.0,0.0,0.0,paired_t,,,0,,
epigenomics,100,1.6,NonSharable,reference,20,small,sfc_deadline_miss_rate,HDS-PBQS,negative_favors_HDS,50,50,0.0,0.0,0.0,0.0,0.0,0.0,0.0,,paired_t,,,0,,
epigenomics,100,1.6,NonSharable,reference,20,small,provisioning_cost,HDS-PBQS,negative_favors_HDS,50,50,0.08920000000000002,0.10759999999999997,-0.0184,-0.017499999999999995,-0.021416959147761927,-0.015383040852238072,-1.733275753833334,17.100371747211863,paired_t,1.54794857668123e-16,1.5469625833688807e-09,1,1.9736344352685684e-13,2.4457587511563435e-14
epigenomics,100,1.6,NonSharable,reference,20,small,makespan_s,HDS-PBQS,negative_favors_HDS,50,50,247.82788016797838,262.3140577476841,-14.48617757970571,-12.786398424647587,-16.537763613295375,-12.434591546116046,-2.00670410545821,5.522455679306276,paired_t,5.56620263871263e-19,1.7763568394002505e-15,1,8.055522291356808e-16,5.003429994631558e-17
epigenomics,100,1.6,NonSharable,reference,20,small,network_data_mb,HDS-PBQS,negative_favors_HDS,50,50,171.3456159549526,208.17034345708294,-36.824727502130344,-38.74179064730174,-42.533175062757664,-31.116279941503027,-1.8333306296401344,17.689708769550187,paired_t,1.868859886374428e-17,1.2434497875801753e-13,1,2.5640757641057153e-14,2.466895050014245e-15
epigenomics,100,1.6,NonSharable,reference,20,small,cpu_utilization,HDS-PBQS,positive_favors_HDS,50,50,0.15058246228835703,0.13508845594863228,0.015494006339724753,0.015757113031097933,0.012285044431883682,0.018702968247565822,1.3722032256042476,11.469526563851161,paired_t,5.425227430844555e-13,8.842704346534447e-12,1,6.266137682625461e-10,6.130506996854348e-11
epigenomics,100,1.6,NonSharable,reference,20,small,ram_utilization,HDS-PBQS,positive_favors_HDS,50,50,0.29636708967834674,0.2574399427284938,0.03892714694985289,0.03616333220539715,0.032697179754437304,0.04515711414526847,1.7757674173162972,15.120865292806185,paired_t,6.257746849422394e-17,2.4868995751603507e-14,1,8.372865284527163e-14,9.511775211122039e-15
epigenomics,100,1.6,NonSharable,reference,20,small,scheduler_runtime_s,HDS-PBQS,negative_favors_HDS,50,50,0.003637704561406232,0.007659171361738069,-0.004021466800331838,-0.0048509040116187,-0.004826479141993277,-0.0032164544586703978,-1.4197151521627744,52.50524646075106,paired_t,1.7694293569624084e-13,5.610267805877811e-11,0,2.0596157715042435e-10,9.908804398989487e-12
epigenomics,100,1.6,Sharable,reference,20,small,global_deadline_success,HDS-PBQS,positive_favors_HDS,50,50,1.0,1.0,0.0,0.0,0.0,0.0,0.0,0.0,exact_mcnemar,1.0,,0,1.0,1.0
epigenomics,100,1.6,Sharable,reference,20,small,sfc_subdeadline_success,HDS-PBQS,positive_favors_HDS,50,50,1.0,1.0,0.0,0.0,0.0,0.0,0.0,0.0,exact_mcnemar,1.0,,0,1.0,1.0
epigenomics,100,1.6,Sharable,reference,20,small,accepted_sfc_ratio,HDS-PBQS,positive_favors_HDS,50,50,1.0,1.0,0.0,0.0,0.0,0.0,0.0,0.0,paired_t,,,0,,
epigenomics,100,1.6,Sharable,reference,20,small,sfc_deadline_miss_rate,HDS-PBQS,negative_favors_HDS,50,50,0.0,0.0,0.0,0.0,0.0,0.0,0.0,,paired_t,,,0,,
epigenomics,100,1.6,Sharable,reference,20,small,provisioning_cost,HDS-PBQS,negative_favors_HDS,50,50,0.08860000000000001,0.0824,0.0062,0.0049999999999999975,0.003408356465942277,0.008991643534057722,0.6311767539720177,-7.524271844660207,paired_t,4.7389569837509234e-05,9.10329439168175e-05,1,0.03680497707579781,0.003791165587000739
epigenomics,100,1.6,Sharable,reference,20,small,makespan_s,HDS-PBQS,negative_favors_HDS,50,50,247.66708069734526,279.22191687206595,-31.554836174720705,-32.049264065684525,-34.317990358661085,-28.791681990780326,-3.2454885321491824,11.300988306436741,paired_t,7.225949406306794e-28,1.7763568394002505e-15,1,1.2082898534114007e-24,9.677874498333992e-26
epigenomics,100,1.6,Sharable,reference,20,small,network_data_mb,HDS-PBQS,negative_favors_HDS,50,50,170.90396188920633,176.55919180855915,-5.655229919352878,-6.6705414983007785,-13.633262954062623,2.3228031153568676,-0.20145298386119437,3.2030220921517993,paired_t,0.16064335515873948,0.15714035289247086,1,1.0,1.0
epigenomics,100,1.6,Sharable,reference,20,small,cpu_utilization,HDS-PBQS,positive_favors_HDS,50,50,0.15110388553663226,0.17428523248989009,-0.023181346953257843,-0.023534007868360643,-0.0272341644159433,-0.019128529490572387,-1.6255520933099343,-13.300809610821458,paired_t,1.6202763790171882e-15,3.0020430585864233e-13,1,2.005902157223279e-12,2.203575875463376e-13
epigenomics,100,1.6,Sharable,reference,20,small,ram_utilization,HDS-PBQS,positive_favors_HDS,50,50,0.2975473191754884,0.3326456099382472,-0.03509829076275886,-0.03756192921415505,-0.042694365567205954,-0.027502215958311767,-1.3131550339934999,-10.551256266173038,paired_t,2.2234224211515604e-12,1.5448975432263978e-11,1,2.4813394220051416e-09,2.312359317997623e-10
epigenomics,100,1.6,Sharable,reference,20,small,scheduler_runtime_s,HDS-PBQS,negative_favors_HDS,50,50,0.003543132159465995,0.007736011740635106,-0.004192879581169109,-0.0049486729785713,-0.0048382381264969795,-0.0035475210358412394,-1.846420413996575,54.199498678952196,paired_t,1.423992677630933e-17,2.239985974483716e-12,0,1.957989931742533e-14,1.3670329705256956e-15
epigenomics,100,1.7,NonSharable,reference,20,small,global_deadline_success,HDS-PBQS,positive_favors_HDS,50,50,1.0,1.0,0.0,0.0,0.0,0.0,0.0,0.0,exact_mcnemar,1.0,,0,1.0,1.0
epigenomics,100,1.7,NonSharable,reference,20,small,sfc_subdeadline_success,HDS-PBQS,positive_favors_HDS,50,50,1.0,1.0,0.0,0.0,0.0,0.0,0.0,0.0,exact_mcnemar,1.0,,0,1.0,1.0
epigenomics,100,1.7,NonSharable,reference,20,small,accepted_sfc_ratio,HDS-PBQS,positive_favors_HDS,50,50,1.0,1.0,0.0,0.0,0.0,0.0,0.0,0.0,paired_t,,,0,,
epigenomics,100,1.7,NonSharable,reference,20,small,sfc_deadline_miss_rate,HDS-PBQS,negative_favors_HDS,50,50,0.0,0.0,0.0,0.0,0.0,0.0,0.0,,paired_t,,,0,,
epigenomics,100,1.7,NonSharable,reference,20,small,provisioning_cost,HDS-PBQS,negative_favors_HDS,50,50,0.08920000000000002,0.10759999999999997,-0.0184,-0.017499999999999995,-0.021416959147761927,-0.015383040852238072,-1.733275753833334,17.100371747211863,paired_t,1.54794857668123e-16,1.5469625833688807e-09,1,1.9736344352685684e-13,2.4457587511563435e-14
epigenomics,100,1.7,NonSharable,reference,20,small,makespan_s,HDS-PBQS,negative_favors_HDS,50,50,247.82788016797838,262.3140577476841,-14.48617757970571,-12.786398424647587,-16.537763613295375,-12.434591546116046,-2.00670410545821,5.522455679306276,paired_t,5.56620263871263e-19,1.7763568394002505e-15,1,8.055522291356808e-16,5.003429994631558e-17
epigenomics,100,1.7,NonSharable,reference,20,small,network_data_mb,HDS-PBQS,negative_favors_HDS,50,50,171.3456159549526,208.17034345708294,-36.824727502130344,-38.74179064730174,-42.533175062757664,-31.116279941503027,-1.8333306296401344,17.689708769550187,paired_t,1.868859886374428e-17,1.2434497875801753e-13,1,2.5640757641057153e-14,2.466895050014245e-15
epigenomics,100,1.7,NonSharable,reference,20,small,cpu_utilization,HDS-PBQS,positive_favors_HDS,50,50,0.15058246228835703,0.13508845594863228,0.015494006339724753,0.015757113031097933,0.012285044431883682,0.018702968247565822,1.3722032256042476,11.469526563851161,paired_t,5.425227430844555e-13,8.842704346534447e-12,1,6.266137682625461e-10,6.130506996854348e-11
epigenomics,100,1.7,NonSharable,reference,20,small,ram_utilization,HDS-PBQS,positive_favors_HDS,50,50,0.29636708967834674,0.2574399427284938,0.03892714694985289,0.03616333220539715,0.032697179754437304,0.04515711414526847,1.7757674173162972,15.120865292806185,paired_t,6.257746849422394e-17,2.4868995751603507e-14,1,8.372865284527163e-14,9.511775211122039e-15
epigenomics,100,1.7,NonSharable,reference,20,small,scheduler_runtime_s,HDS-PBQS,negative_favors_HDS,50,50,0.003278988700185382,0.007724658859369755,-0.0044456701591843745,-0.00489236200155575,-0.004944197695853372,-0.003947142622515377,-2.534354447606527,57.55166979046489,paired_t,3.7050041082374354e-23,1.7763568394002505e-15,0,5.783511412958636e-20,7.002457764568753e-21
epigenomics,100,1.7,Sharable,reference,20,small,global_deadline_success,HDS-PBQS,positive_favors_HDS,50,50,1.0,1.0,0.0,0.0,0.0,0.0,0.0,0.0,exact_mcnemar,1.0,,0,1.0,1.0
epigenomics,100,1.7,Sharable,reference,20,small,sfc_subdeadline_success,HDS-PBQS,positive_favors_HDS,50,50,1.0,1.0,0.0,0.0,0.0,0.0,0.0,0.0,exact_mcnemar,1.0,,0,1.0,1.0
epigenomics,100,1.7,Sharable,reference,20,small,accepted_sfc_ratio,HDS-PBQS,positive_favors_HDS,50,50,1.0,1.0,0.0,0.0,0.0,0.0,0.0,0.0,paired_t,,,0,,
epigenomics,100,1.7,Sharable,reference,20,small,sfc_deadline_miss_rate,HDS-PBQS,negative_favors_HDS,50,50,0.0,0.0,0.0,0.0,0.0,0.0,0.0,,paired_t,,,0,,
epigenomics,100,1.7,Sharable,reference,20,small,provisioning_cost,HDS-PBQS,negative_favors_HDS,50,50,0.08860000000000001,0.0824,0.0062,0.0049999999999999975,0.003408356465942277,0.008991643534057722,0.6311767539720177,-7.524271844660207,paired_t,4.7389569837509234e-05,9.10329439168175e-05,1,0.03680497707579781,0.003791165587000739
epigenomics,100,1.7,Sharable,reference,20,small,makespan_s,HDS-PBQS,negative_favors_HDS,50,50,247.66708069734526,279.22191687206595,-31.554836174720705,-32.049264065684525,-34.317990358661085,-28.791681990780326,-3.2454885321491824,11.300988306436741,paired_t,7.225949406306794e-28,1.7763568394002505e-15,1,1.2082898534114007e-24,9.677874498333992e-26
epigenomics,100,1.7,Sharable,reference,20,small,network_data_mb,HDS-PBQS,negative_favors_HDS,50,50,170.90396188920633,176.55919180855915,-5.655229919352878,-6.6705414983007785,-13.633262954062623,2.3228031153568676,-0.20145298386119437,3.2030220921517993,paired_t,0.16064335515873948,0.15714035289247086,1,1.0,1.0
epigenomics,100,1.7,Sharable,reference,20,small,cpu_utilization,HDS-PBQS,positive_favors_HDS,50,50,0.15110388553663226,0.17428523248989009,-0.023181346953257843,-0.023534007868360643,-0.0272341644159433,-0.019128529490572387,-1.6255520933099343,-13.300809610821458,paired_t,1.6202763790171882e-15,3.0020430585864233e-13,1,2.005902157223279e-12,2.203575875463376e-13
epigenomics,100,1.7,Sharable,reference,20,small,ram_utilization,HDS-PBQS,positive_favors_HDS,50,50,0.2975473191754884,0.3326456099382472,-0.03509829076275886,-0.03756192921415505,-0.042694365567205954,-0.027502215958311767,-1.3131550339934999,-10.551256266173038,paired_t,2.2234224211515604e-12,1.5448975432263978e-11,1,2.4813394220051416e-09,2.312359317997623e-10
epigenomics,100,1.7,Sharable,reference,20,small,scheduler_runtime_s,HDS-PBQS,negative_favors_HDS,50,50,0.0035098277592623584,0.00804758516103897,-0.004537757401776612,-0.0050806510062103,-0.005286235955272783,-0.0037892788482804408,-1.7229837495857965,56.38657200852501,paired_t,1.9310213109763904e-16,1.1368683772161603e-12,0,2.417638681342441e-13,1.5061966225615844e-14
epigenomics,100,1.8,NonSharable,reference,20,small,global_deadline_success,HDS-PBQS,positive_favors_HDS,50,50,1.0,1.0,0.0,0.0,0.0,0.0,0.0,0.0,exact_mcnemar,1.0,,0,1.0,1.0
epigenomics,100,1.8,NonSharable,reference,20,small,sfc_subdeadline_success,HDS-PBQS,positive_favors_HDS,50,50,1.0,1.0,0.0,0.0,0.0,0.0,0.0,0.0,exact_mcnemar,1.0,,0,1.0,1.0
epigenomics,100,1.8,NonSharable,reference,20,small,accepted_sfc_ratio,HDS-PBQS,positive_favors_HDS,50,50,1.0,1.0,0.0,0.0,0.0,0.0,0.0,0.0,paired_t,,,0,,
epigenomics,100,1.8,NonSharable,reference,20,small,sfc_deadline_miss_rate,HDS-PBQS,negative_favors_HDS,50,50,0.0,0.0,0.0,0.0,0.0,0.0,0.0,,paired_t,,,0,,
epigenomics,100,1.8,NonSharable,reference,20,small,provisioning_cost,HDS-PBQS,negative_favors_HDS,50,50,0.08920000000000002,0.10759999999999997,-0.0184,-0.017499999999999995,-0.021416959147761927,-0.015383040852238072,-1.733275753833334,17.100371747211863,paired_t,1.54794857668123e-16,1.5469625833688807e-09,1,1.9736344352685684e-13,2.4457587511563435e-14
epigenomics,100,1.8,NonSharable,reference,20,small,makespan_s,HDS-PBQS,negative_favors_HDS,50,50,247.82788016797838,262.3140577476841,-14.48617757970571,-12.786398424647587,-16.537763613295375,-12.434591546116046,-2.00670410545821,5.522455679306276,paired_t,5.56620263871263e-19,1.7763568394002505e-15,1,8.055522291356808e-16,5.003429994631558e-17
epigenomics,100,1.8,NonSharable,reference,20,small,network_data_mb,HDS-PBQS,negative_favors_HDS,50,50,171.3456159549526,208.17034345708294,-36.824727502130344,-38.74179064730174,-42.533175062757664,-31.116279941503027,-1.8333306296401344,17.689708769550187,paired_t,1.868859886374428e-17,1.2434497875801753e-13,1,2.5640757641057153e-14,2.466895050014245e-15
epigenomics,100,1.8,NonSharable,reference,20,small,cpu_utilization,HDS-PBQS,positive_favors_HDS,50,50,0.15058246228835703,0.13508845594863228,0.015494006339724753,0.015757113031097933,0.012285044431883682,0.018702968247565822,1.3722032256042476,11.469526563851161,paired_t,5.425227430844555e-13,8.842704346534447e-12,1,6.266137682625461e-10,6.130506996854348e-11
epigenomics,100,1.8,NonSharable,reference,20,small,ram_utilization,HDS-PBQS,positive_favors_HDS,50,50,0.29636708967834674,0.2574399427284938,0.03892714694985289,0.03616333220539715,0.032697179754437304,0.04515711414526847,1.7757674173162972,15.120865292806185,paired_t,6.257746849422394e-17,2.4868995751603507e-14,1,8.372865284527163e-14,9.511775211122039e-15
epigenomics,100,1.8,NonSharable,reference,20,small,scheduler_runtime_s,HDS-PBQS,negative_favors_HDS,50,50,0.0031606774209648842,0.007488692240221956,-0.004328014819257072,-0.0048469990069862,-0.004769395531312686,-0.0038866341072014573,-2.7867284830896666,57.794000346431574,paired_t,6.169457028886933e-25,1.7763568394002505e-15,0,1.0031537128970153e-21,1.3696194604128992e-22
epigenomics,100,1.8,Sharable,reference,20,small,global_deadline_success,HDS-PBQS,positive_favors_HDS,50,50,1.0,1.0,0.0,0.0,0.0,0.0,0.0,0.0,exact_mcnemar,1.0,,0,1.0,1.0
epigenomics,100,1.8,Sharable,reference,20,small,sfc_subdeadline_success,HDS-PBQS,positive_favors_HDS,50,50,1.0,1.0,0.0,0.0,0.0,0.0,0.0,0.0,exact_mcnemar,1.0,,0,1.0,1.0
epigenomics,100,1.8,Sharable,reference,20,small,accepted_sfc_ratio,HDS-PBQS,positive_favors_HDS,50,50,1.0,1.0,0.0,0.0,0.0,0.0,0.0,0.0,paired_t,,,0,,
epigenomics,100,1.8,Sharable,reference,20,small,sfc_deadline_miss_rate,HDS-PBQS,negative_favors_HDS,50,50,0.0,0.0,0.0,0.0,0.0,0.0,0.0,,paired_t,,,0,,
epigenomics,100,1.8,Sharable,reference,20,small,provisioning_cost,HDS-PBQS,negative_favors_HDS,50,50,0.08860000000000001,0.0824,0.0062,0.0049999999999999975,0.003408356465942277,0.008991643534057722,0.6311767539720177,-7.524271844660207,paired_t,4.7389569837509234e-05,9.10329439168175e-05,1,0.03680497707579781,0.003791165587000739
epigenomics,100,1.8,Sharable,reference,20,small,makespan_s,HDS-PBQS,negative_favors_HDS,50,50,247.66708069734526,279.22191687206595,-31.554836174720705,-32.049264065684525,-34.317990358661085,-28.791681990780326,-3.2454885321491824,11.300988306436741,paired_t,7.225949406306794e-28,1.7763568394002505e-15,1,1.2082898534114007e-24,9.677874498333992e-26
epigenomics,100,1.8,Sharable,reference,20,small,network_data_mb,HDS-PBQS,negative_favors_HDS,50,50,170.90396188920633,176.55919180855915,-5.655229919352878,-6.6705414983007785,-13.633262954062623,2.3228031153568676,-0.20145298386119437,3.2030220921517993,paired_t,0.16064335515873948,0.15714035289247086,1,1.0,1.0
epigenomics,100,1.8,Sharable,reference,20,small,cpu_utilization,HDS-PBQS,positive_favors_HDS,50,50,0.15110388553663226,0.17428523248989009,-0.023181346953257843,-0.023534007868360643,-0.0272341644159433,-0.019128529490572387,-1.6255520933099343,-13.300809610821458,paired_t,1.6202763790171882e-15,3.0020430585864233e-13,1,2.005902157223279e-12,2.203575875463376e-13
epigenomics,100,1.8,Sharable,reference,20,small,ram_utilization,HDS-PBQS,positive_favors_HDS,50,50,0.2975473191754884,0.3326456099382472,-0.03509829076275886,-0.03756192921415505,-0.042694365567205954,-0.027502215958311767,-1.3131550339934999,-10.551256266173038,paired_t,2.2234224211515604e-12,1.5448975432263978e-11,1,2.4813394220051416e-09,2.312359317997623e-10
epigenomics,100,1.8,Sharable,reference,20,small,scheduler_runtime_s,HDS-PBQS,negative_favors_HDS,50,50,0.003402380080078678,0.007563863978575628,-0.004161483898496949,-0.0049406950001866495,-0.004750368098747413,-0.0035725996982464863,-2.008341602043201,55.017963177077256,paired_t,5.389274219045553e-19,1.6058265828178264e-12,0,7.814447617616052e-16,6.898271000378308e-17
epigenomics,100,1.9,NonSharable,reference,20,small,global_deadline_success,HDS-PBQS,positive_favors_HDS,50,50,1.0,1.0,0.0,0.0,0.0,0.0,0.0,0.0,exact_mcnemar,1.0,,0,1.0,1.0
epigenomics,100,1.9,NonSharable,reference,20,small,sfc_subdeadline_success,HDS-PBQS,positive_favors_HDS,50,50,1.0,1.0,0.0,0.0,0.0,0.0,0.0,0.0,exact_mcnemar,1.0,,0,1.0,1.0
epigenomics,100,1.9,NonSharable,reference,20,small,accepted_sfc_ratio,HDS-PBQS,positive_favors_HDS,50,50,1.0,1.0,0.0,0.0,0.0,0.0,0.0,0.0,paired_t,,,0,,
epigenomics,100,1.9,NonSharable,reference,20,small,sfc_deadline_miss_rate,HDS-PBQS,negative_favors_HDS,50,50,0.0,0.0,0.0,0.0,0.0,0.0,0.0,,paired_t,,,0,,
epigenomics,100,1.9,NonSharable,reference,20,small,provisioning_cost,HDS-PBQS,negative_favors_HDS,50,50,0.08920000000000002,0.10759999999999997,-0.0184,-0.017499999999999995,-0.021416959147761927,-0.015383040852238072,-1.733275753833334,17.100371747211863,paired_t,1.54794857668123e-16,1.5469625833688807e-09,1,1.9736344352685684e-13,2.4457587511563435e-14
epigenomics,100,1.9,NonSharable,reference,20,small,makespan_s,HDS-PBQS,negative_favors_HDS,50,50,247.82788016797838,262.3140577476841,-14.48617757970571,-12.786398424647587,-16.537763613295375,-12.434591546116046,-2.00670410545821,5.522455679306276,paired_t,5.56620263871263e-19,1.7763568394002505e-15,1,8.055522291356808e-16,5.003429994631558e-17
epigenomics,100,1.9,NonSharable,reference,20,small,network_data_mb,HDS-PBQS,negative_favors_HDS,50,50,171.3456159549526,208.17034345708294,-36.824727502130344,-38.74179064730174,-42.533175062757664,-31.116279941503027,-1.8333306296401344,17.689708769550187,paired_t,1.868859886374428e-17,1.2434497875801753e-13,1,2.5640757641057153e-14,2.466895050014245e-15
epigenomics,100,1.9,NonSharable,reference,20,small,cpu_utilization,HDS-PBQS,positive_favors_HDS,50,50,0.15058246228835703,0.13508845594863228,0.015494006339724753,0.015757113031097933,0.012285044431883682,0.018702968247565822,1.3722032256042476,11.469526563851161,paired_t,5.425227430844555e-13,8.842704346534447e-12,1,6.266137682625461e-10,6.130506996854348e-11
epigenomics,100,1.9,NonSharable,reference,20,small,ram_utilization,HDS-PBQS,positive_favors_HDS,50,50,0.29636708967834674,0.2574399427284938,0.03892714694985289,0.03616333220539715,0.032697179754437304,0.04515711414526847,1.7757674173162972,15.120865292806185,paired_t,6.257746849422394e-17,2.4868995751603507e-14,1,8.372865284527163e-14,9.511775211122039e-15
epigenomics,100,1.9,NonSharable,reference,20,small,scheduler_runtime_s,HDS-PBQS,negative_favors_HDS,50,50,0.0035753903584554336,0.007441683238939683,-0.00386629288048425,-0.004664666492317299,-0.0046922218406322425,-0.0030403639203362576,-1.3303665715538866,51.954547866984086,paired_t,1.4709015880243776e-12,9.07522945681194e-11,0,1.651822483351376e-09,6.471966987307261e-11
epigenomics,100,1.9,Sharable,reference,20,small,global_deadline_success,HDS-PBQS,positive_favors_HDS,50,50,1.0,1.0,0.0,0.0,0.0,0.0,0.0,0.0,exact_mcnemar,1.0,,0,1.0,1.0
epigenomics,100,1.9,Sharable,reference,20,small,sfc_subdeadline_success,HDS-PBQS,positive_favors_HDS,50,50,1.0,1.0,0.0,0.0,0.0,0.0,0.0,0.0,exact_mcnemar,1.0,,0,1.0,1.0
epigenomics,100,1.9,Sharable,reference,20,small,accepted_sfc_ratio,HDS-PBQS,positive_favors_HDS,50,50,1.0,1.0,0.0,0.0,0.0,0.0,0.0,0.0,paired_t,,,0,,
epigenomics,100,1.9,Sharable,reference,20,small,sfc_deadline_miss_rate,HDS-PBQS,negative_favors_HDS,50,50,0.0,0.0,0.0,0.0,0.0,0.0,0.0,,paired_t,,,0,,
epigenomics,100,1.9,Sharable,reference,20,small,provisioning_cost,HDS-PBQS,negative_favors_HDS,50,50,0.08860000000000001,0.0824,0.0062,0.0049999999999999975,0.003408356465942277,0.008991643534057722,0.6311767539720177,-7.524271844660207,paired_t,4.7389569837509234e-05,9.10329439168175e-05,1,0.03680497707579781,0.003791165587000739
epigenomics,100,1.9,Sharable,reference,20,small,makespan_s,HDS-PBQS,negative_favors_HDS,50,50,247.66708069734526,279.22191687206595,-31.554836174720705,-32.049264065684525,-34.317990358661085,-28.791681990780326,-3.2454885321491824,11.300988306436741,paired_t,7.225949406306794e-28,1.7763568394002505e-15,1,1.2082898534114007e-24,9.677874498333992e-26
epigenomics,100,1.9,Sharable,reference,20,small,network_data_mb,HDS-PBQS,negative_favors_HDS,50,50,170.90396188920633,176.55919180855915,-5.655229919352878,-6.6705414983007785,-13.633262954062623,2.3228031153568676,-0.20145298386119437,3.2030220921517993,paired_t,0.16064335515873948,0.15714035289247086,1,1.0,1.0
epigenomics,100,1.9,Sharable,reference,20,small,cpu_utilization,HDS-PBQS,positive_favors_HDS,50,50,0.15110388553663226,0.17428523248989009,-0.023181346953257843,-0.023534007868360643,-0.0272341644159433,-0.019128529490572387,-1.6255520933099343,-13.300809610821458,paired_t,1.6202763790171882e-15,3.0020430585864233e-13,1,2.005902157223279e-12,2.203575875463376e-13
epigenomics,100,1.9,Sharable,reference,20,small,ram_utilization,HDS-PBQS,positive_favors_HDS,50,50,0.2975473191754884,0.3326456099382472,-0.03509829076275886,-0.03756192921415505,-0.042694365567205954,-0.027502215958311767,-1.3131550339934999,-10.551256266173038,paired_t,2.2234224211515604e-12,1.5448975432263978e-11,1,2.4813394220051416e-09,2.312359317997623e-10
epigenomics,100,1.9,Sharable,reference,20,small,scheduler_runtime_s,HDS-PBQS,negative_favors_HDS,50,50,0.0033820474994717643,0.00754730713801104,-0.004165259638539275,-0.0049089484982686995,-0.0047140209204911835,-0.0036164983565873674,-2.157137776531186,55.18868600909962,paired_t,3.060602353846122e-20,1.2434497875801753e-13,0,4.5296914836922605e-17,4.4378734130768774e-18
epigenomics,100,2.0,NonSharable,reference,20,small,global_deadline_success,HDS-PBQS,positive_favors_HDS,50,50,1.0,1.0,0.0,0.0,0.0,0.0,0.0,0.0,exact_mcnemar,1.0,,0,1.0,1.0
epigenomics,100,2.0,NonSharable,reference,20,small,sfc_subdeadline_success,HDS-PBQS,positive_favors_HDS,50,50,1.0,1.0,0.0,0.0,0.0,0.0,0.0,0.0,exact_mcnemar,1.0,,0,1.0,1.0
epigenomics,100,2.0,NonSharable,reference,20,small,accepted_sfc_ratio,HDS-PBQS,positive_favors_HDS,50,50,1.0,1.0,0.0,0.0,0.0,0.0,0.0,0.0,paired_t,,,0,,
epigenomics,100,2.0,NonSharable,reference,20,small,sfc_deadline_miss_rate,HDS-PBQS,negative_favors_HDS,50,50,0.0,0.0,0.0,0.0,0.0,0.0,0.0,,paired_t,,,0,,
epigenomics,100,2.0,NonSharable,reference,20,small,provisioning_cost,HDS-PBQS,negative_favors_HDS,50,50,0.08920000000000002,0.10759999999999997,-0.0184,-0.017499999999999995,-0.021416959147761927,-0.015383040852238072,-1.733275753833334,17.100371747211863,paired_t,1.54794857668123e-16,1.5469625833688807e-09,1,1.9736344352685684e-13,2.4457587511563435e-14
epigenomics,100,2.0,NonSharable,reference,20,small,makespan_s,HDS-PBQS,negative_favors_HDS,50,50,247.82788016797838,262.3140577476841,-14.48617757970571,-12.786398424647587,-16.537763613295375,-12.434591546116046,-2.00670410545821,5.522455679306276,paired_t,5.56620263871263e-19,1.7763568394002505e-15,1,8.055522291356808e-16,5.003429994631558e-17
epigenomics,100,2.0,NonSharable,reference,20,small,network_data_mb,HDS-PBQS,negative_favors_HDS,50,50,171.3456159549526,208.17034345708294,-36.824727502130344,-38.74179064730174,-42.533175062757664,-31.116279941503027,-1.8333306296401344,17.689708769550187,paired_t,1.868859886374428e-17,1.2434497875801753e-13,1,2.5640757641057153e-14,2.466895050014245e-15
epigenomics,100,2.0,NonSharable,reference,20,small,cpu_utilization,HDS-PBQS,positive_favors_HDS,50,50,0.15058246228835703,0.13508845594863228,0.015494006339724753,0.015757113031097933,0.012285044431883682,0.018702968247565822,1.3722032256042476,11.469526563851161,paired_t,5.425227430844555e-13,8.842704346534447e-12,1,6.266137682625461e-10,6.130506996854348e-11
epigenomics,100,2.0,NonSharable,reference,20,small,ram_utilization,HDS-PBQS,positive_favors_HDS,50,50,0.29636708967834674,0.2574399427284938,0.03892714694985289,0.03616333220539715,0.032697179754437304,0.04515711414526847,1.7757674173162972,15.120865292806185,paired_t,6.257746849422394e-17,2.4868995751603507e-14,1,8.372865284527163e-14,9.511775211122039e-15
epigenomics,100,2.0,NonSharable,reference,20,small,scheduler_runtime_s,HDS-PBQS,negative_favors_HDS,50,50,0.003425848096667272,0.008178390700486433,-0.00475254260381916,-0.004740437512737099,-0.006216263529950167,-0.003288821677688153,-0.922756271022941,58.11097534795556,paired_t,3.614184983199913e-08,1.2434497875801753e-13,0,3.252766484879921e-05,1.2288228942879703e-06
epigenomics,100,2.0,Sharable,reference,20,small,global_deadline_success,HDS-PBQS,positive_favors_HDS,50,50,1.0,1.0,0.0,0.0,0.0,0.0,0.0,0.0,exact_mcnemar,1.0,,0,1.0,1.0
epigenomics,100,2.0,Sharable,reference,20,small,sfc_subdeadline_success,HDS-PBQS,positive_favors_HDS,50,50,1.0,1.0,0.0,0.0,0.0,0.0,0.0,0.0,exact_mcnemar,1.0,,0,1.0,1.0
epigenomics,100,2.0,Sharable,reference,20,small,accepted_sfc_ratio,HDS-PBQS,positive_favors_HDS,50,50,1.0,1.0,0.0,0.0,0.0,0.0,0.0,0.0,paired_t,,,0,,
epigenomics,100,2.0,Sharable,reference,20,small,sfc_deadline_miss_rate,HDS-PBQS,negative_favors_HDS,50,50,0.0,0.0,0.0,0.0,0.0,0.0,0.0,,paired_t,,,0,,
epigenomics,100,2.0,Sharable,reference,20,small,provisioning_cost,HDS-PBQS,negative_favors_HDS,50,50,0.08860000000000001,0.0824,0.0062,0.0049999999999999975,0.003408356465942277,0.008991643534057722,0.6311767539720177,-7.524271844660207,paired_t,4.7389569837509234e-05,9.10329439168175e-05,1,0.03680497707579781,0.003791165587000739
epigenomics,100,2.0,Sharable,reference,20,small,makespan_s,HDS-PBQS,negative_favors_HDS,50,50,247.66708069734526,279.22191687206595,-31.554836174720705,-32.049264065684525,-34.317990358661085,-28.791681990780326,-3.2454885321491824,11.300988306436741,paired_t,7.225949406306794e-28,1.7763568394002505e-15,1,1.2082898534114007e-24,9.677874498333992e-26
epigenomics,100,2.0,Sharable,reference,20,small,network_data_mb,HDS-PBQS,negative_favors_HDS,50,50,170.90396188920633,176.55919180855915,-5.655229919352878,-6.6705414983007785,-13.633262954062623,2.3228031153568676,-0.20145298386119437,3.2030220921517993,paired_t,0.16064335515873948,0.15714035289247086,1,1.0,1.0
epigenomics,100,2.0,Sharable,reference,20,small,cpu_utilization,HDS-PBQS,positive_favors_HDS,50,50,0.15110388553663226,0.17428523248989009,-0.023181346953257843,-0.023534007868360643,-0.0272341644159433,-0.019128529490572387,-1.6255520933099343,-13.300809610821458,paired_t,1.6202763790171882e-15,3.0020430585864233e-13,1,2.005902157223279e-12,2.203575875463376e-13
epigenomics,100,2.0,Sharable,reference,20,small,ram_utilization,HDS-PBQS,positive_favors_HDS,50,50,0.2975473191754884,0.3326456099382472,-0.03509829076275886,-0.03756192921415505,-0.042694365567205954,-0.027502215958311767,-1.3131550339934999,-10.551256266173038,paired_t,2.2234224211515604e-12,1.5448975432263978e-11,1,2.4813394220051416e-09,2.312359317997623e-10
epigenomics,100,2.0,Sharable,reference,20,small,scheduler_runtime_s,HDS-PBQS,negative_favors_HDS,50,50,0.0037097491015446837,0.007685435879393432,-0.003975686777848749,-0.0049107389859273,-0.004771824023607552,-0.003179549532089946,-1.4191996250893553,51.73014049220753,paired_t,1.7909425567945983e-13,2.8132163265581767e-10,0,2.0828661935521178e-10,9.908804398989487e-12
epigenomics,100,2.25,NonSharable,reference,20,small,global_deadline_success,HDS-PBQS,positive_favors_HDS,50,50,1.0,1.0,0.0,0.0,0.0,0.0,0.0,0.0,exact_mcnemar,1.0,,0,1.0,1.0
epigenomics,100,2.25,NonSharable,reference,20,small,sfc_subdeadline_success,HDS-PBQS,positive_favors_HDS,50,50,1.0,1.0,0.0,0.0,0.0,0.0,0.0,0.0,exact_mcnemar,1.0,,0,1.0,1.0
epigenomics,100,2.25,NonSharable,reference,20,small,accepted_sfc_ratio,HDS-PBQS,positive_favors_HDS,50,50,1.0,1.0,0.0,0.0,0.0,0.0,0.0,0.0,paired_t,,,0,,
epigenomics,100,2.25,NonSharable,reference,20,small,sfc_deadline_miss_rate,HDS-PBQS,negative_favors_HDS,50,50,0.0,0.0,0.0,0.0,0.0,0.0,0.0,,paired_t,,,0,,
epigenomics,100,2.25,NonSharable,reference,20,small,provisioning_cost,HDS-PBQS,negative_favors_HDS,50,50,0.08920000000000002,0.10759999999999997,-0.0184,-0.017499999999999995,-0.021416959147761927,-0.015383040852238072,-1.733275753833334,17.100371747211863,paired_t,1.54794857668123e-16,1.5469625833688807e-09,1,1.9736344352685684e-13,2.4457587511563435e-14
epigenomics,100,2.25,NonSharable,reference,20,small,makespan_s,HDS-PBQS,negative_favors_HDS,50,50,247.82788016797838,262.3140577476841,-14.48617757970571,-12.786398424647587,-16.537763613295375,-12.434591546116046,-2.00670410545821,5.522455679306276,paired_t,5.56620263871263e-19,1.7763568394002505e-15,1,8.055522291356808e-16,5.003429994631558e-17
epigenomics,100,2.25,NonSharable,reference,20,small,network_data_mb,HDS-PBQS,negative_favors_HDS,50,50,171.3456159549526,208.17034345708294,-36.824727502130344,-38.74179064730174,-42.533175062757664,-31.116279941503027,-1.8333306296401344,17.689708769550187,paired_t,1.868859886374428e-17,1.2434497875801753e-13,1,2.5640757641057153e-14,2.466895050014245e-15
epigenomics,100,2.25,NonSharable,reference,20,small,cpu_utilization,HDS-PBQS,positive_favors_HDS,50,50,0.15058246228835703,0.13508845594863228,0.015494006339724753,0.015757113031097933,0.012285044431883682,0.018702968247565822,1.3722032256042476,11.469526563851161,paired_t,5.425227430844555e-13,8.842704346534447e-12,1,6.266137682625461e-10,6.130506996854348e-11
epigenomics,100,2.25,NonSharable,reference,20,small,ram_utilization,HDS-PBQS,positive_favors_HDS,50,50,0.29636708967834674,0.2574399427284938,0.03892714694985289,0.03616333220539715,0.032697179754437304,0.04515711414526847,1.7757674173162972,15.120865292806185,paired_t,6.257746849422394e-17,2.4868995751603507e-14,1,8.372865284527163e-14,9.511775211122039e-15
epigenomics,100,2.25,NonSharable,reference,20,small,scheduler_runtime_s,HDS-PBQS,negative_favors_HDS,50,50,0.003278563698840976,0.007593621760097394,-0.0043150580612564176,-0.0047556304998579504,-0.004750476650500881,-0.003879639472011954,-2.8164298966162438,56.82476949182513,paired_t,3.883216417041673e-25,1.7763568394002505e-15,0,6.325759543360885e-22,8.659572610002931e-23
epigenomics,100,2.25,Sharable,reference,20,small,global_deadline_success,HDS-PBQS,positive_favors_HDS,50,50,1.0,1.0,0.0,0.0,0.0,0.0,0.0,0.0,exact_mcnemar,1.0,,0,1.0,1.0
epigenomics,100,2.25,Sharable,reference,20,small,sfc_subdeadline_success,HDS-PBQS,positive_favors_HDS,50,50,1.0,1.0,0.0,0.0,0.0,0.0,0.0,0.0,exact_mcnemar,1.0,,0,1.0,1.0
epigenomics,100,2.25,Sharable,reference,20,small,accepted_sfc_ratio,HDS-PBQS,positive_favors_HDS,50,50,1.0,1.0,0.0,0.0,0.0,0.0,0.0,0.0,paired_t,,,0,,
epigenomics,100,2.25,Sharable,reference,20,small,sfc_deadline_miss_rate,HDS-PBQS,negative_favors_HDS,50,50,0.0,0.0,0.0,0.0,0.0,0.0,0.0,,paired_t,,,0,,
epigenomics,100,2.25,Sharable,reference,20,small,provisioning_cost,HDS-PBQS,negative_favors_HDS,50,50,0.08860000000000001,0.0824,0.0062,0.0049999999999999975,0.003408356465942277,0.008991643534057722,0.6311767539720177,-7.524271844660207,paired_t,4.7389569837509234e-05,9.10329439168175e-05,1,0.03680497707579781,0.003791165587000739
epigenomics,100,2.25,Sharable,reference,20,small,makespan_s,HDS-PBQS,negative_favors_HDS,50,50,247.66708069734526,279.22191687206595,-31.554836174720705,-32.049264065684525,-34.317990358661085,-28.791681990780326,-3.2454885321491824,11.300988306436741,paired_t,7.225949406306794e-28,1.7763568394002505e-15,1,1.2082898534114007e-24,9.677874498333992e-26
epigenomics,100,2.25,Sharable,reference,20,small,network_data_mb,HDS-PBQS,negative_favors_HDS,50,50,170.90396188920633,176.55919180855915,-5.655229919352878,-6.6705414983007785,-13.633262954062623,2.3228031153568676,-0.20145298386119437,3.2030220921517993,paired_t,0.16064335515873948,0.15714035289247086,1,1.0,1.0
epigenomics,100,2.25,Sharable,reference,20,small,cpu_utilization,HDS-PBQS,positive_favors_HDS,50,50,0.15110388553663226,0.17428523248989009,-0.023181346953257843,-0.023534007868360643,-0.0272341644159433,-0.019128529490572387,-1.6255520933099343,-13.300809610821458,paired_t,1.6202763790171882e-15,3.0020430585864233e-13,1,2.005902157223279e-12,2.203575875463376e-13
epigenomics,100,2.25,Sharable,reference,20,small,ram_utilization,HDS-PBQS,positive_favors_HDS,50,50,0.2975473191754884,0.3326456099382472,-0.03509829076275886,-0.03756192921415505,-0.042694365567205954,-0.027502215958311767,-1.3131550339934999,-10.551256266173038,paired_t,2.2234224211515604e-12,1.5448975432263978e-11,1,2.4813394220051416e-09,2.312359317997623e-10
epigenomics,100,2.25,Sharable,reference,20,small,scheduler_runtime_s,HDS-PBQS,negative_favors_HDS,50,50,0.0038681378994078323,0.007827347280326599,-0.003959209380918765,-0.0047690139926999005,-0.004788349440007641,-0.0031300693218298896,-1.3570624696902969,50.58175189019551,paired_t,7.774679991417133e-13,1.192391962945294e-09,0,8.793163070292777e-10,3.6540995959660525e-11
epigenomics,100,2.5,NonSharable,reference,20,small,global_deadline_success,HDS-PBQS,positive_favors_HDS,50,50,1.0,1.0,0.0,0.0,0.0,0.0,0.0,0.0,exact_mcnemar,1.0,,0,1.0,1.0
epigenomics,100,2.5,NonSharable,reference,20,small,sfc_subdeadline_success,HDS-PBQS,positive_favors_HDS,50,50,1.0,1.0,0.0,0.0,0.0,0.0,0.0,0.0,exact_mcnemar,1.0,,0,1.0,1.0
epigenomics,100,2.5,NonSharable,reference,20,small,accepted_sfc_ratio,HDS-PBQS,positive_favors_HDS,50,50,1.0,1.0,0.0,0.0,0.0,0.0,0.0,0.0,paired_t,,,0,,
epigenomics,100,2.5,NonSharable,reference,20,small,sfc_deadline_miss_rate,HDS-PBQS,negative_favors_HDS,50,50,0.0,0.0,0.0,0.0,0.0,0.0,0.0,,paired_t,,,0,,
epigenomics,100,2.5,NonSharable,reference,20,small,provisioning_cost,HDS-PBQS,negative_favors_HDS,50,50,0.08920000000000002,0.10759999999999997,-0.0184,-0.017499999999999995,-0.021416959147761927,-0.015383040852238072,-1.733275753833334,17.100371747211863,paired_t,1.54794857668123e-16,1.5469625833688807e-09,1,1.9736344352685684e-13,2.4457587511563435e-14
epigenomics,100,2.5,NonSharable,reference,20,small,makespan_s,HDS-PBQS,negative_favors_HDS,50,50,247.82788016797838,262.3140577476841,-14.48617757970571,-12.786398424647587,-16.537763613295375,-12.434591546116046,-2.00670410545821,5.522455679306276,paired_t,5.56620263871263e-19,1.7763568394002505e-15,1,8.055522291356808e-16,5.003429994631558e-17
epigenomics,100,2.5,NonSharable,reference,20,small,network_data_mb,HDS-PBQS,negative_favors_HDS,50,50,171.3456159549526,208.17034345708294,-36.824727502130344,-38.74179064730174,-42.533175062757664,-31.116279941503027,-1.8333306296401344,17.689708769550187,paired_t,1.868859886374428e-17,1.2434497875801753e-13,1,2.5640757641057153e-14,2.466895050014245e-15
epigenomics,100,2.5,NonSharable,reference,20,small,cpu_utilization,HDS-PBQS,positive_favors_HDS,50,50,0.15058246228835703,0.13508845594863228,0.015494006339724753,0.015757113031097933,0.012285044431883682,0.018702968247565822,1.3722032256042476,11.469526563851161,paired_t,5.425227430844555e-13,8.842704346534447e-12,1,6.266137682625461e-10,6.130506996854348e-11
epigenomics,100,2.5,NonSharable,reference,20,small,ram_utilization,HDS-PBQS,positive_favors_HDS,50,50,0.29636708967834674,0.2574399427284938,0.03892714694985289,0.03616333220539715,0.032697179754437304,0.04515711414526847,1.7757674173162972,15.120865292806185,paired_t,6.257746849422394e-17,2.4868995751603507e-14,1,8.372865284527163e-14,9.511775211122039e-15
epigenomics,100,2.5,NonSharable,reference,20,small,scheduler_runtime_s,HDS-PBQS,negative_favors_HDS,50,50,0.00326722256024363,0.007551626518252252,-0.004284403958008622,-0.0047283090043493,-0.004739125949188075,-0.0038296819668291694,-2.67771112054923,56.734849739367206,paired_t,3.4896941291747254e-24,1.7763568394002505e-15,0,5.6079384655837835e-21,7.433048495142165e-22
epigenomics,100,2.5,Sharable,reference,20,small,global_deadline_success,HDS-PBQS,positive_favors_HDS,50,50,1.0,1.0,0.0,0.0,0.0,0.0,0.0,0.0,exact_mcnemar,1.0,,0,1.0,1.0
epigenomics,100,2.5,Sharable,reference,20,small,sfc_subdeadline_success,HDS-PBQS,positive_favors_HDS,50,50,1.0,1.0,0.0,0.0,0.0,0.0,0.0,0.0,exact_mcnemar,1.0,,0,1.0,1.0
epigenomics,100,2.5,Sharable,reference,20,small,accepted_sfc_ratio,HDS-PBQS,positive_favors_HDS,50,50,1.0,1.0,0.0,0.0,0.0,0.0,0.0,0.0,paired_t,,,0,,
epigenomics,100,2.5,Sharable,reference,20,small,sfc_deadline_miss_rate,HDS-PBQS,negative_favors_HDS,50,50,0.0,0.0,0.0,0.0,0.0,0.0,0.0,,paired_t,,,0,,
epigenomics,100,2.5,Sharable,reference,20,small,provisioning_cost,HDS-PBQS,negative_favors_HDS,50,50,0.08860000000000001,0.0824,0.0062,0.0049999999999999975,0.003408356465942277,0.008991643534057722,0.6311767539720177,-7.524271844660207,paired_t,4.7389569837509234e-05,9.10329439168175e-05,1,0.03680497707579781,0.003791165587000739
epigenomics,100,2.5,Sharable,reference,20,small,makespan_s,HDS-PBQS,negative_favors_HDS,50,50,247.66708069734526,279.22191687206595,-31.554836174720705,-32.049264065684525,-34.317990358661085,-28.791681990780326,-3.2454885321491824,11.300988306436741,paired_t,7.225949406306794e-28,1.7763568394002505e-15,1,1.2082898534114007e-24,9.677874498333992e-26
epigenomics,100,2.5,Sharable,reference,20,small,network_data_mb,HDS-PBQS,negative_favors_HDS,50,50,170.90396188920633,176.55919180855915,-5.655229919352878,-6.6705414983007785,-13.633262954062623,2.3228031153568676,-0.20145298386119437,3.2030220921517993,paired_t,0.16064335515873948,0.15714035289247086,1,1.0,1.0
epigenomics,100,2.5,Sharable,reference,20,small,cpu_utilization,HDS-PBQS,positive_favors_HDS,50,50,0.15110388553663226,0.17428523248989009,-0.023181346953257843,-0.023534007868360643,-0.0272341644159433,-0.019128529490572387,-1.6255520933099343,-13.300809610821458,paired_t,1.6202763790171882e-15,3.0020430585864233e-13,1,2.005902157223279e-12,2.203575875463376e-13
epigenomics,100,2.5,Sharable,reference,20,small,ram_utilization,HDS-PBQS,positive_favors_HDS,50,50,0.2975473191754884,0.3326456099382472,-0.03509829076275886,-0.03756192921415505,-0.042694365567205954,-0.027502215958311767,-1.3131550339934999,-10.551256266173038,paired_t,2.2234224211515604e-12,1.5448975432263978e-11,1,2.4813394220051416e-09,2.312359317997623e-10
epigenomics,100,2.5,Sharable,reference,20,small,scheduler_runtime_s,HDS-PBQS,negative_favors_HDS,50,50,0.00353562731892448,0.007753816777694684,-0.004218189458770203,-0.0049009559916158,-0.004809325461247023,-0.0036270534562933827,-2.0279532544877164,54.401459045364874,paired_t,3.664900153862577e-19,6.590283874174929e-13,0,5.328764823716187e-16,4.76437020002135e-17
epigenomics,100,2.75,NonSharable,reference,20,small,global_deadline_success,HDS-PBQS,positive_favors_HDS,50,50,1.0,1.0,0.0,0.0,0.0,0.0,0.0,0.0,exact_mcnemar,1.0,,0,1.0,1.0
epigenomics,100,2.75,NonSharable,reference,20,small,sfc_subdeadline_success,HDS-PBQS,positive_favors_HDS,50,50,1.0,1.0,0.0,0.0,0.0,0.0,0.0,0.0,exact_mcnemar,1.0,,0,1.0,1.0
epigenomics,100,2.75,NonSharable,reference,20,small,accepted_sfc_ratio,HDS-PBQS,positive_favors_HDS,50,50,1.0,1.0,0.0,0.0,0.0,0.0,0.0,0.0,paired_t,,,0,,
epigenomics,100,2.75,NonSharable,reference,20,small,sfc_deadline_miss_rate,HDS-PBQS,negative_favors_HDS,50,50,0.0,0.0,0.0,0.0,0.0,0.0,0.0,,paired_t,,,0,,
epigenomics,100,2.75,NonSharable,reference,20,small,provisioning_cost,HDS-PBQS,negative_favors_HDS,50,50,0.08920000000000002,0.10759999999999997,-0.0184,-0.017499999999999995,-0.021416959147761927,-0.015383040852238072,-1.733275753833334,17.100371747211863,paired_t,1.54794857668123e-16,1.5469625833688807e-09,1,1.9736344352685684e-13,2.4457587511563435e-14
epigenomics,100,2.75,NonSharable,reference,20,small,makespan_s,HDS-PBQS,negative_favors_HDS,50,50,247.82788016797838,262.3140577476841,-14.48617757970571,-12.786398424647587,-16.537763613295375,-12.434591546116046,-2.00670410545821,5.522455679306276,paired_t,5.56620263871263e-19,1.7763568394002505e-15,1,8.055522291356808e-16,5.003429994631558e-17
epigenomics,100,2.75,NonSharable,reference,20,small,network_data_mb,HDS-PBQS,negative_favors_HDS,50,50,171.3456159549526,208.17034345708294,-36.824727502130344,-38.74179064730174,-42.533175062757664,-31.116279941503027,-1.8333306296401344,17.689708769550187,paired_t,1.868859886374428e-17,1.2434497875801753e-13,1,2.5640757641057153e-14,2.466895050014245e-15
epigenomics,100,2.75,NonSharable,reference,20,small,cpu_utilization,HDS-PBQS,positive_favors_HDS,50,50,0.15058246228835703,0.13508845594863228,0.015494006339724753,0.015757113031097933,0.012285044431883682,0.018702968247565822,1.3722032256042476,11.469526563851161,paired_t,5.425227430844555e-13,8.842704346534447e-12,1,6.266137682625461e-10,6.130506996854348e-11
epigenomics,100,2.75,NonSharable,reference,20,small,ram_utilization,HDS-PBQS,positive_favors_HDS,50,50,0.29636708967834674,0.2574399427284938,0.03892714694985289,0.03616333220539715,0.032697179754437304,0.04515711414526847,1.7757674173162972,15.120865292806185,paired_t,6.257746849422394e-17,2.4868995751603507e-14,1,8.372865284527163e-14,9.511775211122039e-15
epigenomics,100,2.75,NonSharable,reference,20,small,scheduler_runtime_s,HDS-PBQS,negative_favors_HDS,50,50,0.0037257617004069683,0.007785293861743362,-0.004059532161336394,-0.00478474149167595,-0.005010826946960837,-0.0031082373757119514,-1.212774728159872,52.14359577722274,paired_t,2.5520763770047662e-11,8.060396794462577e-11,0,2.67202396672399e-08,1.0172877064527293e-09
epigenomics,100,2.75,Sharable,reference,20,small,global_deadline_success,HDS-PBQS,positive_favors_HDS,50,50,1.0,1.0,0.0,0.0,0.0,0.0,0.0,0.0,exact_mcnemar,1.0,,0,1.0,1.0
epigenomics,100,2.75,Sharable,reference,20,small,sfc_subdeadline_success,HDS-PBQS,positive_favors_HDS,50,50,1.0,1.0,0.0,0.0,0.0,0.0,0.0,0.0,exact_mcnemar,1.0,,0,1.0,1.0
epigenomics,100,2.75,Sharable,reference,20,small,accepted_sfc_ratio,HDS-PBQS,positive_favors_HDS,50,50,1.0,1.0,0.0,0.0,0.0,0.0,0.0,0.0,paired_t,,,0,,
epigenomics,100,2.75,Sharable,reference,20,small,sfc_deadline_miss_rate,HDS-PBQS,negative_favors_HDS,50,50,0.0,0.0,0.0,0.0,0.0,0.0,0.0,,paired_t,,,0,,
epigenomics,100,2.75,Sharable,reference,20,small,provisioning_cost,HDS-PBQS,negative_favors_HDS,50,50,0.08860000000000001,0.0824,0.0062,0.0049999999999999975,0.003408356465942277,0.008991643534057722,0.6311767539720177,-7.524271844660207,paired_t,4.7389569837509234e-05,9.10329439168175e-05,1,0.03680497707579781,0.003791165587000739
epigenomics,100,2.75,Sharable,reference,20,small,makespan_s,HDS-PBQS,negative_favors_HDS,50,50,247.66708069734526,279.22191687206595,-31.554836174720705,-32.049264065684525,-34.317990358661085,-28.791681990780326,-3.2454885321491824,11.300988306436741,paired_t,7.225949406306794e-28,1.7763568394002505e-15,1,1.2082898534114007e-24,9.677874498333992e-26
epigenomics,100,2.75,Sharable,reference,20,small,network_data_mb,HDS-PBQS,negative_favors_HDS,50,50,170.90396188920633,176.55919180855915,-5.655229919352878,-6.6705414983007785,-13.633262954062623,2.3228031153568676,-0.20145298386119437,3.2030220921517993,paired_t,0.16064335515873948,0.15714035289247086,1,1.0,1.0
epigenomics,100,2.75,Sharable,reference,20,small,cpu_utilization,HDS-PBQS,positive_favors_HDS,50,50,0.15110388553663226,0.17428523248989009,-0.023181346953257843,-0.023534007868360643,-0.0272341644159433,-0.019128529490572387,-1.6255520933099343,-13.300809610821458,paired_t,1.6202763790171882e-15,3.0020430585864233e-13,1,2.005902157223279e-12,2.203575875463376e-13
epigenomics,100,2.75,Sharable,reference,20,small,ram_utilization,HDS-PBQS,positive_favors_HDS,50,50,0.2975473191754884,0.3326456099382472,-0.03509829076275886,-0.03756192921415505,-0.042694365567205954,-0.027502215958311767,-1.3131550339934999,-10.551256266173038,paired_t,2.2234224211515604e-12,1.5448975432263978e-11,1,2.4813394220051416e-09,2.312359317997623e-10
epigenomics,100,2.75,Sharable,reference,20,small,scheduler_runtime_s,HDS-PBQS,negative_favors_HDS,50,50,0.003544034539736404,0.007943104718942728,-0.004399070179206324,-0.0051073299928248005,-0.005066474284482363,-0.0037316660739302853,-1.8732307790021605,55.38225083090513,paired_t,8.187484430724913e-18,7.94031507211912e-13,0,1.1470665687445603e-14,8.514983807953909e-16
epigenomics,100,3.0,NonSharable,reference,20,small,global_deadline_success,HDS-PBQS,positive_favors_HDS,50,50,1.0,1.0,0.0,0.0,0.0,0.0,0.0,0.0,exact_mcnemar,1.0,,0,1.0,1.0
epigenomics,100,3.0,NonSharable,reference,20,small,sfc_subdeadline_success,HDS-PBQS,positive_favors_HDS,50,50,1.0,1.0,0.0,0.0,0.0,0.0,0.0,0.0,exact_mcnemar,1.0,,0,1.0,1.0
epigenomics,100,3.0,NonSharable,reference,20,small,accepted_sfc_ratio,HDS-PBQS,positive_favors_HDS,50,50,1.0,1.0,0.0,0.0,0.0,0.0,0.0,0.0,paired_t,,,0,,
epigenomics,100,3.0,NonSharable,reference,20,small,sfc_deadline_miss_rate,HDS-PBQS,negative_favors_HDS,50,50,0.0,0.0,0.0,0.0,0.0,0.0,0.0,,paired_t,,,0,,
epigenomics,100,3.0,NonSharable,reference,20,small,provisioning_cost,HDS-PBQS,negative_favors_HDS,50,50,0.08920000000000002,0.10759999999999997,-0.0184,-0.017499999999999995,-0.021416959147761927,-0.015383040852238072,-1.733275753833334,17.100371747211863,paired_t,1.54794857668123e-16,1.5469625833688807e-09,1,1.9736344352685684e-13,2.4457587511563435e-14
epigenomics,100,3.0,NonSharable,reference,20,small,makespan_s,HDS-PBQS,negative_favors_HDS,50,50,247.82788016797838,262.3140577476841,-14.48617757970571,-12.786398424647587,-16.537763613295375,-12.434591546116046,-2.00670410545821,5.522455679306276,paired_t,5.56620263871263e-19,1.7763568394002505e-15,1,8.055522291356808e-16,5.003429994631558e-17
epigenomics,100,3.0,NonSharable,reference,20,small,network_data_mb,HDS-PBQS,negative_favors_HDS,50,50,171.3456159549526,208.17034345708294,-36.824727502130344,-38.74179064730174,-42.533175062757664,-31.116279941503027,-1.8333306296401344,17.689708769550187,paired_t,1.868859886374428e-17,1.2434497875801753e-13,1,2.5640757641057153e-14,2.466895050014245e-15
epigenomics,100,3.0,NonSharable,reference,20,small,cpu_utilization,HDS-PBQS,positive_favors_HDS,50,50,0.15058246228835703,0.13508845594863228,0.015494006339724753,0.015757113031097933,0.012285044431883682,0.018702968247565822,1.3722032256042476,11.469526563851161,paired_t,5.425227430844555e-13,8.842704346534447e-12,1,6.266137682625461e-10,6.130506996854348e-11
epigenomics,100,3.0,NonSharable,reference,20,small,ram_utilization,HDS-PBQS,positive_favors_HDS,50,50,0.29636708967834674,0.2574399427284938,0.03892714694985289,0.03616333220539715,0.032697179754437304,0.04515711414526847,1.7757674173162972,15.120865292806185,paired_t,6.257746849422394e-17,2.4868995751603507e-14,1,8.372865284527163e-14,9.511775211122039e-15
epigenomics,100,3.0,NonSharable,reference,20,small,scheduler_runtime_s,HDS-PBQS,negative_favors_HDS,50,50,0.003345039221167045,0.007610502778770699,-0.0042654635576036565,-0.00478173349438295,-0.004744323658466961,-0.0037866034567403525,-2.5314937037292093,56.04706655520913,paired_t,3.887770310862469e-23,3.552713678800501e-15,0,6.064921684945451e-20,7.309008184421442e-21
epigenomics,100,3.0,Sharable,reference,20,small,global_deadline_success,HDS-PBQS,positive_favors_HDS,50,50,1.0,1.0,0.0,0.0,0.0,0.0,0.0,0.0,exact_mcnemar,1.0,,0,1.0,1.0
epigenomics,100,3.0,Sharable,reference,20,small,sfc_subdeadline_success,HDS-PBQS,positive_favors_HDS,50,50,1.0,1.0,0.0,0.0,0.0,0.0,0.0,0.0,exact_mcnemar,1.0,,0,1.0,1.0
epigenomics,100,3.0,Sharable,reference,20,small,accepted_sfc_ratio,HDS-PBQS,positive_favors_HDS,50,50,1.0,1.0,0.0,0.0,0.0,0.0,0.0,0.0,paired_t,,,0,,
epigenomics,100,3.0,Sharable,reference,20,small,sfc_deadline_miss_rate,HDS-PBQS,negative_favors_HDS,50,50,0.0,0.0,0.0,0.0,0.0,0.0,0.0,,paired_t,,,0,,
epigenomics,100,3.0,Sharable,reference,20,small,provisioning_cost,HDS-PBQS,negative_favors_HDS,50,50,0.08860000000000001,0.0824,0.0062,0.0049999999999999975,0.003408356465942277,0.008991643534057722,0.6311767539720177,-7.524271844660207,paired_t,4.7389569837509234e-05,9.10329439168175e-05,1,0.03680497707579781,0.003791165587000739
epigenomics,100,3.0,Sharable,reference,20,small,makespan_s,HDS-PBQS,negative_favors_HDS,50,50,247.66708069734526,279.22191687206595,-31.554836174720705,-32.049264065684525,-34.317990358661085,-28.791681990780326,-3.2454885321491824,11.300988306436741,paired_t,7.225949406306794e-28,1.7763568394002505e-15,1,1.2082898534114007e-24,9.677874498333992e-26
epigenomics,100,3.0,Sharable,reference,20,small,network_data_mb,HDS-PBQS,negative_favors_HDS,50,50,170.90396188920633,176.55919180855915,-5.655229919352878,-6.6705414983007785,-13.633262954062623,2.3228031153568676,-0.20145298386119437,3.2030220921517993,paired_t,0.16064335515873948,0.15714035289247086,1,1.0,1.0
epigenomics,100,3.0,Sharable,reference,20,small,cpu_utilization,HDS-PBQS,positive_favors_HDS,50,50,0.15110388553663226,0.17428523248989009,-0.023181346953257843,-0.023534007868360643,-0.0272341644159433,-0.019128529490572387,-1.6255520933099343,-13.300809610821458,paired_t,1.6202763790171882e-15,3.0020430585864233e-13,1,2.005902157223279e-12,2.203575875463376e-13
epigenomics,100,3.0,Sharable,reference,20,small,ram_utilization,HDS-PBQS,positive_favors_HDS,50,50,0.2975473191754884,0.3326456099382472,-0.03509829076275886,-0.03756192921415505,-0.042694365567205954,-0.027502215958311767,-1.3131550339934999,-10.551256266173038,paired_t,2.2234224211515604e-12,1.5448975432263978e-11,1,2.4813394220051416e-09,2.312359317997623e-10
epigenomics,100,3.0,Sharable,reference,20,small,scheduler_runtime_s,HDS-PBQS,negative_favors_HDS,50,50,0.0034771030618139264,0.00771164040161233,-0.004234537339798405,-0.00489689298956365,-0.004814247589329792,-0.0036548270902670168,-2.07593741429062,54.91098027487196,paired_t,1.440628423859532e-19,5.453415496958769e-13,0,2.1090800125303546e-16,1.9736609406875587e-17
epigenomics,100,3.25,NonSharable,reference,20,small,global_deadline_success,HDS-PBQS,positive_favors_HDS,50,50,1.0,1.0,0.0,0.0,0.0,0.0,0.0,0.0,exact_mcnemar,1.0,,0,1.0,1.0
epigenomics,100,3.25,NonSharable,reference,20,small,sfc_subdeadline_success,HDS-PBQS,positive_favors_HDS,50,50,1.0,1.0,0.0,0.0,0.0,0.0,0.0,0.0,exact_mcnemar,1.0,,0,1.0,1.0
epigenomics,100,3.25,NonSharable,reference,20,small,accepted_sfc_ratio,HDS-PBQS,positive_favors_HDS,50,50,1.0,1.0,0.0,0.0,0.0,0.0,0.0,0.0,paired_t,,,0,,
epigenomics,100,3.25,NonSharable,reference,20,small,sfc_deadline_miss_rate,HDS-PBQS,negative_favors_HDS,50,50,0.0,0.0,0.0,0.0,0.0,0.0,0.0,,paired_t,,,0,,
epigenomics,100,3.25,NonSharable,reference,20,small,provisioning_cost,HDS-PBQS,negative_favors_HDS,50,50,0.08920000000000002,0.10759999999999997,-0.0184,-0.017499999999999995,-0.021416959147761927,-0.015383040852238072,-1.733275753833334,17.100371747211863,paired_t,1.54794857668123e-16,1.5469625833688807e-09,1,1.9736344352685684e-13,2.4457587511563435e-14
epigenomics,100,3.25,NonSharable,reference,20,small,makespan_s,HDS-PBQS,negative_favors_HDS,50,50,247.82788016797838,262.3140577476841,-14.48617757970571,-12.786398424647587,-16.537763613295375,-12.434591546116046,-2.00670410545821,5.522455679306276,paired_t,5.56620263871263e-19,1.7763568394002505e-15,1,8.055522291356808e-16,5.003429994631558e-17
epigenomics,100,3.25,NonSharable,reference,20,small,network_data_mb,HDS-PBQS,negative_favors_HDS,50,50,171.3456159549526,208.17034345708294,-36.824727502130344,-38.74179064730174,-42.533175062757664,-31.116279941503027,-1.8333306296401344,17.689708769550187,paired_t,1.868859886374428e-17,1.2434497875801753e-13,1,2.5640757641057153e-14,2.466895050014245e-15
epigenomics,100,3.25,NonSharable,reference,20,small,cpu_utilization,HDS-PBQS,positive_favors_HDS,50,50,0.15058246228835703,0.13508845594863228,0.015494006339724753,0.015757113031097933,0.012285044431883682,0.018702968247565822,1.3722032256042476,11.469526563851161,paired_t,5.425227430844555e-13,8.842704346534447e-12,1,6.266137682625461e-10,6.130506996854348e-11
epigenomics,100,3.25,NonSharable,reference,20,small,ram_utilization,HDS-PBQS,positive_favors_HDS,50,50,0.29636708967834674,0.2574399427284938,0.03892714694985289,0.03616333220539715,0.032697179754437304,0.04515711414526847,1.7757674173162972,15.120865292806185,paired_t,6.257746849422394e-17,2.4868995751603507e-14,1,8.372865284527163e-14,9.511775211122039e-15
epigenomics,100,3.25,NonSharable,reference,20,small,scheduler_runtime_s,HDS-PBQS,negative_favors_HDS,50,50,0.003242357139388284,0.007485153080997362,-0.004242795941609079,-0.004761905989653349,-0.004721960437717212,-0.003763631445500945,-2.516441169804936,56.68282125559074,paired_t,5.0121366706644686e-23,5.329070518200751e-15,0,7.813921069565906e-20,9.372695574142557e-21
epigenomics,100,3.25,Sharable,reference,20,small,global_deadline_success,HDS-PBQS,positive_favors_HDS,50,50,1.0,1.0,0.0,0.0,0.0,0.0,0.0,0.0,exact_mcnemar,1.0,,0,1.0,1.0
epigenomics,100,3.25,Sharable,reference,20,small,sfc_subdeadline_success,HDS-PBQS,positive_favors_HDS,50,50,1.0,1.0,0.0,0.0,0.0,0.0,0.0,0.0,exact_mcnemar,1.0,,0,1.0,1.0
epigenomics,100,3.25,Sharable,reference,20,small,accepted_sfc_ratio,HDS-PBQS,positive_favors_HDS,50,50,1.0,1.0,0.0,0.0,0.0,0.0,0.0,0.0,paired_t,,,0,,
epigenomics,100,3.25,Sharable,reference,20,small,sfc_deadline_miss_rate,HDS-PBQS,negative_favors_HDS,50,50,0.0,0.0,0.0,0.0,0.0,0.0,0.0,,paired_t,,,0,,
epigenomics,100,3.25,Sharable,reference,20,small,provisioning_cost,HDS-PBQS,negative_favors_HDS,50,50,0.08860000000000001,0.0824,0.0062,0.0049999999999999975,0.003408356465942277,0.008991643534057722,0.6311767539720177,-7.524271844660207,paired_t,4.7389569837509234e-05,9.10329439168175e-05,1,0.03680497707579781,0.003791165587000739
epigenomics,100,3.25,Sharable,reference,20,small,makespan_s,HDS-PBQS,negative_favors_HDS,50,50,247.66708069734526,279.22191687206595,-31.554836174720705,-32.049264065684525,-34.317990358661085,-28.791681990780326,-3.2454885321491824,11.300988306436741,paired_t,7.225949406306794e-28,1.7763568394002505e-15,1,1.2082898534114007e-24,9.677874498333992e-26
epigenomics,100,3.25,Sharable,reference,20,small,network_data_mb,HDS-PBQS,negative_favors_HDS,50,50,170.90396188920633,176.55919180855915,-5.655229919352878,-6.6705414983007785,-13.633262954062623,2.3228031153568676,-0.20145298386119437,3.2030220921517993,paired_t,0.16064335515873948,0.15714035289247086,1,1.0,1.0
epigenomics,100,3.25,Sharable,reference,20,small,cpu_utilization,HDS-PBQS,positive_favors_HDS,50,50,0.15110388553663226,0.17428523248989009,-0.023181346953257843,-0.023534007868360643,-0.0272341644159433,-0.019128529490572387,-1.6255520933099343,-13.300809610821458,paired_t,1.6202763790171882e-15,3.0020430585864233e-13,1,2.005902157223279e-12,2.203575875463376e-13
epigenomics,100,3.25,Sharable,reference,20,small,ram_utilization,HDS-PBQS,positive_favors_HDS,50,50,0.2975473191754884,0.3326456099382472,-0.03509829076275886,-0.03756192921415505,-0.042694365567205954,-0.027502215958311767,-1.3131550339934999,-10.551256266173038,paired_t,2.2234224211515604e-12,1.5448975432263978e-11,1,2.4813394220051416e-09,2.312359317997623e-10
epigenomics,100,3.25,Sharable,reference,20,small,scheduler_runtime_s,HDS-PBQS,negative_favors_HDS,50,50,0.0033802027974160777,0.007885194282644024,-0.004504991485227946,-0.00490652250118735,-0.005236411960619762,-0.00377357100983613,-1.7504355664243212,57.13228265210676,paired_t,1.0722696646907314e-16,1.2434497875801753e-13,0,1.3714329011394454e-13,8.685384283994924e-15
epigenomics,100,3.5,NonSharable,reference,20,small,global_deadline_success,HDS-PBQS,positive_favors_HDS,50,50,1.0,1.0,0.0,0.0,0.0,0.0,0.0,0.0,exact_mcnemar,1.0,,0,1.0,1.0
epigenomics,100,3.5,NonSharable,reference,20,small,sfc_subdeadline_success,HDS-PBQS,positive_favors_HDS,50,50,1.0,1.0,0.0,0.0,0.0,0.0,0.0,0.0,exact_mcnemar,1.0,,0,1.0,1.0
epigenomics,100,3.5,NonSharable,reference,20,small,accepted_sfc_ratio,HDS-PBQS,positive_favors_HDS,50,50,1.0,1.0,0.0,0.0,0.0,0.0,0.0,0.0,paired_t,,,0,,
epigenomics,100,3.5,NonSharable,reference,20,small,sfc_deadline_miss_rate,HDS-PBQS,negative_favors_HDS,50,50,0.0,0.0,0.0,0.0,0.0,0.0,0.0,,paired_t,,,0,,
epigenomics,100,3.5,NonSharable,reference,20,small,provisioning_cost,HDS-PBQS,negative_favors_HDS,50,50,0.08920000000000002,0.10759999999999997,-0.0184,-0.017499999999999995,-0.021416959147761927,-0.015383040852238072,-1.733275753833334,17.100371747211863,paired_t,1.54794857668123e-16,1.5469625833688807e-09,1,1.9736344352685684e-13,2.4457587511563435e-14
epigenomics,100,3.5,NonSharable,reference,20,small,makespan_s,HDS-PBQS,negative_favors_HDS,50,50,247.82788016797838,262.3140577476841,-14.48617757970571,-12.786398424647587,-16.537763613295375,-12.434591546116046,-2.00670410545821,5.522455679306276,paired_t,5.56620263871263e-19,1.7763568394002505e-15,1,8.055522291356808e-16,5.003429994631558e-17
epigenomics,100,3.5,NonSharable,reference,20,small,network_data_mb,HDS-PBQS,negative_favors_HDS,50,50,171.3456159549526,208.17034345708294,-36.824727502130344,-38.74179064730174,-42.533175062757664,-31.116279941503027,-1.8333306296401344,17.689708769550187,paired_t,1.868859886374428e-17,1.2434497875801753e-13,1,2.5640757641057153e-14,2.466895050014245e-15
epigenomics,100,3.5,NonSharable,reference,20,small,cpu_utilization,HDS-PBQS,positive_favors_HDS,50,50,0.15058246228835703,0.13508845594863228,0.015494006339724753,0.015757113031097933,0.012285044431883682,0.018702968247565822,1.3722032256042476,11.469526563851161,paired_t,5.425227430844555e-13,8.842704346534447e-12,1,6.266137682625461e-10,6.130506996854348e-11
epigenomics,100,3.5,NonSharable,reference,20,small,ram_utilization,HDS-PBQS,positive_favors_HDS,50,50,0.29636708967834674,0.2574399427284938,0.03892714694985289,0.03616333220539715,0.032697179754437304,0.04515711414526847,1.7757674173162972,15.120865292806185,paired_t,6.257746849422394e-17,2.4868995751603507e-14,1,8.372865284527163e-14,9.511775211122039e-15
epigenomics,100,3.5,NonSharable,reference,20,small,scheduler_runtime_s,HDS-PBQS,negative_favors_HDS,50,50,0.0032627284996851295,0.007483518979861351,-0.004220790480176222,-0.00475173198901755,-0.004666773409962229,-0.003774807550390215,-2.68964415913398,56.401146192515185,paired_t,2.8792252816365264e-24,1.7763568394002505e-15,0,4.629794252871535e-21,6.161542102702167e-22
epigenomics,100,3.5,Sharable,reference,20,small,global_deadline_success,HDS-PBQS,positive_favors_HDS,50,50,1.0,1.0,0.0,0.0,0.0,0.0,0.0,0.0,exact_mcnemar,1.0,,0,1.0,1.0
epigenomics,100,3.5,Sharable,reference,20,small,sfc_subdeadline_success,HDS-PBQS,positive_favors_HDS,50,50,1.0,1.0,0.0,0.0,0.0,0.0,0.0,0.0,exact_mcnemar,1.0,,0,1.0,1.0
epigenomics,100,3.5,Sharable,reference,20,small,accepted_sfc_ratio,HDS-PBQS,positive_favors_HDS,50,50,1.0,1.0,0.0,0.0,0.0,0.0,0.0,0.0,paired_t,,,0,,
epigenomics,100,3.5,Sharable,reference,20,small,sfc_deadline_miss_rate,HDS-PBQS,negative_favors_HDS,50,50,0.0,0.0,0.0,0.0,0.0,0.0,0.0,,paired_t,,,0,,
epigenomics,100,3.5,Sharable,reference,20,small,provisioning_cost,HDS-PBQS,negative_favors_HDS,50,50,0.08860000000000001,0.0824,0.0062,0.0049999999999999975,0.003408356465942277,0.008991643534057722,0.6311767539720177,-7.524271844660207,paired_t,4.7389569837509234e-05,9.10329439168175e-05,1,0.03680497707579781,0.003791165587000739
epigenomics,100,3.5,Sharable,reference,20,small,makespan_s,HDS-PBQS,negative_favors_HDS,50,50,247.66708069734526,279.22191687206595,-31.554836174720705,-32.049264065684525,-34.317990358661085,-28.791681990780326,-3.2454885321491824,11.300988306436741,paired_t,7.225949406306794e-28,1.7763568394002505e-15,1,1.2082898534114007e-24,9.677874498333992e-26
epigenomics,100,3.5,Sharable,reference,20,small,network_data_mb,HDS-PBQS,negative_favors_HDS,50,50,170.90396188920633,176.55919180855915,-5.655229919352878,-6.6705414983007785,-13.633262954062623,2.3228031153568676,-0.20145298386119437,3.2030220921517993,paired_t,0.16064335515873948,0.15714035289247086,1,1.0,1.0
epigenomics,100,3.5,Sharable,reference,20,small,cpu_utilization,HDS-PBQS,positive_favors_HDS,50,50,0.15110388553663226,0.17428523248989009,-0.023181346953257843,-0.023534007868360643,-0.0272341644159433,-0.019128529490572387,-1.6255520933099343,-13.300809610821458,paired_t,1.6202763790171882e-15,3.0020430585864233e-13,1,2.005902157223279e-12,2.203575875463376e-13
epigenomics,100,3.5,Sharable,reference,20,small,ram_utilization,HDS-PBQS,positive_favors_HDS,50,50,0.2975473191754884,0.3326456099382472,-0.03509829076275886,-0.03756192921415505,-0.042694365567205954,-0.027502215958311767,-1.3131550339934999,-10.551256266173038,paired_t,2.2234224211515604e-12,1.5448975432263978e-11,1,2.4813394220051416e-09,2.312359317997623e-10
epigenomics,100,3.5,Sharable,reference,20,small,scheduler_runtime_s,HDS-PBQS,negative_favors_HDS,50,50,0.0033934993191359745,0.0076823783191502645,-0.00428887900001429,-0.0049359010026819505,-0.004863512960889637,-0.0037142450391389414,-2.1211519130351864,55.82749015787439,paired_t,6.051778389216766e-20,2.433608869978343e-13,0,8.884010675370213e-17,8.472489744903473e-18
epigenomics,100,3.75,NonSharable,reference,20,small,global_deadline_success,HDS-PBQS,positive_favors_HDS,50,50,1.0,1.0,0.0,0.0,0.0,0.0,0.0,0.0,exact_mcnemar,1.0,,0,1.0,1.0
epigenomics,100,3.75,NonSharable,reference,20,small,sfc_subdeadline_success,HDS-PBQS,positive_favors_HDS,50,50,1.0,1.0,0.0,0.0,0.0,0.0,0.0,0.0,exact_mcnemar,1.0,,0,1.0,1.0
epigenomics,100,3.75,NonSharable,reference,20,small,accepted_sfc_ratio,HDS-PBQS,positive_favors_HDS,50,50,1.0,1.0,0.0,0.0,0.0,0.0,0.0,0.0,paired_t,,,0,,
epigenomics,100,3.75,NonSharable,reference,20,small,sfc_deadline_miss_rate,HDS-PBQS,negative_favors_HDS,50,50,0.0,0.0,0.0,0.0,0.0,0.0,0.0,,paired_t,,,0,,
epigenomics,100,3.75,NonSharable,reference,20,small,provisioning_cost,HDS-PBQS,negative_favors_HDS,50,50,0.08920000000000002,0.10759999999999997,-0.0184,-0.017499999999999995,-0.021416959147761927,-0.015383040852238072,-1.733275753833334,17.100371747211863,paired_t,1.54794857668123e-16,1.5469625833688807e-09,1,1.9736344352685684e-13,2.4457587511563435e-14
epigenomics,100,3.75,NonSharable,reference,20,small,makespan_s,HDS-PBQS,negative_favors_HDS,50,50,247.82788016797838,262.3140577476841,-14.48617757970571,-12.786398424647587,-16.537763613295375,-12.434591546116046,-2.00670410545821,5.522455679306276,paired_t,5.56620263871263e-19,1.7763568394002505e-15,1,8.055522291356808e-16,5.003429994631558e-17
epigenomics,100,3.75,NonSharable,reference,20,small,network_data_mb,HDS-PBQS,negative_favors_HDS,50,50,171.3456159549526,208.17034345708294,-36.824727502130344,-38.74179064730174,-42.533175062757664,-31.116279941503027,-1.8333306296401344,17.689708769550187,paired_t,1.868859886374428e-17,1.2434497875801753e-13,1,2.5640757641057153e-14,2.466895050014245e-15
epigenomics,100,3.75,NonSharable,reference,20,small,cpu_utilization,HDS-PBQS,positive_favors_HDS,50,50,0.15058246228835703,0.13508845594863228,0.015494006339724753,0.015757113031097933,0.012285044431883682,0.018702968247565822,1.3722032256042476,11.469526563851161,paired_t,5.425227430844555e-13,8.842704346534447e-12,1,6.266137682625461e-10,6.130506996854348e-11
epigenomics,100,3.75,NonSharable,reference,20,small,ram_utilization,HDS-PBQS,positive_favors_HDS,50,50,0.29636708967834674,0.2574399427284938,0.03892714694985289,0.03616333220539715,0.032697179754437304,0.04515711414526847,1.7757674173162972,15.120865292806185,paired_t,6.257746849422394e-17,2.4868995751603507e-14,1,8.372865284527163e-14,9.511775211122039e-15
epigenomics,100,3.75,NonSharable,reference,20,small,scheduler_runtime_s,HDS-PBQS,negative_favors_HDS,50,50,0.0032038524375820505,0.007433558420234432,-0.004229705982652379,-0.0047807125101826,-0.004682144701317915,-0.0037772672639868428,-2.6568662016521793,56.90015122688696,paired_t,4.890492534246332e-24,3.552713678800501e-15,0,7.756321159314682e-21,1.0270034321917296e-21
epigenomics,100,3.75,Sharable,reference,20,small,global_deadline_success,HDS-PBQS,positive_favors_HDS,50,50,1.0,1.0,0.0,0.0,0.0,0.0,0.0,0.0,exact_mcnemar,1.0,,0,1.0,1.0
epigenomics,100,3.75,Sharable,reference,20,small,sfc_subdeadline_success,HDS-PBQS,positive_favors_HDS,50,50,1.0,1.0,0.0,0.0,0.0,0.0,0.0,0.0,exact_mcnemar,1.0,,0,1.0,1.0
epigenomics,100,3.75,Sharable,reference,20,small,accepted_sfc_ratio,HDS-PBQS,positive_favors_HDS,50,50,1.0,1.0,0.0,0.0,0.0,0.0,0.0,0.0,paired_t,,,0,,
epigenomics,100,3.75,Sharable,reference,20,small,sfc_deadline_miss_rate,HDS-PBQS,negative_favors_HDS,50,50,0.0,0.0,0.0,0.0,0.0,0.0,0.0,,paired_t,,,0,,
epigenomics,100,3.75,Sharable,reference,20,small,provisioning_cost,HDS-PBQS,negative_favors_HDS,50,50,0.08860000000000001,0.0824,0.0062,0.0049999999999999975,0.003408356465942277,0.008991643534057722,0.6311767539720177,-7.524271844660207,paired_t,4.7389569837509234e-05,9.10329439168175e-05,1,0.03680497707579781,0.003791165587000739
epigenomics,100,3.75,Sharable,reference,20,small,makespan_s,HDS-PBQS,negative_favors_HDS,50,50,247.66708069734526,279.22191687206595,-31.554836174720705,-32.049264065684525,-34.317990358661085,-28.791681990780326,-3.2454885321491824,11.300988306436741,paired_t,7.225949406306794e-28,1.7763568394002505e-15,1,1.2082898534114007e-24,9.677874498333992e-26
epigenomics,100,3.75,Sharable,reference,20,small,network_data_mb,HDS-PBQS,negative_favors_HDS,50,50,170.90396188920633,176.55919180855915,-5.655229919352878,-6.6705414983007785,-13.633262954062623,2.3228031153568676,-0.20145298386119437,3.2030220921517993,paired_t,0.16064335515873948,0.15714035289247086,1,1.0,1.0
epigenomics,100,3.75,Sharable,reference,20,small,cpu_utilization,HDS-PBQS,positive_favors_HDS,50,50,0.15110388553663226,0.17428523248989009,-0.023181346953257843,-0.023534007868360643,-0.0272341644159433,-0.019128529490572387,-1.6255520933099343,-13.300809610821458,paired_t,1.6202763790171882e-15,3.0020430585864233e-13,1,2.005902157223279e-12,2.203575875463376e-13
epigenomics,100,3.75,Sharable,reference,20,small,ram_utilization,HDS-PBQS,positive_favors_HDS,50,50,0.2975473191754884,0.3326456099382472,-0.03509829076275886,-0.03756192921415505,-0.042694365567205954,-0.027502215958311767,-1.3131550339934999,-10.551256266173038,paired_t,2.2234224211515604e-12,1.5448975432263978e-11,1,2.4813394220051416e-09,2.312359317997623e-10
epigenomics,100,3.75,Sharable,reference,20,small,scheduler_runtime_s,HDS-PBQS,negative_favors_HDS,50,50,0.0033546817590103663,0.008014853741187775,-0.00466017198217741,-0.0049712614945747,-0.005425019902501323,-0.0038953240618534966,-1.7315942009010579,58.14419242897858,paired_t,1.6048193859840647e-16,5.861977570020827e-14,0,2.0108386906380331e-13,1.2678073149274111e-14
epigenomics,100,4.0,NonSharable,reference,20,small,global_deadline_success,HDS-PBQS,positive_favors_HDS,50,50,1.0,1.0,0.0,0.0,0.0,0.0,0.0,0.0,exact_mcnemar,1.0,,0,1.0,1.0
epigenomics,100,4.0,NonSharable,reference,20,small,sfc_subdeadline_success,HDS-PBQS,positive_favors_HDS,50,50,1.0,1.0,0.0,0.0,0.0,0.0,0.0,0.0,exact_mcnemar,1.0,,0,1.0,1.0
epigenomics,100,4.0,NonSharable,reference,20,small,accepted_sfc_ratio,HDS-PBQS,positive_favors_HDS,50,50,1.0,1.0,0.0,0.0,0.0,0.0,0.0,0.0,paired_t,,,0,,
epigenomics,100,4.0,NonSharable,reference,20,small,sfc_deadline_miss_rate,HDS-PBQS,negative_favors_HDS,50,50,0.0,0.0,0.0,0.0,0.0,0.0,0.0,,paired_t,,,0,,
epigenomics,100,4.0,NonSharable,reference,20,small,provisioning_cost,HDS-PBQS,negative_favors_HDS,50,50,0.08920000000000002,0.10759999999999997,-0.0184,-0.017499999999999995,-0.021416959147761927,-0.015383040852238072,-1.733275753833334,17.100371747211863,paired_t,1.54794857668123e-16,1.5469625833688807e-09,1,1.9736344352685684e-13,2.4457587511563435e-14
epigenomics,100,4.0,NonSharable,reference,20,small,makespan_s,HDS-PBQS,negative_favors_HDS,50,50,247.82788016797838,262.3140577476841,-14.48617757970571,-12.786398424647587,-16.537763613295375,-12.434591546116046,-2.00670410545821,5.522455679306276,paired_t,5.56620263871263e-19,1.7763568394002505e-15,1,8.055522291356808e-16,5.003429994631558e-17
epigenomics,100,4.0,NonSharable,reference,20,small,network_data_mb,HDS-PBQS,negative_favors_HDS,50,50,171.3456159549526,208.17034345708294,-36.824727502130344,-38.74179064730174,-42.533175062757664,-31.116279941503027,-1.8333306296401344,17.689708769550187,paired_t,1.868859886374428e-17,1.2434497875801753e-13,1,2.5640757641057153e-14,2.466895050014245e-15
epigenomics,100,4.0,NonSharable,reference,20,small,cpu_utilization,HDS-PBQS,positive_favors_HDS,50,50,0.15058246228835703,0.13508845594863228,0.015494006339724753,0.015757113031097933,0.012285044431883682,0.018702968247565822,1.3722032256042476,11.469526563851161,paired_t,5.425227430844555e-13,8.842704346534447e-12,1,6.266137682625461e-10,6.130506996854348e-11
epigenomics,100,4.0,NonSharable,reference,20,small,ram_utilization,HDS-PBQS,positive_favors_HDS,50,50,0.29636708967834674,0.2574399427284938,0.03892714694985289,0.03616333220539715,0.032697179754437304,0.04515711414526847,1.7757674173162972,15.120865292806185,paired_t,6.257746849422394e-17,2.4868995751603507e-14,1,8.372865284527163e-14,9.511775211122039e-15
epigenomics,100,4.0,NonSharable,reference,20,small,scheduler_runtime_s,HDS-PBQS,negative_favors_HDS,50,50,0.003199423800542664,0.007430143261226432,-0.004230719460683768,-0.0047614014893043,-0.004684968337807039,-0.003776470583560497,-2.6469127999289013,56.93994465438393,paired_t,5.749717308782182e-24,1.7763568394002505e-15,0,9.113301934419758e-21,1.201690917535476e-21
epigenomics,100,4.0,Sharable,reference,20,small,global_deadline_success,HDS-PBQS,positive_favors_HDS,50,50,1.0,1.0,0.0,0.0,0.0,0.0,0.0,0.0,exact_mcnemar,1.0,,0,1.0,1.0
epigenomics,100,4.0,Sharable,reference,20,small,sfc_subdeadline_success,HDS-PBQS,positive_favors_HDS,50,50,1.0,1.0,0.0,0.0,0.0,0.0,0.0,0.0,exact_mcnemar,1.0,,0,1.0,1.0
epigenomics,100,4.0,Sharable,reference,20,small,accepted_sfc_ratio,HDS-PBQS,positive_favors_HDS,50,50,1.0,1.0,0.0,0.0,0.0,0.0,0.0,0.0,paired_t,,,0,,
epigenomics,100,4.0,Sharable,reference,20,small,sfc_deadline_miss_rate,HDS-PBQS,negative_favors_HDS,50,50,0.0,0.0,0.0,0.0,0.0,0.0,0.0,,paired_t,,,0,,
epigenomics,100,4.0,Sharable,reference,20,small,provisioning_cost,HDS-PBQS,negative_favors_HDS,50,50,0.08860000000000001,0.0824,0.0062,0.0049999999999999975,0.003408356465942277,0.008991643534057722,0.6311767539720177,-7.524271844660207,paired_t,4.7389569837509234e-05,9.10329439168175e-05,1,0.03680497707579781,0.003791165587000739
epigenomics,100,4.0,Sharable,reference,20,small,makespan_s,HDS-PBQS,negative_favors_HDS,50,50,247.66708069734526,279.22191687206595,-31.554836174720705,-32.049264065684525,-34.317990358661085,-28.791681990780326,-3.2454885321491824,11.300988306436741,paired_t,7.225949406306794e-28,1.7763568394002505e-15,1,1.2082898534114007e-24,9.677874498333992e-26
epigenomics,100,4.0,Sharable,reference,20,small,network_data_mb,HDS-PBQS,negative_favors_HDS,50,50,170.90396188920633,176.55919180855915,-5.655229919352878,-6.6705414983007785,-13.633262954062623,2.3228031153568676,-0.20145298386119437,3.2030220921517993,paired_t,0.16064335515873948,0.15714035289247086,1,1.0,1.0
epigenomics,100,4.0,Sharable,reference,20,small,cpu_utilization,HDS-PBQS,positive_favors_HDS,50,50,0.15110388553663226,0.17428523248989009,-0.023181346953257843,-0.023534007868360643,-0.0272341644159433,-0.019128529490572387,-1.6255520933099343,-13.300809610821458,paired_t,1.6202763790171882e-15,3.0020430585864233e-13,1,2.005902157223279e-12,2.203575875463376e-13
epigenomics,100,4.0,Sharable,reference,20,small,ram_utilization,HDS-PBQS,positive_favors_HDS,50,50,0.2975473191754884,0.3326456099382472,-0.03509829076275886,-0.03756192921415505,-0.042694365567205954,-0.027502215958311767,-1.3131550339934999,-10.551256266173038,paired_t,2.2234224211515604e-12,1.5448975432263978e-11,1,2.4813394220051416e-09,2.312359317997623e-10
epigenomics,100,4.0,Sharable,reference,20,small,scheduler_runtime_s,HDS-PBQS,negative_favors_HDS,50,50,0.0034281344784539624,0.007595984839936078,-0.004167850361482116,-0.00486376948174435,-0.004717177907053585,-0.0036185228159106462,-2.1562544541212194,54.86912427167495,paired_t,3.1119707132524045e-20,1.5631940186722204e-13,0,4.602604684900306e-17,4.4812378270834626e-18
epigenomics,100,4.25,NonSharable,reference,20,small,global_deadline_success,HDS-PBQS,positive_favors_HDS,50,50,1.0,1.0,0.0,0.0,0.0,0.0,0.0,0.0,exact_mcnemar,1.0,,0,1.0,1.0
epigenomics,100,4.25,NonSharable,reference,20,small,sfc_subdeadline_success,HDS-PBQS,positive_favors_HDS,50,50,1.0,1.0,0.0,0.0,0.0,0.0,0.0,0.0,exact_mcnemar,1.0,,0,1.0,1.0
epigenomics,100,4.25,NonSharable,reference,20,small,accepted_sfc_ratio,HDS-PBQS,positive_favors_HDS,50,50,1.0,1.0,0.0,0.0,0.0,0.0,0.0,0.0,paired_t,,,0,,
epigenomics,100,4.25,NonSharable,reference,20,small,sfc_deadline_miss_rate,HDS-PBQS,negative_favors_HDS,50,50,0.0,0.0,0.0,0.0,0.0,0.0,0.0,,paired_t,,,0,,
epigenomics,100,4.25,NonSharable,reference,20,small,provisioning_cost,HDS-PBQS,negative_favors_HDS,50,50,0.08920000000000002,0.10759999999999997,-0.0184,-0.017499999999999995,-0.021416959147761927,-0.015383040852238072,-1.733275753833334,17.100371747211863,paired_t,1.54794857668123e-16,1.5469625833688807e-09,1,1.9736344352685684e-13,2.4457587511563435e-14
epigenomics,100,4.25,NonSharable,reference,20,small,makespan_s,HDS-PBQS,negative_favors_HDS,50,50,247.82788016797838,262.3140577476841,-14.48617757970571,-12.786398424647587,-16.537763613295375,-12.434591546116046,-2.00670410545821,5.522455679306276,paired_t,5.56620263871263e-19,1.7763568394002505e-15,1,8.055522291356808e-16,5.003429994631558e-17
epigenomics,100,4.25,NonSharable,reference,20,small,network_data_mb,HDS-PBQS,negative_favors_HDS,50,50,171.3456159549526,208.17034345708294,-36.824727502130344,-38.74179064730174,-42.533175062757664,-31.116279941503027,-1.8333306296401344,17.689708769550187,paired_t,1.868859886374428e-17,1.2434497875801753e-13,1,2.5640757641057153e-14,2.466895050014245e-15
epigenomics,100,4.25,NonSharable,reference,20,small,cpu_utilization,HDS-PBQS,positive_favors_HDS,50,50,0.15058246228835703,0.13508845594863228,0.015494006339724753,0.015757113031097933,0.012285044431883682,0.018702968247565822,1.3722032256042476,11.469526563851161,paired_t,5.425227430844555e-13,8.842704346534447e-12,1,6.266137682625461e-10,6.130506996854348e-11
epigenomics,100,4.25,NonSharable,reference,20,small,ram_utilization,HDS-PBQS,positive_favors_HDS,50,50,0.29636708967834674,0.2574399427284938,0.03892714694985289,0.03616333220539715,0.032697179754437304,0.04515711414526847,1.7757674173162972,15.120865292806185,paired_t,6.257746849422394e-17,2.4868995751603507e-14,1,8.372865284527163e-14,9.511775211122039e-15
epigenomics,100,4.25,NonSharable,reference,20,small,scheduler_runtime_s,HDS-PBQS,negative_favors_HDS,50,50,0.0034165223810122838,0.007602741640148407,-0.004186219259136122,-0.0048634160120855,-0.004718275126215109,-0.0036541633920571352,-2.236062833765408,55.06196918529521,paired_t,7.042695407205465e-21,7.638334409421077e-14,0,1.0479530765921731e-17,1.0775323973024362e-18
epigenomics,100,4.25,Sharable,reference,20,small,global_deadline_success,HDS-PBQS,positive_favors_HDS,50,50,1.0,1.0,0.0,0.0,0.0,0.0,0.0,0.0,exact_mcnemar,1.0,,0,1.0,1.0
epigenomics,100,4.25,Sharable,reference,20,small,sfc_subdeadline_success,HDS-PBQS,positive_favors_HDS,50,50,1.0,1.0,0.0,0.0,0.0,0.0,0.0,0.0,exact_mcnemar,1.0,,0,1.0,1.0
epigenomics,100,4.25,Sharable,reference,20,small,accepted_sfc_ratio,HDS-PBQS,positive_favors_HDS,50,50,1.0,1.0,0.0,0.0,0.0,0.0,0.0,0.0,paired_t,,,0,,
epigenomics,100,4.25,Sharable,reference,20,small,sfc_deadline_miss_rate,HDS-PBQS,negative_favors_HDS,50,50,0.0,0.0,0.0,0.0,0.0,0.0,0.0,,paired_t,,,0,,
epigenomics,100,4.25,Sharable,reference,20,small,provisioning_cost,HDS-PBQS,negative_favors_HDS,50,50,0.08860000000000001,0.0824,0.0062,0.0049999999999999975,0.003408356465942277,0.008991643534057722,0.6311767539720177,-7.524271844660207,paired_t,4.7389569837509234e-05,9.10329439168175e-05,1,0.03680497707579781,0.003791165587000739
epigenomics,100,4.25,Sharable,reference,20,small,makespan_s,HDS-PBQS,negative_favors_HDS,50,50,247.66708069734526,279.22191687206595,-31.554836174720705,-32.049264065684525,-34.317990358661085,-28.791681990780326,-3.2454885321491824,11.300988306436741,paired_t,7.225949406306794e-28,1.7763568394002505e-15,1,1.2082898534114007e-24,9.677874498333992e-26
epigenomics,100,4.25,Sharable,reference,20,small,network_data_mb,HDS-PBQS,negative_favors_HDS,50,50,170.90396188920633,176.55919180855915,-5.655229919352878,-6.6705414983007785,-13.633262954062623,2.3228031153568676,-0.20145298386119437,3.2030220921517993,paired_t,0.16064335515873948,0.15714035289247086,1,1.0,1.0
epigenomics,100,4.25,Sharable,reference,20,small,cpu_utilization,HDS-PBQS,positive_favors_HDS,50,50,0.15110388553663226,0.17428523248989009,-0.023181346953257843,-0.023534007868360643,-0.0272341644159433,-0.019128529490572387,-1.6255520933099343,-13.300809610821458,paired_t,1.6202763790171882e-15,3.0020430585864233e-13,1,2.005902157223279e-12,2.203575875463376e-13
epigenomics,100,4.25,Sharable,reference,20,small,ram_utilization,HDS-PBQS,positive_favors_HDS,50,50,0.2975473191754884,0.3326456099382472,-0.03509829076275886,-0.03756192921415505,-0.042694365567205954,-0.027502215958311767,-1.3131550339934999,-10.551256266173038,paired_t,2.2234224211515604e-12,1.5448975432263978e-11,1,2.4813394220051416e-09,2.312359317997623e-10
epigenomics,100,4.25,Sharable,reference,20,small,scheduler_runtime_s,HDS-PBQS,negative_favors_HDS,50,50,0.0036600572393217096,0.008319298420465153,-0.004659241181143441,-0.0049884805048350505,-0.006118543911692389,-0.0031999384505944934,-0.907379712898277,56.00521757558173,paired_t,5.326006948543245e-08,4.792291008470784e-10,0,4.7880802467403774e-05,1.757582293019271e-06
epigenomics,100,4.5,NonSharable,reference,20,small,global_deadline_success,HDS-PBQS,positive_favors_HDS,50,50,1.0,1.0,0.0,0.0,0.0,0.0,0.0,0.0,exact_mcnemar,1.0,,0,1.0,1.0
epigenomics,100,4.5,NonSharable,reference,20,small,sfc_subdeadline_success,HDS-PBQS,positive_favors_HDS,50,50,1.0,1.0,0.0,0.0,0.0,0.0,0.0,0.0,exact_mcnemar,1.0,,0,1.0,1.0
epigenomics,100,4.5,NonSharable,reference,20,small,accepted_sfc_ratio,HDS-PBQS,positive_favors_HDS,50,50,1.0,1.0,0.0,0.0,0.0,0.0,0.0,0.0,paired_t,,,0,,
epigenomics,100,4.5,NonSharable,reference,20,small,sfc_deadline_miss_rate,HDS-PBQS,negative_favors_HDS,50,50,0.0,0.0,0.0,0.0,0.0,0.0,0.0,,paired_t,,,0,,
epigenomics,100,4.5,NonSharable,reference,20,small,provisioning_cost,HDS-PBQS,negative_favors_HDS,50,50,0.08920000000000002,0.10759999999999997,-0.0184,-0.017499999999999995,-0.021416959147761927,-0.015383040852238072,-1.733275753833334,17.100371747211863,paired_t,1.54794857668123e-16,1.5469625833688807e-09,1,1.9736344352685684e-13,2.4457587511563435e-14
epigenomics,100,4.5,NonSharable,reference,20,small,makespan_s,HDS-PBQS,negative_favors_HDS,50,50,247.82788016797838,262.3140577476841,-14.48617757970571,-12.786398424647587,-16.537763613295375,-12.434591546116046,-2.00670410545821,5.522455679306276,paired_t,5.56620263871263e-19,1.7763568394002505e-15,1,8.055522291356808e-16,5.003429994631558e-17
epigenomics,100,4.5,NonSharable,reference,20,small,network_data_mb,HDS-PBQS,negative_favors_HDS,50,50,171.3456159549526,208.17034345708294,-36.824727502130344,-38.74179064730174,-42.533175062757664,-31.116279941503027,-1.8333306296401344,17.689708769550187,paired_t,1.868859886374428e-17,1.2434497875801753e-13,1,2.5640757641057153e-14,2.466895050014245e-15
epigenomics,100,4.5,NonSharable,reference,20,small,cpu_utilization,HDS-PBQS,positive_favors_HDS,50,50,0.15058246228835703,0.13508845594863228,0.015494006339724753,0.015757113031097933,0.012285044431883682,0.018702968247565822,1.3722032256042476,11.469526563851161,paired_t,5.425227430844555e-13,8.842704346534447e-12,1,6.266137682625461e-10,6.130506996854348e-11
epigenomics,100,4.5,NonSharable,reference,20,small,ram_utilization,HDS-PBQS,positive_favors_HDS,50,50,0.29636708967834674,0.2574399427284938,0.03892714694985289,0.03616333220539715,0.032697179754437304,0.04515711414526847,1.7757674173162972,15.120865292806185,paired_t,6.257746849422394e-17,2.4868995751603507e-14,1,8.372865284527163e-14,9.511775211122039e-15
epigenomics,100,4.5,NonSharable,reference,20,small,scheduler_runtime_s,HDS-PBQS,negative_favors_HDS,50,50,0.003329579038981998,0.007654841640323818,-0.004325262601341819,-0.004734414013000751,-0.004867139331006463,-0.0037833858716771747,-2.268460635420471,56.50361959883537,paired_t,3.892472706828142e-21,2.4868995751603507e-14,0,5.819246696708073e-18,6.227956330925027e-19
epigenomics,100,4.5,Sharable,reference,20,small,global_deadline_success,HDS-PBQS,positive_favors_HDS,50,50,1.0,1.0,0.0,0.0,0.0,0.0,0.0,0.0,exact_mcnemar,1.0,,0,1.0,1.0
epigenomics,100,4.5,Sharable,reference,20,small,sfc_subdeadline_success,HDS-PBQS,positive_favors_HDS,50,50,1.0,1.0,0.0,0.0,0.0,0.0,0.0,0.0,exact_mcnemar,1.0,,0,1.0,1.0
epigenomics,100,4.5,Sharable,reference,20,small,accepted_sfc_ratio,HDS-PBQS,positive_favors_HDS,50,50,1.0,1.0,0.0,0.0,0.0,0.0,0.0,0.0,paired_t,,,0,,
epigenomics,100,4.5,Sharable,reference,20,small,sfc_deadline_miss_rate,HDS-PBQS,negative_favors_HDS,50,50,0.0,0.0,0.0,0.0,0.0,0.0,0.0,,paired_t,,,0,,
epigenomics,100,4.5,Sharable,reference,20,small,provisioning_cost,HDS-PBQS,negative_favors_HDS,50,50,0.08860000000000001,0.0824,0.0062,0.0049999999999999975,0.003408356465942277,0.008991643534057722,0.6311767539720177,-7.524271844660207,paired_t,4.7389569837509234e-05,9.10329439168175e-05,1,0.03680497707579781,0.003791165587000739
epigenomics,100,4.5,Sharable,reference,20,small,makespan_s,HDS-PBQS,negative_favors_HDS,50,50,247.66708069734526,279.22191687206595,-31.554836174720705,-32.049264065684525,-34.317990358661085,-28.791681990780326,-3.2454885321491824,11.300988306436741,paired_t,7.225949406306794e-28,1.7763568394002505e-15,1,1.2082898534114007e-24,9.677874498333992e-26
epigenomics,100,4.5,Sharable,reference,20,small,network_data_mb,HDS-PBQS,negative_favors_HDS,50,50,170.90396188920633,176.55919180855915,-5.655229919352878,-6.6705414983007785,-13.633262954062623,2.3228031153568676,-0.20145298386119437,3.2030220921517993,paired_t,0.16064335515873948,0.15714035289247086,1,1.0,1.0
epigenomics,100,4.5,Sharable,reference,20,small,cpu_utilization,HDS-PBQS,positive_favors_HDS,50,50,0.15110388553663226,0.17428523248989009,-0.023181346953257843,-0.023534007868360643,-0.0272341644159433,-0.019128529490572387,-1.6255520933099343,-13.300809610821458,paired_t,1.6202763790171882e-15,3.0020430585864233e-13,1,2.005902157223279e-12,2.203575875463376e-13
epigenomics,100,4.5,Sharable,reference,20,small,ram_utilization,HDS-PBQS,positive_favors_HDS,50,50,0.2975473191754884,0.3326456099382472,-0.03509829076275886,-0.03756192921415505,-0.042694365567205954,-0.027502215958311767,-1.3131550339934999,-10.551256266173038,paired_t,2.2234224211515604e-12,1.5448975432263978e-11,1,2.4813394220051416e-09,2.312359317997623e-10
epigenomics,100,4.5,Sharable,reference,20,small,scheduler_runtime_s,HDS-PBQS,negative_favors_HDS,50,50,0.0035068726594908624,0.007884670679850332,-0.00437779802035947,-0.0049521380115039,-0.00505045924122146,-0.00370513679949748,-1.8496033260059985,55.52290258041024,paired_t,1.3331205171700779e-17,5.453415496958769e-13,0,1.8343738316260272e-14,1.2931269016549755e-15
epigenomics,100,4.75,NonSharable,reference,20,small,global_deadline_success,HDS-PBQS,positive_favors_HDS,50,50,1.0,1.0,0.0,0.0,0.0,0.0,0.0,0.0,exact_mcnemar,1.0,,0,1.0,1.0
epigenomics,100,4.75,NonSharable,reference,20,small,sfc_subdeadline_success,HDS-PBQS,positive_favors_HDS,50,50,1.0,1.0,0.0,0.0,0.0,0.0,0.0,0.0,exact_mcnemar,1.0,,0,1.0,1.0
epigenomics,100,4.75,NonSharable,reference,20,small,accepted_sfc_ratio,HDS-PBQS,positive_favors_HDS,50,50,1.0,1.0,0.0,0.0,0.0,0.0,0.0,0.0,paired_t,,,0,,
epigenomics,100,4.75,NonSharable,reference,20,small,sfc_deadline_miss_rate,HDS-PBQS,negative_favors_HDS,50,50,0.0,0.0,0.0,0.0,0.0,0.0,0.0,,paired_t,,,0,,
epigenomics,100,4.75,NonSharable,reference,20,small,provisioning_cost,HDS-PBQS,negative_favors_HDS,50,50,0.08920000000000002,0.10759999999999997,-0.0184,-0.017499999999999995,-0.021416959147761927,-0.015383040852238072,-1.733275753833334,17.100371747211863,paired_t,1.54794857668123e-16,1.5469625833688807e-09,1,1.9736344352685684e-13,2.4457587511563435e-14
epigenomics,100,4.75,NonSharable,reference,20,small,makespan_s,HDS-PBQS,negative_favors_HDS,50,50,247.82788016797838,262.3140577476841,-14.48617757970571,-12.786398424647587,-16.537763613295375,-12.434591546116046,-2.00670410545821,5.522455679306276,paired_t,5.56620263871263e-19,1.7763568394002505e-15,1,8.055522291356808e-16,5.003429994631558e-17
epigenomics,100,4.75,NonSharable,reference,20,small,network_data_mb,HDS-PBQS,negative_favors_HDS,50,50,171.3456159549526,208.17034345708294,-36.824727502130344,-38.74179064730174,-42.533175062757664,-31.116279941503027,-1.8333306296401344,17.689708769550187,paired_t,1.868859886374428e-17,1.2434497875801753e-13,1,2.5640757641057153e-14,2.466895050014245e-15
epigenomics,100,4.75,NonSharable,reference,20,small,cpu_utilization,HDS-PBQS,positive_favors_HDS,50,50,0.15058246228835703,0.13508845594863228,0.015494006339724753,0.015757113031097933,0.012285044431883682,0.018702968247565822,1.3722032256042476,11.469526563851161,paired_t,5.425227430844555e-13,8.842704346534447e-12,1,6.266137682625461e-10,6.130506996854348e-11
epigenomics,100,4.75,NonSharable,reference,20,small,ram_utilization,HDS-PBQS,positive_favors_HDS,50,50,0.29636708967834674,0.2574399427284938,0.03892714694985289,0.03616333220539715,0.032697179754437304,0.04515711414526847,1.7757674173162972,15.120865292806185,paired_t,6.257746849422394e-17,2.4868995751603507e-14,1,8.372865284527163e-14,9.511775211122039e-15
epigenomics,100,4.75,NonSharable,reference,20,small,scheduler_runtime_s,HDS-PBQS,negative_favors_HDS,50,50,0.0033277035385980923,0.007598277679935509,-0.004270574141337416,-0.00483703851568865,-0.0047561465813649876,-0.0037850017013098436,-2.4994905848868894,56.204502141512464,paired_t,6.680988569182796e-23,1.7763568394002505e-14,0,1.0402299202217614e-19,1.2359828852988174e-20
epigenomics,100,4.75,Sharable,reference,20,small,global_deadline_success,HDS-PBQS,positive_favors_HDS,50,50,1.0,1.0,0.0,0.0,0.0,0.0,0.0,0.0,exact_mcnemar,1.0,,0,1.0,1.0
epigenomics,100,4.75,Sharable,reference,20,small,sfc_subdeadline_success,HDS-PBQS,positive_favors_HDS,50,50,1.0,1.0,0.0,0.0,0.0,0.0,0.0,0.0,exact_mcnemar,1.0,,0,1.0,1.0
epigenomics,100,4.75,Sharable,reference,20,small,accepted_sfc_ratio,HDS-PBQS,positive_favors_HDS,50,50,1.0,1.0,0.0,0.0,0.0,0.0,0.0,0.0,paired_t,,,0,,
epigenomics,100,4.75,Sharable,reference,20,small,sfc_deadline_miss_rate,HDS-PBQS,negative_favors_HDS,50,50,0.0,0.0,0.0,0.0,0.0,0.0,0.0,,paired_t,,,0,,
epigenomics,100,4.75,Sharable,reference,20,small,provisioning_cost,HDS-PBQS,negative_favors_HDS,50,50,0.08860000000000001,0.0824,0.0062,0.0049999999999999975,0.003408356465942277,0.008991643534057722,0.6311767539720177,-7.524271844660207,paired_t,4.7389569837509234e-05,9.10329439168175e-05,1,0.03680497707579781,0.003791165587000739
epigenomics,100,4.75,Sharable,reference,20,small,makespan_s,HDS-PBQS,negative_favors_HDS,50,50,247.66708069734526,279.22191687206595,-31.554836174720705,-32.049264065684525,-34.317990358661085,-28.791681990780326,-3.2454885321491824,11.300988306436741,paired_t,7.225949406306794e-28,1.7763568394002505e-15,1,1.2082898534114007e-24,9.677874498333992e-26
epigenomics,100,4.75,Sharable,reference,20,small,network_data_mb,HDS-PBQS,negative_favors_HDS,50,50,170.90396188920633,176.55919180855915,-5.655229919352878,-6.6705414983007785,-13.633262954062623,2.3228031153568676,-0.20145298386119437,3.2030220921517993,paired_t,0.16064335515873948,0.15714035289247086,1,1.0,1.0
epigenomics,100,4.75,Sharable,reference,20,small,cpu_utilization,HDS-PBQS,positive_favors_HDS,50,50,0.15110388553663226,0.17428523248989009,-0.023181346953257843,-0.023534007868360643,-0.0272341644159433,-0.019128529490572387,-1.6255520933099343,-13.300809610821458,paired_t,1.6202763790171882e-15,3.0020430585864233e-13,1,2.005902157223279e-12,2.203575875463376e-13
epigenomics,100,4.75,Sharable,reference,20,small,ram_utilization,HDS-PBQS,positive_favors_HDS,50,50,0.2975473191754884,0.3326456099382472,-0.03509829076275886,-0.03756192921415505,-0.042694365567205954,-0.027502215958311767,-1.3131550339934999,-10.551256266173038,paired_t,2.2234224211515604e-12,1.5448975432263978e-11,1,2.4813394220051416e-09,2.312359317997623e-10
epigenomics,100,4.75,Sharable,reference,20,small,scheduler_runtime_s,HDS-PBQS,negative_favors_HDS,50,50,0.004116913580874047,0.007978868939244368,-0.0038619553583703215,-0.00504543948409265,-0.004879598047975395,-0.0028443126687652484,-1.078527443988881,48.40229094847201,paired_t,7.150135783298989e-10,3.094002387626915e-08,0,7.064334153899401e-07,2.6455502398206258e-08
epigenomics,100,5.0,NonSharable,reference,20,small,global_deadline_success,HDS-PBQS,positive_favors_HDS,50,50,1.0,1.0,0.0,0.0,0.0,0.0,0.0,0.0,exact_mcnemar,1.0,,0,1.0,1.0
epigenomics,100,5.0,NonSharable,reference,20,small,sfc_subdeadline_success,HDS-PBQS,positive_favors_HDS,50,50,1.0,1.0,0.0,0.0,0.0,0.0,0.0,0.0,exact_mcnemar,1.0,,0,1.0,1.0
epigenomics,100,5.0,NonSharable,reference,20,small,accepted_sfc_ratio,HDS-PBQS,positive_favors_HDS,50,50,1.0,1.0,0.0,0.0,0.0,0.0,0.0,0.0,paired_t,,,0,,
epigenomics,100,5.0,NonSharable,reference,20,small,sfc_deadline_miss_rate,HDS-PBQS,negative_favors_HDS,50,50,0.0,0.0,0.0,0.0,0.0,0.0,0.0,,paired_t,,,0,,
epigenomics,100,5.0,NonSharable,reference,20,small,provisioning_cost,HDS-PBQS,negative_favors_HDS,50,50,0.08920000000000002,0.10759999999999997,-0.0184,-0.017499999999999995,-0.021416959147761927,-0.015383040852238072,-1.733275753833334,17.100371747211863,paired_t,1.54794857668123e-16,1.5469625833688807e-09,1,1.9736344352685684e-13,2.4457587511563435e-14
epigenomics,100,5.0,NonSharable,reference,20,small,makespan_s,HDS-PBQS,negative_favors_HDS,50,50,247.82788016797838,262.3140577476841,-14.48617757970571,-12.786398424647587,-16.537763613295375,-12.434591546116046,-2.00670410545821,5.522455679306276,paired_t,5.56620263871263e-19,1.7763568394002505e-15,1,8.055522291356808e-16,5.003429994631558e-17
epigenomics,100,5.0,NonSharable,reference,20,small,network_data_mb,HDS-PBQS,negative_favors_HDS,50,50,171.3456159549526,208.17034345708294,-36.824727502130344,-38.74179064730174,-42.533175062757664,-31.116279941503027,-1.8333306296401344,17.689708769550187,paired_t,1.868859886374428e-17,1.2434497875801753e-13,1,2.5640757641057153e-14,2.466895050014245e-15
epigenomics,100,5.0,NonSharable,reference,20,small,cpu_utilization,HDS-PBQS,positive_favors_HDS,50,50,0.15058246228835703,0.13508845594863228,0.015494006339724753,0.015757113031097933,0.012285044431883682,0.018702968247565822,1.3722032256042476,11.469526563851161,paired_t,5.425227430844555e-13,8.842704346534447e-12,1,6.266137682625461e-10,6.130506996854348e-11
epigenomics,100,5.0,NonSharable,reference,20,small,ram_utilization,HDS-PBQS,positive_favors_HDS,50,50,0.29636708967834674,0.2574399427284938,0.03892714694985289,0.03616333220539715,0.032697179754437304,0.04515711414526847,1.7757674173162972,15.120865292806185,paired_t,6.257746849422394e-17,2.4868995751603507e-14,1,8.372865284527163e-14,9.511775211122039e-15
epigenomics,100,5.0,NonSharable,reference,20,small,scheduler_runtime_s,HDS-PBQS,negative_favors_HDS,50,50,0.003325566279017906,0.007658062659684167,-0.00433249638066626,-0.00491671151394255,-0.004801007517268066,-0.0038639852440644534,-2.6280738100756484,56.57431354635771,paired_t,7.820680366423621e-24,3.552713678800501e-15,0,1.2356674978949321e-20,1.6032394751168423e-21
epigenomics,100,5.0,Sharable,reference,20,small,global_deadline_success,HDS-PBQS,positive_favors_HDS,50,50,1.0,1.0,0.0,0.0,0.0,0.0,0.0,0.0,exact_mcnemar,1.0,,0,1.0,1.0
epigenomics,100,5.0,Sharable,reference,20,small,sfc_subdeadline_success,HDS-PBQS,positive_favors_HDS,50,50,1.0,1.0,0.0,0.0,0.0,0.0,0.0,0.0,exact_mcnemar,1.0,,0,1.0,1.0
epigenomics,100,5.0,Sharable,reference,20,small,accepted_sfc_ratio,HDS-PBQS,positive_favors_HDS,50,50,1.0,1.0,0.0,0.0,0.0,0.0,0.0,0.0,paired_t,,,0,,
epigenomics,100,5.0,Sharable,reference,20,small,sfc_deadline_miss_rate,HDS-PBQS,negative_favors_HDS,50,50,0.0,0.0,0.0,0.0,0.0,0.0,0.0,,paired_t,,,0,,
epigenomics,100,5.0,Sharable,reference,20,small,provisioning_cost,HDS-PBQS,negative_favors_HDS,50,50,0.08860000000000001,0.0824,0.0062,0.0049999999999999975,0.003408356465942277,0.008991643534057722,0.6311767539720177,-7.524271844660207,paired_t,4.7389569837509234e-05,9.10329439168175e-05,1,0.03680497707579781,0.003791165587000739
epigenomics,100,5.0,Sharable,reference,20,small,makespan_s,HDS-PBQS,negative_favors_HDS,50,50,247.66708069734526,279.22191687206595,-31.554836174720705,-32.049264065684525,-34.317990358661085,-28.791681990780326,-3.2454885321491824,11.300988306436741,paired_t,7.225949406306794e-28,1.7763568394002505e-15,1,1.2082898534114007e-24,9.677874498333992e-26
epigenomics,100,5.0,Sharable,reference,20,small,network_data_mb,HDS-PBQS,negative_favors_HDS,50,50,170.90396188920633,176.55919180855915,-5.655229919352878,-6.6705414983007785,-13.633262954062623,2.3228031153568676,-0.20145298386119437,3.2030220921517993,paired_t,0.16064335515873948,0.15714035289247086,1,1.0,1.0
epigenomics,100,5.0,Sharable,reference,20,small,cpu_utilization,HDS-PBQS,positive_favors_HDS,50,50,0.15110388553663226,0.17428523248989009,-0.023181346953257843,-0.023534007868360643,-0.0272341644159433,-0.019128529490572387,-1.6255520933099343,-13.300809610821458,paired_t,1.6202763790171882e-15,3.0020430585864233e-13,1,2.005902157223279e-12,2.203575875463376e-13
epigenomics,100,5.0,Sharable,reference,20,small,ram_utilization,HDS-PBQS,positive_favors_HDS,50,50,0.2975473191754884,0.3326456099382472,-0.03509829076275886,-0.03756192921415505,-0.042694365567205954,-0.027502215958311767,-1.3131550339934999,-10.551256266173038,paired_t,2.2234224211515604e-12,1.5448975432263978e-11,1,2.4813394220051416e-09,2.312359317997623e-10
epigenomics,100,5.0,Sharable,reference,20,small,scheduler_runtime_s,HDS-PBQS,negative_favors_HDS,50,50,0.003507991220103522,0.007897391900114544,-0.004389400680011022,-0.0050787965046765506,-0.005025111383652958,-0.0037536899763690864,-1.9622980447291307,55.5803831888773,paired_t,1.344940378353792e-18,3.0020430585864233e-13,0,1.9111602776407383e-15,1.6408272615916264e-16
inspiral,100,0.8,NonSharable,reference,20,small,global_deadline_success,HDS-PBQS,positive_favors_HDS,50,50,0.0,0.0,0.0,0.0,0.0,0.0,0.0,,exact_mcnemar,1.0,,0,1.0,1.0
inspiral,100,0.8,NonSharable,reference,20,small,sfc_subdeadline_success,HDS-PBQS,positive_favors_HDS,50,50,0.0,0.0,0.0,0.0,0.0,0.0,0.0,,exact_mcnemar,1.0,,0,1.0,1.0
inspiral,100,0.8,NonSharable,reference,20,small,accepted_sfc_ratio,HDS-PBQS,positive_favors_HDS,50,50,0.0,0.0,0.0,0.0,0.0,0.0,0.0,,paired_t,,,0,,
inspiral,100,0.8,NonSharable,reference,20,small,sfc_deadline_miss_rate,HDS-PBQS,negative_favors_HDS,50,50,1.0,1.0,0.0,0.0,0.0,0.0,0.0,0.0,paired_t,,,0,,
inspiral,100,0.8,NonSharable,reference,20,small,provisioning_cost,HDS-PBQS,negative_favors_HDS,50,0,,,,,,,0.0,,paired_t,,,1,,
inspiral,100,0.8,NonSharable,reference,20,small,makespan_s,HDS-PBQS,negative_favors_HDS,0,0,,,,,,,0.0,,paired_t,,,1,,
inspiral,100,0.8,NonSharable,reference,20,small,network_data_mb,HDS-PBQS,negative_favors_HDS,50,0,,,,,,,0.0,,paired_t,,,1,,
inspiral,100,0.8,NonSharable,reference,20,small,cpu_utilization,HDS-PBQS,positive_favors_HDS,50,0,,,,,,,0.0,,paired_t,,,1,,
inspiral,100,0.8,NonSharable,reference,20,small,ram_utilization,HDS-PBQS,positive_favors_HDS,50,0,,,,,,,0.0,,paired_t,,,1,,
inspiral,100,0.8,NonSharable,reference,20,small,scheduler_runtime_s,HDS-PBQS,negative_favors_HDS,50,50,0.00010908787975493377,0.00011010781985530738,-1.0199401003735872e-06,-3.6050005292054266e-07,-2.639401305025063e-05,2.4354132849503456e-05,-0.011423620082308353,0.926310321749996,paired_t,0.9359481787521838,0.2571237847552261,0,1.0,1.0
inspiral,100,0.8,Sharable,reference,20,small,global_deadline_success,HDS-PBQS,positive_favors_HDS,50,50,0.0,0.0,0.0,0.0,0.0,0.0,0.0,,exact_mcnemar,1.0,,0,1.0,1.0
inspiral,100,0.8,Sharable,reference,20,small,sfc_subdeadline_success,HDS-PBQS,positive_favors_HDS,50,50,0.0,0.0,0.0,0.0,0.0,0.0,0.0,,exact_mcnemar,1.0,,0,1.0,1.0
inspiral,100,0.8,Sharable,reference,20,small,accepted_sfc_ratio,HDS-PBQS,positive_favors_HDS,50,50,0.0,0.0,0.0,0.0,0.0,0.0,0.0,,paired_t,,,0,,
inspiral,100,0.8,Sharable,reference,20,small,sfc_deadline_miss_rate,HDS-PBQS,negative_favors_HDS,50,50,1.0,1.0,0.0,0.0,0.0,0.0,0.0,0.0,paired_t,,,0,,
inspiral,100,0.8,Sharable,reference,20,small,provisioning_cost,HDS-PBQS,negative_favors_HDS,50,0,,,,,,,0.0,,paired_t,,,1,,
inspiral,100,0.8,Sharable,reference,20,small,makespan_s,HDS-PBQS,negative_favors_HDS,0,0,,,,,,,0.0,,paired_t,,,1,,
inspiral,100,0.8,Sharable,reference,20,small,network_data_mb,HDS-PBQS,negative_favors_HDS,50,0,,,,,,,0.0,,paired_t,,,1,,
inspiral,100,0.8,Sharable,reference,20,small,cpu_utilization,HDS-PBQS,positive_favors_HDS,50,0,,,,,,,0.0,,paired_t,,,1,,
inspiral,100,0.8,Sharable,reference,20,small,ram_utilization,HDS-PBQS,positive_favors_HDS,50,0,,,,,,,0.0,,paired_t,,,1,,
inspiral,100,0.8,Sharable,reference,20,small,scheduler_runtime_s,HDS-PBQS,negative_favors_HDS,50,50,0.00010061492008388554,0.00010347147996069854,-2.8565598768130204e-06,-7.009984983596951e-07,-7.4183613814446215e-06,1.7052416278185804e-06,-0.17796156489958692,2.7607219669594047,paired_t,0.2142180614646547,0.35217499509373695,0,1.0,1.0
inspiral,100,0.9,NonSharable,reference,20,small,global_deadline_success,HDS-PBQS,positive_favors_HDS,50,50,0.0,0.0,0.0,0.0,0.0,0.0,0.0,,exact_mcnemar,1.0,,0,1.0,1.0
inspiral,100,0.9,NonSharable,reference,20,small,sfc_subdeadline_success,HDS-PBQS,positive_favors_HDS,50,50,0.0,0.0,0.0,0.0,0.0,0.0,0.0,,exact_mcnemar,1.0,,0,1.0,1.0
inspiral,100,0.9,NonSharable,reference,20,small,accepted_sfc_ratio,HDS-PBQS,positive_favors_HDS,50,50,0.0,0.0,0.0,0.0,0.0,0.0,0.0,,paired_t,,,0,,
inspiral,100,0.9,NonSharable,reference,20,small,sfc_deadline_miss_rate,HDS-PBQS,negative_favors_HDS,50,50,1.0,1.0,0.0,0.0,0.0,0.0,0.0,0.0,paired_t,,,0,,
inspiral,100,0.9,NonSharable,reference,20,small,provisioning_cost,HDS-PBQS,negative_favors_HDS,50,0,,,,,,,0.0,,paired_t,,,1,,
inspiral,100,0.9,NonSharable,reference,20,small,makespan_s,HDS-PBQS,negative_favors_HDS,0,0,,,,,,,0.0,,paired_t,,,1,,
inspiral,100,0.9,NonSharable,reference,20,small,network_data_mb,HDS-PBQS,negative_favors_HDS,50,0,,,,,,,0.0,,paired_t,,,1,,
inspiral,100,0.9,NonSharable,reference,20,small,cpu_utilization,HDS-PBQS,positive_favors_HDS,50,0,,,,,,,0.0,,paired_t,,,1,,
inspiral,100,0.9,NonSharable,reference,20,small,ram_utilization,HDS-PBQS,positive_favors_HDS,50,0,,,,,,,0.0,,paired_t,,,1,,
inspiral,100,0.9,NonSharable,reference,20,small,scheduler_runtime_s,HDS-PBQS,negative_favors_HDS,50,50,9.77103200420792e-05,0.00010354542006096312,-5.835100018883919e-06,-2.643500920400545e-06,-1.1258264384849493e-05,-4.1193565291834505e-07,-0.3057840339999775,5.635304792281943,paired_t,0.035511346012477026,0.011529687649083797,0,1.0,0.8522723042994487
inspiral,100,0.9,Sharable,reference,20,small,global_deadline_success,HDS-PBQS,positive_favors_HDS,50,50,0.0,0.0,0.0,0.0,0.0,0.0,0.0,,exact_mcnemar,1.0,,0,1.0,1.0
inspiral,100,0.9,Sharable,reference,20,small,sfc_subdeadline_success,HDS-PBQS,positive_favors_HDS,50,50,0.0,0.0,0.0,0.0,0.0,0.0,0.0,,exact_mcnemar,1.0,,0,1.0,1.0
inspiral,100,0.9,Sharable,reference,20,small,accepted_sfc_ratio,HDS-PBQS,positive_favors_HDS,50,50,0.0,0.0,0.0,0.0,0.0,0.0,0.0,,paired_t,,,0,,
inspiral,100,0.9,Sharable,reference,20,small,sfc_deadline_miss_rate,HDS-PBQS,negative_favors_HDS,50,50,1.0,1.0,0.0,0.0,0.0,0.0,0.0,0.0,paired_t,,,0,,
inspiral,100,0.9,Sharable,reference,20,small,provisioning_cost,HDS-PBQS,negative_favors_HDS,50,0,,,,,,,0.0,,paired_t,,,1,,
inspiral,100,0.9,Sharable,reference,20,small,makespan_s,HDS-PBQS,negative_favors_HDS,0,0,,,,,,,0.0,,paired_t,,,1,,
inspiral,100,0.9,Sharable,reference,20,small,network_data_mb,HDS-PBQS,negative_favors_HDS,50,0,,,,,,,0.0,,paired_t,,,1,,
inspiral,100,0.9,Sharable,reference,20,small,cpu_utilization,HDS-PBQS,positive_favors_HDS,50,0,,,,,,,0.0,,paired_t,,,1,,
inspiral,100,0.9,Sharable,reference,20,small,ram_utilization,HDS-PBQS,positive_favors_HDS,50,0,,,,,,,0.0,,paired_t,,,1,,
inspiral,100,0.9,Sharable,reference,20,small,scheduler_runtime_s,HDS-PBQS,negative_favors_HDS,50,50,9.943822013154439e-05,9.998309971704916e-05,-5.448795855047771e-07,-3.9049882618656884e-07,-2.858150242619215e-06,1.768391071609661e-06,-0.06694117886639225,0.5449716872619229,paired_t,0.6380686883447909,0.5984627102635613,0,1.0,1.0
inspiral,100,1.0,NonSharable,reference,20,small,global_deadline_success,HDS-PBQS,positive_favors_HDS,50,50,0.0,0.0,0.0,0.0,0.0,0.0,0.0,,exact_mcnemar,1.0,,0,1.0,1.0
inspiral,100,1.0,NonSharable,reference,20,small,sfc_subdeadline_success,HDS-PBQS,positive_favors_HDS,50,50,0.0,0.0,0.0,0.0,0.0,0.0,0.0,,exact_mcnemar,1.0,,0,1.0,1.0
inspiral,100,1.0,NonSharable,reference,20,small,accepted_sfc_ratio,HDS-PBQS,positive_favors_HDS,50,50,0.0,0.0,0.0,0.0,0.0,0.0,0.0,,paired_t,,,0,,
inspiral,100,1.0,NonSharable,reference,20,small,sfc_deadline_miss_rate,HDS-PBQS,negative_favors_HDS,50,50,1.0,1.0,0.0,0.0,0.0,0.0,0.0,0.0,paired_t,,,0,,
inspiral,100,1.0,NonSharable,reference,20,small,provisioning_cost,HDS-PBQS,negative_favors_HDS,50,0,,,,,,,0.0,,paired_t,,,1,,
inspiral,100,1.0,NonSharable,reference,20,small,makespan_s,HDS-PBQS,negative_favors_HDS,0,0,,,,,,,0.0,,paired_t,,,1,,
inspiral,100,1.0,NonSharable,reference,20,small,network_data_mb,HDS-PBQS,negative_favors_HDS,50,0,,,,,,,0.0,,paired_t,,,1,,
inspiral,100,1.0,NonSharable,reference,20,small,cpu_utilization,HDS-PBQS,positive_favors_HDS,50,0,,,,,,,0.0,,paired_t,,,1,,
inspiral,100,1.0,NonSharable,reference,20,small,ram_utilization,HDS-PBQS,positive_favors_HDS,50,0,,,,,,,0.0,,paired_t,,,1,,
inspiral,100,1.0,NonSharable,reference,20,small,scheduler_runtime_s,HDS-PBQS,negative_favors_HDS,50,50,9.670943996750912e-05,9.817399994061512e-05,-1.4645599731059965e-06,-8.36002072901465e-07,-3.6241201487212727e-06,6.950002025092794e-07,-0.1927352355083366,1.4918002464928592,paired_t,0.179162349111652,0.03048635454688231,0,1.0,1.0
inspiral,100,1.0,Sharable,reference,20,small,global_deadline_success,HDS-PBQS,positive_favors_HDS,50,50,0.0,0.0,0.0,0.0,0.0,0.0,0.0,,exact_mcnemar,1.0,,0,1.0,1.0
inspiral,100,1.0,Sharable,reference,20,small,sfc_subdeadline_success,HDS-PBQS,positive_favors_HDS,50,50,0.0,0.0,0.0,0.0,0.0,0.0,0.0,,exact_mcnemar,1.0,,0,1.0,1.0
inspiral,100,1.0,Sharable,reference,20,small,accepted_sfc_ratio,HDS-PBQS,positive_favors_HDS,50,50,0.0,0.0,0.0,0.0,0.0,0.0,0.0,,paired_t,,,0,,
inspiral,100,1.0,Sharable,reference,20,small,sfc_deadline_miss_rate,HDS-PBQS,negative_favors_HDS,50,50,1.0,1.0,0.0,0.0,0.0,0.0,0.0,0.0,paired_t,,,0,,
inspiral,100,1.0,Sharable,reference,20,small,provisioning_cost,HDS-PBQS,negative_favors_HDS,50,0,,,,,,,0.0,,paired_t,,,1,,
inspiral,100,1.0,Sharable,reference,20,small,makespan_s,HDS-PBQS,negative_favors_HDS,0,0,,,,,,,0.0,,paired_t,,,1,,
inspiral,100,1.0,Sharable,reference,20,small,network_data_mb,HDS-PBQS,negative_favors_HDS,50,0,,,,,,,0.0,,paired_t,,,1,,
inspiral,100,1.0,Sharable,reference,20,small,cpu_utilization,HDS-PBQS,positive_favors_HDS,50,0,,,,,,,0.0,,paired_t,,,1,,
inspiral,100,1.0,Sharable,reference,20,small,ram_utilization,HDS-PBQS,positive_favors_HDS,50,0,,,,,,,0.0,,paired_t,,,1,,
inspiral,100,1.0,Sharable,reference,20,small,scheduler_runtime_s,HDS-PBQS,negative_favors_HDS,50,50,0.00010183892001803698,0.0001014262196258442,4.127003921927574e-07,-1.9549952410993603e-07,-7.274590895993559e-06,8.099991680379073e-06,0.015257409837361352,-0.40689714525022036,paired_t,0.9145265371075776,0.6396510520429564,0,1.0,1.0
inspiral,100,1.05,NonSharable,reference,20,small,global_deadline_success,HDS-PBQS,positive_favors_HDS,50,50,0.14,0.14,0.0,0.0,-0.11483287069309937,0.11483287069309937,0.0,0.0,exact_mcnemar,1.0,1.0,0,1.0,1.0
inspiral,100,1.05,NonSharable,reference,20,small,sfc_subdeadline_success,HDS-PBQS,positive_favors_HDS,50,50,0.14,0.14,0.0,0.0,-0.11483287069309937,0.11483287069309937,0.0,0.0,exact_mcnemar,1.0,1.0,0,1.0,1.0
inspiral,100,1.05,NonSharable,reference,20,small,accepted_sfc_ratio,HDS-PBQS,positive_favors_HDS,50,50,0.57,0.5602,0.009800000000000001,0.0,-0.09059422570677976,0.11019422570677977,0.02774192603459732,1.7493752231345805,paired_t,0.8452922881872084,0.8936164217246915,0,1.0,1.0
inspiral,100,1.05,NonSharable,reference,20,small,sfc_deadline_miss_rate,HDS-PBQS,negative_favors_HDS,50,50,0.42999999999999994,0.43979999999999997,-0.009800000000000001,0.0,-0.11019422570677977,0.09059422570677976,-0.02774192603459732,2.228285584356533,paired_t,0.8452922881872084,0.8773802104224082,0,1.0,1.0
inspiral,100,1.05,NonSharable,reference,20,small,provisioning_cost,HDS-PBQS,negative_favors_HDS,50,3,0.08166666666666667,0.09500000000000001,-0.01333333333333333,-0.009999999999999995,-0.06353094851374369,0.03686428184707703,-0.6598288790738582,14.03508771929826,paired_t,0.371460638945291,0.5,1,1.0,1.0
inspiral,100,1.05,NonSharable,reference,20,small,makespan_s,HDS-PBQS,negative_favors_HDS,3,3,209.72553112011806,210.3270734006522,-0.6015422805341283,0.2917628945189108,-5.985028084126402,4.781943523058144,-0.27757366115649534,0.28600325712147806,paired_t,0.6781338298022115,1.0,1,1.0,1.0
inspiral,100,1.05,NonSharable,reference,20,small,network_data_mb,HDS-PBQS,negative_favors_HDS,50,3,322.86151050577854,348.00663883104716,-25.145128325268633,-6.6546474988483055,-107.48910526181761,57.198848611280354,-0.7585735334077135,7.225473746630523,paired_t,0.31935709365058307,0.25,1,1.0,1.0
inspiral,100,1.05,NonSharable,reference,20,small,cpu_utilization,HDS-PBQS,positive_favors_HDS,50,3,0.15119409570888717,0.14201615580533974,0.009177939903547427,0.013241854763870298,-0.010609837675981684,0.02896571748307654,1.152189352187114,6.462602688758556,paired_t,0.18409660073246,0.5,1,1.0,1.0
inspiral,100,1.05,NonSharable,reference,20,small,ram_utilization,HDS-PBQS,positive_favors_HDS,50,3,0.30244971839735824,0.2801415691604659,0.0223081492368923,0.027295939963338622,-0.02806923253724705,0.07268553101103165,1.1000276879646402,7.963169944305612,paired_t,0.1970231987064588,0.5,1,1.0,1.0
inspiral,100,1.05,NonSharable,reference,20,small,scheduler_runtime_s,HDS-PBQS,negative_favors_HDS,50,50,0.004008680240149206,0.009036580139363612,-0.005027899899214407,-0.004083415007699001,-0.006792608711760047,-0.0032631910866687663,-0.8097162154717101,55.63941028213454,paired_t,6.178547599370044e-07,2.8391607465039215e-07,0,0.0005282658197461388,1.9153497558047136e-05
inspiral,100,1.05,Sharable,reference,20,small,global_deadline_success,HDS-PBQS,positive_favors_HDS,50,50,0.16,0.1,0.06,0.0,-0.07354722209452152,0.19354722209452152,0.12768375906520113,60.0,exact_mcnemar,0.548828125,0.548828125,0,1.0,1.0
inspiral,100,1.05,Sharable,reference,20,small,sfc_subdeadline_success,HDS-PBQS,positive_favors_HDS,50,50,0.16,0.1,0.06,0.0,-0.07354722209452152,0.19354722209452152,0.12768375906520113,60.0,exact_mcnemar,0.548828125,0.548828125,0,1.0,1.0
inspiral,100,1.05,Sharable,reference,20,small,accepted_sfc_ratio,HDS-PBQS,positive_favors_HDS,50,50,0.5824,0.5518000000000001,0.030600000000000006,0.0,-0.09212675419400262,0.15332675419400263,0.07086004869339492,5.545487495469365,paired_t,0.6185751050627777,0.6428224430707599,0,1.0,1.0
inspiral,100,1.05,Sharable,reference,20,small,sfc_deadline_miss_rate,HDS-PBQS,negative_favors_HDS,50,50,0.41759999999999997,0.44819999999999993,-0.030600000000000013,0.0,-0.15332675419400263,0.09212675419400261,-0.07086004869339493,6.827309236947784,paired_t,0.6185751050627777,0.6524767342109156,0,1.0,1.0
inspiral,100,1.05,Sharable,reference,20,small,provisioning_cost,HDS-PBQS,negative_favors_HDS,50,1,0.105,0.105,0.0,0.0,0.0,0.0,0.0,0.0,paired_t,,,1,,
inspiral,100,1.05,Sharable,reference,20,small,makespan_s,HDS-PBQS,negative_favors_HDS,1,1,210.36162304291832,210.0202110814212,0.3414119614971298,0.3414119614971298,0.3414119614971298,0.3414119614971298,0.0,-0.1625614790782066,paired_t,,,1,,
inspiral,100,1.05,Sharable,reference,20,small,network_data_mb,HDS-PBQS,negative_favors_HDS,50,1,314.95575239222256,247.399367903059,67.55638448916358,67.55638448916358,67.55638448916358,67.55638448916358,0.0,-27.30661159798714,paired_t,,,1,,
inspiral,100,1.05,Sharable,reference,20,small,cpu_utilization,HDS-PBQS,positive_favors_HDS,50,1,0.1183058965268771,0.125335352333266,-0.007029455806388904,-0.007029455806388904,-0.007029455806388904,-0.007029455806388904,0.0,-5.608518008309116,paired_t,,,1,,
inspiral,100,1.05,Sharable,reference,20,small,ram_utilization,HDS-PBQS,positive_favors_HDS,50,1,0.2657667345973797,0.2676414932867183,-0.0018747586893386181,-0.0018747586893386181,-0.0018747586893386181,-0.0018747586893386181,0.0,-0.7004738563949915,paired_t,,,1,,
inspiral,100,1.05,Sharable,reference,20,small,scheduler_runtime_s,HDS-PBQS,negative_favors_HDS,50,50,0.004374595999906834,0.008778198658910647,-0.004403602659003814,-0.0034175610016973505,-0.005927174355581306,-0.0028800309624263214,-0.8214185334059629,50.165219882939965,paired_t,4.61359307720525e-07,1.1326234101716182e-06,0,0.000396307645331931,1.47634978470568e-05
inspiral,100,1.1,NonSharable,reference,20,small,global_deadline_success,HDS-PBQS,positive_favors_HDS,50,50,0.2,0.12,0.08,0.0,-0.08076601897033915,0.24076601897033917,0.1414213562373095,66.66666666666669,exact_mcnemar,0.454498291015625,0.31731050786291415,0,1.0,1.0
inspiral,100,1.1,NonSharable,reference,20,small,sfc_subdeadline_success,HDS-PBQS,positive_favors_HDS,50,50,0.2,0.12,0.08,0.0,-0.08076601897033915,0.24076601897033917,0.1414213562373095,66.66666666666669,exact_mcnemar,0.454498291015625,0.31731050786291415,0,1.0,1.0
inspiral,100,1.1,NonSharable,reference,20,small,accepted_sfc_ratio,HDS-PBQS,positive_favors_HDS,50,50,0.6775999999999999,0.5539999999999999,0.12359999999999999,0.06999999999999998,0.01953714991346618,0.2276628500865338,0.3375530394378249,22.310469314079413,paired_t,0.020897458030064642,0.016075782151786754,0,1.0,0.5015389927215514
inspiral,100,1.1,NonSharable,reference,20,small,sfc_deadline_miss_rate,HDS-PBQS,negative_favors_HDS,50,50,0.32239999999999996,0.44600000000000006,-0.12360000000000002,-0.07000000000000002,-0.2276628500865338,-0.01953714991346621,-0.33755303943782494,27.71300448430495,paired_t,0.02089745803006461,0.016074746508904766,0,1.0,0.5015389927215507
inspiral,100,1.1,NonSharable,reference,20,small,provisioning_cost,HDS-PBQS,negative_favors_HDS,50,0,,,,,,,0.0,,paired_t,,,1,,
inspiral,100,1.1,NonSharable,reference,20,small,makespan_s,HDS-PBQS,negative_favors_HDS,0,0,,,,,,,0.0,,paired_t,,,1,,
inspiral,100,1.1,NonSharable,reference,20,small,network_data_mb,HDS-PBQS,negative_favors_HDS,50,0,,,,,,,0.0,,paired_t,,,1,,
inspiral,100,1.1,NonSharable,reference,20,small,cpu_utilization,HDS-PBQS,positive_favors_HDS,50,0,,,,,,,0.0,,paired_t,,,1,,
inspiral,100,1.1,NonSharable,reference,20,small,ram_utilization,HDS-PBQS,positive_favors_HDS,50,0,,,,,,,0.0,,paired_t,,,1,,
inspiral,100,1.1,NonSharable,reference,20,small,scheduler_runtime_s,HDS-PBQS,negative_favors_HDS,50,50,0.00539621641677508,0.008995636780673475,-0.003599420363898396,-0.0038120000081107506,-0.0052794039654043825,-0.0019194367623924097,-0.608901151243514,40.012957966816856,paired_t,7.961837076555825e-05,1.859966783257505e-06,0,0.05875835762498199,0.002149696010670073
inspiral,100,1.1,Sharable,reference,20,small,global_deadline_success,HDS-PBQS,positive_favors_HDS,50,50,0.2,0.06,0.14,0.0,0.02502367781974793,0.2549763221802521,0.3460500302577599,233.33333333333337,exact_mcnemar,0.0390625,0.0390625,0,1.0,1.0
inspiral,100,1.1,Sharable,reference,20,small,sfc_subdeadline_success,HDS-PBQS,positive_favors_HDS,50,50,0.2,0.06,0.14,0.0,0.02502367781974793,0.2549763221802521,0.3460500302577599,233.33333333333337,exact_mcnemar,0.0390625,0.0390625,0,1.0,1.0
inspiral,100,1.1,Sharable,reference,20,small,accepted_sfc_ratio,HDS-PBQS,positive_favors_HDS,50,50,0.6669999999999999,0.5586,0.10839999999999998,0.14500000000000002,-0.006308439278001857,0.22310843927800184,0.26856732886997875,19.405656999641952,paired_t,0.06345263224353553,0.07178953006131215,0,1.0,1.0
inspiral,100,1.1,Sharable,reference,20,small,sfc_deadline_miss_rate,HDS-PBQS,negative_favors_HDS,50,50,0.33299999999999996,0.4414,-0.10839999999999998,-0.14500000000000002,-0.22310843927800184,0.006308439278001857,-0.26856732886997875,24.558223833257827,paired_t,0.06345263224353553,0.07265036787814282,0,1.0,1.0
inspiral,100,1.1,Sharable,reference,20,small,provisioning_cost,HDS-PBQS,negative_favors_HDS,50,2,0.0975,0.085,0.012499999999999997,0.012499999999999997,-0.14632755920218365,0.17132755920218362,0.7071067811865475,-14.705882352941172,paired_t,0.5000000000000001,,1,1.0,1.0
inspiral,100,1.1,Sharable,reference,20,small,makespan_s,HDS-PBQS,negative_favors_HDS,2,2,216.75559944260874,218.0390092741743,-1.2834098315655922,-1.2834098315655922,-17.165901341713145,14.59908167858196,-0.7260183224297033,0.5886147785379695,paired_t,0.491599643119685,0.5,1,1.0,1.0
inspiral,100,1.1,Sharable,reference,20,small,network_data_mb,HDS-PBQS,negative_favors_HDS,50,2,337.30952838858417,309.53275498406845,27.77677340451575,27.77677340451575,-171.9468325909961,227.5003794000276,1.2495488766456797,-8.973775135993407,paired_t,0.32783413839562753,0.5,1,1.0,1.0
inspiral,100,1.1,Sharable,reference,20,small,cpu_utilization,HDS-PBQS,positive_favors_HDS,50,2,0.1459667284847691,0.15981483417693443,-0.013848105692165352,-0.013848105692165352,-0.13435346618693655,0.10665725480260584,-1.0324876231896987,-8.665094053055043,paired_t,0.3822842411242946,0.5,1,1.0,1.0
inspiral,100,1.1,Sharable,reference,20,small,ram_utilization,HDS-PBQS,positive_favors_HDS,50,2,0.27132566510530576,0.2986534623240909,-0.027327797218785144,-0.027327797218785144,-0.2698325640328443,0.215176969595274,-1.0124770731471373,-9.150336649748843,paired_t,0.3881130461123948,0.5,1,1.0,1.0
inspiral,100,1.1,Sharable,reference,20,small,scheduler_runtime_s,HDS-PBQS,negative_favors_HDS,50,50,0.005342008358566043,0.009653163559923945,-0.004311155201357903,-0.003644811009508,-0.005966799540628208,-0.002655510862087598,-0.7400241239733698,44.660542366194704,paired_t,3.465885541212606e-06,4.880519277605799e-07,0,0.002848957914876762,0.00010051068069516557
inspiral,100,1.15,NonSharable,reference,20,small,global_deadline_success,HDS-PBQS,positive_favors_HDS,50,50,0.4,0.2,0.2,0.0,0.037601796859582926,0.3623982031404171,0.35,100.0,exact_mcnemar,0.0308837890625,0.018422125454099002,0,1.0,1.0
inspiral,100,1.15,NonSharable,reference,20,small,sfc_subdeadline_success,HDS-PBQS,positive_favors_HDS,50,50,0.4,0.2,0.2,0.0,0.037601796859582926,0.3623982031404171,0.35,100.0,exact_mcnemar,0.0308837890625,0.018422125454099002,0,1.0,1.0
inspiral,100,1.15,NonSharable,reference,20,small,accepted_sfc_ratio,HDS-PBQS,positive_favors_HDS,50,50,0.8637999999999999,0.7632000000000001,0.10059999999999998,0.015000000000000013,0.023661098254872878,0.1775389017451271,0.37159620184832143,13.181341719077542,paired_t,0.011448841279641351,0.010008264040883142,0,1.0,0.3091187145503165
inspiral,100,1.15,NonSharable,reference,20,small,sfc_deadline_miss_rate,HDS-PBQS,negative_favors_HDS,50,50,0.13620000000000002,0.23680000000000004,-0.10059999999999998,-0.015,-0.1775389017451271,-0.023661098254872878,-0.37159620184832143,42.48310810810811,paired_t,0.011448841279641351,0.01042053810793636,0,1.0,0.3091187145503165
inspiral,100,1.15,NonSharable,reference,20,small,provisioning_cost,HDS-PBQS,negative_favors_HDS,50,6,0.09333333333333334,0.10666666666666665,-0.01333333333333333,-0.012499999999999997,-0.035262939368644754,0.00859627270197809,-0.6380632272226963,12.499999999999979,paired_t,0.17883155744484416,0.21875,1,1.0,1.0
inspiral,100,1.15,NonSharable,reference,20,small,makespan_s,HDS-PBQS,negative_favors_HDS,6,6,222.42815608321678,230.23642379383259,-7.8082677106157705,-7.141955565544748,-14.6289878955351,-0.9875475256964394,-1.2013796489536142,3.391412871148397,paired_t,0.032153441529495674,0.03125,1,1.0,0.3536878568244524
inspiral,100,1.15,NonSharable,reference,20,small,network_data_mb,HDS-PBQS,negative_favors_HDS,50,6,335.13510756513597,362.3391950256671,-27.204087460531138,-37.886249821484114,-67.71086121270282,13.302686291640544,-0.7047941933513832,7.507906357909766,paired_t,0.14486465242905175,0.21875,1,1.0,1.0
inspiral,100,1.15,NonSharable,reference,20,small,cpu_utilization,HDS-PBQS,positive_favors_HDS,50,6,0.1478414835909667,0.13138688543741409,0.016454598153552605,0.01828653222381256,0.007528213108287241,0.025380983198817972,1.9344943843380238,12.523775184084656,paired_t,0.0051568433293354655,0.03125,1,1.0,0.08250949326936745
inspiral,100,1.15,NonSharable,reference,20,small,ram_utilization,HDS-PBQS,positive_favors_HDS,50,6,0.2819246060169729,0.24590850562168254,0.036016100395290344,0.03733726973713021,0.015657771974000798,0.05637442881657989,1.8565659509335795,14.646138531986873,paired_t,0.006125717603587604,0.03125,1,1.0,0.09197738204372154
inspiral,100,1.15,NonSharable,reference,20,small,scheduler_runtime_s,HDS-PBQS,negative_favors_HDS,50,50,0.006653657819915631,0.012400515059707634,-0.005746857239792002,-0.00608211949656835,-0.0070819050192554075,-0.004411809460328597,-1.2233560338853209,46.34369791997572,paired_t,1.9685982882118523e-11,1.0206946399193839e-10,0,2.067028202622445e-08,8.26811281048978e-10
inspiral,100,1.15,Sharable,reference,20,small,global_deadline_success,HDS-PBQS,positive_favors_HDS,50,50,0.38,0.04,0.34,0.0,0.19238280253761464,0.4876171974623854,0.6545777357219497,850.0,exact_mcnemar,7.62939453125e-05,9.616588268883476e-05,0,0.0565338134765625,0.01617431640625
inspiral,100,1.15,Sharable,reference,20,small,sfc_subdeadline_success,HDS-PBQS,positive_favors_HDS,50,50,0.38,0.04,0.34,0.0,0.19238280253761464,0.4876171974623854,0.6545777357219497,850.0,exact_mcnemar,7.62939453125e-05,9.616588268883476e-05,0,0.0565338134765625,0.01617431640625
inspiral,100,1.15,Sharable,reference,20,small,accepted_sfc_ratio,HDS-PBQS,positive_favors_HDS,50,50,0.8794,0.6346,0.24480000000000002,0.21999999999999997,0.16747253052751326,0.32212746947248677,0.899698266346454,38.575480617711925,paired_t,6.463647530048487e-08,2.231397524242722e-06,0,5.797891834453493e-05,3.8135520427286073e-06
inspiral,100,1.15,Sharable,reference,20,small,sfc_deadline_miss_rate,HDS-PBQS,negative_favors_HDS,50,50,0.12059999999999998,0.3654,-0.24480000000000002,-0.22000000000000003,-0.32212746947248677,-0.16747253052751326,-0.899698266346454,66.99507389162562,paired_t,6.463647530048487e-08,2.231397524242722e-06,0,5.797891834453493e-05,3.8135520427286073e-06
inspiral,100,1.15,Sharable,reference,20,small,provisioning_cost,HDS-PBQS,negative_favors_HDS,50,1,0.07,0.08,-0.009999999999999995,-0.009999999999999995,-0.009999999999999995,-0.009999999999999995,0.0,12.499999999999995,paired_t,,,1,,
inspiral,100,1.15,Sharable,reference,20,small,makespan_s,HDS-PBQS,negative_favors_HDS,1,1,189.60742632042732,209.9446445992169,-20.337218278789578,-20.337218278789578,-20.337218278789578,-20.337218278789578,0.0,9.686943107128648,paired_t,,,1,,
inspiral,100,1.15,Sharable,reference,20,small,network_data_mb,HDS-PBQS,negative_favors_HDS,50,1,336.34710175025106,330.4024645356924,5.944637214558668,5.944637214558668,5.944637214558668,5.944637214558668,0.0,-1.799210917785538,paired_t,,,1,,
inspiral,100,1.15,Sharable,reference,20,small,cpu_utilization,HDS-PBQS,positive_favors_HDS,50,1,0.1567282300688703,0.1621367584280086,-0.005408528359138298,-0.005408528359138298,-0.005408528359138298,-0.005408528359138298,0.0,-3.335781726226983,paired_t,,,1,,
inspiral,100,1.15,Sharable,reference,20,small,ram_utilization,HDS-PBQS,positive_favors_HDS,50,1,0.3180145496825857,0.3202950639634431,-0.002280514280857404,-0.002280514280857404,-0.002280514280857404,-0.002280514280857404,0.0,-0.7120041915843233,paired_t,,,1,,
inspiral,100,1.15,Sharable,reference,20,small,scheduler_runtime_s,HDS-PBQS,negative_favors_HDS,50,50,0.0069027443633239635,0.01071113700170822,-0.0038083926383842537,-0.0037095384886924997,-0.005591105909209834,-0.0020256793675586734,-0.6071269171742122,35.55544698734496,paired_t,8.295356627468337e-05,2.6885878247284722e-05,0,0.061136778344441645,0.0021567927231417676
inspiral,100,1.2,NonSharable,reference,20,small,global_deadline_success,HDS-PBQS,positive_favors_HDS,50,50,0.6,0.26,0.34,0.0,0.18160970978449026,0.4983902902155098,0.6100558988627091,130.76923076923077,exact_mcnemar,0.00022125244140625,0.0002075015940618338,0,0.1606292724609375,0.0464630126953125
inspiral,100,1.2,NonSharable,reference,20,small,sfc_subdeadline_success,HDS-PBQS,positive_favors_HDS,50,50,0.6,0.26,0.34,0.0,0.18160970978449026,0.4983902902155098,0.6100558988627091,130.76923076923077,exact_mcnemar,0.00022125244140625,0.0002075015940618338,0,0.1606292724609375,0.0464630126953125
inspiral,100,1.2,NonSharable,reference,20,small,accepted_sfc_ratio,HDS-PBQS,positive_favors_HDS,50,50,0.9192,0.8104,0.1088,0.03999999999999998,0.04886197139117251,0.16873802860882747,0.5158764576614974,13.425468904244818,paired_t,0.0006403472607249783,0.0009239598166782632,0,0.43991856811806007,0.024333195907549173
inspiral,100,1.2,NonSharable,reference,20,small,sfc_deadline_miss_rate,HDS-PBQS,negative_favors_HDS,50,50,0.0808,0.18960000000000002,-0.1088,-0.04,-0.16873802860882747,-0.04886197139117251,-0.5158764576614974,57.38396624472575,paired_t,0.0006403472607249783,0.0008529385439919915,0,0.43991856811806007,0.024333195907549173
inspiral,100,1.2,NonSharable,reference,20,small,provisioning_cost,HDS-PBQS,negative_favors_HDS,50,11,0.1,0.11636363636363636,-0.01636363636363636,-0.015,-0.029638533068133514,-0.003088739659139207,-0.8281224883747158,14.062499999999995,paired_t,0.020599098073905447,0.0390625,1,1.0,0.7003693345127853
inspiral,100,1.2,NonSharable,reference,20,small,makespan_s,HDS-PBQS,negative_favors_HDS,11,11,232.0490298344327,239.55779916544634,-7.5087693310136805,-1.3733117595487272,-14.462953808629194,-0.5545848533981657,-0.7253848228698574,3.134429084409746,paired_t,0.036945785820490185,0.0029296875,1,1.0,0.36945785820490185
inspiral,100,1.2,NonSharable,reference,20,small,network_data_mb,HDS-PBQS,negative_favors_HDS,50,11,330.4238870137117,380.4908834634312,-50.066996449719525,-47.73894007897013,-65.88067032245414,-34.253322576984914,-2.1269861865405812,13.158527214629421,paired_t,3.480179394470218e-05,0.0009765625,1,0.027493417216314722,0.0034453776005255155
inspiral,100,1.2,NonSharable,reference,20,small,cpu_utilization,HDS-PBQS,positive_favors_HDS,50,11,0.1467254612084399,0.13006937595366838,0.016656085254771545,0.017643455100775612,0.01026423120736348,0.02304793930217961,1.7506204377072956,12.805539453579403,paired_t,0.00017151688521010547,0.001953125,1,0.12469277554774667,0.0037733714746223204
inspiral,100,1.2,NonSharable,reference,20,small,ram_utilization,HDS-PBQS,positive_favors_HDS,50,11,0.28616437773280856,0.24806726310007238,0.03809711463273615,0.03997327279372381,0.022916167296607767,0.05327806196886453,1.6859283742787423,15.357574456476144,paired_t,0.00023036350890978782,0.001953125,1,0.16563136290613745,0.005067997196015332
inspiral,100,1.2,NonSharable,reference,20,small,scheduler_runtime_s,HDS-PBQS,negative_favors_HDS,50,50,0.006515146237215909,0.012953671457144034,-0.0064385252199281266,-0.00735936199453135,-0.007810633119752853,-0.0050664173201034005,-1.3335748753922825,49.704249804616104,paired_t,1.3621156677396647e-12,1.4432899320127035e-10,0,1.5310180105393832e-09,6.129520504828491e-11
inspiral,100,1.2,Sharable,reference,20,small,global_deadline_success,HDS-PBQS,positive_favors_HDS,50,50,0.62,0.12,0.5,1.0,0.33508384510542244,0.6649161548945776,0.8616404368553291,416.6666666666667,exact_mcnemar,1.6242265701293945e-06,3.4441291566632375e-06,0,0.0013481080532073975,0.000354081392288208
inspiral,100,1.2,Sharable,reference,20,small,sfc_subdeadline_success,HDS-PBQS,positive_favors_HDS,50,50,0.62,0.12,0.5,1.0,0.33508384510542244,0.6649161548945776,0.8616404368553291,416.6666666666667,exact_mcnemar,1.6242265701293945e-06,3.4441291566632375e-06,0,0.0013481080532073975,0.000354081392288208
inspiral,100,1.2,Sharable,reference,20,small,accepted_sfc_ratio,HDS-PBQS,positive_favors_HDS,50,50,0.9168000000000001,0.7032,0.21359999999999998,0.22999999999999998,0.14793216248546967,0.2792678375145303,0.9244167408505851,30.375426621160408,paired_t,3.465936254600819e-08,8.654802552078477e-07,0,3.133206374159123e-05,2.1142211153064994e-06
inspiral,100,1.2,Sharable,reference,20,small,sfc_deadline_miss_rate,HDS-PBQS,negative_favors_HDS,50,50,0.0832,0.2968,-0.21360000000000004,-0.23,-0.2792678375145303,-0.14793216248546973,-0.9244167408505852,71.9676549865229,paired_t,3.4659362546008e-08,7.45779719574894e-07,0,3.133206374159123e-05,2.114221115306488e-06
inspiral,100,1.2,Sharable,reference,20,small,provisioning_cost,HDS-PBQS,negative_favors_HDS,50,4,0.10250000000000001,0.0925,0.009999999999999998,0.0050000000000000044,-0.005912231526418534,0.02591223152641853,1.0000000000000002,-10.810810810810821,paired_t,0.13932596855884297,0.125,1,1.0,1.0
inspiral,100,1.2,Sharable,reference,20,small,makespan_s,HDS-PBQS,negative_favors_HDS,4,4,233.8027403576444,241.41764459666808,-7.614904239023659,-3.7445484308626362,-23.634397305949836,8.404588827902518,-0.7563917209903358,3.1542451057153467,paired_t,0.22753771475978965,0.125,1,1.0,1.0
inspiral,100,1.2,Sharable,reference,20,small,network_data_mb,HDS-PBQS,negative_favors_HDS,50,4,337.6731594045867,296.0219212212654,41.6512381833213,49.779264701589995,6.576518642023679,76.72595772461892,1.8895778897238569,-14.07032222866649,paired_t,0.03246214093778953,0.125,1,1.0,1.0
inspiral,100,1.2,Sharable,reference,20,small,cpu_utilization,HDS-PBQS,positive_favors_HDS,50,4,0.1440055197094433,0.14821533291032685,-0.004209813200883546,-0.0030235934942922926,-0.014094417598394558,0.005674791196627466,-0.6776955317736323,-2.840335826409105,paired_t,0.2683102230691254,0.375,1,1.0,1.0
inspiral,100,1.2,Sharable,reference,20,small,ram_utilization,HDS-PBQS,positive_favors_HDS,50,4,0.27905010146610953,0.28990567148616564,-0.010855570020056104,-0.013447295056222025,-0.029164586040379647,0.007453446000267438,-0.9434496278698882,-3.7445179890432514,paired_t,0.15563030355881685,0.25,1,1.0,1.0
inspiral,100,1.2,Sharable,reference,20,small,scheduler_runtime_s,HDS-PBQS,negative_favors_HDS,50,50,0.006685477339778982,0.011262016337423074,-0.0045765389976440895,-0.005135494986461649,-0.005827903879705085,-0.0033251741155830936,-1.0393754937743507,40.636941561135004,paired_t,1.9104412037487307e-09,1.0642100534141719e-08,0,1.7900834079125606e-06,6.686544213120557e-08
inspiral,100,1.25,NonSharable,reference,20,small,global_deadline_success,HDS-PBQS,positive_favors_HDS,50,50,0.8,0.34,0.46,0.0,0.30582858496014387,0.6141714150398562,0.8479558515710546,135.2941176470588,exact_mcnemar,1.5497207641601562e-06,4.2249094050057074e-06,0,0.0012924671173095703,0.0003393888473510742
inspiral,100,1.25,NonSharable,reference,20,small,sfc_subdeadline_success,HDS-PBQS,positive_favors_HDS,50,50,0.8,0.34,0.46,0.0,0.30582858496014387,0.6141714150398562,0.8479558515710546,135.2941176470588,exact_mcnemar,1.5497207641601562e-06,4.2249094050057074e-06,0,0.0012924671173095703,0.0003393888473510742
inspiral,100,1.25,NonSharable,reference,20,small,accepted_sfc_ratio,HDS-PBQS,positive_favors_HDS,50,50,0.9756,0.8608,0.1148,0.010000000000000009,0.0640254285001785,0.1655745714998215,0.6425617793943272,13.3364312267658,paired_t,3.626118651682862e-05,8.708176664336088e-05,0,0.02857381497526095,0.0016680145797741165
inspiral,100,1.25,NonSharable,reference,20,small,sfc_deadline_miss_rate,HDS-PBQS,negative_favors_HDS,50,50,0.024399999999999998,0.1392,-0.1148,-0.01,-0.1655745714998215,-0.0640254285001785,-0.6425617793943272,82.47126436781609,paired_t,3.626118651682881e-05,8.091770098436715e-05,0,0.02857381497526095,0.0016680145797741252
inspiral,100,1.25,NonSharable,reference,20,small,provisioning_cost,HDS-PBQS,negative_favors_HDS,50,16,0.09875,0.1175,-0.018749999999999996,-0.025,-0.031303405480991926,-0.006196594519008067,-0.7958931749587664,15.95744680851063,paired_t,0.006167807252659368,0.009652525457813489,1,1.0,0.22820886834839663
inspiral,100,1.25,NonSharable,reference,20,small,makespan_s,HDS-PBQS,negative_favors_HDS,16,16,235.60324284729916,251.14197347331196,-15.53873062601282,-9.578303427444268,-24.343817137886276,-6.733644114139365,-0.9403661249304371,6.18722964190773,paired_t,0.001886181025350042,0.000579833984375,1,1.0,0.026406534354900587
inspiral,100,1.25,NonSharable,reference,20,small,network_data_mb,HDS-PBQS,negative_favors_HDS,50,16,338.55473507934255,394.8233455389876,-56.26861045964509,-61.76639492612662,-74.8303679491155,-37.70685297017468,-1.6153333575972768,14.251591527048824,paired_t,1.0728497924202601e-05,0.000152587890625,1,0.008668626322755701,0.0010728497924202601
inspiral,100,1.25,NonSharable,reference,20,small,cpu_utilization,HDS-PBQS,positive_favors_HDS,50,16,0.14661329489054445,0.13447237326320474,0.01214092162733969,0.013056301564524558,0.005842355238249929,0.018439488016429452,1.027129043606452,9.028562025581346,paired_t,0.0009300644867215839,0.001678466796875,1,0.6343039799441202,0.01674116076098851
inspiral,100,1.25,NonSharable,reference,20,small,ram_utilization,HDS-PBQS,positive_favors_HDS,50,16,0.28398604878475203,0.2508045370023654,0.03318151178238665,0.035390629645468866,0.01967482824004821,0.046688195324725096,1.3090689136948133,13.230028522998253,paired_t,0.00010053812563522204,0.00042724609375,1,0.07399606046752343,0.002312376889610107
inspiral,100,1.25,NonSharable,reference,20,small,scheduler_runtime_s,HDS-PBQS,negative_favors_HDS,50,50,0.006791213158721753,0.01331227116097575,-0.006521058002253999,-0.007017988500592801,-0.0075660905663625065,-0.005476025438145491,-1.7734032817693377,48.98531530344837,paired_t,6.579154512091304e-17,2.433608869978343e-13,0,8.658167337912156e-14,5.592281335277608e-15
inspiral,100,1.25,Sharable,reference,20,small,global_deadline_success,HDS-PBQS,positive_favors_HDS,50,50,0.86,0.12,0.74,1.0,0.6140759264460495,0.8659240735539505,1.6700990297676268,616.6666666666667,exact_mcnemar,1.4551915228366852e-11,1.1812924646610637e-09,0,1.557054929435253e-08,3.3760443329811096e-09
inspiral,100,1.25,Sharable,reference,20,small,sfc_subdeadline_success,HDS-PBQS,positive_favors_HDS,50,50,0.86,0.12,0.74,1.0,0.6140759264460495,0.8659240735539505,1.6700990297676268,616.6666666666667,exact_mcnemar,1.4551915228366852e-11,1.1812924646610637e-09,0,1.557054929435253e-08,3.3760443329811096e-09
inspiral,100,1.25,Sharable,reference,20,small,accepted_sfc_ratio,HDS-PBQS,positive_favors_HDS,50,50,0.9824,0.7878000000000002,0.1946,0.185,0.1347016677041631,0.2544983322958369,0.9233096475260776,24.70170093932468,paired_t,3.564088296960537e-08,2.718186341292259e-07,0,3.2148076438584044e-05,2.138452978176322e-06
inspiral,100,1.25,Sharable,reference,20,small,sfc_deadline_miss_rate,HDS-PBQS,negative_favors_HDS,50,50,0.0176,0.21220000000000003,-0.19459999999999997,-0.185,-0.25449833229583685,-0.13470166770416309,-0.9233096475260776,91.70593779453345,paired_t,3.564088296960572e-08,2.718186341292259e-07,0,3.2148076438584044e-05,2.138452978176343e-06
inspiral,100,1.25,Sharable,reference,20,small,provisioning_cost,HDS-PBQS,negative_favors_HDS,50,6,0.09750000000000002,0.09666666666666666,0.000833333333333334,-6.938893903907228e-18,-0.014161727374545172,0.01582839404121184,0.05832118435198047,-0.8620689655172613,paired_t,0.8919814779905629,0.875,1,1.0,1.0
inspiral,100,1.25,Sharable,reference,20,small,makespan_s,HDS-PBQS,negative_favors_HDS,6,6,239.49500943739702,250.1113691408581,-10.616359703461091,-3.910232508265281,-24.282029998995924,3.049310592073743,-0.8152681864721952,4.244652987958395,paired_t,0.1023319712104359,0.0625,1,1.0,0.7163237984730513
inspiral,100,1.25,Sharable,reference,20,small,network_data_mb,HDS-PBQS,negative_favors_HDS,50,6,332.50855200690324,325.78904105867986,6.719510948223406,13.225341920468423,-23.996441550651838,37.43546344709865,0.22957758747657664,-2.0625343708271315,paired_t,0.5981550140452129,0.6875,1,1.0,1.0
inspiral,100,1.25,Sharable,reference,20,small,cpu_utilization,HDS-PBQS,positive_favors_HDS,50,6,0.1489956817200271,0.15204114452797127,-0.0030454628079441596,-0.00584164327177715,-0.011815223142871893,0.005724297526983573,-0.3644360950099599,-2.0030517511553434,paired_t,0.41292411173366933,0.4375,1,1.0,1.0
inspiral,100,1.25,Sharable,reference,20,small,ram_utilization,HDS-PBQS,positive_favors_HDS,50,6,0.2785939642588064,0.28404438701425905,-0.0054504227554527385,-0.0065283708370194315,-0.0253004605174762,0.014399615006570724,-0.28815400558155463,-1.9188630385359609,paired_t,0.5118125650849519,0.4375,1,1.0,1.0
inspiral,100,1.25,Sharable,reference,20,small,scheduler_runtime_s,HDS-PBQS,negative_favors_HDS,50,50,0.007840184798987999,0.012396848139323947,-0.004556663340335946,-0.0058264644976589,-0.006162391240879198,-0.002950935439792694,-0.806481217918691,36.7566278873885,paired_t,6.697394159583231e-07,7.723469384046666e-07,0,0.0005662649489591106,2.009218247874969e-05
inspiral,100,1.3,NonSharable,reference,20,small,global_deadline_success,HDS-PBQS,positive_favors_HDS,50,50,0.9,0.46,0.44,0.0,0.29749615508663685,0.5825038449133632,0.8774964387392122,95.65217391304347,exact_mcnemar,4.76837158203125e-07,2.7265046561554873e-06,0,0.00040912628173828125,0.0001049041748046875
inspiral,100,1.3,NonSharable,reference,20,small,sfc_subdeadline_success,HDS-PBQS,positive_favors_HDS,50,50,0.9,0.46,0.44,0.0,0.29749615508663685,0.5825038449133632,0.8774964387392122,95.65217391304347,exact_mcnemar,4.76837158203125e-07,2.7265046561554873e-06,0,0.00040912628173828125,0.0001049041748046875
inspiral,100,1.3,NonSharable,reference,20,small,accepted_sfc_ratio,HDS-PBQS,positive_favors_HDS,50,50,0.9937999999999999,0.932,0.061799999999999994,0.0,0.033492532764531825,0.09010746723546817,0.6204499160429966,6.630901287553632,paired_t,6.089043081061099e-05,4.3428441893641184e-05,0,0.04548515181552641,0.0027400693864774945
inspiral,100,1.3,NonSharable,reference,20,small,sfc_deadline_miss_rate,HDS-PBQS,negative_favors_HDS,50,50,0.0062,0.068,-0.061799999999999994,0.0,-0.09010746723546817,-0.033492532764531825,-0.6204499160429966,90.88235294117648,paired_t,6.089043081061099e-05,4.3428441893641184e-05,0,0.04548515181552641,0.0027400693864774945
inspiral,100,1.3,NonSharable,reference,20,small,provisioning_cost,HDS-PBQS,negative_favors_HDS,50,23,0.0982608695652174,0.1232608695652174,-0.025,-0.020000000000000004,-0.03342461670816735,-0.016575383291832654,-1.2832406581878348,20.28218694885361,paired_t,3.4061718181768174e-06,5.8745315184699196e-05,1,0.002803279406359521,0.0002929307763632063
inspiral,100,1.3,NonSharable,reference,20,small,makespan_s,HDS-PBQS,negative_favors_HDS,23,23,240.32357623136267,261.7786617514545,-21.455085520091867,-17.008458029866404,-27.862683925994858,-15.047487114188876,-1.4479488456863545,8.195887845305867,paired_t,5.688697067428044e-07,2.384185791015625e-07,1,0.00048695246897184055,1.1377394134856088e-05
inspiral,100,1.3,NonSharable,reference,20,small,network_data_mb,HDS-PBQS,negative_favors_HDS,50,23,341.62833743246534,403.2900813829844,-61.66174395051906,-51.38391041774207,-73.3056276831229,-50.017860217915214,-2.2900037683171237,15.289675297509234,paired_t,2.136850938052898e-10,2.384185791015625e-07,1,2.1283035343006866e-07,2.2223249755750142e-08
inspiral,100,1.3,NonSharable,reference,20,small,cpu_utilization,HDS-PBQS,positive_favors_HDS,50,23,0.1507064543734926,0.134943853530551,0.015762600842941593,0.015122203333666484,0.009649316293190938,0.021875885392692248,1.1149914079836585,11.680858690887298,paired_t,2.2817540887252178e-05,1.6689300537109375e-05,1,0.01825403270980174,0.0005476209812940523
inspiral,100,1.3,NonSharable,reference,20,small,ram_utilization,HDS-PBQS,positive_favors_HDS,50,23,0.29018330066070847,0.2514288990578855,0.03875440160282296,0.03546495488946422,0.02853128094414233,0.04897752226150359,1.639290048914341,15.413662370569691,paired_t,7.874655243614413e-08,4.76837158203125e-07,1,7.024192477304057e-05,2.1261569157758917e-06
inspiral,100,1.3,NonSharable,reference,20,small,scheduler_runtime_s,HDS-PBQS,negative_favors_HDS,50,50,0.0070141186383261365,0.014553394617396362,-0.007539275979070223,-0.00765127349404795,-0.008719115305909896,-0.00635943665223055,-1.816042640064844,51.80424345848612,paired_t,2.6806362538520614e-17,1.2434497875801753e-13,0,3.618858942700283e-14,2.519798078620938e-15
inspiral,100,1.3,Sharable,reference,20,small,global_deadline_success,HDS-PBQS,positive_favors_HDS,50,50,0.9,0.12,0.78,1.0,0.6479421987029358,0.9120578012970643,1.678610010990674,650.0,exact_mcnemar,3.8198777474462986e-11,1.123641808445086e-09,0,3.991772246081382e-08,8.82391759660095e-09
inspiral,100,1.3,Sharable,reference,20,small,sfc_subdeadline_success,HDS-PBQS,positive_favors_HDS,50,50,0.9,0.12,0.78,1.0,0.6479421987029358,0.9120578012970643,1.678610010990674,650.0,exact_mcnemar,3.8198777474462986e-11,1.123641808445086e-09,0,3.991772246081382e-08,8.82391759660095e-09
inspiral,100,1.3,Sharable,reference,20,small,accepted_sfc_ratio,HDS-PBQS,positive_favors_HDS,50,50,0.9932000000000001,0.8088000000000001,0.1844,0.14,0.13505472407681718,0.23374527592318284,1.0620246654410106,22.799208704253214,paired_t,1.0815068201257608e-09,1.67899218861862e-08,0,1.045817095061608e-06,6.92164364880487e-08
inspiral,100,1.3,Sharable,reference,20,small,sfc_deadline_miss_rate,HDS-PBQS,negative_favors_HDS,50,50,0.0068,0.1912,-0.1844,-0.14,-0.2337452759231828,-0.1350547240768172,-1.0620246654410108,96.44351464435147,paired_t,1.081506820125758e-09,1.67899218861862e-08,0,1.045817095061608e-06,6.921643648804851e-08
inspiral,100,1.3,Sharable,reference,20,small,provisioning_cost,HDS-PBQS,negative_favors_HDS,50,5,0.08600000000000001,0.094,-0.007999999999999997,-0.009999999999999995,-0.03021156084158234,0.014211560841582347,-0.4472135954999578,8.510638297872333,paired_t,0.373900966300059,0.5,1,1.0,1.0
inspiral,100,1.3,Sharable,reference,20,small,makespan_s,HDS-PBQS,negative_favors_HDS,5,5,235.07977493260856,259.5970429323464,-24.517267999737857,-17.99553348786003,-48.72657392338233,-0.30796207609338566,-1.2574589748917897,9.444355653206463,paired_t,0.04823030178668416,0.0625,1,1.0,0.4340727160801574
inspiral,100,1.3,Sharable,reference,20,small,network_data_mb,HDS-PBQS,negative_favors_HDS,50,5,342.8346951323574,324.32694999518236,18.507745137175014,7.6709942976372645,-15.710919633736594,52.72640990808662,0.6715750301366533,-5.70650855177159,paired_t,0.2075857194384954,0.1875,1,1.0,1.0
inspiral,100,1.3,Sharable,reference,20,small,cpu_utilization,HDS-PBQS,positive_favors_HDS,50,5,0.16586985549090955,0.1597466886134984,0.006123166877411162,-0.000954163886972198,-0.01342201590142124,0.025668349656243566,0.3889918018525374,3.8330477649060684,paired_t,0.43348597425869095,0.8125,1,1.0,1.0
inspiral,100,1.3,Sharable,reference,20,small,ram_utilization,HDS-PBQS,positive_favors_HDS,50,5,0.3020994980485351,0.28858568768208864,0.013513810366446421,0.008733429241401636,-0.018622970034134587,0.04565059076702743,0.5221310785154437,4.682772203635237,paired_t,0.3078485497167408,0.4375,1,1.0,1.0
inspiral,100,1.3,Sharable,reference,20,small,scheduler_runtime_s,HDS-PBQS,negative_favors_HDS,50,50,0.007166278538716089,0.01279086133668893,-0.005624582797972843,-0.005920036504903699,-0.006905699594760043,-0.0043434660011856425,-1.2477306898699356,43.97344830749946,paired_t,1.0847588787684629e-11,2.8132163265581767e-10,0,1.1628615180397921e-08,4.66446317870439e-10
inspiral,100,1.35,NonSharable,reference,20,small,global_deadline_success,HDS-PBQS,positive_favors_HDS,50,50,0.96,0.64,0.32,0.0,0.18608301100830937,0.45391698899169064,0.6790997501017324,49.99999999999999,exact_mcnemar,3.0517578125e-05,6.334248366623973e-05,0,0.0242919921875,0.006561279296875
inspiral,100,1.35,NonSharable,reference,20,small,sfc_subdeadline_success,HDS-PBQS,positive_favors_HDS,50,50,0.96,0.64,0.32,0.0,0.18608301100830937,0.45391698899169064,0.6790997501017324,49.99999999999999,exact_mcnemar,3.0517578125e-05,6.334248366623973e-05,0,0.0242919921875,0.006561279296875
inspiral,100,1.35,NonSharable,reference,20,small,accepted_sfc_ratio,HDS-PBQS,positive_favors_HDS,50,50,0.9992,0.9643999999999999,0.034800000000000005,0.0,0.014842192432132844,0.05475780756786716,0.4955479472191506,3.6084612194110384,paired_t,0.0009892422136305735,0.00019370211549818298,0,0.6697169786278983,0.03462347747707007
inspiral,100,1.35,NonSharable,reference,20,small,sfc_deadline_miss_rate,HDS-PBQS,negative_favors_HDS,50,50,0.0008,0.03560000000000001,-0.034800000000000005,0.0,-0.05475780756786716,-0.014842192432132844,-0.4955479472191506,97.75280898876404,paired_t,0.0009892422136305757,0.00019370211549818298,0,0.6697169786278983,0.03462347747707015
inspiral,100,1.35,NonSharable,reference,20,small,provisioning_cost,HDS-PBQS,negative_favors_HDS,50,32,0.0984375,0.12703124999999998,-0.02859375,-0.027499999999999997,-0.03470670885720093,-0.02248079114279907,-1.686441289994683,22.509225092250915,paired_t,9.749210516966442e-11,1.8958869031334943e-06,1,9.827204201102174e-08,1.1309084199681073e-08
inspiral,100,1.35,NonSharable,reference,20,small,makespan_s,HDS-PBQS,negative_favors_HDS,32,32,243.4929968149372,268.85475144136916,-25.361754626431992,-22.806274464569782,-31.091454268206338,-19.632054984657646,-1.5958755606038628,9.4332551277089,paired_t,3.477187577252686e-10,4.656612873077393e-10,1,3.442415701480159e-07,9.388406458582253e-09
inspiral,100,1.35,NonSharable,reference,20,small,network_data_mb,HDS-PBQS,negative_favors_HDS,50,32,342.191480924081,411.48219073013024,-69.29070980604914,-63.718283768376295,-81.33985160843017,-57.24156800366811,-2.0733397713609136,16.839297390514133,paired_t,6.243031042106785e-13,4.656612873077393e-10,1,7.073354170706988e-10,6.68004321505426e-11
inspiral,100,1.35,NonSharable,reference,20,small,cpu_utilization,HDS-PBQS,positive_favors_HDS,50,32,0.1511431010639726,0.13552714191227896,0.015615959151693627,0.013597959447725294,0.011521742945381837,0.019710175358005417,1.3751481060853263,11.522385059814217,paired_t,8.895731250130766e-09,1.1641532182693481e-08,1,8.12180263136939e-06,5.782225312584998e-07
inspiral,100,1.35,NonSharable,reference,20,small,ram_utilization,HDS-PBQS,positive_favors_HDS,50,32,0.2864178597064043,0.24589154707745384,0.0405263126289505,0.0378602177531769,0.03316132989776151,0.04789129536013949,1.9838870441228047,16.481376895882082,paired_t,1.9025648598136905e-12,4.656612873077393e-10,1,2.1251649484118923e-09,1.997693102804375e-10
inspiral,100,1.35,NonSharable,reference,20,small,scheduler_runtime_s,HDS-PBQS,negative_favors_HDS,50,50,0.007047150139478561,0.014764138021637284,-0.007716987882158727,-0.00912774300741145,-0.008703439117570379,-0.006730536646747075,-2.2232662003742636,52.268462072416604,paired_t,8.915651143826707e-21,5.861977570020827e-14,0,1.3248657599726485e-17,1.3462633227178328e-18
inspiral,100,1.35,Sharable,reference,20,small,global_deadline_success,HDS-PBQS,positive_favors_HDS,50,50,0.94,0.28,0.66,1.0,0.5123828025376146,0.8076171974623855,1.2706508987543725,235.71428571428564,exact_mcnemar,2.0954757928848267e-09,2.432743735024376e-08,0,1.9613653421401978e-06,4.735775291919708e-07
inspiral,100,1.35,Sharable,reference,20,small,sfc_subdeadline_success,HDS-PBQS,positive_favors_HDS,50,50,0.94,0.28,0.66,1.0,0.5123828025376146,0.8076171974623855,1.2706508987543725,235.71428571428564,exact_mcnemar,2.0954757928848267e-09,2.432743735024376e-08,0,1.9613653421401978e-06,4.735775291919708e-07
inspiral,100,1.35,Sharable,reference,20,small,accepted_sfc_ratio,HDS-PBQS,positive_favors_HDS,50,50,0.9990000000000001,0.8794,0.11959999999999998,0.065,0.07990385280269419,0.15929614719730578,0.8562529695475384,13.600181942233359,paired_t,1.9280305882518565e-07,2.970869176444764e-07,0,0.0001677386611779115,1.0989774353035582e-05
inspiral,100,1.35,Sharable,reference,20,small,sfc_deadline_miss_rate,HDS-PBQS,negative_favors_HDS,50,50,0.001,0.12059999999999998,-0.11960000000000001,-0.065,-0.1592961471973058,-0.07990385280269421,-0.8562529695475386,99.17081260364843,paired_t,1.9280305882518565e-07,2.970869176444764e-07,0,0.0001677386611779115,1.0989774353035582e-05
inspiral,100,1.35,Sharable,reference,20,small,provisioning_cost,HDS-PBQS,negative_favors_HDS,50,13,0.0996153846153846,0.09384615384615386,0.005769230769230771,0.015,-0.008660523148344501,0.020198984686806046,0.24160573228748755,-6.147540983606535,paired_t,0.40077975177778935,0.44189453125,1,1.0,1.0
inspiral,100,1.35,Sharable,reference,20,small,makespan_s,HDS-PBQS,negative_favors_HDS,13,13,241.68436257436645,271.2512534293944,-29.566890855028,-23.986363727631357,-40.13665003403567,-18.99713167602033,-1.6903973896497415,10.900185890836484,paired_t,5.378351190274379e-05,0.000244140625,1,0.04023006690325236,0.0009143197023466444
inspiral,100,1.35,Sharable,reference,20,small,network_data_mb,HDS-PBQS,negative_favors_HDS,50,13,332.69414737325235,314.32475835970155,18.36938901355082,6.908519381227904,-2.377103137273629,39.11588116437527,0.5350548229331161,-5.844079578526092,paired_t,0.07769384507063612,0.080322265625,1,1.0,1.0
inspiral,100,1.35,Sharable,reference,20,small,cpu_utilization,HDS-PBQS,positive_favors_HDS,50,13,0.15079315476598462,0.16400887862125912,-0.0132157238552745,-0.01583537803747251,-0.023309825919768608,-0.0031216217907803923,-0.791173097620684,-8.057931964642709,paired_t,0.01455196358210161,0.01708984375,1,1.0,0.18466258713791361
inspiral,100,1.35,Sharable,reference,20,small,ram_utilization,HDS-PBQS,positive_favors_HDS,50,13,0.28844397957588047,0.30717919372754576,-0.018735214151665278,-0.020444895383205597,-0.03878075775591602,0.001310329452585468,-0.5647926953860335,-6.099115608813854,paired_t,0.06439945982709618,0.039794921875,1,1.0,0.5795951384438656
inspiral,100,1.35,Sharable,reference,20,small,scheduler_runtime_s,HDS-PBQS,negative_favors_HDS,50,50,0.007179596899150004,0.01387844267752366,-0.006698845778373657,-0.006583188491276801,-0.007769181480792793,-0.005628510075954522,-1.7786857911604326,48.2679932758056,paired_t,5.882851516619741e-17,7.638334409421077e-14,0,7.877138180753833e-14,5.059252304292977e-15
inspiral,100,1.4,NonSharable,reference,20,small,global_deadline_success,HDS-PBQS,positive_favors_HDS,50,50,1.0,0.78,0.22,0.0,0.10107726947504779,0.3389227305249522,0.5257473313391674,28.2051282051282,exact_mcnemar,0.0009765625,0.0009765625,0,0.6630859375,0.2021484375
inspiral,100,1.4,NonSharable,reference,20,small,sfc_subdeadline_success,HDS-PBQS,positive_favors_HDS,50,50,1.0,0.78,0.22,0.0,0.10107726947504779,0.3389227305249522,0.5257473313391674,28.2051282051282,exact_mcnemar,0.0009765625,0.0009765625,0,0.6630859375,0.2021484375
inspiral,100,1.4,NonSharable,reference,20,small,accepted_sfc_ratio,HDS-PBQS,positive_favors_HDS,50,50,1.0,0.9868000000000001,0.013200000000000003,0.0,-3.62007658480986e-05,0.026436200765848107,0.28341958231873843,1.3376570733684512,paired_t,0.05060560220998073,0.0009765625,0,1.0,0.9615064419896338
inspiral,100,1.4,NonSharable,reference,20,small,sfc_deadline_miss_rate,HDS-PBQS,negative_favors_HDS,50,50,0.0,0.0132,-0.0132,0.0,-0.026436200765848107,3.620076584810554e-05,-0.2834195823187383,100.0,paired_t,0.050605602209980796,0.0009765625,0,1.0,0.9615064419896351
inspiral,100,1.4,NonSharable,reference,20,small,provisioning_cost,HDS-PBQS,negative_favors_HDS,50,39,0.09871794871794871,0.13064102564102567,-0.031923076923076915,-0.03,-0.037280867611122405,-0.026565286235031425,-1.931442459571208,24.435721295387655,paired_t,1.4592039922527235e-14,8.215620843175915e-08,1,1.7466671787265102e-11,1.969925389541177e-12
inspiral,100,1.4,NonSharable,reference,20,small,makespan_s,HDS-PBQS,negative_favors_HDS,39,39,242.42624789747404,275.3863020484985,-32.96005415102454,-31.58690751223861,-37.56733360946533,-28.352774692583758,-2.3190287568749457,11.968661442434364,paired_t,4.714493364545004e-17,3.637978807091713e-12,1,6.33156458858394e-14,3.0644206869542527e-15
inspiral,100,1.4,NonSharable,reference,20,small,network_data_mb,HDS-PBQS,negative_favors_HDS,50,39,341.32415553434834,421.5059832798851,-80.18182774553664,-79.39650968895108,-89.4298426806275,-70.93381281044577,-2.810542794565237,19.022702150421203,paired_t,8.034647900379182e-20,3.637978807091713e-12,1,1.177879382195588e-16,1.0686081707504312e-17
inspiral,100,1.4,NonSharable,reference,20,small,cpu_utilization,HDS-PBQS,positive_favors_HDS,50,39,0.15037492690984064,0.13301185868705212,0.017363068222788467,0.018767619082390108,0.013351654794985578,0.021374481650591356,1.4031103262683724,13.053774598879963,paired_t,1.1740969616869298e-10,1.3496901374310255e-09,1,1.1776192525719906e-07,7.86644964330243e-09
inspiral,100,1.4,NonSharable,reference,20,small,ram_utilization,HDS-PBQS,positive_favors_HDS,50,39,0.2885277567508423,0.24174532713926675,0.046782429611575596,0.047450869488129294,0.03968242738591282,0.05388243183723837,2.135930223524064,19.351947839150878,paired_t,6.501882607467046e-16,1.0913936421275139e-11,1,8.081840081081538e-13,7.152070868213751e-14
inspiral,100,1.4,NonSharable,reference,20,small,scheduler_runtime_s,HDS-PBQS,negative_favors_HDS,50,50,0.007409901480932552,0.016094166042457746,-0.008684264561525197,-0.01008708449262485,-0.010145664807454439,-0.007222864315595954,-1.688819122313163,53.95908392280398,paired_t,4.042876698749465e-16,4.440892098500626e-14,0,5.041467243340583e-13,3.0725862910495935e-14
inspiral,100,1.4,Sharable,reference,20,small,global_deadline_success,HDS-PBQS,positive_favors_HDS,50,50,1.0,0.34,0.66,1.0,0.5240066547997868,0.7959933452002133,1.3792581126012893,194.11764705882348,exact_mcnemar,2.3283064365386963e-10,9.215887201256198e-09,0,2.314336597919464e-07,5.3318217396736145e-08
inspiral,100,1.4,Sharable,reference,20,small,sfc_subdeadline_success,HDS-PBQS,positive_favors_HDS,50,50,1.0,0.34,0.66,1.0,0.5240066547997868,0.7959933452002133,1.3792581126012893,194.11764705882348,exact_mcnemar,2.3283064365386963e-10,9.215887201256198e-09,0,2.314336597919464e-07,5.3318217396736145e-08
inspiral,100,1.4,Sharable,reference,20,small,accepted_sfc_ratio,HDS-PBQS,positive_favors_HDS,50,50,1.0,0.9264,0.07360000000000001,0.010000000000000009,0.04311646865477797,0.10408353134522205,0.6861701266695341,7.9447322970639025,paired_t,1.2828808338106027e-05,4.7586446174877655e-07,0,0.010327190712175352,0.0006414404169053014
inspiral,100,1.4,Sharable,reference,20,small,sfc_deadline_miss_rate,HDS-PBQS,negative_favors_HDS,50,50,0.0,0.0736,-0.0736,-0.01,-0.10408353134522204,-0.04311646865477796,-0.686170126669534,100.0,paired_t,1.2828808338106134e-05,4.7586446174877655e-07,0,0.010327190712175352,0.0006414404169053067
inspiral,100,1.4,Sharable,reference,20,small,provisioning_cost,HDS-PBQS,negative_favors_HDS,50,17,0.09411764705882353,0.09735294117647059,-0.0032352941176470567,0.0,-0.013714943905853507,0.007244355670559394,-0.15872999347222905,3.323262839879154,paired_t,0.5221124150997871,0.5680027874643541,1,1.0,1.0
inspiral,100,1.4,Sharable,reference,20,small,makespan_s,HDS-PBQS,negative_favors_HDS,17,17,240.38695079100648,283.4262662062951,-43.03931541528859,-39.033194395876876,-52.747905554776764,-33.33072527580042,-2.279298409370212,15.18536584183837,paired_t,6.472132902528362e-08,1.52587890625e-05,1,5.797891834453493e-05,1.359147909530956e-06
inspiral,100,1.4,Sharable,reference,20,small,network_data_mb,HDS-PBQS,negative_favors_HDS,50,17,334.2914562182824,341.6223816771349,-7.330925458852565,-9.662888612777067,-25.33757802140441,10.67572710369928,-0.20932341838801868,2.145914861568091,paired_t,0.4008554591647971,0.4037628173828125,1,1.0,1.0
inspiral,100,1.4,Sharable,reference,20,small,cpu_utilization,HDS-PBQS,positive_favors_HDS,50,17,0.1538238367623423,0.16523912505719587,-0.011415288294853568,-0.015117162897314407,-0.022591925711910224,-0.00023865087779690979,-0.5251310786950475,-6.908344673758285,paired_t,0.045832431793489954,0.050537109375,1,1.0,0.45832431793489953
inspiral,100,1.4,Sharable,reference,20,small,ram_utilization,HDS-PBQS,positive_favors_HDS,50,17,0.2951708588232195,0.3048292836534519,-0.00965842483023236,-0.009592466709489433,-0.028455314009606957,0.009138464349142235,-0.2641875351497152,-3.1684701399005712,paired_t,0.29216837766666215,0.2841644287109375,1,1.0,1.0
inspiral,100,1.4,Sharable,reference,20,small,scheduler_runtime_s,HDS-PBQS,negative_favors_HDS,50,50,0.0076864584990107175,0.014988416280757472,-0.007301957781746755,-0.008509514520483201,-0.008446697511304963,-0.0061572180521885485,-1.8128080881196362,48.71734041121611,paired_t,2.8684064393327624e-17,1.2434497875801753e-13,0,3.8666118802205635e-14,2.6412164840983744e-15
inspiral,100,1.45,NonSharable,reference,20,small,global_deadline_success,HDS-PBQS,positive_favors_HDS,50,50,1.0,0.92,0.08,0.0,0.0021165578049845146,0.1578834421950155,0.2919201796799047,8.69565217391304,exact_mcnemar,0.125,0.125,0,1.0,1.0
inspiral,100,1.45,NonSharable,reference,20,small,sfc_subdeadline_success,HDS-PBQS,positive_favors_HDS,50,50,1.0,0.92,0.08,0.0,0.0021165578049845146,0.1578834421950155,0.2919201796799047,8.69565217391304,exact_mcnemar,0.125,0.125,0,1.0,1.0
inspiral,100,1.45,NonSharable,reference,20,small,accepted_sfc_ratio,HDS-PBQS,positive_favors_HDS,50,50,1.0,0.9986,0.0014000000000000013,0.0,-0.00032344973531634336,0.003123449735316346,0.2308599952414573,0.14019627478469424,paired_t,0.10900040453326769,0.125,0,1.0,1.0
inspiral,100,1.45,NonSharable,reference,20,small,sfc_deadline_miss_rate,HDS-PBQS,negative_favors_HDS,50,50,0.0,0.0014000000000000002,-0.0014000000000000002,0.0,-0.0031234497353163433,0.00032344973531634293,-0.2308599952414573,100.0,paired_t,0.10900040453326773,0.125,0,1.0,1.0
inspiral,100,1.45,NonSharable,reference,20,small,provisioning_cost,HDS-PBQS,negative_favors_HDS,50,46,0.09739130434782607,0.1307608695652174,-0.033369565217391296,-0.034999999999999996,-0.03862668641050725,-0.028112444024275346,-1.8849741704457401,25.519534497090625,paired_t,1.39074692523324e-16,8.346847392697004e-09,1,1.7745930765976142e-13,2.2229912657579974e-14
inspiral,100,1.45,NonSharable,reference,20,small,makespan_s,HDS-PBQS,negative_favors_HDS,46,46,245.82880003898705,280.082302593287,-34.253502554300006,-31.700585104400517,-38.80849773987224,-29.698507368727775,-2.233160350906037,12.229798968783879,paired_t,2.777031489360204e-19,2.842170943040401e-14,1,4.046134879997817e-16,2.5548689702113875e-17
inspiral,100,1.45,NonSharable,reference,20,small,network_data_mb,HDS-PBQS,negative_favors_HDS,50,46,344.0840789141923,423.44222787207565,-79.35814895788319,-76.73153592952383,-88.22258060275132,-70.49371731301505,-2.658541708818536,18.741198617974852,paired_t,3.231118153033349e-22,2.842170943040401e-14,1,4.979153073824391e-19,4.3296983250646874e-20
inspiral,100,1.45,NonSharable,reference,20,small,cpu_utilization,HDS-PBQS,positive_favors_HDS,50,46,0.15105629485409552,0.13399427824103782,0.017062016613057684,0.017590864320822595,0.013247446221617973,0.020876587004497394,1.3282736930406511,12.733391930635584,paired_t,1.2314045026380363e-11,3.0382807381101884e-11,1,1.3188342223253369e-08,8.49669106820245e-10
inspiral,100,1.45,NonSharable,reference,20,small,ram_utilization,HDS-PBQS,positive_favors_HDS,50,46,0.2877018413750212,0.2415952366449637,0.04610660473005745,0.04367541711337622,0.038558472040643305,0.05365473741947159,1.8139547970320733,19.084235836078776,paired_t,5.374401850339635e-16,8.526512829121202e-14,1,6.691130303672846e-13,5.965586053876994e-14
inspiral,100,1.45,NonSharable,reference,20,small,scheduler_runtime_s,HDS-PBQS,negative_favors_HDS,50,50,0.007095330900410722,0.015355319519949211,-0.00825998861953849,-0.0098700225134962,-0.009185459659374964,-0.007334517579702013,-2.536505942442168,53.792359115727535,paired_t,3.5733280549874193e-23,5.329070518200751e-15,0,5.581538421890349e-20,6.789323304476097e-21
inspiral,100,1.45,Sharable,reference,20,small,global_deadline_success,HDS-PBQS,positive_favors_HDS,50,50,1.0,0.4,0.6,1.0,0.459359030551453,0.740640969448547,1.2124355652982142,150.0,exact_mcnemar,1.862645149230957e-09,4.320463057827488e-08,0,1.7490237951278687e-06,4.2282044887542725e-07
inspiral,100,1.45,Sharable,reference,20,small,sfc_subdeadline_success,HDS-PBQS,positive_favors_HDS,50,50,1.0,0.4,0.6,1.0,0.459359030551453,0.740640969448547,1.2124355652982142,150.0,exact_mcnemar,1.862645149230957e-09,4.320463057827488e-08,0,1.7490237951278687e-06,4.2282044887542725e-07
inspiral,100,1.45,Sharable,reference,20,small,accepted_sfc_ratio,HDS-PBQS,positive_favors_HDS,50,50,1.0,0.9444,0.055600000000000004,0.010000000000000009,0.03261075755637301,0.078589242443627,0.687336488112203,5.887335874629393,paired_t,1.247374257909412e-05,1.4952041397976774e-06,0,0.010066310261328955,0.0006361608715338002
inspiral,100,1.45,Sharable,reference,20,small,sfc_deadline_miss_rate,HDS-PBQS,negative_favors_HDS,50,50,0.0,0.055600000000000004,-0.055600000000000004,-0.01,-0.078589242443627,-0.03261075755637301,-0.6873364881122029,100.0,paired_t,1.247374257909417e-05,1.4952041397976774e-06,0,0.010066310261328955,0.0006361608715338027
inspiral,100,1.45,Sharable,reference,20,small,provisioning_cost,HDS-PBQS,negative_favors_HDS,50,20,0.09825000000000002,0.09725,0.0010000000000000022,0.0,-0.008161110275187495,0.0101611102751875,0.05108708359155102,-1.0282776349614546,paired_t,0.8217230790156642,0.7956529945924778,1,1.0,1.0
inspiral,100,1.45,Sharable,reference,20,small,makespan_s,HDS-PBQS,negative_favors_HDS,20,20,245.95881679478606,293.7807190093523,-47.82190221456627,-44.08318776534152,-57.14965492979637,-38.494149499336174,-2.3994353047415213,16.27809421116022,paired_t,1.6704703928241638e-09,1.9073486328125e-06,1,1.5802649916116589e-06,4.343223021342826e-08
inspiral,100,1.45,Sharable,reference,20,small,network_data_mb,HDS-PBQS,negative_favors_HDS,50,20,333.5220311017293,338.6000357893608,-5.07800468763156,-1.577106835702125,-22.135641577197507,11.97963220193439,-0.1393264122730384,1.4997058921725792,paired_t,0.5406354111522323,0.6215133666992188,1,1.0,1.0
inspiral,100,1.45,Sharable,reference,20,small,cpu_utilization,HDS-PBQS,positive_favors_HDS,50,20,0.15252187496884173,0.17054376048455586,-0.018021885515714132,-0.017701281555672688,-0.02643601469120719,-0.009607756340221077,-1.0024212697816646,-10.567308627715029,paired_t,0.00025485037196216115,0.0004825592041015625,1,0.1817083152090209,0.005351857811205384
inspiral,100,1.45,Sharable,reference,20,small,ram_utilization,HDS-PBQS,positive_favors_HDS,50,20,0.2893806343216997,0.31118424821720836,-0.02180361389550862,-0.012653421333882253,-0.03740892226944377,-0.00619830552157347,-0.6539060408546326,-7.0066573165006805,paired_t,0.00869990739385006,0.013616561889648438,1,1.0,0.11309879612005078
inspiral,100,1.45,Sharable,reference,20,small,scheduler_runtime_s,HDS-PBQS,negative_favors_HDS,50,50,0.007246624419349191,0.015343501538809463,-0.008096877119460269,-0.00845046899667065,-0.009378408580535392,-0.006815345658385146,-1.7955915141993084,52.77072576282693,paired_t,4.1174761157053183e-17,4.440892098500626e-14,0,5.538005375623653e-14,3.705728504134787e-15
inspiral,100,1.5,NonSharable,reference,20,small,global_deadline_success,HDS-PBQS,positive_favors_HDS,50,50,1.0,0.98,0.02,0.0,-0.020191504742584774,0.06019150474258478,0.14142135623730953,2.040816326530614,exact_mcnemar,1.0,,0,1.0,1.0
inspiral,100,1.5,NonSharable,reference,20,small,sfc_subdeadline_success,HDS-PBQS,positive_favors_HDS,50,50,1.0,0.98,0.02,0.0,-0.020191504742584774,0.06019150474258478,0.14142135623730953,2.040816326530614,exact_mcnemar,1.0,,0,1.0,1.0
inspiral,100,1.5,NonSharable,reference,20,small,accepted_sfc_ratio,HDS-PBQS,positive_favors_HDS,50,50,1.0,0.9998,0.00020000000000000017,0.0,-0.00020191504742584805,0.0006019150474258484,0.1414213562373095,0.02000400080015783,paired_t,0.32222340595067545,,0,1.0,1.0
inspiral,100,1.5,NonSharable,reference,20,small,sfc_deadline_miss_rate,HDS-PBQS,negative_favors_HDS,50,50,0.0,0.0002,-0.0002,0.0,-0.0006019150474258479,0.00020191504742584788,-0.1414213562373095,100.0,paired_t,0.32222340595067545,,0,1.0,1.0
inspiral,100,1.5,NonSharable,reference,20,small,provisioning_cost,HDS-PBQS,negative_favors_HDS,50,49,0.09734693877551022,0.1307142857142857,-0.033367346938775515,-0.035,-0.03848196394319429,-0.028252729934356742,-1.873888321782914,25.526932084309113,paired_t,1.733134602966444e-17,2.5953021475186168e-09,1,2.3813269444758942e-14,2.790346710775975e-15
inspiral,100,1.5,NonSharable,reference,20,small,makespan_s,HDS-PBQS,negative_favors_HDS,49,49,245.82053703897014,281.48151273799635,-35.66097569902611,-32.592457695451344,-39.98327486234307,-31.338676535709148,-2.369810091542344,12.669029433637984,paired_t,1.6423351622686148e-21,3.552713678800501e-15,1,2.465145078565191e-18,1.5602184041551842e-19
inspiral,100,1.5,NonSharable,reference,20,small,network_data_mb,HDS-PBQS,negative_favors_HDS,50,49,342.5455239419641,420.87423309697266,-78.32870915500858,-78.6523462796207,-86.90778716666975,-69.74963114334741,-2.6225000091223563,18.610953818349103,paired_t,2.429606233273555e-23,3.552713678800501e-15,1,3.804763361306387e-20,3.2799684149192996e-21
inspiral,100,1.5,NonSharable,reference,20,small,cpu_utilization,HDS-PBQS,positive_favors_HDS,50,49,0.15157599839701108,0.13466957184190675,0.016906426555104312,0.0170961834506467,0.013108749367764724,0.0207041037424439,1.2787007569572932,12.554006316253357,paired_t,8.375736535026768e-12,2.3455015707440907e-11,1,8.99554103861875e-09,6.555314505131613e-10
inspiral,100,1.5,NonSharable,reference,20,small,ram_utilization,HDS-PBQS,positive_favors_HDS,50,49,0.288578791541285,0.24249846694334753,0.04608032459793753,0.04394674132780452,0.038713734096977176,0.05344691509889789,1.7967354924359709,19.002315840909116,paired_t,8.349149350549744e-17,1.7763568394002505e-14,1,1.0820497558312467e-13,9.511775211122039e-15
inspiral,100,1.5,NonSharable,reference,20,small,scheduler_runtime_s,HDS-PBQS,negative_favors_HDS,50,50,0.007059559781118829,0.015518509037719879,-0.008458949256601048,-0.009862549499303,-0.009309566638601392,-0.007608331874600705,-2.8261905180806526,54.50877552760001,paired_t,3.3379722781413203e-25,3.552713678800501e-15,0,5.450908730204776e-22,7.543817348599384e-23
inspiral,100,1.5,Sharable,reference,20,small,global_deadline_success,HDS-PBQS,positive_favors_HDS,50,50,1.0,0.54,0.46,0.0,0.31691898040799726,0.6030810195920028,0.9136820096810566,85.18518518518518,exact_mcnemar,2.384185791015625e-07,1.62001398246647e-06,0,0.00020575523376464844,5.269050598144531e-05
inspiral,100,1.5,Sharable,reference,20,small,sfc_subdeadline_success,HDS-PBQS,positive_favors_HDS,50,50,1.0,0.54,0.46,0.0,0.31691898040799726,0.6030810195920028,0.9136820096810566,85.18518518518518,exact_mcnemar,2.384185791015625e-07,1.62001398246647e-06,0,0.00020575523376464844,5.269050598144531e-05
inspiral,100,1.5,Sharable,reference,20,small,accepted_sfc_ratio,HDS-PBQS,positive_favors_HDS,50,50,1.0,0.9726000000000002,0.027400000000000008,0.0,0.008655402404620382,0.04614459759537963,0.41542603413916035,2.817191034340916,paired_t,0.00503051731019496,1.7905798157390565e-05,0,1.0,0.1509155193058488
inspiral,100,1.5,Sharable,reference,20,small,sfc_deadline_miss_rate,HDS-PBQS,negative_favors_HDS,50,50,0.0,0.0274,-0.0274,0.0,-0.04614459759537963,-0.008655402404620375,-0.41542603413916024,100.0,paired_t,0.005030517310194965,1.7905798157390565e-05,0,1.0,0.15091551930584896
inspiral,100,1.5,Sharable,reference,20,small,provisioning_cost,HDS-PBQS,negative_favors_HDS,50,27,0.09203703703703703,0.09740740740740741,-0.005370370370370369,-0.0049999999999999906,-0.011951639685773851,0.0012108989450331118,-0.3228021315628424,5.513307984790891,paired_t,0.10546167185628615,0.10045402682841374,1,1.0,1.0
inspiral,100,1.5,Sharable,reference,20,small,makespan_s,HDS-PBQS,negative_favors_HDS,27,27,240.73335966374214,299.3698614315833,-58.63650176784116,-55.73416477213274,-66.07791120524267,-51.19509233043965,-3.1171282474444832,19.58664158357226,paired_t,4.217564516805451e-15,1.4901161193847656e-08,1,5.09903550081779e-12,2.6992412907554885e-13
inspiral,100,1.5,Sharable,reference,20,small,network_data_mb,HDS-PBQS,negative_favors_HDS,50,27,337.24570769188875,344.04014805673916,-6.794440364850345,-3.4775699257544943,-20.9586542154778,7.369773485777111,-0.18975928486473198,1.974897523800002,paired_t,0.33321177186522577,0.37350593507289886,1,1.0,1.0
inspiral,100,1.5,Sharable,reference,20,small,cpu_utilization,HDS-PBQS,positive_favors_HDS,50,27,0.15406413184672424,0.17198411214122838,-0.017919980294504118,-0.013497513328945193,-0.025976761587167815,-0.009863199001840418,-0.8798685045098186,-10.419555662088586,paired_t,0.00010405335207946429,0.0001253187656402588,1,0.07647921377840625,0.0023932270978276786
inspiral,100,1.5,Sharable,reference,20,small,ram_utilization,HDS-PBQS,positive_favors_HDS,50,27,0.2970511975834781,0.3164826646918516,-0.01943146710837352,-0.01694069585869562,-0.03324708598029539,-0.005615848236451651,-0.5563871186655095,-6.139820368137152,paired_t,0.007654203884157884,0.007585808634757996,1,1.0,0.10715885437821038
inspiral,100,1.5,Sharable,reference,20,small,scheduler_runtime_s,HDS-PBQS,negative_favors_HDS,50,50,0.007247127817099633,0.01564479494161783,-0.0083976671245182,-0.00905941302517025,-0.009360441585579683,-0.007434892663456719,-2.4788677793308596,53.677067394338074,paired_t,9.496001236707049e-23,3.552713678800501e-15,0,1.4766281923079461e-19,1.73776822631739e-20
inspiral,100,1.6,NonSharable,reference,20,small,global_deadline_success,HDS-PBQS,positive_favors_HDS,50,50,1.0,1.0,0.0,0.0,0.0,0.0,0.0,0.0,exact_mcnemar,1.0,,0,1.0,1.0
inspiral,100,1.6,NonSharable,reference,20,small,sfc_subdeadline_success,HDS-PBQS,positive_favors_HDS,50,50,1.0,1.0,0.0,0.0,0.0,0.0,0.0,0.0,exact_mcnemar,1.0,,0,1.0,1.0
inspiral,100,1.6,NonSharable,reference,20,small,accepted_sfc_ratio,HDS-PBQS,positive_favors_HDS,50,50,1.0,1.0,0.0,0.0,0.0,0.0,0.0,0.0,paired_t,,,0,,
inspiral,100,1.6,NonSharable,reference,20,small,sfc_deadline_miss_rate,HDS-PBQS,negative_favors_HDS,50,50,0.0,0.0,0.0,0.0,0.0,0.0,0.0,,paired_t,,,0,,
inspiral,100,1.6,NonSharable,reference,20,small,provisioning_cost,HDS-PBQS,negative_favors_HDS,50,50,0.0975,0.13040000000000002,-0.0329,-0.034999999999999996,-0.037930823346980586,-0.02786917665301941,-1.8585579140681339,25.23006134969326,paired_t,1.1077700796072662e-17,1.7637313830745253e-09,1,1.5464470311317435e-14,1.9718307417009338e-15
inspiral,100,1.6,NonSharable,reference,20,small,makespan_s,HDS-PBQS,negative_favors_HDS,50,50,245.80847712970495,282.1086387343959,-36.30016160469096,-32.74219404918095,-40.629782565033175,-31.970540644348752,-2.3827470987724966,12.867440631219882,paired_t,5.031371191248901e-22,1.7763568394002505e-15,1,7.692966551419569e-19,5.635135734198769e-20
inspiral,100,1.6,NonSharable,reference,20,small,network_data_mb,HDS-PBQS,negative_favors_HDS,50,50,342.5821727867861,421.0041536443364,-78.42198085755034,-76.73153592952383,-86.7709191502302,-70.07304256487048,-2.6694747978917346,18.627365117114987,paired_t,3.9865236181574476e-24,1.7763568394002505e-15,1,6.3983704071427035e-21,6.05951589959932e-22
inspiral,100,1.6,NonSharable,reference,20,small,cpu_utilization,HDS-PBQS,positive_favors_HDS,50,50,0.15175413943708757,0.1351962173822599,0.016557922054827673,0.016768025418219895,0.012831198093977396,0.02028464601567795,1.2626933013980943,12.247326423350332,paired_t,7.53484425877197e-12,1.5448975432263978e-11,1,8.220515086320218e-09,6.555314505131613e-10
inspiral,100,1.6,NonSharable,reference,20,small,ram_utilization,HDS-PBQS,positive_favors_HDS,50,50,0.2880395106655906,0.24261552217156954,0.04542398849402103,0.04291350310521297,0.03814222536070408,0.05270575162733798,1.7728336472535857,18.722622562417392,paired_t,6.659069454134534e-17,8.881784197001252e-15,1,8.756676332186912e-14,9.511775211122039e-15
inspiral,100,1.6,NonSharable,reference,20,small,scheduler_runtime_s,HDS-PBQS,negative_favors_HDS,50,50,0.007037661858994345,0.015378017878465428,-0.008340356019471083,-0.01016023001466235,-0.009253784889049363,-0.007426927149892804,-2.594950776564472,54.23557239551972,paired_t,1.348668815894119e-23,8.881784197001252e-15,0,2.1255020538491317e-20,2.710824319947179e-21
inspiral,100,1.6,Sharable,reference,20,small,global_deadline_success,HDS-PBQS,positive_favors_HDS,50,50,1.0,0.9,0.1,0.0,0.013875346980175465,0.18612465301982456,0.3299831645537222,11.111111111111109,exact_mcnemar,0.0625,0.0625,0,1.0,1.0
inspiral,100,1.6,Sharable,reference,20,small,sfc_subdeadline_success,HDS-PBQS,positive_favors_HDS,50,50,1.0,0.9,0.1,0.0,0.013875346980175465,0.18612465301982456,0.3299831645537222,11.111111111111109,exact_mcnemar,0.0625,0.0625,0,1.0,1.0
inspiral,100,1.6,Sharable,reference,20,small,accepted_sfc_ratio,HDS-PBQS,positive_favors_HDS,50,50,1.0,0.9974000000000001,0.0026,0.0,-0.0007385571238133961,0.005938557123813396,0.22132669799727472,0.2606777621816659,paired_t,0.12401518271173462,0.0625,0,1.0,1.0
inspiral,100,1.6,Sharable,reference,20,small,sfc_deadline_miss_rate,HDS-PBQS,negative_favors_HDS,50,50,0.0,0.0026,-0.0026,0.0,-0.005938557123813398,0.0007385571238133974,-0.22132669799727464,100.00000000000001,paired_t,0.1240151827117348,0.0625,0,1.0,1.0
inspiral,100,1.6,Sharable,reference,20,small,provisioning_cost,HDS-PBQS,negative_favors_HDS,50,45,0.09644444444444444,0.09611111111111112,0.0003333333333333339,0.0,-0.0046836649576117205,0.005350331624278388,0.019961023326277253,-0.3468208092485456,paired_t,0.8940901804664575,0.9689243980116895,1,1.0,1.0
inspiral,100,1.6,Sharable,reference,20,small,makespan_s,HDS-PBQS,negative_favors_HDS,45,45,245.30448924453955,312.2158824419625,-66.91139319742297,-60.41721753453959,-71.90469250612698,-61.91809388871895,-4.025876825975203,21.431130496655957,paired_t,5.030783093466313e-29,5.684341886080802e-14,1,8.496992644864602e-26,6.841865007114185e-27
inspiral,100,1.6,Sharable,reference,20,small,network_data_mb,HDS-PBQS,negative_favors_HDS,50,45,339.77801583995205,349.4335297378952,-9.655513897943163,-3.968073071940978,-19.916194827683412,0.6051670317970892,-0.28271393825523333,2.763190442882111,paired_t,0.06447098156119378,0.10697788896510474,1,1.0,1.0
inspiral,100,1.6,Sharable,reference,20,small,cpu_utilization,HDS-PBQS,positive_favors_HDS,50,45,0.1519745848721189,0.17804319426860254,-0.02606860939648365,-0.028318200392226905,-0.03169409905812583,-0.020443119734841475,-1.3922125484089902,-14.641733149965608,paired_t,5.267940416328107e-12,3.752802513190545e-10,1,5.7525909346302925e-09,4.635787566368734e-10
inspiral,100,1.6,Sharable,reference,20,small,ram_utilization,HDS-PBQS,positive_favors_HDS,50,45,0.29023775122667683,0.3222676273938423,-0.032029876167165454,-0.034166418251946384,-0.04196605006095788,-0.02209370227337303,-0.9684653478128855,-9.93890587962217,paired_t,6.273796223830045e-08,1.9566920173019753e-07,1,5.6338690089993804e-05,1.819400904910713e-06
inspiral,100,1.6,Sharable,reference,20,small,scheduler_runtime_s,HDS-PBQS,negative_favors_HDS,50,50,0.007264601519855161,0.016331051140514273,-0.009066449620659108,-0.0106900575065083,-0.010312678172240072,-0.007820221069078145,-2.0675633449683275,55.516632350546935,paired_t,1.6939090698884378e-19,1.7763568394002505e-15,0,2.4748011511070076e-16,2.2698381536505067e-17
inspiral,100,1.7,NonSharable,reference,20,small,global_deadline_success,HDS-PBQS,positive_favors_HDS,50,50,1.0,1.0,0.0,0.0,0.0,0.0,0.0,0.0,exact_mcnemar,1.0,,0,1.0,1.0
inspiral,100,1.7,NonSharable,reference,20,small,sfc_subdeadline_success,HDS-PBQS,positive_favors_HDS,50,50,1.0,1.0,0.0,0.0,0.0,0.0,0.0,0.0,exact_mcnemar,1.0,,0,1.0,1.0
inspiral,100,1.7,NonSharable,reference,20,small,accepted_sfc_ratio,HDS-PBQS,positive_favors_HDS,50,50,1.0,1.0,0.0,0.0,0.0,0.0,0.0,0.0,paired_t,,,0,,
inspiral,100,1.7,NonSharable,reference,20,small,sfc_deadline_miss_rate,HDS-PBQS,negative_favors_HDS,50,50,0.0,0.0,0.0,0.0,0.0,0.0,0.0,,paired_t,,,0,,
inspiral,100,1.7,NonSharable,reference,20,small,provisioning_cost,HDS-PBQS,negative_favors_HDS,50,50,0.0975,0.13040000000000002,-0.0329,-0.034999999999999996,-0.037930823346980586,-0.02786917665301941,-1.8585579140681339,25.23006134969326,paired_t,1.1077700796072662e-17,1.7637313830745253e-09,1,1.5464470311317435e-14,1.9718307417009338e-15
inspiral,100,1.7,NonSharable,reference,20,small,makespan_s,HDS-PBQS,negative_favors_HDS,50,50,245.80847712970495,282.1086387343959,-36.30016160469096,-32.74219404918095,-40.629782565033175,-31.970540644348752,-2.3827470987724966,12.867440631219882,paired_t,5.031371191248901e-22,1.7763568394002505e-15,1,7.692966551419569e-19,5.635135734198769e-20
inspiral,100,1.7,NonSharable,reference,20,small,network_data_mb,HDS-PBQS,negative_favors_HDS,50,50,342.5821727867861,421.0041536443364,-78.42198085755034,-76.73153592952383,-86.7709191502302,-70.07304256487048,-2.6694747978917346,18.627365117114987,paired_t,3.9865236181574476e-24,1.7763568394002505e-15,1,6.3983704071427035e-21,6.05951589959932e-22
inspiral,100,1.7,NonSharable,reference,20,small,cpu_utilization,HDS-PBQS,positive_favors_HDS,50,50,0.15175413943708757,0.1351962173822599,0.016557922054827673,0.016768025418219895,0.012831198093977396,0.02028464601567795,1.2626933013980943,12.247326423350332,paired_t,7.53484425877197e-12,1.5448975432263978e-11,1,8.220515086320218e-09,6.555314505131613e-10
inspiral,100,1.7,NonSharable,reference,20,small,ram_utilization,HDS-PBQS,positive_favors_HDS,50,50,0.2880395106655906,0.24261552217156954,0.04542398849402103,0.04291350310521297,0.03814222536070408,0.05270575162733798,1.7728336472535857,18.722622562417392,paired_t,6.659069454134534e-17,8.881784197001252e-15,1,8.756676332186912e-14,9.511775211122039e-15
inspiral,100,1.7,NonSharable,reference,20,small,scheduler_runtime_s,HDS-PBQS,negative_favors_HDS,50,50,0.007247736897334058,0.015673281123381406,-0.008425544226047348,-0.01001967250340385,-0.0094505147094881,-0.007400573742606595,-2.3361776885951375,53.75737319914538,paired_t,1.1483199478378325e-21,8.881784197001252e-15,0,1.7270732015481e-18,1.9176943128891804e-19
inspiral,100,1.7,Sharable,reference,20,small,global_deadline_success,HDS-PBQS,positive_favors_HDS,50,50,1.0,0.96,0.04,0.0,-0.01625638777941879,0.09625638777941879,0.202072594216369,4.1666666666666705,exact_mcnemar,0.5,0.5,0,1.0,1.0
inspiral,100,1.7,Sharable,reference,20,small,sfc_subdeadline_success,HDS-PBQS,positive_favors_HDS,50,50,1.0,0.96,0.04,0.0,-0.01625638777941879,0.09625638777941879,0.202072594216369,4.1666666666666705,exact_mcnemar,0.5,0.5,0,1.0,1.0
inspiral,100,1.7,Sharable,reference,20,small,accepted_sfc_ratio,HDS-PBQS,positive_favors_HDS,50,50,1.0,0.997,0.0030000000000000005,0.0,-0.0026329590657203426,0.008632959065720343,0.15135749373285395,0.30090270812437336,paired_t,0.2897464364333228,0.5,0,1.0,1.0
inspiral,100,1.7,Sharable,reference,20,small,sfc_deadline_miss_rate,HDS-PBQS,negative_favors_HDS,50,50,0.0,0.0030000000000000005,-0.0030000000000000005,0.0,-0.008632959065720343,0.0026329590657203426,-0.15135749373285395,100.0,paired_t,0.2897464364333228,0.5,0,1.0,1.0
inspiral,100,1.7,Sharable,reference,20,small,provisioning_cost,HDS-PBQS,negative_favors_HDS,50,48,0.09520833333333334,0.09499999999999999,0.0002083333333333341,0.0,-0.004459908181318587,0.004876574847985255,0.01295856136236492,-0.21929824561405478,paired_t,0.928843908939563,0.9500539631405619,1,1.0,1.0
inspiral,100,1.7,Sharable,reference,20,small,makespan_s,HDS-PBQS,negative_favors_HDS,48,48,246.06143170337347,316.5805180383948,-70.51908633502138,-71.78908031590605,-74.99353448837023,-66.04463818167254,-4.576342709329509,22.275245100985273,paired_t,2.225869603807785e-33,7.105427357601002e-15,1,3.895271806663624e-30,3.383321797787833e-31
inspiral,100,1.7,Sharable,reference,20,small,network_data_mb,HDS-PBQS,negative_favors_HDS,50,48,341.04763431178975,351.28350289840574,-10.235868586616022,-3.26821639892745,-20.2304477140753,-0.24128945915674294,-0.29737984743352996,2.9138483595616775,paired_t,0.04492904262771667,0.08210634225155644,1,1.0,1.0
inspiral,100,1.7,Sharable,reference,20,small,cpu_utilization,HDS-PBQS,positive_favors_HDS,50,48,0.15341144875161586,0.1810491071504856,-0.02763765839886977,-0.029873968946901447,-0.03261839605360992,-0.022656920744129616,-1.6112351247447294,-15.265282902443534,paired_t,8.170240226717404e-15,7.815970093361102e-13,1,9.812458512287602e-12,9.395776260725014e-13
inspiral,100,1.7,Sharable,reference,20,small,ram_utilization,HDS-PBQS,positive_favors_HDS,50,48,0.29254800076856097,0.32671188596966383,-0.034163885201102896,-0.03693307618468375,-0.043155208758900665,-0.025172561643305127,-1.1033034367879873,-10.456884695120973,paired_t,8.701199974041322e-10,4.302620482121711e-09,1,8.588084374378785e-07,5.6557799831268593e-08
inspiral,100,1.7,Sharable,reference,20,small,scheduler_runtime_s,HDS-PBQS,negative_favors_HDS,50,50,0.007389409702154757,0.015948877279879477,-0.008559467577724722,-0.010527235981498951,-0.009517228348935931,-0.007601706806513512,-2.5398552993883023,53.66815122794275,paired_t,3.3777448879564456e-23,1.7763568394002505e-15,0,5.2794152598759246e-20,6.4514927359968114e-21
inspiral,100,1.8,NonSharable,reference,20,small,global_deadline_success,HDS-PBQS,positive_favors_HDS,50,50,1.0,1.0,0.0,0.0,0.0,0.0,0.0,0.0,exact_mcnemar,1.0,,0,1.0,1.0
inspiral,100,1.8,NonSharable,reference,20,small,sfc_subdeadline_success,HDS-PBQS,positive_favors_HDS,50,50,1.0,1.0,0.0,0.0,0.0,0.0,0.0,0.0,exact_mcnemar,1.0,,0,1.0,1.0
inspiral,100,1.8,NonSharable,reference,20,small,accepted_sfc_ratio,HDS-PBQS,positive_favors_HDS,50,50,1.0,1.0,0.0,0.0,0.0,0.0,0.0,0.0,paired_t,,,0,,
inspiral,100,1.8,NonSharable,reference,20,small,sfc_deadline_miss_rate,HDS-PBQS,negative_favors_HDS,50,50,0.0,0.0,0.0,0.0,0.0,0.0,0.0,,paired_t,,,0,,
inspiral,100,1.8,NonSharable,reference,20,small,provisioning_cost,HDS-PBQS,negative_favors_HDS,50,50,0.0975,0.13040000000000002,-0.0329,-0.034999999999999996,-0.037930823346980586,-0.02786917665301941,-1.8585579140681339,25.23006134969326,paired_t,1.1077700796072662e-17,1.7637313830745253e-09,1,1.5464470311317435e-14,1.9718307417009338e-15
inspiral,100,1.8,NonSharable,reference,20,small,makespan_s,HDS-PBQS,negative_favors_HDS,50,50,245.80847712970495,282.1086387343959,-36.30016160469096,-32.74219404918095,-40.629782565033175,-31.970540644348752,-2.3827470987724966,12.867440631219882,paired_t,5.031371191248901e-22,1.7763568394002505e-15,1,7.692966551419569e-19,5.635135734198769e-20
inspiral,100,1.8,NonSharable,reference,20,small,network_data_mb,HDS-PBQS,negative_favors_HDS,50,50,342.5821727867861,421.0041536443364,-78.42198085755034,-76.73153592952383,-86.7709191502302,-70.07304256487048,-2.6694747978917346,18.627365117114987,paired_t,3.9865236181574476e-24,1.7763568394002505e-15,1,6.3983704071427035e-21,6.05951589959932e-22
inspiral,100,1.8,NonSharable,reference,20,small,cpu_utilization,HDS-PBQS,positive_favors_HDS,50,50,0.15175413943708757,0.1351962173822599,0.016557922054827673,0.016768025418219895,0.012831198093977396,0.02028464601567795,1.2626933013980943,12.247326423350332,paired_t,7.53484425877197e-12,1.5448975432263978e-11,1,8.220515086320218e-09,6.555314505131613e-10
inspiral,100,1.8,NonSharable,reference,20,small,ram_utilization,HDS-PBQS,positive_favors_HDS,50,50,0.2880395106655906,0.24261552217156954,0.04542398849402103,0.04291350310521297,0.03814222536070408,0.05270575162733798,1.7728336472535857,18.722622562417392,paired_t,6.659069454134534e-17,8.881784197001252e-15,1,8.756676332186912e-14,9.511775211122039e-15
inspiral,100,1.8,NonSharable,reference,20,small,scheduler_runtime_s,HDS-PBQS,negative_favors_HDS,50,50,0.007540121599304209,0.015662903118063648,-0.008122781518759437,-0.00943477749024165,-0.009123177830536334,-0.007122385206982541,-2.307554454504112,51.85999975567512,paired_t,1.917941145703862e-21,1.7763568394002505e-14,0,2.8769117185557934e-18,3.145423478954334e-19
inspiral,100,1.8,Sharable,reference,20,small,global_deadline_success,HDS-PBQS,positive_favors_HDS,50,50,1.0,1.0,0.0,0.0,0.0,0.0,0.0,0.0,exact_mcnemar,1.0,,0,1.0,1.0
inspiral,100,1.8,Sharable,reference,20,small,sfc_subdeadline_success,HDS-PBQS,positive_favors_HDS,50,50,1.0,1.0,0.0,0.0,0.0,0.0,0.0,0.0,exact_mcnemar,1.0,,0,1.0,1.0
inspiral,100,1.8,Sharable,reference,20,small,accepted_sfc_ratio,HDS-PBQS,positive_favors_HDS,50,50,1.0,1.0,0.0,0.0,0.0,0.0,0.0,0.0,paired_t,,,0,,
inspiral,100,1.8,Sharable,reference,20,small,sfc_deadline_miss_rate,HDS-PBQS,negative_favors_HDS,50,50,0.0,0.0,0.0,0.0,0.0,0.0,0.0,,paired_t,,,0,,
inspiral,100,1.8,Sharable,reference,20,small,provisioning_cost,HDS-PBQS,negative_favors_HDS,50,50,0.09530000000000001,0.09519999999999999,0.00010000000000000093,0.0,-0.004388867442747045,0.004588867442747047,0.006331148315705508,-0.10504201680674029,paired_t,0.9644741963258893,0.971034385442606,1,1.0,1.0
inspiral,100,1.8,Sharable,reference,20,small,makespan_s,HDS-PBQS,negative_favors_HDS,50,50,246.14019235105633,317.8867183768332,-71.74652602577684,-75.03323375398074,-76.40652984351416,-67.08652220803953,-4.375562314274852,22.569840725690906,paired_t,8.095666915624211e-34,1.7763568394002505e-15,1,1.4191704103089242e-30,1.2386370380905042e-31
inspiral,100,1.8,Sharable,reference,20,small,network_data_mb,HDS-PBQS,negative_favors_HDS,50,50,340.836414977065,350.4864565524824,-9.650041575417434,-1.9974115395625631,-19.24069804497306,-0.059385105861808896,-0.2859565953428176,2.75332795176707,paired_t,0.04865202025886168,0.10316599771973678,1,1.0,1.0
inspiral,100,1.8,Sharable,reference,20,small,cpu_utilization,HDS-PBQS,positive_favors_HDS,50,50,0.15352249401111182,0.18136081907602125,-0.027838325064909453,-0.028415847257136403,-0.03245738269320025,-0.02321926743661866,-1.7128092096661647,-15.34969085756081,paired_t,2.4044352628506824e-16,2.4868995751603507e-14,1,3.005544078563353e-13,3.294076310105435e-14
inspiral,100,1.8,Sharable,reference,20,small,ram_utilization,HDS-PBQS,positive_favors_HDS,50,50,0.29183092240902053,0.3261792991910844,-0.03434837678206388,-0.03637007829222799,-0.042786746064289685,-0.02591000749983807,-1.1568231190600635,-10.530520136393354,paired_t,1.0152265205766168e-10,2.5226754019058717e-10,1,1.0223331062206531e-07,6.802017687863332e-09
inspiral,100,1.8,Sharable,reference,20,small,scheduler_runtime_s,HDS-PBQS,negative_favors_HDS,50,50,0.007587997358714299,0.016558211899900876,-0.008970214541186575,-0.01100347598730875,-0.010099587830363676,-0.007840841252009475,-2.2572755971453926,54.17381173410564,paired_t,4.7735737064807954e-21,5.329070518200751e-15,0,7.117398396362866e-18,7.44677498211004e-19
inspiral,100,1.9,NonSharable,reference,20,small,global_deadline_success,HDS-PBQS,positive_favors_HDS,50,50,1.0,1.0,0.0,0.0,0.0,0.0,0.0,0.0,exact_mcnemar,1.0,,0,1.0,1.0
inspiral,100,1.9,NonSharable,reference,20,small,sfc_subdeadline_success,HDS-PBQS,positive_favors_HDS,50,50,1.0,1.0,0.0,0.0,0.0,0.0,0.0,0.0,exact_mcnemar,1.0,,0,1.0,1.0
inspiral,100,1.9,NonSharable,reference,20,small,accepted_sfc_ratio,HDS-PBQS,positive_favors_HDS,50,50,1.0,1.0,0.0,0.0,0.0,0.0,0.0,0.0,paired_t,,,0,,
inspiral,100,1.9,NonSharable,reference,20,small,sfc_deadline_miss_rate,HDS-PBQS,negative_favors_HDS,50,50,0.0,0.0,0.0,0.0,0.0,0.0,0.0,,paired_t,,,0,,
inspiral,100,1.9,NonSharable,reference,20,small,provisioning_cost,HDS-PBQS,negative_favors_HDS,50,50,0.0975,0.13040000000000002,-0.0329,-0.034999999999999996,-0.037930823346980586,-0.02786917665301941,-1.8585579140681339,25.23006134969326,paired_t,1.1077700796072662e-17,1.7637313830745253e-09,1,1.5464470311317435e-14,1.9718307417009338e-15
inspiral,100,1.9,NonSharable,reference,20,small,makespan_s,HDS-PBQS,negative_favors_HDS,50,50,245.80847712970495,282.1086387343959,-36.30016160469096,-32.74219404918095,-40.629782565033175,-31.970540644348752,-2.3827470987724966,12.867440631219882,paired_t,5.031371191248901e-22,1.7763568394002505e-15,1,7.692966551419569e-19,5.635135734198769e-20
inspiral,100,1.9,NonSharable,reference,20,small,network_data_mb,HDS-PBQS,negative_favors_HDS,50,50,342.5821727867861,421.0041536443364,-78.42198085755034,-76.73153592952383,-86.7709191502302,-70.07304256487048,-2.6694747978917346,18.627365117114987,paired_t,3.9865236181574476e-24,1.7763568394002505e-15,1,6.3983704071427035e-21,6.05951589959932e-22
inspiral,100,1.9,NonSharable,reference,20,small,cpu_utilization,HDS-PBQS,positive_favors_HDS,50,50,0.15175413943708757,0.1351962173822599,0.016557922054827673,0.016768025418219895,0.012831198093977396,0.02028464601567795,1.2626933013980943,12.247326423350332,paired_t,7.53484425877197e-12,1.5448975432263978e-11,1,8.220515086320218e-09,6.555314505131613e-10
inspiral,100,1.9,NonSharable,reference,20,small,ram_utilization,HDS-PBQS,positive_favors_HDS,50,50,0.2880395106655906,0.24261552217156954,0.04542398849402103,0.04291350310521297,0.03814222536070408,0.05270575162733798,1.7728336472535857,18.722622562417392,paired_t,6.659069454134534e-17,8.881784197001252e-15,1,8.756676332186912e-14,9.511775211122039e-15
inspiral,100,1.9,NonSharable,reference,20,small,scheduler_runtime_s,HDS-PBQS,negative_favors_HDS,50,50,0.007290142461279128,0.015344683319053688,-0.008054540857774557,-0.0099778694711859,-0.009096288809947194,-0.007012792905601919,-2.1973407093984516,52.49075976545657,paired_t,1.441675433012841e-20,1.5631940186722204e-13,0,2.138004667158043e-17,2.1336796408590044e-18
inspiral,100,1.9,Sharable,reference,20,small,global_deadline_success,HDS-PBQS,positive_favors_HDS,50,50,1.0,1.0,0.0,0.0,0.0,0.0,0.0,0.0,exact_mcnemar,1.0,,0,1.0,1.0
inspiral,100,1.9,Sharable,reference,20,small,sfc_subdeadline_success,HDS-PBQS,positive_favors_HDS,50,50,1.0,1.0,0.0,0.0,0.0,0.0,0.0,0.0,exact_mcnemar,1.0,,0,1.0,1.0
inspiral,100,1.9,Sharable,reference,20,small,accepted_sfc_ratio,HDS-PBQS,positive_favors_HDS,50,50,1.0,1.0,0.0,0.0,0.0,0.0,0.0,0.0,paired_t,,,0,,
inspiral,100,1.9,Sharable,reference,20,small,sfc_deadline_miss_rate,HDS-PBQS,negative_favors_HDS,50,50,0.0,0.0,0.0,0.0,0.0,0.0,0.0,,paired_t,,,0,,
inspiral,100,1.9,Sharable,reference,20,small,provisioning_cost,HDS-PBQS,negative_favors_HDS,50,50,0.09530000000000001,0.095,0.00030000000000000084,0.0,-0.004188132977581946,0.004788132977581947,0.01899655314906776,-0.31578947368421956,paired_t,0.8936950872027605,0.9469311857448889,1,1.0,1.0
inspiral,100,1.9,Sharable,reference,20,small,makespan_s,HDS-PBQS,negative_favors_HDS,50,50,246.14019235105633,318.0933996518954,-71.9532073008391,-75.03323375398074,-76.78420176016496,-67.12221284151323,-4.232850074637507,22.620150993255717,paired_t,3.79426936199296e-33,1.7763568394002505e-15,1,6.636177114125687e-30,5.729346736609369e-31
inspiral,100,1.9,Sharable,reference,20,small,network_data_mb,HDS-PBQS,negative_favors_HDS,50,50,340.836414977065,350.5729477285885,-9.73653275152348,-3.26821639892745,-19.32221653448733,-0.15084896855963237,-0.2886692336265017,2.7773200455448332,paired_t,0.04663573935418307,0.09908592454842413,1,1.0,1.0
inspiral,100,1.9,Sharable,reference,20,small,cpu_utilization,HDS-PBQS,positive_favors_HDS,50,50,0.15352249401111182,0.18185620258563417,-0.028333708574522335,-0.029873968946901447,-0.032926686976171085,-0.023740730172873585,-1.753187186449882,-15.58028165752571,paired_t,1.011141536945507e-16,2.4868995751603507e-14,1,1.3074060072705298e-13,1.526823720787703e-14
inspiral,100,1.9,Sharable,reference,20,small,ram_utilization,HDS-PBQS,positive_favors_HDS,50,50,0.29183092240902053,0.32682952049872016,-0.034998598089699635,-0.03693307618468375,-0.04335849635432507,-0.026638699825074198,-1.1897861922482553,-10.708518017679092,paired_t,4.4934123480100367e-11,1.616786704516926e-10,1,4.632708130798348e-08,3.68459812536823e-09
inspiral,100,1.9,Sharable,reference,20,small,scheduler_runtime_s,HDS-PBQS,negative_favors_HDS,50,50,0.007207081798842363,0.01610108328110068,-0.008894001482258313,-0.01064202102134,-0.009901082802305259,-0.007886920162211368,-2.5098740327289035,55.23852853241262,paired_t,5.601536489234594e-23,3.552713678800501e-15,0,8.727193850227497e-20,1.0418857869976344e-20
inspiral,100,2.0,NonSharable,reference,20,small,global_deadline_success,HDS-PBQS,positive_favors_HDS,50,50,1.0,1.0,0.0,0.0,0.0,0.0,0.0,0.0,exact_mcnemar,1.0,,0,1.0,1.0
inspiral,100,2.0,NonSharable,reference,20,small,sfc_subdeadline_success,HDS-PBQS,positive_favors_HDS,50,50,1.0,1.0,0.0,0.0,0.0,0.0,0.0,0.0,exact_mcnemar,1.0,,0,1.0,1.0
inspiral,100,2.0,NonSharable,reference,20,small,accepted_sfc_ratio,HDS-PBQS,positive_favors_HDS,50,50,1.0,1.0,0.0,0.0,0.0,0.0,0.0,0.0,paired_t,,,0,,
inspiral,100,2.0,NonSharable,reference,20,small,sfc_deadline_miss_rate,HDS-PBQS,negative_favors_HDS,50,50,0.0,0.0,0.0,0.0,0.0,0.0,0.0,,paired_t,,,0,,
inspiral,100,2.0,NonSharable,reference,20,small,provisioning_cost,HDS-PBQS,negative_favors_HDS,50,50,0.0975,0.13040000000000002,-0.0329,-0.034999999999999996,-0.037930823346980586,-0.02786917665301941,-1.8585579140681339,25.23006134969326,paired_t,1.1077700796072662e-17,1.7637313830745253e-09,1,1.5464470311317435e-14,1.9718307417009338e-15
inspiral,100,2.0,NonSharable,reference,20,small,makespan_s,HDS-PBQS,negative_favors_HDS,50,50,245.80847712970495,282.1086387343959,-36.30016160469096,-32.74219404918095,-40.629782565033175,-31.970540644348752,-2.3827470987724966,12.867440631219882,paired_t,5.031371191248901e-22,1.7763568394002505e-15,1,7.692966551419569e-19,5.635135734198769e-20
inspiral,100,2.0,NonSharable,reference,20,small,network_data_mb,HDS-PBQS,negative_favors_HDS,50,50,342.5821727867861,421.0041536443364,-78.42198085755034,-76.73153592952383,-86.7709191502302,-70.07304256487048,-2.6694747978917346,18.627365117114987,paired_t,3.9865236181574476e-24,1.7763568394002505e-15,1,6.3983704071427035e-21,6.05951589959932e-22
inspiral,100,2.0,NonSharable,reference,20,small,cpu_utilization,HDS-PBQS,positive_favors_HDS,50,50,0.15175413943708757,0.1351962173822599,0.016557922054827673,0.016768025418219895,0.012831198093977396,0.02028464601567795,1.2626933013980943,12.247326423350332,paired_t,7.53484425877197e-12,1.5448975432263978e-11,1,8.220515086320218e-09,6.555314505131613e-10
inspiral,100,2.0,NonSharable,reference,20,small,ram_utilization,HDS-PBQS,positive_favors_HDS,50,50,0.2880395106655906,0.24261552217156954,0.04542398849402103,0.04291350310521297,0.03814222536070408,0.05270575162733798,1.7728336472535857,18.722622562417392,paired_t,6.659069454134534e-17,8.881784197001252e-15,1,8.756676332186912e-14,9.511775211122039e-15
inspiral,100,2.0,NonSharable,reference,20,small,scheduler_runtime_s,HDS-PBQS,negative_favors_HDS,50,50,0.006972238119924393,0.01523911954282079,-0.008266881422896399,-0.0098646629885479,-0.009181966828350888,-0.007351796017441909,-2.5674343521808756,54.24776280327139,paired_t,2.1293185593664822e-23,8.881784197001252e-15,0,3.340900819646011e-20,4.173464376358305e-21
inspiral,100,2.0,Sharable,reference,20,small,global_deadline_success,HDS-PBQS,positive_favors_HDS,50,50,1.0,1.0,0.0,0.0,0.0,0.0,0.0,0.0,exact_mcnemar,1.0,,0,1.0,1.0
inspiral,100,2.0,Sharable,reference,20,small,sfc_subdeadline_success,HDS-PBQS,positive_favors_HDS,50,50,1.0,1.0,0.0,0.0,0.0,0.0,0.0,0.0,exact_mcnemar,1.0,,0,1.0,1.0
inspiral,100,2.0,Sharable,reference,20,small,accepted_sfc_ratio,HDS-PBQS,positive_favors_HDS,50,50,1.0,1.0,0.0,0.0,0.0,0.0,0.0,0.0,paired_t,,,0,,
inspiral,100,2.0,Sharable,reference,20,small,sfc_deadline_miss_rate,HDS-PBQS,negative_favors_HDS,50,50,0.0,0.0,0.0,0.0,0.0,0.0,0.0,,paired_t,,,0,,
inspiral,100,2.0,Sharable,reference,20,small,provisioning_cost,HDS-PBQS,negative_favors_HDS,50,50,0.09530000000000001,0.095,0.00030000000000000084,0.0,-0.004188132977581946,0.004788132977581947,0.01899655314906776,-0.31578947368421956,paired_t,0.8936950872027605,0.9469311857448889,1,1.0,1.0
inspiral,100,2.0,Sharable,reference,20,small,makespan_s,HDS-PBQS,negative_favors_HDS,50,50,246.14019235105633,318.0933996518954,-71.9532073008391,-75.03323375398074,-76.78420176016496,-67.12221284151323,-4.232850074637507,22.620150993255717,paired_t,3.79426936199296e-33,1.7763568394002505e-15,1,6.636177114125687e-30,5.729346736609369e-31
inspiral,100,2.0,Sharable,reference,20,small,network_data_mb,HDS-PBQS,negative_favors_HDS,50,50,340.836414977065,350.5729477285885,-9.73653275152348,-3.26821639892745,-19.32221653448733,-0.15084896855963237,-0.2886692336265017,2.7773200455448332,paired_t,0.04663573935418307,0.09908592454842413,1,1.0,1.0
inspiral,100,2.0,Sharable,reference,20,small,cpu_utilization,HDS-PBQS,positive_favors_HDS,50,50,0.15352249401111182,0.18185620258563417,-0.028333708574522335,-0.029873968946901447,-0.032926686976171085,-0.023740730172873585,-1.753187186449882,-15.58028165752571,paired_t,1.011141536945507e-16,2.4868995751603507e-14,1,1.3074060072705298e-13,1.526823720787703e-14
inspiral,100,2.0,Sharable,reference,20,small,ram_utilization,HDS-PBQS,positive_favors_HDS,50,50,0.29183092240902053,0.32682952049872016,-0.034998598089699635,-0.03693307618468375,-0.04335849635432507,-0.026638699825074198,-1.1897861922482553,-10.708518017679092,paired_t,4.4934123480100367e-11,1.616786704516926e-10,1,4.632708130798348e-08,3.68459812536823e-09
inspiral,100,2.0,Sharable,reference,20,small,scheduler_runtime_s,HDS-PBQS,negative_favors_HDS,50,50,0.007234218138328242,0.015824327819573183,-0.00859010968124494,-0.0105567815026006,-0.009534834354982662,-0.007645385007507216,-2.584120249674979,54.28419948820698,paired_t,1.6135468629919954e-23,3.552713678800501e-15,0,2.5413363092123927e-20,3.2270937259839907e-21
inspiral,100,2.25,NonSharable,reference,20,small,global_deadline_success,HDS-PBQS,positive_favors_HDS,50,50,1.0,1.0,0.0,0.0,0.0,0.0,0.0,0.0,exact_mcnemar,1.0,,0,1.0,1.0
inspiral,100,2.25,NonSharable,reference,20,small,sfc_subdeadline_success,HDS-PBQS,positive_favors_HDS,50,50,1.0,1.0,0.0,0.0,0.0,0.0,0.0,0.0,exact_mcnemar,1.0,,0,1.0,1.0
inspiral,100,2.25,NonSharable,reference,20,small,accepted_sfc_ratio,HDS-PBQS,positive_favors_HDS,50,50,1.0,1.0,0.0,0.0,0.0,0.0,0.0,0.0,paired_t,,,0,,
inspiral,100,2.25,NonSharable,reference,20,small,sfc_deadline_miss_rate,HDS-PBQS,negative_favors_HDS,50,50,0.0,0.0,0.0,0.0,0.0,0.0,0.0,,paired_t,,,0,,
inspiral,100,2.25,NonSharable,reference,20,small,provisioning_cost,HDS-PBQS,negative_favors_HDS,50,50,0.0975,0.13040000000000002,-0.0329,-0.034999999999999996,-0.037930823346980586,-0.02786917665301941,-1.8585579140681339,25.23006134969326,paired_t,1.1077700796072662e-17,1.7637313830745253e-09,1,1.5464470311317435e-14,1.9718307417009338e-15
inspiral,100,2.25,NonSharable,reference,20,small,makespan_s,HDS-PBQS,negative_favors_HDS,50,50,245.80847712970495,282.1086387343959,-36.30016160469096,-32.74219404918095,-40.629782565033175,-31.970540644348752,-2.3827470987724966,12.867440631219882,paired_t,5.031371191248901e-22,1.7763568394002505e-15,1,7.692966551419569e-19,5.635135734198769e-20
inspiral,100,2.25,NonSharable,reference,20,small,network_data_mb,HDS-PBQS,negative_favors_HDS,50,50,342.5821727867861,421.0041536443364,-78.42198085755034,-76.73153592952383,-86.7709191502302,-70.07304256487048,-2.6694747978917346,18.627365117114987,paired_t,3.9865236181574476e-24,1.7763568394002505e-15,1,6.3983704071427035e-21,6.05951589959932e-22
inspiral,100,2.25,NonSharable,reference,20,small,cpu_utilization,HDS-PBQS,positive_favors_HDS,50,50,0.15175413943708757,0.1351962173822599,0.016557922054827673,0.016768025418219895,0.012831198093977396,0.02028464601567795,1.2626933013980943,12.247326423350332,paired_t,7.53484425877197e-12,1.5448975432263978e-11,1,8.220515086320218e-09,6.555314505131613e-10
inspiral,100,2.25,NonSharable,reference,20,small,ram_utilization,HDS-PBQS,positive_favors_HDS,50,50,0.2880395106655906,0.24261552217156954,0.04542398849402103,0.04291350310521297,0.03814222536070408,0.05270575162733798,1.7728336472535857,18.722622562417392,paired_t,6.659069454134534e-17,8.881784197001252e-15,1,8.756676332186912e-14,9.511775211122039e-15
inspiral,100,2.25,NonSharable,reference,20,small,scheduler_runtime_s,HDS-PBQS,negative_favors_HDS,50,50,0.00714704144476849,0.01600806390073553,-0.00886102245596704,-0.01010237199261605,-0.010153474643698264,-0.007568570268235816,-1.9484471010749518,55.35349253297208,paired_t,1.7753633265309494e-18,8.881784197001252e-15,0,2.5121391070412936e-15,2.0594214587759014e-16
inspiral,100,2.25,Sharable,reference,20,small,global_deadline_success,HDS-PBQS,positive_favors_HDS,50,50,1.0,1.0,0.0,0.0,0.0,0.0,0.0,0.0,exact_mcnemar,1.0,,0,1.0,1.0
inspiral,100,2.25,Sharable,reference,20,small,sfc_subdeadline_success,HDS-PBQS,positive_favors_HDS,50,50,1.0,1.0,0.0,0.0,0.0,0.0,0.0,0.0,exact_mcnemar,1.0,,0,1.0,1.0
inspiral,100,2.25,Sharable,reference,20,small,accepted_sfc_ratio,HDS-PBQS,positive_favors_HDS,50,50,1.0,1.0,0.0,0.0,0.0,0.0,0.0,0.0,paired_t,,,0,,
inspiral,100,2.25,Sharable,reference,20,small,sfc_deadline_miss_rate,HDS-PBQS,negative_favors_HDS,50,50,0.0,0.0,0.0,0.0,0.0,0.0,0.0,,paired_t,,,0,,
inspiral,100,2.25,Sharable,reference,20,small,provisioning_cost,HDS-PBQS,negative_favors_HDS,50,50,0.09530000000000001,0.095,0.00030000000000000084,0.0,-0.004188132977581946,0.004788132977581947,0.01899655314906776,-0.31578947368421956,paired_t,0.8936950872027605,0.9469311857448889,1,1.0,1.0
inspiral,100,2.25,Sharable,reference,20,small,makespan_s,HDS-PBQS,negative_favors_HDS,50,50,246.14019235105633,318.0933996518954,-71.9532073008391,-75.03323375398074,-76.78420176016496,-67.12221284151323,-4.232850074637507,22.620150993255717,paired_t,3.79426936199296e-33,1.7763568394002505e-15,1,6.636177114125687e-30,5.729346736609369e-31
inspiral,100,2.25,Sharable,reference,20,small,network_data_mb,HDS-PBQS,negative_favors_HDS,50,50,340.836414977065,350.5729477285885,-9.73653275152348,-3.26821639892745,-19.32221653448733,-0.15084896855963237,-0.2886692336265017,2.7773200455448332,paired_t,0.04663573935418307,0.09908592454842413,1,1.0,1.0
inspiral,100,2.25,Sharable,reference,20,small,cpu_utilization,HDS-PBQS,positive_favors_HDS,50,50,0.15352249401111182,0.18185620258563417,-0.028333708574522335,-0.029873968946901447,-0.032926686976171085,-0.023740730172873585,-1.753187186449882,-15.58028165752571,paired_t,1.011141536945507e-16,2.4868995751603507e-14,1,1.3074060072705298e-13,1.526823720787703e-14
inspiral,100,2.25,Sharable,reference,20,small,ram_utilization,HDS-PBQS,positive_favors_HDS,50,50,0.29183092240902053,0.32682952049872016,-0.034998598089699635,-0.03693307618468375,-0.04335849635432507,-0.026638699825074198,-1.1897861922482553,-10.708518017679092,paired_t,4.4934123480100367e-11,1.616786704516926e-10,1,4.632708130798348e-08,3.68459812536823e-09
inspiral,100,2.25,Sharable,reference,20,small,scheduler_runtime_s,HDS-PBQS,negative_favors_HDS,50,50,0.007550454799857055,0.015920104742835922,-0.00836964994297887,-0.01056533900191425,-0.009460576256920487,-0.0072787236290372545,-2.1803747558351674,52.57283214009774,paired_t,1.978558304601142e-20,1.7763568394002505e-14,0,2.932223407418893e-17,2.908480707763679e-18
inspiral,100,2.5,NonSharable,reference,20,small,global_deadline_success,HDS-PBQS,positive_favors_HDS,50,50,1.0,1.0,0.0,0.0,0.0,0.0,0.0,0.0,exact_mcnemar,1.0,,0,1.0,1.0
inspiral,100,2.5,NonSharable,reference,20,small,sfc_subdeadline_success,HDS-PBQS,positive_favors_HDS,50,50,1.0,1.0,0.0,0.0,0.0,0.0,0.0,0.0,exact_mcnemar,1.0,,0,1.0,1.0
inspiral,100,2.5,NonSharable,reference,20,small,accepted_sfc_ratio,HDS-PBQS,positive_favors_HDS,50,50,1.0,1.0,0.0,0.0,0.0,0.0,0.0,0.0,paired_t,,,0,,
inspiral,100,2.5,NonSharable,reference,20,small,sfc_deadline_miss_rate,HDS-PBQS,negative_favors_HDS,50,50,0.0,0.0,0.0,0.0,0.0,0.0,0.0,,paired_t,,,0,,
inspiral,100,2.5,NonSharable,reference,20,small,provisioning_cost,HDS-PBQS,negative_favors_HDS,50,50,0.0975,0.13040000000000002,-0.0329,-0.034999999999999996,-0.037930823346980586,-0.02786917665301941,-1.8585579140681339,25.23006134969326,paired_t,1.1077700796072662e-17,1.7637313830745253e-09,1,1.5464470311317435e-14,1.9718307417009338e-15
inspiral,100,2.5,NonSharable,reference,20,small,makespan_s,HDS-PBQS,negative_favors_HDS,50,50,245.80847712970495,282.1086387343959,-36.30016160469096,-32.74219404918095,-40.629782565033175,-31.970540644348752,-2.3827470987724966,12.867440631219882,paired_t,5.031371191248901e-22,1.7763568394002505e-15,1,7.692966551419569e-19,5.635135734198769e-20
inspiral,100,2.5,NonSharable,reference,20,small,network_data_mb,HDS-PBQS,negative_favors_HDS,50,50,342.5821727867861,421.0041536443364,-78.42198085755034,-76.73153592952383,-86.7709191502302,-70.07304256487048,-2.6694747978917346,18.627365117114987,paired_t,3.9865236181574476e-24,1.7763568394002505e-15,1,6.3983704071427035e-21,6.05951589959932e-22
inspiral,100,2.5,NonSharable,reference,20,small,cpu_utilization,HDS-PBQS,positive_favors_HDS,50,50,0.15175413943708757,0.1351962173822599,0.016557922054827673,0.016768025418219895,0.012831198093977396,0.02028464601567795,1.2626933013980943,12.247326423350332,paired_t,7.53484425877197e-12,1.5448975432263978e-11,1,8.220515086320218e-09,6.555314505131613e-10
inspiral,100,2.5,NonSharable,reference,20,small,ram_utilization,HDS-PBQS,positive_favors_HDS,50,50,0.2880395106655906,0.24261552217156954,0.04542398849402103,0.04291350310521297,0.03814222536070408,0.05270575162733798,1.7728336472535857,18.722622562417392,paired_t,6.659069454134534e-17,8.881784197001252e-15,1,8.756676332186912e-14,9.511775211122039e-15
inspiral,100,2.5,NonSharable,reference,20,small,scheduler_runtime_s,HDS-PBQS,negative_favors_HDS,50,50,0.007320464523509101,0.015634959720264255,-0.008314495196755155,-0.0102628305066901,-0.009334142775306526,-0.007294847618203784,-2.31742166573793,53.1788718712134,paired_t,1.6062845751170131e-21,1.7763568394002505e-14,0,2.4126394318257536e-18,2.650369548943072e-19
inspiral,100,2.5,Sharable,reference,20,small,global_deadline_success,HDS-PBQS,positive_favors_HDS,50,50,1.0,1.0,0.0,0.0,0.0,0.0,0.0,0.0,exact_mcnemar,1.0,,0,1.0,1.0
inspiral,100,2.5,Sharable,reference,20,small,sfc_subdeadline_success,HDS-PBQS,positive_favors_HDS,50,50,1.0,1.0,0.0,0.0,0.0,0.0,0.0,0.0,exact_mcnemar,1.0,,0,1.0,1.0
inspiral,100,2.5,Sharable,reference,20,small,accepted_sfc_ratio,HDS-PBQS,positive_favors_HDS,50,50,1.0,1.0,0.0,0.0,0.0,0.0,0.0,0.0,paired_t,,,0,,
inspiral,100,2.5,Sharable,reference,20,small,sfc_deadline_miss_rate,HDS-PBQS,negative_favors_HDS,50,50,0.0,0.0,0.0,0.0,0.0,0.0,0.0,,paired_t,,,0,,
inspiral,100,2.5,Sharable,reference,20,small,provisioning_cost,HDS-PBQS,negative_favors_HDS,50,50,0.09530000000000001,0.095,0.00030000000000000084,0.0,-0.004188132977581946,0.004788132977581947,0.01899655314906776,-0.31578947368421956,paired_t,0.8936950872027605,0.9469311857448889,1,1.0,1.0
inspiral,100,2.5,Sharable,reference,20,small,makespan_s,HDS-PBQS,negative_favors_HDS,50,50,246.14019235105633,318.0933996518954,-71.9532073008391,-75.03323375398074,-76.78420176016496,-67.12221284151323,-4.232850074637507,22.620150993255717,paired_t,3.79426936199296e-33,1.7763568394002505e-15,1,6.636177114125687e-30,5.729346736609369e-31
inspiral,100,2.5,Sharable,reference,20,small,network_data_mb,HDS-PBQS,negative_favors_HDS,50,50,340.836414977065,350.5729477285885,-9.73653275152348,-3.26821639892745,-19.32221653448733,-0.15084896855963237,-0.2886692336265017,2.7773200455448332,paired_t,0.04663573935418307,0.09908592454842413,1,1.0,1.0
inspiral,100,2.5,Sharable,reference,20,small,cpu_utilization,HDS-PBQS,positive_favors_HDS,50,50,0.15352249401111182,0.18185620258563417,-0.028333708574522335,-0.029873968946901447,-0.032926686976171085,-0.023740730172873585,-1.753187186449882,-15.58028165752571,paired_t,1.011141536945507e-16,2.4868995751603507e-14,1,1.3074060072705298e-13,1.526823720787703e-14
inspiral,100,2.5,Sharable,reference,20,small,ram_utilization,HDS-PBQS,positive_favors_HDS,50,50,0.29183092240902053,0.32682952049872016,-0.034998598089699635,-0.03693307618468375,-0.04335849635432507,-0.026638699825074198,-1.1897861922482553,-10.708518017679092,paired_t,4.4934123480100367e-11,1.616786704516926e-10,1,4.632708130798348e-08,3.68459812536823e-09
inspiral,100,2.5,Sharable,reference,20,small,scheduler_runtime_s,HDS-PBQS,negative_favors_HDS,50,50,0.008080268817648117,0.01617518636143354,-0.00809491754378542,-0.01076532600018255,-0.009648934834793505,-0.006540900252777334,-1.4803890051626611,50.04528147561945,paired_t,4.315542218837628e-14,6.337863567296154e-11,0,5.1354952404167774e-11,2.5893253313025766e-12
inspiral,100,2.75,NonSharable,reference,20,small,global_deadline_success,HDS-PBQS,positive_favors_HDS,50,50,1.0,1.0,0.0,0.0,0.0,0.0,0.0,0.0,exact_mcnemar,1.0,,0,1.0,1.0
inspiral,100,2.75,NonSharable,reference,20,small,sfc_subdeadline_success,HDS-PBQS,positive_favors_HDS,50,50,1.0,1.0,0.0,0.0,0.0,0.0,0.0,0.0,exact_mcnemar,1.0,,0,1.0,1.0
inspiral,100,2.75,NonSharable,reference,20,small,accepted_sfc_ratio,HDS-PBQS,positive_favors_HDS,50,50,1.0,1.0,0.0,0.0,0.0,0.0,0.0,0.0,paired_t,,,0,,
inspiral,100,2.75,NonSharable,reference,20,small,sfc_deadline_miss_rate,HDS-PBQS,negative_favors_HDS,50,50,0.0,0.0,0.0,0.0,0.0,0.0,0.0,,paired_t,,,0,,
inspiral,100,2.75,NonSharable,reference,20,small,provisioning_cost,HDS-PBQS,negative_favors_HDS,50,50,0.0975,0.13040000000000002,-0.0329,-0.034999999999999996,-0.037930823346980586,-0.02786917665301941,-1.8585579140681339,25.23006134969326,paired_t,1.1077700796072662e-17,1.7637313830745253e-09,1,1.5464470311317435e-14,1.9718307417009338e-15
inspiral,100,2.75,NonSharable,reference,20,small,makespan_s,HDS-PBQS,negative_favors_HDS,50,50,245.80847712970495,282.1086387343959,-36.30016160469096,-32.74219404918095,-40.629782565033175,-31.970540644348752,-2.3827470987724966,12.867440631219882,paired_t,5.031371191248901e-22,1.7763568394002505e-15,1,7.692966551419569e-19,5.635135734198769e-20
inspiral,100,2.75,NonSharable,reference,20,small,network_data_mb,HDS-PBQS,negative_favors_HDS,50,50,342.5821727867861,421.0041536443364,-78.42198085755034,-76.73153592952383,-86.7709191502302,-70.07304256487048,-2.6694747978917346,18.627365117114987,paired_t,3.9865236181574476e-24,1.7763568394002505e-15,1,6.3983704071427035e-21,6.05951589959932e-22
inspiral,100,2.75,NonSharable,reference,20,small,cpu_utilization,HDS-PBQS,positive_favors_HDS,50,50,0.15175413943708757,0.1351962173822599,0.016557922054827673,0.016768025418219895,0.012831198093977396,0.02028464601567795,1.2626933013980943,12.247326423350332,paired_t,7.53484425877197e-12,1.5448975432263978e-11,1,8.220515086320218e-09,6.555314505131613e-10
inspiral,100,2.75,NonSharable,reference,20,small,ram_utilization,HDS-PBQS,positive_favors_HDS,50,50,0.2880395106655906,0.24261552217156954,0.04542398849402103,0.04291350310521297,0.03814222536070408,0.05270575162733798,1.7728336472535857,18.722622562417392,paired_t,6.659069454134534e-17,8.881784197001252e-15,1,8.756676332186912e-14,9.511775211122039e-15
inspiral,100,2.75,NonSharable,reference,20,small,scheduler_runtime_s,HDS-PBQS,negative_favors_HDS,50,50,0.007551061498525035,0.01590262063720725,-0.008351559138682218,-0.010281188504450249,-0.009355703352570565,-0.007347414924793871,-2.3636912037856197,52.51687334565557,paired_t,7.042505480999053e-22,1.2434497875801753e-14,0,1.062714077082757e-18,1.197225931769839e-19
inspiral,100,2.75,Sharable,reference,20,small,global_deadline_success,HDS-PBQS,positive_favors_HDS,50,50,1.0,1.0,0.0,0.0,0.0,0.0,0.0,0.0,exact_mcnemar,1.0,,0,1.0,1.0
inspiral,100,2.75,Sharable,reference,20,small,sfc_subdeadline_success,HDS-PBQS,positive_favors_HDS,50,50,1.0,1.0,0.0,0.0,0.0,0.0,0.0,0.0,exact_mcnemar,1.0,,0,1.0,1.0
inspiral,100,2.75,Sharable,reference,20,small,accepted_sfc_ratio,HDS-PBQS,positive_favors_HDS,50,50,1.0,1.0,0.0,0.0,0.0,0.0,0.0,0.0,paired_t,,,0,,
inspiral,100,2.75,Sharable,reference,20,small,sfc_deadline_miss_rate,HDS-PBQS,negative_favors_HDS,50,50,0.0,0.0,0.0,0.0,0.0,0.0,0.0,,paired_t,,,0,,
inspiral,100,2.75,Sharable,reference,20,small,provisioning_cost,HDS-PBQS,negative_favors_HDS,50,50,0.09530000000000001,0.095,0.00030000000000000084,0.0,-0.004188132977581946,0.004788132977581947,0.01899655314906776,-0.31578947368421956,paired_t,0.8936950872027605,0.9469311857448889,1,1.0,1.0
inspiral,100,2.75,Sharable,reference,20,small,makespan_s,HDS-PBQS,negative_favors_HDS,50,50,246.14019235105633,318.0933996518954,-71.9532073008391,-75.03323375398074,-76.78420176016496,-67.12221284151323,-4.232850074637507,22.620150993255717,paired_t,3.79426936199296e-33,1.7763568394002505e-15,1,6.636177114125687e-30,5.729346736609369e-31
inspiral,100,2.75,Sharable,reference,20,small,network_data_mb,HDS-PBQS,negative_favors_HDS,50,50,340.836414977065,350.5729477285885,-9.73653275152348,-3.26821639892745,-19.32221653448733,-0.15084896855963237,-0.2886692336265017,2.7773200455448332,paired_t,0.04663573935418307,0.09908592454842413,1,1.0,1.0
inspiral,100,2.75,Sharable,reference,20,small,cpu_utilization,HDS-PBQS,positive_favors_HDS,50,50,0.15352249401111182,0.18185620258563417,-0.028333708574522335,-0.029873968946901447,-0.032926686976171085,-0.023740730172873585,-1.753187186449882,-15.58028165752571,paired_t,1.0111415369454988e-16,2.4868995751603507e-14,1,1.3074060072705298e-13,1.526823720787703e-14
inspiral,100,2.75,Sharable,reference,20,small,ram_utilization,HDS-PBQS,positive_favors_HDS,50,50,0.29183092240902053,0.32682952049872016,-0.034998598089699635,-0.03693307618468375,-0.04335849635432507,-0.026638699825074198,-1.1897861922482553,-10.708518017679092,paired_t,4.4934123480100367e-11,1.616786704516926e-10,1,4.632708130798348e-08,3.68459812536823e-09
inspiral,100,2.75,Sharable,reference,20,small,scheduler_runtime_s,HDS-PBQS,negative_favors_HDS,50,50,0.0076115291196765114,0.01639121904263443,-0.008779689922957917,-0.01042949100701665,-0.009833050730081956,-0.007726329115833878,-2.368761255836592,53.563373780323964,paired_t,6.4385768352444e-22,1.2434497875801753e-14,0,9.728689598054287e-19,1.1009966388267925e-19
inspiral,100,3.0,NonSharable,reference,20,small,global_deadline_success,HDS-PBQS,positive_favors_HDS,50,50,1.0,1.0,0.0,0.0,0.0,0.0,0.0,0.0,exact_mcnemar,1.0,,0,1.0,1.0
inspiral,100,3.0,NonSharable,reference,20,small,sfc_subdeadline_success,HDS-PBQS,positive_favors_HDS,50,50,1.0,1.0,0.0,0.0,0.0,0.0,0.0,0.0,exact_mcnemar,1.0,,0,1.0,1.0
inspiral,100,3.0,NonSharable,reference,20,small,accepted_sfc_ratio,HDS-PBQS,positive_favors_HDS,50,50,1.0,1.0,0.0,0.0,0.0,0.0,0.0,0.0,paired_t,,,0,,
inspiral,100,3.0,NonSharable,reference,20,small,sfc_deadline_miss_rate,HDS-PBQS,negative_favors_HDS,50,50,0.0,0.0,0.0,0.0,0.0,0.0,0.0,,paired_t,,,0,,
inspiral,100,3.0,NonSharable,reference,20,small,provisioning_cost,HDS-PBQS,negative_favors_HDS,50,50,0.0975,0.13040000000000002,-0.0329,-0.034999999999999996,-0.037930823346980586,-0.02786917665301941,-1.8585579140681339,25.23006134969326,paired_t,1.1077700796072662e-17,1.7637313830745253e-09,1,1.5464470311317435e-14,1.9718307417009338e-15
inspiral,100,3.0,NonSharable,reference,20,small,makespan_s,HDS-PBQS,negative_favors_HDS,50,50,245.80847712970495,282.1086387343959,-36.30016160469096,-32.74219404918095,-40.629782565033175,-31.970540644348752,-2.3827470987724966,12.867440631219882,paired_t,5.031371191248901e-22,1.7763568394002505e-15,1,7.692966551419569e-19,5.635135734198769e-20
inspiral,100,3.0,NonSharable,reference,20,small,network_data_mb,HDS-PBQS,negative_favors_HDS,50,50,342.5821727867861,421.0041536443364,-78.42198085755034,-76.73153592952383,-86.7709191502302,-70.07304256487048,-2.6694747978917346,18.627365117114987,paired_t,3.9865236181574476e-24,1.7763568394002505e-15,1,6.3983704071427035e-21,6.05951589959932e-22
inspiral,100,3.0,NonSharable,reference,20,small,cpu_utilization,HDS-PBQS,positive_favors_HDS,50,50,0.15175413943708757,0.1351962173822599,0.016557922054827673,0.016768025418219895,0.012831198093977396,0.02028464601567795,1.2626933013980943,12.247326423350332,paired_t,7.53484425877197e-12,1.5448975432263978e-11,1,8.220515086320218e-09,6.555314505131613e-10
inspiral,100,3.0,NonSharable,reference,20,small,ram_utilization,HDS-PBQS,positive_favors_HDS,50,50,0.2880395106655906,0.24261552217156954,0.04542398849402103,0.04291350310521297,0.03814222536070408,0.05270575162733798,1.7728336472535857,18.722622562417392,paired_t,6.659069454134534e-17,8.881784197001252e-15,1,8.756676332186912e-14,9.511775211122039e-15
inspiral,100,3.0,NonSharable,reference,20,small,scheduler_runtime_s,HDS-PBQS,negative_favors_HDS,50,50,0.0076068671588290695,0.016014310440732468,-0.008407443281903402,-0.0099364139896352,-0.009877366859163215,-0.0069375197046435905,-1.6255055571867465,52.49956476751587,paired_t,1.6219471209645593e-15,6.337863567296154e-11,0,2.005902157223279e-12,1.1515824558848372e-13
inspiral,100,3.0,Sharable,reference,20,small,global_deadline_success,HDS-PBQS,positive_favors_HDS,50,50,1.0,1.0,0.0,0.0,0.0,0.0,0.0,0.0,exact_mcnemar,1.0,,0,1.0,1.0
inspiral,100,3.0,Sharable,reference,20,small,sfc_subdeadline_success,HDS-PBQS,positive_favors_HDS,50,50,1.0,1.0,0.0,0.0,0.0,0.0,0.0,0.0,exact_mcnemar,1.0,,0,1.0,1.0
inspiral,100,3.0,Sharable,reference,20,small,accepted_sfc_ratio,HDS-PBQS,positive_favors_HDS,50,50,1.0,1.0,0.0,0.0,0.0,0.0,0.0,0.0,paired_t,,,0,,
inspiral,100,3.0,Sharable,reference,20,small,sfc_deadline_miss_rate,HDS-PBQS,negative_favors_HDS,50,50,0.0,0.0,0.0,0.0,0.0,0.0,0.0,,paired_t,,,0,,
inspiral,100,3.0,Sharable,reference,20,small,provisioning_cost,HDS-PBQS,negative_favors_HDS,50,50,0.09530000000000001,0.095,0.00030000000000000084,0.0,-0.004188132977581946,0.004788132977581947,0.01899655314906776,-0.31578947368421956,paired_t,0.8936950872027605,0.9469311857448889,1,1.0,1.0
inspiral,100,3.0,Sharable,reference,20,small,makespan_s,HDS-PBQS,negative_favors_HDS,50,50,246.14019235105633,318.0933996518954,-71.9532073008391,-75.03323375398074,-76.78420176016496,-67.12221284151323,-4.232850074637507,22.620150993255717,paired_t,3.79426936199296e-33,1.7763568394002505e-15,1,6.636177114125687e-30,5.729346736609369e-31
inspiral,100,3.0,Sharable,reference,20,small,network_data_mb,HDS-PBQS,negative_favors_HDS,50,50,340.836414977065,350.5729477285885,-9.73653275152348,-3.26821639892745,-19.32221653448733,-0.15084896855963237,-0.2886692336265017,2.7773200455448332,paired_t,0.04663573935418307,0.09908592454842413,1,1.0,1.0
inspiral,100,3.0,Sharable,reference,20,small,cpu_utilization,HDS-PBQS,positive_favors_HDS,50,50,0.15352249401111182,0.18185620258563417,-0.028333708574522335,-0.029873968946901447,-0.032926686976171085,-0.023740730172873585,-1.753187186449882,-15.58028165752571,paired_t,1.011141536945507e-16,2.4868995751603507e-14,1,1.3074060072705298e-13,1.526823720787703e-14
inspiral,100,3.0,Sharable,reference,20,small,ram_utilization,HDS-PBQS,positive_favors_HDS,50,50,0.29183092240902053,0.32682952049872016,-0.034998598089699635,-0.03693307618468375,-0.04335849635432507,-0.026638699825074198,-1.1897861922482553,-10.708518017679092,paired_t,4.4934123480100367e-11,1.616786704516926e-10,1,4.632708130798348e-08,3.68459812536823e-09
inspiral,100,3.0,Sharable,reference,20,small,scheduler_runtime_s,HDS-PBQS,negative_favors_HDS,50,50,0.007467435520229584,0.01643613127664134,-0.008968695756411758,-0.01069008099511845,-0.010012492673348741,-0.007924898839474776,-2.441926289023523,54.566951343092924,paired_t,1.7922798463035767e-22,5.329070518200751e-15,0,2.7798260416168475e-19,3.208180924883402e-20
inspiral,100,3.25,NonSharable,reference,20,small,global_deadline_success,HDS-PBQS,positive_favors_HDS,50,50,1.0,1.0,0.0,0.0,0.0,0.0,0.0,0.0,exact_mcnemar,1.0,,0,1.0,1.0
inspiral,100,3.25,NonSharable,reference,20,small,sfc_subdeadline_success,HDS-PBQS,positive_favors_HDS,50,50,1.0,1.0,0.0,0.0,0.0,0.0,0.0,0.0,exact_mcnemar,1.0,,0,1.0,1.0
inspiral,100,3.25,NonSharable,reference,20,small,accepted_sfc_ratio,HDS-PBQS,positive_favors_HDS,50,50,1.0,1.0,0.0,0.0,0.0,0.0,0.0,0.0,paired_t,,,0,,
inspiral,100,3.25,NonSharable,reference,20,small,sfc_deadline_miss_rate,HDS-PBQS,negative_favors_HDS,50,50,0.0,0.0,0.0,0.0,0.0,0.0,0.0,,paired_t,,,0,,
inspiral,100,3.25,NonSharable,reference,20,small,provisioning_cost,HDS-PBQS,negative_favors_HDS,50,50,0.0975,0.13040000000000002,-0.0329,-0.034999999999999996,-0.037930823346980586,-0.02786917665301941,-1.8585579140681339,25.23006134969326,paired_t,1.1077700796072662e-17,1.7637313830745253e-09,1,1.5464470311317435e-14,1.9718307417009338e-15
inspiral,100,3.25,NonSharable,reference,20,small,makespan_s,HDS-PBQS,negative_favors_HDS,50,50,245.80847712970495,282.1086387343959,-36.30016160469096,-32.74219404918095,-40.629782565033175,-31.970540644348752,-2.3827470987724966,12.867440631219882,paired_t,5.031371191248901e-22,1.7763568394002505e-15,1,7.692966551419569e-19,5.635135734198769e-20
inspiral,100,3.25,NonSharable,reference,20,small,network_data_mb,HDS-PBQS,negative_favors_HDS,50,50,342.5821727867861,421.0041536443364,-78.42198085755034,-76.73153592952383,-86.7709191502302,-70.07304256487048,-2.6694747978917346,18.627365117114987,paired_t,3.9865236181574476e-24,1.7763568394002505e-15,1,6.3983704071427035e-21,6.05951589959932e-22
inspiral,100,3.25,NonSharable,reference,20,small,cpu_utilization,HDS-PBQS,positive_favors_HDS,50,50,0.15175413943708757,0.1351962173822599,0.016557922054827673,0.016768025418219895,0.012831198093977396,0.02028464601567795,1.2626933013980943,12.247326423350332,paired_t,7.53484425877197e-12,1.5448975432263978e-11,1,8.220515086320218e-09,6.555314505131613e-10
inspiral,100,3.25,NonSharable,reference,20,small,ram_utilization,HDS-PBQS,positive_favors_HDS,50,50,0.2880395106655906,0.24261552217156954,0.04542398849402103,0.04291350310521297,0.03814222536070408,0.05270575162733798,1.7728336472535857,18.722622562417392,paired_t,6.659069454134534e-17,8.881784197001252e-15,1,8.756676332186912e-14,9.511775211122039e-15
inspiral,100,3.25,NonSharable,reference,20,small,scheduler_runtime_s,HDS-PBQS,negative_favors_HDS,50,50,0.007282721277006155,0.01543018536067388,-0.008147464083667722,-0.01003648749065175,-0.009137845449120606,-0.007157082718214839,-2.337971768868991,52.80211412387014,paired_t,1.1121504583448825e-21,1.2434497875801753e-14,0,1.6737864398090481e-18,1.8684127700194027e-19
inspiral,100,3.25,Sharable,reference,20,small,global_deadline_success,HDS-PBQS,positive_favors_HDS,50,50,1.0,1.0,0.0,0.0,0.0,0.0,0.0,0.0,exact_mcnemar,1.0,,0,1.0,1.0
inspiral,100,3.25,Sharable,reference,20,small,sfc_subdeadline_success,HDS-PBQS,positive_favors_HDS,50,50,1.0,1.0,0.0,0.0,0.0,0.0,0.0,0.0,exact_mcnemar,1.0,,0,1.0,1.0
inspiral,100,3.25,Sharable,reference,20,small,accepted_sfc_ratio,HDS-PBQS,positive_favors_HDS,50,50,1.0,1.0,0.0,0.0,0.0,0.0,0.0,0.0,paired_t,,,0,,
inspiral,100,3.25,Sharable,reference,20,small,sfc_deadline_miss_rate,HDS-PBQS,negative_favors_HDS,50,50,0.0,0.0,0.0,0.0,0.0,0.0,0.0,,paired_t,,,0,,
inspiral,100,3.25,Sharable,reference,20,small,provisioning_cost,HDS-PBQS,negative_favors_HDS,50,50,0.09530000000000001,0.095,0.00030000000000000084,0.0,-0.004188132977581946,0.004788132977581947,0.01899655314906776,-0.31578947368421956,paired_t,0.8936950872027605,0.9469311857448889,1,1.0,1.0
inspiral,100,3.25,Sharable,reference,20,small,makespan_s,HDS-PBQS,negative_favors_HDS,50,50,246.14019235105633,318.0933996518954,-71.9532073008391,-75.03323375398074,-76.78420176016496,-67.12221284151323,-4.232850074637507,22.620150993255717,paired_t,3.79426936199296e-33,1.7763568394002505e-15,1,6.636177114125687e-30,5.729346736609369e-31
inspiral,100,3.25,Sharable,reference,20,small,network_data_mb,HDS-PBQS,negative_favors_HDS,50,50,340.836414977065,350.5729477285885,-9.73653275152348,-3.26821639892745,-19.32221653448733,-0.15084896855963237,-0.2886692336265017,2.7773200455448332,paired_t,0.04663573935418307,0.09908592454842413,1,1.0,1.0
inspiral,100,3.25,Sharable,reference,20,small,cpu_utilization,HDS-PBQS,positive_favors_HDS,50,50,0.15352249401111182,0.18185620258563417,-0.028333708574522335,-0.029873968946901447,-0.032926686976171085,-0.023740730172873585,-1.753187186449882,-15.58028165752571,paired_t,1.0111415369454988e-16,2.4868995751603507e-14,1,1.3074060072705298e-13,1.526823720787703e-14
inspiral,100,3.25,Sharable,reference,20,small,ram_utilization,HDS-PBQS,positive_favors_HDS,50,50,0.29183092240902053,0.32682952049872016,-0.034998598089699635,-0.03693307618468375,-0.04335849635432507,-0.026638699825074198,-1.1897861922482553,-10.708518017679092,paired_t,4.4934123480100367e-11,1.616786704516926e-10,1,4.632708130798348e-08,3.68459812536823e-09
inspiral,100,3.25,Sharable,reference,20,small,scheduler_runtime_s,HDS-PBQS,negative_favors_HDS,50,50,0.007338290460465894,0.01596428445976922,-0.008625993999303326,-0.010536309500821501,-0.009641105788639347,-0.007610882209967304,-2.4149856162448264,54.033076277494644,paired_t,2.8608926543065524e-22,1.7763568394002505e-15,0,4.411496472940704e-19,5.035171071579532e-20
inspiral,100,3.5,NonSharable,reference,20,small,global_deadline_success,HDS-PBQS,positive_favors_HDS,50,50,1.0,1.0,0.0,0.0,0.0,0.0,0.0,0.0,exact_mcnemar,1.0,,0,1.0,1.0
inspiral,100,3.5,NonSharable,reference,20,small,sfc_subdeadline_success,HDS-PBQS,positive_favors_HDS,50,50,1.0,1.0,0.0,0.0,0.0,0.0,0.0,0.0,exact_mcnemar,1.0,,0,1.0,1.0
inspiral,100,3.5,NonSharable,reference,20,small,accepted_sfc_ratio,HDS-PBQS,positive_favors_HDS,50,50,1.0,1.0,0.0,0.0,0.0,0.0,0.0,0.0,paired_t,,,0,,
inspiral,100,3.5,NonSharable,reference,20,small,sfc_deadline_miss_rate,HDS-PBQS,negative_favors_HDS,50,50,0.0,0.0,0.0,0.0,0.0,0.0,0.0,,paired_t,,,0,,
inspiral,100,3.5,NonSharable,reference,20,small,provisioning_cost,HDS-PBQS,negative_favors_HDS,50,50,0.0975,0.13040000000000002,-0.0329,-0.034999999999999996,-0.037930823346980586,-0.02786917665301941,-1.8585579140681339,25.23006134969326,paired_t,1.1077700796072662e-17,1.7637313830745253e-09,1,1.5464470311317435e-14,1.9718307417009338e-15
inspiral,100,3.5,NonSharable,reference,20,small,makespan_s,HDS-PBQS,negative_favors_HDS,50,50,245.80847712970495,282.1086387343959,-36.30016160469096,-32.74219404918095,-40.629782565033175,-31.970540644348752,-2.3827470987724966,12.867440631219882,paired_t,5.031371191248901e-22,1.7763568394002505e-15,1,7.692966551419569e-19,5.635135734198769e-20
inspiral,100,3.5,NonSharable,reference,20,small,network_data_mb,HDS-PBQS,negative_favors_HDS,50,50,342.5821727867861,421.0041536443364,-78.42198085755034,-76.73153592952383,-86.7709191502302,-70.07304256487048,-2.6694747978917346,18.627365117114987,paired_t,3.9865236181574476e-24,1.7763568394002505e-15,1,6.3983704071427035e-21,6.05951589959932e-22
inspiral,100,3.5,NonSharable,reference,20,small,cpu_utilization,HDS-PBQS,positive_favors_HDS,50,50,0.15175413943708757,0.1351962173822599,0.016557922054827673,0.016768025418219895,0.012831198093977396,0.02028464601567795,1.2626933013980943,12.247326423350332,paired_t,7.53484425877197e-12,1.5448975432263978e-11,1,8.220515086320218e-09,6.555314505131613e-10
inspiral,100,3.5,NonSharable,reference,20,small,ram_utilization,HDS-PBQS,positive_favors_HDS,50,50,0.2880395106655906,0.24261552217156954,0.04542398849402103,0.04291350310521297,0.03814222536070408,0.05270575162733798,1.7728336472535857,18.722622562417392,paired_t,6.659069454134534e-17,8.881784197001252e-15,1,8.756676332186912e-14,9.511775211122039e-15
inspiral,100,3.5,NonSharable,reference,20,small,scheduler_runtime_s,HDS-PBQS,negative_favors_HDS,50,50,0.008392439617673476,0.016694690036747444,-0.008302250419073965,-0.009909583002809051,-0.009998799116830378,-0.006605701721317554,-1.390749034059084,49.729886573512324,paired_t,3.4978129066967456e-13,2.3080204414327454e-11,0,4.053965158861528e-10,1.7838845824153402e-11
inspiral,100,3.5,Sharable,reference,20,small,global_deadline_success,HDS-PBQS,positive_favors_HDS,50,50,1.0,1.0,0.0,0.0,0.0,0.0,0.0,0.0,exact_mcnemar,1.0,,0,1.0,1.0
inspiral,100,3.5,Sharable,reference,20,small,sfc_subdeadline_success,HDS-PBQS,positive_favors_HDS,50,50,1.0,1.0,0.0,0.0,0.0,0.0,0.0,0.0,exact_mcnemar,1.0,,0,1.0,1.0
inspiral,100,3.5,Sharable,reference,20,small,accepted_sfc_ratio,HDS-PBQS,positive_favors_HDS,50,50,1.0,1.0,0.0,0.0,0.0,0.0,0.0,0.0,paired_t,,,0,,
inspiral,100,3.5,Sharable,reference,20,small,sfc_deadline_miss_rate,HDS-PBQS,negative_favors_HDS,50,50,0.0,0.0,0.0,0.0,0.0,0.0,0.0,,paired_t,,,0,,
inspiral,100,3.5,Sharable,reference,20,small,provisioning_cost,HDS-PBQS,negative_favors_HDS,50,50,0.09530000000000001,0.095,0.00030000000000000084,0.0,-0.004188132977581946,0.004788132977581947,0.01899655314906776,-0.31578947368421956,paired_t,0.8936950872027605,0.9469311857448889,1,1.0,1.0
inspiral,100,3.5,Sharable,reference,20,small,makespan_s,HDS-PBQS,negative_favors_HDS,50,50,246.14019235105633,318.0933996518954,-71.9532073008391,-75.03323375398074,-76.78420176016496,-67.12221284151323,-4.232850074637507,22.620150993255717,paired_t,3.79426936199296e-33,1.7763568394002505e-15,1,6.636177114125687e-30,5.729346736609369e-31
inspiral,100,3.5,Sharable,reference,20,small,network_data_mb,HDS-PBQS,negative_favors_HDS,50,50,340.836414977065,350.5729477285885,-9.73653275152348,-3.26821639892745,-19.32221653448733,-0.15084896855963237,-0.2886692336265017,2.7773200455448332,paired_t,0.04663573935418307,0.09908592454842413,1,1.0,1.0
inspiral,100,3.5,Sharable,reference,20,small,cpu_utilization,HDS-PBQS,positive_favors_HDS,50,50,0.15352249401111182,0.18185620258563417,-0.028333708574522335,-0.029873968946901447,-0.032926686976171085,-0.023740730172873585,-1.753187186449882,-15.58028165752571,paired_t,1.0111415369454988e-16,2.4868995751603507e-14,1,1.3074060072705298e-13,1.526823720787703e-14
inspiral,100,3.5,Sharable,reference,20,small,ram_utilization,HDS-PBQS,positive_favors_HDS,50,50,0.29183092240902053,0.32682952049872016,-0.034998598089699635,-0.03693307618468375,-0.04335849635432507,-0.026638699825074198,-1.1897861922482553,-10.708518017679092,paired_t,4.4934123480100367e-11,1.616786704516926e-10,1,4.632708130798348e-08,3.68459812536823e-09
inspiral,100,3.5,Sharable,reference,20,small,scheduler_runtime_s,HDS-PBQS,negative_favors_HDS,50,50,0.008579115438405959,0.017671359138257632,-0.009092243699851675,-0.0111766470381553,-0.011005521208204716,-0.007178966191498633,-1.3505552945756496,51.45186416458148,paired_t,9.078555419739893e-13,5.610267805877811e-11,0,1.0249689068886339e-09,4.1761354930803505e-11
inspiral,100,3.75,NonSharable,reference,20,small,global_deadline_success,HDS-PBQS,positive_favors_HDS,50,50,1.0,1.0,0.0,0.0,0.0,0.0,0.0,0.0,exact_mcnemar,1.0,,0,1.0,1.0
inspiral,100,3.75,NonSharable,reference,20,small,sfc_subdeadline_success,HDS-PBQS,positive_favors_HDS,50,50,1.0,1.0,0.0,0.0,0.0,0.0,0.0,0.0,exact_mcnemar,1.0,,0,1.0,1.0
inspiral,100,3.75,NonSharable,reference,20,small,accepted_sfc_ratio,HDS-PBQS,positive_favors_HDS,50,50,1.0,1.0,0.0,0.0,0.0,0.0,0.0,0.0,paired_t,,,0,,
inspiral,100,3.75,NonSharable,reference,20,small,sfc_deadline_miss_rate,HDS-PBQS,negative_favors_HDS,50,50,0.0,0.0,0.0,0.0,0.0,0.0,0.0,,paired_t,,,0,,
inspiral,100,3.75,NonSharable,reference,20,small,provisioning_cost,HDS-PBQS,negative_favors_HDS,50,50,0.0975,0.13040000000000002,-0.0329,-0.034999999999999996,-0.037930823346980586,-0.02786917665301941,-1.8585579140681339,25.23006134969326,paired_t,1.1077700796072662e-17,1.7637313830745253e-09,1,1.5464470311317435e-14,1.9718307417009338e-15
inspiral,100,3.75,NonSharable,reference,20,small,makespan_s,HDS-PBQS,negative_favors_HDS,50,50,245.80847712970495,282.1086387343959,-36.30016160469096,-32.74219404918095,-40.629782565033175,-31.970540644348752,-2.3827470987724966,12.867440631219882,paired_t,5.031371191248901e-22,1.7763568394002505e-15,1,7.692966551419569e-19,5.635135734198769e-20
inspiral,100,3.75,NonSharable,reference,20,small,network_data_mb,HDS-PBQS,negative_favors_HDS,50,50,342.5821727867861,421.0041536443364,-78.42198085755034,-76.73153592952383,-86.7709191502302,-70.07304256487048,-2.6694747978917346,18.627365117114987,paired_t,3.9865236181574476e-24,1.7763568394002505e-15,1,6.3983704071427035e-21,6.05951589959932e-22
inspiral,100,3.75,NonSharable,reference,20,small,cpu_utilization,HDS-PBQS,positive_favors_HDS,50,50,0.15175413943708757,0.1351962173822599,0.016557922054827673,0.016768025418219895,0.012831198093977396,0.02028464601567795,1.2626933013980943,12.247326423350332,paired_t,7.53484425877197e-12,1.5448975432263978e-11,1,8.220515086320218e-09,6.555314505131613e-10
inspiral,100,3.75,NonSharable,reference,20,small,ram_utilization,HDS-PBQS,positive_favors_HDS,50,50,0.2880395106655906,0.24261552217156954,0.04542398849402103,0.04291350310521297,0.03814222536070408,0.05270575162733798,1.7728336472535857,18.722622562417392,paired_t,6.659069454134534e-17,8.881784197001252e-15,1,8.756676332186912e-14,9.511775211122039e-15
inspiral,100,3.75,NonSharable,reference,20,small,scheduler_runtime_s,HDS-PBQS,negative_favors_HDS,50,50,0.0076111617195419486,0.016111384862306236,-0.008500223142764286,-0.009435578014745302,-0.009733047853555324,-0.007267398431973248,-1.9595135196759577,52.759109259758176,paired_t,1.4220125199724082e-18,2.4868995751603507e-14,0,2.0178357658408473e-15,1.7064150239668897e-16
inspiral,100,3.75,Sharable,reference,20,small,global_deadline_success,HDS-PBQS,positive_favors_HDS,50,50,1.0,1.0,0.0,0.0,0.0,0.0,0.0,0.0,exact_mcnemar,1.0,,0,1.0,1.0
inspiral,100,3.75,Sharable,reference,20,small,sfc_subdeadline_success,HDS-PBQS,positive_favors_HDS,50,50,1.0,1.0,0.0,0.0,0.0,0.0,0.0,0.0,exact_mcnemar,1.0,,0,1.0,1.0
inspiral,100,3.75,Sharable,reference,20,small,accepted_sfc_ratio,HDS-PBQS,positive_favors_HDS,50,50,1.0,1.0,0.0,0.0,0.0,0.0,0.0,0.0,paired_t,,,0,,
inspiral,100,3.75,Sharable,reference,20,small,sfc_deadline_miss_rate,HDS-PBQS,negative_favors_HDS,50,50,0.0,0.0,0.0,0.0,0.0,0.0,0.0,,paired_t,,,0,,
inspiral,100,3.75,Sharable,reference,20,small,provisioning_cost,HDS-PBQS,negative_favors_HDS,50,50,0.09530000000000001,0.095,0.00030000000000000084,0.0,-0.004188132977581946,0.004788132977581947,0.01899655314906776,-0.31578947368421956,paired_t,0.8936950872027605,0.9469311857448889,1,1.0,1.0
inspiral,100,3.75,Sharable,reference,20,small,makespan_s,HDS-PBQS,negative_favors_HDS,50,50,246.14019235105633,318.0933996518954,-71.9532073008391,-75.03323375398074,-76.78420176016496,-67.12221284151323,-4.232850074637507,22.620150993255717,paired_t,3.79426936199296e-33,1.7763568394002505e-15,1,6.636177114125687e-30,5.729346736609369e-31
inspiral,100,3.75,Sharable,reference,20,small,network_data_mb,HDS-PBQS,negative_favors_HDS,50,50,340.836414977065,350.5729477285885,-9.73653275152348,-3.26821639892745,-19.32221653448733,-0.15084896855963237,-0.2886692336265017,2.7773200455448332,paired_t,0.04663573935418307,0.09908592454842413,1,1.0,1.0
inspiral,100,3.75,Sharable,reference,20,small,cpu_utilization,HDS-PBQS,positive_favors_HDS,50,50,0.15352249401111182,0.18185620258563417,-0.028333708574522335,-0.029873968946901447,-0.032926686976171085,-0.023740730172873585,-1.753187186449882,-15.58028165752571,paired_t,1.011141536945507e-16,2.4868995751603507e-14,1,1.3074060072705298e-13,1.526823720787703e-14
inspiral,100,3.75,Sharable,reference,20,small,ram_utilization,HDS-PBQS,positive_favors_HDS,50,50,0.29183092240902053,0.32682952049872016,-0.034998598089699635,-0.03693307618468375,-0.04335849635432507,-0.026638699825074198,-1.1897861922482553,-10.708518017679092,paired_t,4.4934123480100367e-11,1.616786704516926e-10,1,4.632708130798348e-08,3.68459812536823e-09
inspiral,100,3.75,Sharable,reference,20,small,scheduler_runtime_s,HDS-PBQS,negative_favors_HDS,50,50,0.008435213758930275,0.016498973157140374,-0.008063759398210102,-0.0104019595091813,-0.009729336998929757,-0.006398181797490447,-1.3759161167004559,48.874310670178225,paired_t,4.968046591439096e-13,7.546860913976161e-09,0,5.743061859703595e-10,2.3846623638907658e-11
inspiral,100,4.0,NonSharable,reference,20,small,global_deadline_success,HDS-PBQS,positive_favors_HDS,50,50,1.0,1.0,0.0,0.0,0.0,0.0,0.0,0.0,exact_mcnemar,1.0,,0,1.0,1.0
inspiral,100,4.0,NonSharable,reference,20,small,sfc_subdeadline_success,HDS-PBQS,positive_favors_HDS,50,50,1.0,1.0,0.0,0.0,0.0,0.0,0.0,0.0,exact_mcnemar,1.0,,0,1.0,1.0
inspiral,100,4.0,NonSharable,reference,20,small,accepted_sfc_ratio,HDS-PBQS,positive_favors_HDS,50,50,1.0,1.0,0.0,0.0,0.0,0.0,0.0,0.0,paired_t,,,0,,
inspiral,100,4.0,NonSharable,reference,20,small,sfc_deadline_miss_rate,HDS-PBQS,negative_favors_HDS,50,50,0.0,0.0,0.0,0.0,0.0,0.0,0.0,,paired_t,,,0,,
inspiral,100,4.0,NonSharable,reference,20,small,provisioning_cost,HDS-PBQS,negative_favors_HDS,50,50,0.0975,0.13040000000000002,-0.0329,-0.034999999999999996,-0.037930823346980586,-0.02786917665301941,-1.8585579140681339,25.23006134969326,paired_t,1.1077700796072662e-17,1.7637313830745253e-09,1,1.5464470311317435e-14,1.9718307417009338e-15
inspiral,100,4.0,NonSharable,reference,20,small,makespan_s,HDS-PBQS,negative_favors_HDS,50,50,245.80847712970495,282.1086387343959,-36.30016160469096,-32.74219404918095,-40.629782565033175,-31.970540644348752,-2.3827470987724966,12.867440631219882,paired_t,5.031371191248901e-22,1.7763568394002505e-15,1,7.692966551419569e-19,5.635135734198769e-20
inspiral,100,4.0,NonSharable,reference,20,small,network_data_mb,HDS-PBQS,negative_favors_HDS,50,50,342.5821727867861,421.0041536443364,-78.42198085755034,-76.73153592952383,-86.7709191502302,-70.07304256487048,-2.6694747978917346,18.627365117114987,paired_t,3.9865236181574476e-24,1.7763568394002505e-15,1,6.3983704071427035e-21,6.05951589959932e-22
inspiral,100,4.0,NonSharable,reference,20,small,cpu_utilization,HDS-PBQS,positive_favors_HDS,50,50,0.15175413943708757,0.1351962173822599,0.016557922054827673,0.016768025418219895,0.012831198093977396,0.02028464601567795,1.2626933013980943,12.247326423350332,paired_t,7.53484425877197e-12,1.5448975432263978e-11,1,8.220515086320218e-09,6.555314505131613e-10
inspiral,100,4.0,NonSharable,reference,20,small,ram_utilization,HDS-PBQS,positive_favors_HDS,50,50,0.2880395106655906,0.24261552217156954,0.04542398849402103,0.04291350310521297,0.03814222536070408,0.05270575162733798,1.7728336472535857,18.722622562417392,paired_t,6.659069454134534e-17,8.881784197001252e-15,1,8.756676332186912e-14,9.511775211122039e-15
inspiral,100,4.0,NonSharable,reference,20,small,scheduler_runtime_s,HDS-PBQS,negative_favors_HDS,50,50,0.007381877939915238,0.015583899762059405,-0.008202021822144167,-0.0101307210352388,-0.009230889050651208,-0.0071731545936371275,-2.2655875762931634,52.63138205054955,paired_t,4.101662231127475e-21,2.4868995751603507e-14,0,6.127883373304448e-18,6.521642947492686e-19
inspiral,100,4.0,Sharable,reference,20,small,global_deadline_success,HDS-PBQS,positive_favors_HDS,50,50,1.0,1.0,0.0,0.0,0.0,0.0,0.0,0.0,exact_mcnemar,1.0,,0,1.0,1.0
inspiral,100,4.0,Sharable,reference,20,small,sfc_subdeadline_success,HDS-PBQS,positive_favors_HDS,50,50,1.0,1.0,0.0,0.0,0.0,0.0,0.0,0.0,exact_mcnemar,1.0,,0,1.0,1.0
inspiral,100,4.0,Sharable,reference,20,small,accepted_sfc_ratio,HDS-PBQS,positive_favors_HDS,50,50,1.0,1.0,0.0,0.0,0.0,0.0,0.0,0.0,paired_t,,,0,,
inspiral,100,4.0,Sharable,reference,20,small,sfc_deadline_miss_rate,HDS-PBQS,negative_favors_HDS,50,50,0.0,0.0,0.0,0.0,0.0,0.0,0.0,,paired_t,,,0,,
inspiral,100,4.0,Sharable,reference,20,small,provisioning_cost,HDS-PBQS,negative_favors_HDS,50,50,0.09530000000000001,0.095,0.00030000000000000084,0.0,-0.004188132977581946,0.004788132977581947,0.01899655314906776,-0.31578947368421956,paired_t,0.8936950872027605,0.9469311857448889,1,1.0,1.0
inspiral,100,4.0,Sharable,reference,20,small,makespan_s,HDS-PBQS,negative_favors_HDS,50,50,246.14019235105633,318.0933996518954,-71.9532073008391,-75.03323375398074,-76.78420176016496,-67.12221284151323,-4.232850074637507,22.620150993255717,paired_t,3.79426936199296e-33,1.7763568394002505e-15,1,6.636177114125687e-30,5.729346736609369e-31
inspiral,100,4.0,Sharable,reference,20,small,network_data_mb,HDS-PBQS,negative_favors_HDS,50,50,340.836414977065,350.5729477285885,-9.73653275152348,-3.26821639892745,-19.32221653448733,-0.15084896855963237,-0.2886692336265017,2.7773200455448332,paired_t,0.04663573935418307,0.09908592454842413,1,1.0,1.0
inspiral,100,4.0,Sharable,reference,20,small,cpu_utilization,HDS-PBQS,positive_favors_HDS,50,50,0.15352249401111182,0.18185620258563417,-0.028333708574522335,-0.029873968946901447,-0.032926686976171085,-0.023740730172873585,-1.753187186449882,-15.58028165752571,paired_t,1.011141536945507e-16,2.4868995751603507e-14,1,1.3074060072705298e-13,1.526823720787703e-14
inspiral,100,4.0,Sharable,reference,20,small,ram_utilization,HDS-PBQS,positive_favors_HDS,50,50,0.29183092240902053,0.32682952049872016,-0.034998598089699635,-0.03693307618468375,-0.04335849635432507,-0.026638699825074198,-1.1897861922482553,-10.708518017679092,paired_t,4.4934123480100367e-11,1.616786704516926e-10,1,4.632708130798348e-08,3.68459812536823e-09
inspiral,100,4.0,Sharable,reference,20,small,scheduler_runtime_s,HDS-PBQS,negative_favors_HDS,50,50,0.007410259840689781,0.016623471620041474,-0.009213211779351695,-0.010714460000599498,-0.010623171474680193,-0.0078032520840231965,-1.8570501166687121,55.422910388008994,paired_t,1.1428138800458319e-17,3.552713678800501e-15,0,1.575940340583202e-14,1.1428138800458318e-15
inspiral,100,4.25,NonSharable,reference,20,small,global_deadline_success,HDS-PBQS,positive_favors_HDS,50,50,1.0,1.0,0.0,0.0,0.0,0.0,0.0,0.0,exact_mcnemar,1.0,,0,1.0,1.0
inspiral,100,4.25,NonSharable,reference,20,small,sfc_subdeadline_success,HDS-PBQS,positive_favors_HDS,50,50,1.0,1.0,0.0,0.0,0.0,0.0,0.0,0.0,exact_mcnemar,1.0,,0,1.0,1.0
inspiral,100,4.25,NonSharable,reference,20,small,accepted_sfc_ratio,HDS-PBQS,positive_favors_HDS,50,50,1.0,1.0,0.0,0.0,0.0,0.0,0.0,0.0,paired_t,,,0,,
inspiral,100,4.25,NonSharable,reference,20,small,sfc_deadline_miss_rate,HDS-PBQS,negative_favors_HDS,50,50,0.0,0.0,0.0,0.0,0.0,0.0,0.0,,paired_t,,,0,,
inspiral,100,4.25,NonSharable,reference,20,small,provisioning_cost,HDS-PBQS,negative_favors_HDS,50,50,0.0975,0.13040000000000002,-0.0329,-0.034999999999999996,-0.037930823346980586,-0.02786917665301941,-1.8585579140681339,25.23006134969326,paired_t,1.1077700796072662e-17,1.7637313830745253e-09,1,1.5464470311317435e-14,1.9718307417009338e-15
inspiral,100,4.25,NonSharable,reference,20,small,makespan_s,HDS-PBQS,negative_favors_HDS,50,50,245.80847712970495,282.1086387343959,-36.30016160469096,-32.74219404918095,-40.629782565033175,-31.970540644348752,-2.3827470987724966,12.867440631219882,paired_t,5.031371191248901e-22,1.7763568394002505e-15,1,7.692966551419569e-19,5.635135734198769e-20
inspiral,100,4.25,NonSharable,reference,20,small,network_data_mb,HDS-PBQS,negative_favors_HDS,50,50,342.5821727867861,421.0041536443364,-78.42198085755034,-76.73153592952383,-86.7709191502302,-70.07304256487048,-2.6694747978917346,18.627365117114987,paired_t,3.9865236181574476e-24,1.7763568394002505e-15,1,6.3983704071427035e-21,6.05951589959932e-22
inspiral,100,4.25,NonSharable,reference,20,small,cpu_utilization,HDS-PBQS,positive_favors_HDS,50,50,0.15175413943708757,0.1351962173822599,0.016557922054827673,0.016768025418219895,0.012831198093977396,0.02028464601567795,1.2626933013980943,12.247326423350332,paired_t,7.53484425877197e-12,1.5448975432263978e-11,1,8.220515086320218e-09,6.555314505131613e-10
inspiral,100,4.25,NonSharable,reference,20,small,ram_utilization,HDS-PBQS,positive_favors_HDS,50,50,0.2880395106655906,0.24261552217156954,0.04542398849402103,0.04291350310521297,0.03814222536070408,0.05270575162733798,1.7728336472535857,18.722622562417392,paired_t,6.659069454134534e-17,8.881784197001252e-15,1,8.756676332186912e-14,9.511775211122039e-15
inspiral,100,4.25,NonSharable,reference,20,small,scheduler_runtime_s,HDS-PBQS,negative_favors_HDS,50,50,0.007239221980489627,0.015987295458107783,-0.008748073477618157,-0.00986282902158565,-0.010051093642931401,-0.007445053312304913,-1.9080095919981417,54.718907901221435,paired_t,4.0205346276633544e-18,8.881784197001252e-15,0,5.65689222112234e-15,4.3823827441530563e-16
inspiral,100,4.25,Sharable,reference,20,small,global_deadline_success,HDS-PBQS,positive_favors_HDS,50,50,1.0,1.0,0.0,0.0,0.0,0.0,0.0,0.0,exact_mcnemar,1.0,,0,1.0,1.0
inspiral,100,4.25,Sharable,reference,20,small,sfc_subdeadline_success,HDS-PBQS,positive_favors_HDS,50,50,1.0,1.0,0.0,0.0,0.0,0.0,0.0,0.0,exact_mcnemar,1.0,,0,1.0,1.0
inspiral,100,4.25,Sharable,reference,20,small,accepted_sfc_ratio,HDS-PBQS,positive_favors_HDS,50,50,1.0,1.0,0.0,0.0,0.0,0.0,0.0,0.0,paired_t,,,0,,
inspiral,100,4.25,Sharable,reference,20,small,sfc_deadline_miss_rate,HDS-PBQS,negative_favors_HDS,50,50,0.0,0.0,0.0,0.0,0.0,0.0,0.0,,paired_t,,,0,,
inspiral,100,4.25,Sharable,reference,20,small,provisioning_cost,HDS-PBQS,negative_favors_HDS,50,50,0.09530000000000001,0.095,0.00030000000000000084,0.0,-0.004188132977581946,0.004788132977581947,0.01899655314906776,-0.31578947368421956,paired_t,0.8936950872027605,0.9469311857448889,1,1.0,1.0
inspiral,100,4.25,Sharable,reference,20,small,makespan_s,HDS-PBQS,negative_favors_HDS,50,50,246.14019235105633,318.0933996518954,-71.9532073008391,-75.03323375398074,-76.78420176016496,-67.12221284151323,-4.232850074637507,22.620150993255717,paired_t,3.79426936199296e-33,1.7763568394002505e-15,1,6.636177114125687e-30,5.729346736609369e-31
inspiral,100,4.25,Sharable,reference,20,small,network_data_mb,HDS-PBQS,negative_favors_HDS,50,50,340.836414977065,350.5729477285885,-9.73653275152348,-3.26821639892745,-19.32221653448733,-0.15084896855963237,-0.2886692336265017,2.7773200455448332,paired_t,0.04663573935418307,0.09908592454842413,1,1.0,1.0
inspiral,100,4.25,Sharable,reference,20,small,cpu_utilization,HDS-PBQS,positive_favors_HDS,50,50,0.15352249401111182,0.18185620258563417,-0.028333708574522335,-0.029873968946901447,-0.032926686976171085,-0.023740730172873585,-1.753187186449882,-15.58028165752571,paired_t,1.011141536945507e-16,2.4868995751603507e-14,1,1.3074060072705298e-13,1.526823720787703e-14
inspiral,100,4.25,Sharable,reference,20,small,ram_utilization,HDS-PBQS,positive_favors_HDS,50,50,0.29183092240902053,0.32682952049872016,-0.034998598089699635,-0.03693307618468375,-0.04335849635432507,-0.026638699825074198,-1.1897861922482553,-10.708518017679092,paired_t,4.4934123480100367e-11,1.616786704516926e-10,1,4.632708130798348e-08,3.68459812536823e-09
inspiral,100,4.25,Sharable,reference,20,small,scheduler_runtime_s,HDS-PBQS,negative_favors_HDS,50,50,0.007661049119487819,0.016027381977182772,-0.008366332857694952,-0.01073788449321005,-0.009486573153802887,-0.0072460925615870165,-2.1224780955017692,52.20024623862838,paired_t,5.90083815140965e-20,2.4868995751603507e-14,0,8.668331244420777e-17,8.320181793487607e-18
inspiral,100,4.5,NonSharable,reference,20,small,global_deadline_success,HDS-PBQS,positive_favors_HDS,50,50,1.0,1.0,0.0,0.0,0.0,0.0,0.0,0.0,exact_mcnemar,1.0,,0,1.0,1.0
inspiral,100,4.5,NonSharable,reference,20,small,sfc_subdeadline_success,HDS-PBQS,positive_favors_HDS,50,50,1.0,1.0,0.0,0.0,0.0,0.0,0.0,0.0,exact_mcnemar,1.0,,0,1.0,1.0
inspiral,100,4.5,NonSharable,reference,20,small,accepted_sfc_ratio,HDS-PBQS,positive_favors_HDS,50,50,1.0,1.0,0.0,0.0,0.0,0.0,0.0,0.0,paired_t,,,0,,
inspiral,100,4.5,NonSharable,reference,20,small,sfc_deadline_miss_rate,HDS-PBQS,negative_favors_HDS,50,50,0.0,0.0,0.0,0.0,0.0,0.0,0.0,,paired_t,,,0,,
inspiral,100,4.5,NonSharable,reference,20,small,provisioning_cost,HDS-PBQS,negative_favors_HDS,50,50,0.0975,0.13040000000000002,-0.0329,-0.034999999999999996,-0.037930823346980586,-0.02786917665301941,-1.8585579140681339,25.23006134969326,paired_t,1.1077700796072662e-17,1.7637313830745253e-09,1,1.5464470311317435e-14,1.9718307417009338e-15
inspiral,100,4.5,NonSharable,reference,20,small,makespan_s,HDS-PBQS,negative_favors_HDS,50,50,245.80847712970495,282.1086387343959,-36.30016160469096,-32.74219404918095,-40.629782565033175,-31.970540644348752,-2.3827470987724966,12.867440631219882,paired_t,5.031371191248901e-22,1.7763568394002505e-15,1,7.692966551419569e-19,5.635135734198769e-20
inspiral,100,4.5,NonSharable,reference,20,small,network_data_mb,HDS-PBQS,negative_favors_HDS,50,50,342.5821727867861,421.0041536443364,-78.42198085755034,-76.73153592952383,-86.7709191502302,-70.07304256487048,-2.6694747978917346,18.627365117114987,paired_t,3.9865236181574476e-24,1.7763568394002505e-15,1,6.3983704071427035e-21,6.05951589959932e-22
inspiral,100,4.5,NonSharable,reference,20,small,cpu_utilization,HDS-PBQS,positive_favors_HDS,50,50,0.15175413943708757,0.1351962173822599,0.016557922054827673,0.016768025418219895,0.012831198093977396,0.02028464601567795,1.2626933013980943,12.247326423350332,paired_t,7.53484425877197e-12,1.5448975432263978e-11,1,8.220515086320218e-09,6.555314505131613e-10
inspiral,100,4.5,NonSharable,reference,20,small,ram_utilization,HDS-PBQS,positive_favors_HDS,50,50,0.2880395106655906,0.24261552217156954,0.04542398849402103,0.04291350310521297,0.03814222536070408,0.05270575162733798,1.7728336472535857,18.722622562417392,paired_t,6.659069454134534e-17,8.881784197001252e-15,1,8.756676332186912e-14,9.511775211122039e-15
inspiral,100,4.5,NonSharable,reference,20,small,scheduler_runtime_s,HDS-PBQS,negative_favors_HDS,50,50,0.007221712000173235,0.015454189797892417,-0.008232477797719186,-0.009990577980715901,-0.009205061688513537,-0.0072598939069248355,-2.405596396563095,53.270199896483064,paired_t,3.370285092941694e-22,8.881784197001252e-15,0,5.180128187851384e-19,5.897998912647965e-20
inspiral,100,4.5,Sharable,reference,20,small,global_deadline_success,HDS-PBQS,positive_favors_HDS,50,50,1.0,1.0,0.0,0.0,0.0,0.0,0.0,0.0,exact_mcnemar,1.0,,0,1.0,1.0
inspiral,100,4.5,Sharable,reference,20,small,sfc_subdeadline_success,HDS-PBQS,positive_favors_HDS,50,50,1.0,1.0,0.0,0.0,0.0,0.0,0.0,0.0,exact_mcnemar,1.0,,0,1.0,1.0
inspiral,100,4.5,Sharable,reference,20,small,accepted_sfc_ratio,HDS-PBQS,positive_favors_HDS,50,50,1.0,1.0,0.0,0.0,0.0,0.0,0.0,0.0,paired_t,,,0,,
inspiral,100,4.5,Sharable,reference,20,small,sfc_deadline_miss_rate,HDS-PBQS,negative_favors_HDS,50,50,0.0,0.0,0.0,0.0,0.0,0.0,0.0,,paired_t,,,0,,
inspiral,100,4.5,Sharable,reference,20,small,provisioning_cost,HDS-PBQS,negative_favors_HDS,50,50,0.09530000000000001,0.095,0.00030000000000000084,0.0,-0.004188132977581946,0.004788132977581947,0.01899655314906776,-0.31578947368421956,paired_t,0.8936950872027605,0.9469311857448889,1,1.0,1.0
inspiral,100,4.5,Sharable,reference,20,small,makespan_s,HDS-PBQS,negative_favors_HDS,50,50,246.14019235105633,318.0933996518954,-71.9532073008391,-75.03323375398074,-76.78420176016496,-67.12221284151323,-4.232850074637507,22.620150993255717,paired_t,3.79426936199296e-33,1.7763568394002505e-15,1,6.636177114125687e-30,5.729346736609369e-31
inspiral,100,4.5,Sharable,reference,20,small,network_data_mb,HDS-PBQS,negative_favors_HDS,50,50,340.836414977065,350.5729477285885,-9.73653275152348,-3.26821639892745,-19.32221653448733,-0.15084896855963237,-0.2886692336265017,2.7773200455448332,paired_t,0.04663573935418307,0.09908592454842413,1,1.0,1.0
inspiral,100,4.5,Sharable,reference,20,small,cpu_utilization,HDS-PBQS,positive_favors_HDS,50,50,0.15352249401111182,0.18185620258563417,-0.028333708574522335,-0.029873968946901447,-0.032926686976171085,-0.023740730172873585,-1.753187186449882,-15.58028165752571,paired_t,1.011141536945507e-16,2.4868995751603507e-14,1,1.3074060072705298e-13,1.526823720787703e-14
inspiral,100,4.5,Sharable,reference,20,small,ram_utilization,HDS-PBQS,positive_favors_HDS,50,50,0.29183092240902053,0.32682952049872016,-0.034998598089699635,-0.03693307618468375,-0.04335849635432507,-0.026638699825074198,-1.1897861922482553,-10.708518017679092,paired_t,4.4934123480100367e-11,1.616786704516926e-10,1,4.632708130798348e-08,3.68459812536823e-09
inspiral,100,4.5,Sharable,reference,20,small,scheduler_runtime_s,HDS-PBQS,negative_favors_HDS,50,50,0.007829738779328133,0.015970666439461587,-0.008140927660133456,-0.010561829496509748,-0.00939018535708063,-0.006891669963186282,-1.8520006300397212,50.974251393906805,paired_t,1.2685803927344088e-17,1.6058265828178264e-12,0,1.746835200795281e-14,1.2432087848797206e-15
inspiral,100,4.75,NonSharable,reference,20,small,global_deadline_success,HDS-PBQS,positive_favors_HDS,50,50,1.0,1.0,0.0,0.0,0.0,0.0,0.0,0.0,exact_mcnemar,1.0,,0,1.0,1.0
inspiral,100,4.75,NonSharable,reference,20,small,sfc_subdeadline_success,HDS-PBQS,positive_favors_HDS,50,50,1.0,1.0,0.0,0.0,0.0,0.0,0.0,0.0,exact_mcnemar,1.0,,0,1.0,1.0
inspiral,100,4.75,NonSharable,reference,20,small,accepted_sfc_ratio,HDS-PBQS,positive_favors_HDS,50,50,1.0,1.0,0.0,0.0,0.0,0.0,0.0,0.0,paired_t,,,0,,
inspiral,100,4.75,NonSharable,reference,20,small,sfc_deadline_miss_rate,HDS-PBQS,negative_favors_HDS,50,50,0.0,0.0,0.0,0.0,0.0,0.0,0.0,,paired_t,,,0,,
inspiral,100,4.75,NonSharable,reference,20,small,provisioning_cost,HDS-PBQS,negative_favors_HDS,50,50,0.0975,0.13040000000000002,-0.0329,-0.034999999999999996,-0.037930823346980586,-0.02786917665301941,-1.8585579140681339,25.23006134969326,paired_t,1.1077700796072662e-17,1.7637313830745253e-09,1,1.5464470311317435e-14,1.9718307417009338e-15
inspiral,100,4.75,NonSharable,reference,20,small,makespan_s,HDS-PBQS,negative_favors_HDS,50,50,245.80847712970495,282.1086387343959,-36.30016160469096,-32.74219404918095,-40.629782565033175,-31.970540644348752,-2.3827470987724966,12.867440631219882,paired_t,5.031371191248901e-22,1.7763568394002505e-15,1,7.692966551419569e-19,5.635135734198769e-20
inspiral,100,4.75,NonSharable,reference,20,small,network_data_mb,HDS-PBQS,negative_favors_HDS,50,50,342.5821727867861,421.0041536443364,-78.42198085755034,-76.73153592952383,-86.7709191502302,-70.07304256487048,-2.6694747978917346,18.627365117114987,paired_t,3.9865236181574476e-24,1.7763568394002505e-15,1,6.3983704071427035e-21,6.05951589959932e-22
inspiral,100,4.75,NonSharable,reference,20,small,cpu_utilization,HDS-PBQS,positive_favors_HDS,50,50,0.15175413943708757,0.1351962173822599,0.016557922054827673,0.016768025418219895,0.012831198093977396,0.02028464601567795,1.2626933013980943,12.247326423350332,paired_t,7.53484425877197e-12,1.5448975432263978e-11,1,8.220515086320218e-09,6.555314505131613e-10
inspiral,100,4.75,NonSharable,reference,20,small,ram_utilization,HDS-PBQS,positive_favors_HDS,50,50,0.2880395106655906,0.24261552217156954,0.04542398849402103,0.04291350310521297,0.03814222536070408,0.05270575162733798,1.7728336472535857,18.722622562417392,paired_t,6.659069454134534e-17,8.881784197001252e-15,1,8.756676332186912e-14,9.511775211122039e-15
inspiral,100,4.75,NonSharable,reference,20,small,scheduler_runtime_s,HDS-PBQS,negative_favors_HDS,50,50,0.007140995738300213,0.016116952883094147,-0.008975957144793933,-0.01009314502698545,-0.010424826252950384,-0.0075270880366374825,-1.7606413037963757,55.69264370195715,paired_t,8.62701054596427e-17,8.881784197001252e-15,0,1.1163351646477766e-13,7.0741486476907014e-15
inspiral,100,4.75,Sharable,reference,20,small,global_deadline_success,HDS-PBQS,positive_favors_HDS,50,50,1.0,1.0,0.0,0.0,0.0,0.0,0.0,0.0,exact_mcnemar,1.0,,0,1.0,1.0
inspiral,100,4.75,Sharable,reference,20,small,sfc_subdeadline_success,HDS-PBQS,positive_favors_HDS,50,50,1.0,1.0,0.0,0.0,0.0,0.0,0.0,0.0,exact_mcnemar,1.0,,0,1.0,1.0
inspiral,100,4.75,Sharable,reference,20,small,accepted_sfc_ratio,HDS-PBQS,positive_favors_HDS,50,50,1.0,1.0,0.0,0.0,0.0,0.0,0.0,0.0,paired_t,,,0,,
inspiral,100,4.75,Sharable,reference,20,small,sfc_deadline_miss_rate,HDS-PBQS,negative_favors_HDS,50,50,0.0,0.0,0.0,0.0,0.0,0.0,0.0,,paired_t,,,0,,
inspiral,100,4.75,Sharable,reference,20,small,provisioning_cost,HDS-PBQS,negative_favors_HDS,50,50,0.09530000000000001,0.095,0.00030000000000000084,0.0,-0.004188132977581946,0.004788132977581947,0.01899655314906776,-0.31578947368421956,paired_t,0.8936950872027605,0.9469311857448889,1,1.0,1.0
inspiral,100,4.75,Sharable,reference,20,small,makespan_s,HDS-PBQS,negative_favors_HDS,50,50,246.14019235105633,318.0933996518954,-71.9532073008391,-75.03323375398074,-76.78420176016496,-67.12221284151323,-4.232850074637507,22.620150993255717,paired_t,3.79426936199296e-33,1.7763568394002505e-15,1,6.636177114125687e-30,5.729346736609369e-31
inspiral,100,4.75,Sharable,reference,20,small,network_data_mb,HDS-PBQS,negative_favors_HDS,50,50,340.836414977065,350.5729477285885,-9.73653275152348,-3.26821639892745,-19.32221653448733,-0.15084896855963237,-0.2886692336265017,2.7773200455448332,paired_t,0.04663573935418307,0.09908592454842413,1,1.0,1.0
inspiral,100,4.75,Sharable,reference,20,small,cpu_utilization,HDS-PBQS,positive_favors_HDS,50,50,0.15352249401111182,0.18185620258563417,-0.028333708574522335,-0.029873968946901447,-0.032926686976171085,-0.023740730172873585,-1.753187186449882,-15.58028165752571,paired_t,1.011141536945507e-16,2.4868995751603507e-14,1,1.3074060072705298e-13,1.526823720787703e-14
inspiral,100,4.75,Sharable,reference,20,small,ram_utilization,HDS-PBQS,positive_favors_HDS,50,50,0.29183092240902053,0.32682952049872016,-0.034998598089699635,-0.03693307618468375,-0.04335849635432507,-0.026638699825074198,-1.1897861922482553,-10.708518017679092,paired_t,4.4934123480100367e-11,1.616786704516926e-10,1,4.632708130798348e-08,3.68459812536823e-09
inspiral,100,4.75,Sharable,reference,20,small,scheduler_runtime_s,HDS-PBQS,negative_favors_HDS,50,50,0.007367664140474462,0.016167931421732604,-0.008800267281258139,-0.010647333496308451,-0.0098340328026972,-0.007766501759819078,-2.4193187303963977,54.43038476418204,paired_t,2.6529311766637975e-22,1.7763568394002505e-15,0,4.0934728055922395e-19,4.695688182694922e-20
inspiral,100,5.0,NonSharable,reference,20,small,global_deadline_success,HDS-PBQS,positive_favors_HDS,50,50,1.0,1.0,0.0,0.0,0.0,0.0,0.0,0.0,exact_mcnemar,1.0,,0,1.0,1.0
inspiral,100,5.0,NonSharable,reference,20,small,sfc_subdeadline_success,HDS-PBQS,positive_favors_HDS,50,50,1.0,1.0,0.0,0.0,0.0,0.0,0.0,0.0,exact_mcnemar,1.0,,0,1.0,1.0
inspiral,100,5.0,NonSharable,reference,20,small,accepted_sfc_ratio,HDS-PBQS,positive_favors_HDS,50,50,1.0,1.0,0.0,0.0,0.0,0.0,0.0,0.0,paired_t,,,0,,
inspiral,100,5.0,NonSharable,reference,20,small,sfc_deadline_miss_rate,HDS-PBQS,negative_favors_HDS,50,50,0.0,0.0,0.0,0.0,0.0,0.0,0.0,,paired_t,,,0,,
inspiral,100,5.0,NonSharable,reference,20,small,provisioning_cost,HDS-PBQS,negative_favors_HDS,50,50,0.0975,0.13040000000000002,-0.0329,-0.034999999999999996,-0.037930823346980586,-0.02786917665301941,-1.8585579140681339,25.23006134969326,paired_t,1.1077700796072662e-17,1.7637313830745253e-09,1,1.5464470311317435e-14,1.9718307417009338e-15
inspiral,100,5.0,NonSharable,reference,20,small,makespan_s,HDS-PBQS,negative_favors_HDS,50,50,245.80847712970495,282.1086387343959,-36.30016160469096,-32.74219404918095,-40.629782565033175,-31.970540644348752,-2.3827470987724966,12.867440631219882,paired_t,5.031371191248901e-22,1.7763568394002505e-15,1,7.692966551419569e-19,5.635135734198769e-20
inspiral,100,5.0,NonSharable,reference,20,small,network_data_mb,HDS-PBQS,negative_favors_HDS,50,50,342.5821727867861,421.0041536443364,-78.42198085755034,-76.73153592952383,-86.7709191502302,-70.07304256487048,-2.6694747978917346,18.627365117114987,paired_t,3.9865236181574476e-24,1.7763568394002505e-15,1,6.3983704071427035e-21,6.05951589959932e-22
inspiral,100,5.0,NonSharable,reference,20,small,cpu_utilization,HDS-PBQS,positive_favors_HDS,50,50,0.15175413943708757,0.1351962173822599,0.016557922054827673,0.016768025418219895,0.012831198093977396,0.02028464601567795,1.2626933013980943,12.247326423350332,paired_t,7.53484425877197e-12,1.5448975432263978e-11,1,8.220515086320218e-09,6.555314505131613e-10
inspiral,100,5.0,NonSharable,reference,20,small,ram_utilization,HDS-PBQS,positive_favors_HDS,50,50,0.2880395106655906,0.24261552217156954,0.04542398849402103,0.04291350310521297,0.03814222536070408,0.05270575162733798,1.7728336472535857,18.722622562417392,paired_t,6.659069454134534e-17,8.881784197001252e-15,1,8.756676332186912e-14,9.511775211122039e-15
inspiral,100,5.0,NonSharable,reference,20,small,scheduler_runtime_s,HDS-PBQS,negative_favors_HDS,50,50,0.0071075217180622905,0.01598100131872338,-0.008873479600661087,-0.010264399999869,-0.009821247730087197,-0.007925711471234977,-2.6607932061825985,55.52517907788981,paired_t,4.5885351837799184e-24,3.552713678800501e-15,0,7.28200533665873e-21,9.681809237775628e-22
inspiral,100,5.0,Sharable,reference,20,small,global_deadline_success,HDS-PBQS,positive_favors_HDS,50,50,1.0,1.0,0.0,0.0,0.0,0.0,0.0,0.0,exact_mcnemar,1.0,,0,1.0,1.0
inspiral,100,5.0,Sharable,reference,20,small,sfc_subdeadline_success,HDS-PBQS,positive_favors_HDS,50,50,1.0,1.0,0.0,0.0,0.0,0.0,0.0,0.0,exact_mcnemar,1.0,,0,1.0,1.0
inspiral,100,5.0,Sharable,reference,20,small,accepted_sfc_ratio,HDS-PBQS,positive_favors_HDS,50,50,1.0,1.0,0.0,0.0,0.0,0.0,0.0,0.0,paired_t,,,0,,
inspiral,100,5.0,Sharable,reference,20,small,sfc_deadline_miss_rate,HDS-PBQS,negative_favors_HDS,50,50,0.0,0.0,0.0,0.0,0.0,0.0,0.0,,paired_t,,,0,,
inspiral,100,5.0,Sharable,reference,20,small,provisioning_cost,HDS-PBQS,negative_favors_HDS,50,50,0.09530000000000001,0.095,0.00030000000000000084,0.0,-0.004188132977581946,0.004788132977581947,0.01899655314906776,-0.31578947368421956,paired_t,0.8936950872027605,0.9469311857448889,1,1.0,1.0
inspiral,100,5.0,Sharable,reference,20,small,makespan_s,HDS-PBQS,negative_favors_HDS,50,50,246.14019235105633,318.0933996518954,-71.9532073008391,-75.03323375398074,-76.78420176016496,-67.12221284151323,-4.232850074637507,22.620150993255717,paired_t,3.79426936199296e-33,1.7763568394002505e-15,1,6.636177114125687e-30,5.729346736609369e-31
inspiral,100,5.0,Sharable,reference,20,small,network_data_mb,HDS-PBQS,negative_favors_HDS,50,50,340.836414977065,350.5729477285885,-9.73653275152348,-3.26821639892745,-19.32221653448733,-0.15084896855963237,-0.2886692336265017,2.7773200455448332,paired_t,0.04663573935418307,0.09908592454842413,1,1.0,1.0
inspiral,100,5.0,Sharable,reference,20,small,cpu_utilization,HDS-PBQS,positive_favors_HDS,50,50,0.15352249401111182,0.18185620258563417,-0.028333708574522335,-0.029873968946901447,-0.032926686976171085,-0.023740730172873585,-1.753187186449882,-15.58028165752571,paired_t,1.011141536945507e-16,2.4868995751603507e-14,1,1.3074060072705298e-13,1.526823720787703e-14
inspiral,100,5.0,Sharable,reference,20,small,ram_utilization,HDS-PBQS,positive_favors_HDS,50,50,0.29183092240902053,0.32682952049872016,-0.034998598089699635,-0.03693307618468375,-0.04335849635432507,-0.026638699825074198,-1.1897861922482553,-10.708518017679092,paired_t,4.4934123480100367e-11,1.616786704516926e-10,1,4.632708130798348e-08,3.68459812536823e-09
inspiral,100,5.0,Sharable,reference,20,small,scheduler_runtime_s,HDS-PBQS,negative_favors_HDS,50,50,0.007368597580498269,0.016037325437355268,-0.008668727856856998,-0.0105928834909719,-0.00962380441301053,-0.007713651300703466,-2.5795054670685063,54.053451061516704,paired_t,1.7419604908885686e-23,1.7763568394002505e-15,0,2.7401038521677186e-20,3.466501376868251e-21
montage,100,0.8,NonSharable,reference,20,small,global_deadline_success,HDS-PBQS,positive_favors_HDS,50,50,0.0,0.0,0.0,0.0,0.0,0.0,0.0,,exact_mcnemar,1.0,,0,1.0,1.0
montage,100,0.8,NonSharable,reference,20,small,sfc_subdeadline_success,HDS-PBQS,positive_favors_HDS,50,50,0.0,0.0,0.0,0.0,0.0,0.0,0.0,,exact_mcnemar,1.0,,0,1.0,1.0
montage,100,0.8,NonSharable,reference,20,small,accepted_sfc_ratio,HDS-PBQS,positive_favors_HDS,50,50,0.0,0.0,0.0,0.0,0.0,0.0,0.0,,paired_t,,,0,,
montage,100,0.8,NonSharable,reference,20,small,sfc_deadline_miss_rate,HDS-PBQS,negative_favors_HDS,50,50,1.0,1.0,0.0,0.0,0.0,0.0,0.0,0.0,paired_t,,,0,,
montage,100,0.8,NonSharable,reference,20,small,provisioning_cost,HDS-PBQS,negative_favors_HDS,50,0,,,,,,,0.0,,paired_t,,,1,,
montage,100,0.8,NonSharable,reference,20,small,makespan_s,HDS-PBQS,negative_favors_HDS,0,0,,,,,,,0.0,,paired_t,,,1,,
montage,100,0.8,NonSharable,reference,20,small,network_data_mb,HDS-PBQS,negative_favors_HDS,50,0,,,,,,,0.0,,paired_t,,,1,,
montage,100,0.8,NonSharable,reference,20,small,cpu_utilization,HDS-PBQS,positive_favors_HDS,50,0,,,,,,,0.0,,paired_t,,,1,,
montage,100,0.8,NonSharable,reference,20,small,ram_utilization,HDS-PBQS,positive_favors_HDS,50,0,,,,,,,0.0,,paired_t,,,1,,
montage,100,0.8,NonSharable,reference,20,small,scheduler_runtime_s,HDS-PBQS,negative_favors_HDS,50,50,9.074270004930016e-05,8.87911197787568e-05,1.951580270543359e-06,-2.505003067199141e-07,-5.710436780634882e-06,9.6135973217216e-06,0.07238733253022957,-2.197945329900295,paired_t,0.611051232809658,0.35658413900944275,0,1.0,1.0
montage,100,0.8,Sharable,reference,20,small,global_deadline_success,HDS-PBQS,positive_favors_HDS,50,50,0.0,0.0,0.0,0.0,0.0,0.0,0.0,,exact_mcnemar,1.0,,0,1.0,1.0
montage,100,0.8,Sharable,reference,20,small,sfc_subdeadline_success,HDS-PBQS,positive_favors_HDS,50,50,0.0,0.0,0.0,0.0,0.0,0.0,0.0,,exact_mcnemar,1.0,,0,1.0,1.0
montage,100,0.8,Sharable,reference,20,small,accepted_sfc_ratio,HDS-PBQS,positive_favors_HDS,50,50,0.0,0.0,0.0,0.0,0.0,0.0,0.0,,paired_t,,,0,,
montage,100,0.8,Sharable,reference,20,small,sfc_deadline_miss_rate,HDS-PBQS,negative_favors_HDS,50,50,1.0,1.0,0.0,0.0,0.0,0.0,0.0,0.0,paired_t,,,0,,
montage,100,0.8,Sharable,reference,20,small,provisioning_cost,HDS-PBQS,negative_favors_HDS,50,0,,,,,,,0.0,,paired_t,,,1,,
montage,100,0.8,Sharable,reference,20,small,makespan_s,HDS-PBQS,negative_favors_HDS,0,0,,,,,,,0.0,,paired_t,,,1,,
montage,100,0.8,Sharable,reference,20,small,network_data_mb,HDS-PBQS,negative_favors_HDS,50,0,,,,,,,0.0,,paired_t,,,1,,
montage,100,0.8,Sharable,reference,20,small,cpu_utilization,HDS-PBQS,positive_favors_HDS,50,0,,,,,,,0.0,,paired_t,,,1,,
montage,100,0.8,Sharable,reference,20,small,ram_utilization,HDS-PBQS,positive_favors_HDS,50,0,,,,,,,0.0,,paired_t,,,1,,
montage,100,0.8,Sharable,reference,20,small,scheduler_runtime_s,HDS-PBQS,negative_favors_HDS,50,50,8.767842009546815e-05,8.941370055253497e-05,-1.7352804570668435e-06,-9.159994078800082e-07,-5.094956172853503e-06,1.6243952587198162e-06,-0.1467883483469229,1.9407321767733616,paired_t,0.3043881840244061,0.10110987171644048,0,1.0,1.0
montage,100,0.9,NonSharable,reference,20,small,global_deadline_success,HDS-PBQS,positive_favors_HDS,50,50,0.0,0.0,0.0,0.0,0.0,0.0,0.0,,exact_mcnemar,1.0,,0,1.0,1.0
montage,100,0.9,NonSharable,reference,20,small,sfc_subdeadline_success,HDS-PBQS,positive_favors_HDS,50,50,0.0,0.0,0.0,0.0,0.0,0.0,0.0,,exact_mcnemar,1.0,,0,1.0,1.0
montage,100,0.9,NonSharable,reference,20,small,accepted_sfc_ratio,HDS-PBQS,positive_favors_HDS,50,50,0.0,0.0,0.0,0.0,0.0,0.0,0.0,,paired_t,,,0,,
montage,100,0.9,NonSharable,reference,20,small,sfc_deadline_miss_rate,HDS-PBQS,negative_favors_HDS,50,50,1.0,1.0,0.0,0.0,0.0,0.0,0.0,0.0,paired_t,,,0,,
montage,100,0.9,NonSharable,reference,20,small,provisioning_cost,HDS-PBQS,negative_favors_HDS,50,0,,,,,,,0.0,,paired_t,,,1,,
montage,100,0.9,NonSharable,reference,20,small,makespan_s,HDS-PBQS,negative_favors_HDS,0,0,,,,,,,0.0,,paired_t,,,1,,
montage,100,0.9,NonSharable,reference,20,small,network_data_mb,HDS-PBQS,negative_favors_HDS,50,0,,,,,,,0.0,,paired_t,,,1,,
montage,100,0.9,NonSharable,reference,20,small,cpu_utilization,HDS-PBQS,positive_favors_HDS,50,0,,,,,,,0.0,,paired_t,,,1,,
montage,100,0.9,NonSharable,reference,20,small,ram_utilization,HDS-PBQS,positive_favors_HDS,50,0,,,,,,,0.0,,paired_t,,,1,,
montage,100,0.9,NonSharable,reference,20,small,scheduler_runtime_s,HDS-PBQS,negative_favors_HDS,50,50,8.660228006191921e-05,9.11727202037517e-05,-4.570440141832495e-06,-2.400010998826474e-07,-1.0425876399872923e-05,1.2849961162079333e-06,-0.2218288542987132,5.012946999517538,paired_t,0.12318476651138549,0.12799334338745183,0,1.0,1.0
montage,100,0.9,Sharable,reference,20,small,global_deadline_success,HDS-PBQS,positive_favors_HDS,50,50,0.0,0.0,0.0,0.0,0.0,0.0,0.0,,exact_mcnemar,1.0,,0,1.0,1.0
montage,100,0.9,Sharable,reference,20,small,sfc_subdeadline_success,HDS-PBQS,positive_favors_HDS,50,50,0.0,0.0,0.0,0.0,0.0,0.0,0.0,,exact_mcnemar,1.0,,0,1.0,1.0
montage,100,0.9,Sharable,reference,20,small,accepted_sfc_ratio,HDS-PBQS,positive_favors_HDS,50,50,0.0,0.0,0.0,0.0,0.0,0.0,0.0,,paired_t,,,0,,
montage,100,0.9,Sharable,reference,20,small,sfc_deadline_miss_rate,HDS-PBQS,negative_favors_HDS,50,50,1.0,1.0,0.0,0.0,0.0,0.0,0.0,0.0,paired_t,,,0,,
montage,100,0.9,Sharable,reference,20,small,provisioning_cost,HDS-PBQS,negative_favors_HDS,50,0,,,,,,,0.0,,paired_t,,,1,,
montage,100,0.9,Sharable,reference,20,small,makespan_s,HDS-PBQS,negative_favors_HDS,0,0,,,,,,,0.0,,paired_t,,,1,,
montage,100,0.9,Sharable,reference,20,small,network_data_mb,HDS-PBQS,negative_favors_HDS,50,0,,,,,,,0.0,,paired_t,,,1,,
montage,100,0.9,Sharable,reference,20,small,cpu_utilization,HDS-PBQS,positive_favors_HDS,50,0,,,,,,,0.0,,paired_t,,,1,,
montage,100,0.9,Sharable,reference,20,small,ram_utilization,HDS-PBQS,positive_favors_HDS,50,0,,,,,,,0.0,,paired_t,,,1,,
montage,100,0.9,Sharable,reference,20,small,scheduler_runtime_s,HDS-PBQS,negative_favors_HDS,50,50,8.710312024049642e-05,8.795299982011345e-05,-8.498795796170358e-07,1.3499993656296283e-07,-3.2263113046821388e-06,1.5265521454480672e-06,-0.10163687916200391,0.966288337356605,paired_t,0.4757506133425785,0.8109402812359416,0,1.0,1.0
montage,100,1.0,NonSharable,reference,20,small,global_deadline_success,HDS-PBQS,positive_favors_HDS,50,50,0.0,0.0,0.0,0.0,0.0,0.0,0.0,,exact_mcnemar,1.0,,0,1.0,1.0
montage,100,1.0,NonSharable,reference,20,small,sfc_subdeadline_success,HDS-PBQS,positive_favors_HDS,50,50,0.0,0.0,0.0,0.0,0.0,0.0,0.0,,exact_mcnemar,1.0,,0,1.0,1.0
montage,100,1.0,NonSharable,reference,20,small,accepted_sfc_ratio,HDS-PBQS,positive_favors_HDS,50,50,0.0,0.0,0.0,0.0,0.0,0.0,0.0,,paired_t,,,0,,
montage,100,1.0,NonSharable,reference,20,small,sfc_deadline_miss_rate,HDS-PBQS,negative_favors_HDS,50,50,1.0,1.0,0.0,0.0,0.0,0.0,0.0,0.0,paired_t,,,0,,
montage,100,1.0,NonSharable,reference,20,small,provisioning_cost,HDS-PBQS,negative_favors_HDS,50,0,,,,,,,0.0,,paired_t,,,1,,
montage,100,1.0,NonSharable,reference,20,small,makespan_s,HDS-PBQS,negative_favors_HDS,0,0,,,,,,,0.0,,paired_t,,,1,,
montage,100,1.0,NonSharable,reference,20,small,network_data_mb,HDS-PBQS,negative_favors_HDS,50,0,,,,,,,0.0,,paired_t,,,1,,
montage,100,1.0,NonSharable,reference,20,small,cpu_utilization,HDS-PBQS,positive_favors_HDS,50,0,,,,,,,0.0,,paired_t,,,1,,
montage,100,1.0,NonSharable,reference,20,small,ram_utilization,HDS-PBQS,positive_favors_HDS,50,0,,,,,,,0.0,,paired_t,,,1,,
montage,100,1.0,NonSharable,reference,20,small,scheduler_runtime_s,HDS-PBQS,negative_favors_HDS,50,50,8.605415969213738e-05,9.424171985301346e-05,-8.187560160876095e-06,-5.9100057114847e-07,-1.7960544289016602e-05,1.5854239672644118e-06,-0.23809297358859322,8.687829735753995,paired_t,0.0986258778000446,0.14874176207376877,0,1.0,1.0
montage,100,1.0,Sharable,reference,20,small,global_deadline_success,HDS-PBQS,positive_favors_HDS,50,50,0.0,0.0,0.0,0.0,0.0,0.0,0.0,,exact_mcnemar,1.0,,0,1.0,1.0
montage,100,1.0,Sharable,reference,20,small,sfc_subdeadline_success,HDS-PBQS,positive_favors_HDS,50,50,0.0,0.0,0.0,0.0,0.0,0.0,0.0,,exact_mcnemar,1.0,,0,1.0,1.0
montage,100,1.0,Sharable,reference,20,small,accepted_sfc_ratio,HDS-PBQS,positive_favors_HDS,50,50,0.0,0.0,0.0,0.0,0.0,0.0,0.0,,paired_t,,,0,,
montage,100,1.0,Sharable,reference,20,small,sfc_deadline_miss_rate,HDS-PBQS,negative_favors_HDS,50,50,1.0,1.0,0.0,0.0,0.0,0.0,0.0,0.0,paired_t,,,0,,
montage,100,1.0,Sharable,reference,20,small,provisioning_cost,HDS-PBQS,negative_favors_HDS,50,0,,,,,,,0.0,,paired_t,,,1,,
montage,100,1.0,Sharable,reference,20,small,makespan_s,HDS-PBQS,negative_favors_HDS,0,0,,,,,,,0.0,,paired_t,,,1,,
montage,100,1.0,Sharable,reference,20,small,network_data_mb,HDS-PBQS,negative_favors_HDS,50,0,,,,,,,0.0,,paired_t,,,1,,
montage,100,1.0,Sharable,reference,20,small,cpu_utilization,HDS-PBQS,positive_favors_HDS,50,0,,,,,,,0.0,,paired_t,,,1,,
montage,100,1.0,Sharable,reference,20,small,ram_utilization,HDS-PBQS,positive_favors_HDS,50,0,,,,,,,0.0,,paired_t,,,1,,
montage,100,1.0,Sharable,reference,20,small,scheduler_runtime_s,HDS-PBQS,negative_favors_HDS,50,50,8.939248022215156e-05,8.603081958426614e-05,3.361660637885406e-06,5.354977474780753e-07,-6.117822088421096e-07,7.335103484612921e-06,0.24043969408485058,-3.9075073957568334,paired_t,0.09543975466335176,0.31832456588976044,0,1.0,1.0
montage,100,1.05,NonSharable,reference,20,small,global_deadline_success,HDS-PBQS,positive_favors_HDS,50,50,0.0,0.0,0.0,0.0,0.0,0.0,0.0,,exact_mcnemar,1.0,,0,1.0,1.0
montage,100,1.05,NonSharable,reference,20,small,sfc_subdeadline_success,HDS-PBQS,positive_favors_HDS,50,50,0.0,0.0,0.0,0.0,0.0,0.0,0.0,,exact_mcnemar,1.0,,0,1.0,1.0
montage,100,1.05,NonSharable,reference,20,small,accepted_sfc_ratio,HDS-PBQS,positive_favors_HDS,50,50,0.1778,0.17379999999999998,0.004,0.0,-0.009317642853645806,0.017317642853645808,0.08535950651895693,2.3014959723820665,paired_t,0.5489051122361627,0.4067765369867157,0,1.0,1.0
montage,100,1.05,NonSharable,reference,20,small,sfc_deadline_miss_rate,HDS-PBQS,negative_favors_HDS,50,50,0.8222000000000002,0.8262,-0.003999999999999995,0.0,-0.0173176428536458,0.009317642853645811,-0.08535950651895682,0.48414427499393514,paired_t,0.5489051122361635,0.462227680413397,0,1.0,1.0
montage,100,1.05,NonSharable,reference,20,small,provisioning_cost,HDS-PBQS,negative_favors_HDS,50,0,,,,,,,0.0,,paired_t,,,1,,
montage,100,1.05,NonSharable,reference,20,small,makespan_s,HDS-PBQS,negative_favors_HDS,0,0,,,,,,,0.0,,paired_t,,,1,,
montage,100,1.05,NonSharable,reference,20,small,network_data_mb,HDS-PBQS,negative_favors_HDS,50,0,,,,,,,0.0,,paired_t,,,1,,
montage,100,1.05,NonSharable,reference,20,small,cpu_utilization,HDS-PBQS,positive_favors_HDS,50,0,,,,,,,0.0,,paired_t,,,1,,
montage,100,1.05,NonSharable,reference,20,small,ram_utilization,HDS-PBQS,positive_favors_HDS,50,0,,,,,,,0.0,,paired_t,,,1,,
montage,100,1.05,NonSharable,reference,20,small,scheduler_runtime_s,HDS-PBQS,negative_favors_HDS,50,50,0.008976476218813286,0.003273922040316348,0.005702554178496937,0.004285295488443801,0.004703498003523325,0.006701610353470549,1.6221790189782583,-174.18112307725931,paired_t,1.746012957124679e-15,1.7763568394002505e-15,0,2.1214057429064847e-12,1.2047489404160284e-13
montage,100,1.05,Sharable,reference,20,small,global_deadline_success,HDS-PBQS,positive_favors_HDS,50,50,0.0,0.0,0.0,0.0,0.0,0.0,0.0,,exact_mcnemar,1.0,,0,1.0,1.0
montage,100,1.05,Sharable,reference,20,small,sfc_subdeadline_success,HDS-PBQS,positive_favors_HDS,50,50,0.0,0.0,0.0,0.0,0.0,0.0,0.0,,exact_mcnemar,1.0,,0,1.0,1.0
montage,100,1.05,Sharable,reference,20,small,accepted_sfc_ratio,HDS-PBQS,positive_favors_HDS,50,50,0.16760000000000003,0.15380000000000002,0.0138,0.0,0.0007968569015035839,0.026803143098496414,0.3016129697361073,8.972691807542267,paired_t,0.037982684197804296,0.03327536267881908,0,1.0,0.7908203339484878
montage,100,1.05,Sharable,reference,20,small,sfc_deadline_miss_rate,HDS-PBQS,negative_favors_HDS,50,50,0.8323999999999999,0.8462,-0.013800000000000003,0.0,-0.02680314309849642,-0.0007968569015035839,-0.3016129697361073,1.6308201370834359,paired_t,0.037982684197804296,0.03871911876767296,0,1.0,0.7908203339484915
montage,100,1.05,Sharable,reference,20,small,provisioning_cost,HDS-PBQS,negative_favors_HDS,50,0,,,,,,,0.0,,paired_t,,,1,,
montage,100,1.05,Sharable,reference,20,small,makespan_s,HDS-PBQS,negative_favors_HDS,0,0,,,,,,,0.0,,paired_t,,,1,,
montage,100,1.05,Sharable,reference,20,small,network_data_mb,HDS-PBQS,negative_favors_HDS,50,0,,,,,,,0.0,,paired_t,,,1,,
montage,100,1.05,Sharable,reference,20,small,cpu_utilization,HDS-PBQS,positive_favors_HDS,50,0,,,,,,,0.0,,paired_t,,,1,,
montage,100,1.05,Sharable,reference,20,small,ram_utilization,HDS-PBQS,positive_favors_HDS,50,0,,,,,,,0.0,,paired_t,,,1,,
montage,100,1.05,Sharable,reference,20,small,scheduler_runtime_s,HDS-PBQS,negative_favors_HDS,50,50,0.020736060079798287,0.003160199560443242,0.017575860519355044,0.0153619490083656,0.014938267522725125,0.020213453515984962,1.8937737166478754,-556.162994873966,paired_t,5.374185234966423e-18,1.7763568394002505e-15,0,7.550730255127824e-15,5.750378201414072e-16
montage,100,1.1,NonSharable,reference,20,small,global_deadline_success,HDS-PBQS,positive_favors_HDS,50,50,0.0,0.0,0.0,0.0,0.0,0.0,0.0,,exact_mcnemar,1.0,,0,1.0,1.0
montage,100,1.1,NonSharable,reference,20,small,sfc_subdeadline_success,HDS-PBQS,positive_favors_HDS,50,50,0.0,0.0,0.0,0.0,0.0,0.0,0.0,,exact_mcnemar,1.0,,0,1.0,1.0
montage,100,1.1,NonSharable,reference,20,small,accepted_sfc_ratio,HDS-PBQS,positive_favors_HDS,50,50,0.2918,0.2808,0.010999999999999994,0.0,-0.0008540955123927663,0.022854095512392755,0.26372028192153546,3.917378917378921,paired_t,0.06820654880932782,0.08703984797237152,0,1.0,1.0
montage,100,1.1,NonSharable,reference,20,small,sfc_deadline_miss_rate,HDS-PBQS,negative_favors_HDS,50,50,0.7082,0.7192000000000001,-0.011000000000000003,0.0,-0.022854095512392765,0.0008540955123927576,-0.2637202819215356,1.5294771968854295,paired_t,0.06820654880932767,0.0842149601618295,0,1.0,1.0
montage,100,1.1,NonSharable,reference,20,small,provisioning_cost,HDS-PBQS,negative_favors_HDS,50,0,,,,,,,0.0,,paired_t,,,1,,
montage,100,1.1,NonSharable,reference,20,small,makespan_s,HDS-PBQS,negative_favors_HDS,0,0,,,,,,,0.0,,paired_t,,,1,,
montage,100,1.1,NonSharable,reference,20,small,network_data_mb,HDS-PBQS,negative_favors_HDS,50,0,,,,,,,0.0,,paired_t,,,1,,
montage,100,1.1,NonSharable,reference,20,small,cpu_utilization,HDS-PBQS,positive_favors_HDS,50,0,,,,,,,0.0,,paired_t,,,1,,
montage,100,1.1,NonSharable,reference,20,small,ram_utilization,HDS-PBQS,positive_favors_HDS,50,0,,,,,,,0.0,,paired_t,,,1,,
montage,100,1.1,NonSharable,reference,20,small,scheduler_runtime_s,HDS-PBQS,negative_favors_HDS,50,50,0.011212768020122842,0.005068277479585912,0.006144490540536932,0.0042463234949537,0.004499052377687492,0.0077899287033863715,1.0612643669451818,-121.23429637161354,paired_t,1.1023411581329416e-09,1.7763568394002505e-15,0,1.0637592175982887e-06,3.96842816927859e-08
montage,100,1.1,Sharable,reference,20,small,global_deadline_success,HDS-PBQS,positive_favors_HDS,50,50,0.0,0.0,0.0,0.0,0.0,0.0,0.0,,exact_mcnemar,1.0,,0,1.0,1.0
montage,100,1.1,Sharable,reference,20,small,sfc_subdeadline_success,HDS-PBQS,positive_favors_HDS,50,50,0.0,0.0,0.0,0.0,0.0,0.0,0.0,,exact_mcnemar,1.0,,0,1.0,1.0
montage,100,1.1,Sharable,reference,20,small,accepted_sfc_ratio,HDS-PBQS,positive_favors_HDS,50,50,0.242,0.1794,0.0626,0.040000000000000036,0.04104924751300232,0.08415075248699769,0.8255267728941924,34.89409141583054,paired_t,4.1634106860945216e-07,3.5690506497099117e-06,0,0.0003584696600727383,2.331509984212932e-05
montage,100,1.1,Sharable,reference,20,small,sfc_deadline_miss_rate,HDS-PBQS,negative_favors_HDS,50,50,0.758,0.8206,-0.0626,-0.040000000000000036,-0.08415075248699769,-0.04104924751300232,-0.8255267728941923,7.6285644650255895,paired_t,4.163410686094541e-07,4.7056390874901825e-06,0,0.0003584696600727383,2.331509984212943e-05
montage,100,1.1,Sharable,reference,20,small,provisioning_cost,HDS-PBQS,negative_favors_HDS,50,0,,,,,,,0.0,,paired_t,,,1,,
montage,100,1.1,Sharable,reference,20,small,makespan_s,HDS-PBQS,negative_favors_HDS,0,0,,,,,,,0.0,,paired_t,,,1,,
montage,100,1.1,Sharable,reference,20,small,network_data_mb,HDS-PBQS,negative_favors_HDS,50,0,,,,,,,0.0,,paired_t,,,1,,
montage,100,1.1,Sharable,reference,20,small,cpu_utilization,HDS-PBQS,positive_favors_HDS,50,0,,,,,,,0.0,,paired_t,,,1,,
montage,100,1.1,Sharable,reference,20,small,ram_utilization,HDS-PBQS,positive_favors_HDS,50,0,,,,,,,0.0,,paired_t,,,1,,
montage,100,1.1,Sharable,reference,20,small,scheduler_runtime_s,HDS-PBQS,negative_favors_HDS,50,50,0.023262744079693167,0.0036145187608053134,0.01964822531888785,0.0167748910007504,0.016797403335765168,0.02249904730201053,1.958720637331079,-543.591737078444,paired_t,1.4447682136410077e-18,1.7763568394002505e-15,0,2.0486813269429488e-15,1.719274174232799e-16
montage,100,1.15,NonSharable,reference,20,small,global_deadline_success,HDS-PBQS,positive_favors_HDS,50,50,0.0,0.0,0.0,0.0,0.0,0.0,0.0,,exact_mcnemar,1.0,,0,1.0,1.0
montage,100,1.15,NonSharable,reference,20,small,sfc_subdeadline_success,HDS-PBQS,positive_favors_HDS,50,50,0.0,0.0,0.0,0.0,0.0,0.0,0.0,,exact_mcnemar,1.0,,0,1.0,1.0
montage,100,1.15,NonSharable,reference,20,small,accepted_sfc_ratio,HDS-PBQS,positive_favors_HDS,50,50,0.3903999999999999,0.3692,0.0212,0.0,0.004772075178840887,0.03762792482115911,0.36675194232380015,5.742145178764881,paired_t,0.012497826816711115,0.01688271672630426,0,1.0,0.324943497234489
montage,100,1.15,NonSharable,reference,20,small,sfc_deadline_miss_rate,HDS-PBQS,negative_favors_HDS,50,50,0.6096,0.6308000000000001,-0.021200000000000007,0.0,-0.03762792482115912,-0.004772075178840894,-0.3667519423238003,3.3608116677235422,paired_t,0.012497826816711083,0.012015505935111833,0,1.0,0.3249434972344881
montage,100,1.15,NonSharable,reference,20,small,provisioning_cost,HDS-PBQS,negative_favors_HDS,50,0,,,,,,,0.0,,paired_t,,,1,,
montage,100,1.15,NonSharable,reference,20,small,makespan_s,HDS-PBQS,negative_favors_HDS,0,0,,,,,,,0.0,,paired_t,,,1,,
montage,100,1.15,NonSharable,reference,20,small,network_data_mb,HDS-PBQS,negative_favors_HDS,50,0,,,,,,,0.0,,paired_t,,,1,,
montage,100,1.15,NonSharable,reference,20,small,cpu_utilization,HDS-PBQS,positive_favors_HDS,50,0,,,,,,,0.0,,paired_t,,,1,,
montage,100,1.15,NonSharable,reference,20,small,ram_utilization,HDS-PBQS,positive_favors_HDS,50,0,,,,,,,0.0,,paired_t,,,1,,
montage,100,1.15,NonSharable,reference,20,small,scheduler_runtime_s,HDS-PBQS,negative_favors_HDS,50,50,0.01448926884157113,0.006592170140866022,0.007897098700705107,0.00700099648383915,0.00639873431638703,0.009395463085023184,1.4978536875068784,-119.79512864435348,paired_t,2.887173696193716e-14,1.7763568394002505e-15,0,3.438623872166716e-11,1.7611759546781669e-12
montage,100,1.15,Sharable,reference,20,small,global_deadline_success,HDS-PBQS,positive_favors_HDS,50,50,0.0,0.0,0.0,0.0,0.0,0.0,0.0,,exact_mcnemar,1.0,,0,1.0,1.0
montage,100,1.15,Sharable,reference,20,small,sfc_subdeadline_success,HDS-PBQS,positive_favors_HDS,50,50,0.0,0.0,0.0,0.0,0.0,0.0,0.0,,exact_mcnemar,1.0,,0,1.0,1.0
montage,100,1.15,Sharable,reference,20,small,accepted_sfc_ratio,HDS-PBQS,positive_favors_HDS,50,50,0.33519999999999994,0.23120000000000002,0.10400000000000001,0.09999999999999998,0.07561513539740124,0.1323848646025988,1.041275813196934,44.982698961937686,paired_t,1.8213054022868194e-09,1.3711956444387373e-07,0,1.713848383551897e-06,1.1474224034406962e-07
montage,100,1.15,Sharable,reference,20,small,sfc_deadline_miss_rate,HDS-PBQS,negative_favors_HDS,50,50,0.6648000000000001,0.7687999999999999,-0.10399999999999998,-0.09999999999999998,-0.13238486460259877,-0.07561513539740121,-1.0412758131969337,13.527575442247644,paired_t,1.8213054022868194e-09,1.694456914144824e-07,0,1.713848383551897e-06,1.1474224034406962e-07
montage,100,1.15,Sharable,reference,20,small,provisioning_cost,HDS-PBQS,negative_favors_HDS,50,0,,,,,,,0.0,,paired_t,,,1,,
montage,100,1.15,Sharable,reference,20,small,makespan_s,HDS-PBQS,negative_favors_HDS,0,0,,,,,,,0.0,,paired_t,,,1,,
montage,100,1.15,Sharable,reference,20,small,network_data_mb,HDS-PBQS,negative_favors_HDS,50,0,,,,,,,0.0,,paired_t,,,1,,
montage,100,1.15,Sharable,reference,20,small,cpu_utilization,HDS-PBQS,positive_favors_HDS,50,0,,,,,,,0.0,,paired_t,,,1,,
montage,100,1.15,Sharable,reference,20,small,ram_utilization,HDS-PBQS,positive_favors_HDS,50,0,,,,,,,0.0,,paired_t,,,1,,
montage,100,1.15,Sharable,reference,20,small,scheduler_runtime_s,HDS-PBQS,negative_favors_HDS,50,50,0.024314172820595514,0.004565464499391908,0.019748708321203602,0.01877240800058645,0.01756832423300178,0.021929092409405423,2.574097304854718,-432.56733950803937,paired_t,1.9057648467719228e-23,1.7763568394002505e-15,0,2.993956574278691e-20,3.754356748140688e-21
montage,100,1.2,NonSharable,reference,20,small,global_deadline_success,HDS-PBQS,positive_favors_HDS,50,50,0.0,0.0,0.0,0.0,0.0,0.0,0.0,,exact_mcnemar,1.0,,0,1.0,1.0
montage,100,1.2,NonSharable,reference,20,small,sfc_subdeadline_success,HDS-PBQS,positive_favors_HDS,50,50,0.0,0.0,0.0,0.0,0.0,0.0,0.0,,exact_mcnemar,1.0,,0,1.0,1.0
montage,100,1.2,NonSharable,reference,20,small,accepted_sfc_ratio,HDS-PBQS,positive_favors_HDS,50,50,0.5138,0.4716,0.04219999999999999,0.010000000000000009,0.01973197236519031,0.06466802763480967,0.5337854971897442,8.948261238337578,paired_t,0.00043363247324391984,0.002119572041302766,0,0.3065781585834499,0.016911666456512875
montage,100,1.2,NonSharable,reference,20,small,sfc_deadline_miss_rate,HDS-PBQS,negative_favors_HDS,50,50,0.4862,0.5284,-0.04220000000000001,-0.010000000000000009,-0.0646680276348097,-0.01973197236519033,-0.5337854971897444,7.98637395912187,paired_t,0.0004336324732439178,0.0014858841858288892,0,0.3065781585834499,0.01691166645651279
montage,100,1.2,NonSharable,reference,20,small,provisioning_cost,HDS-PBQS,negative_favors_HDS,50,0,,,,,,,0.0,,paired_t,,,1,,
montage,100,1.2,NonSharable,reference,20,small,makespan_s,HDS-PBQS,negative_favors_HDS,0,0,,,,,,,0.0,,paired_t,,,1,,
montage,100,1.2,NonSharable,reference,20,small,network_data_mb,HDS-PBQS,negative_favors_HDS,50,0,,,,,,,0.0,,paired_t,,,1,,
montage,100,1.2,NonSharable,reference,20,small,cpu_utilization,HDS-PBQS,positive_favors_HDS,50,0,,,,,,,0.0,,paired_t,,,1,,
montage,100,1.2,NonSharable,reference,20,small,ram_utilization,HDS-PBQS,positive_favors_HDS,50,0,,,,,,,0.0,,paired_t,,,1,,
montage,100,1.2,NonSharable,reference,20,small,scheduler_runtime_s,HDS-PBQS,negative_favors_HDS,50,50,0.01830651441909135,0.007915855280298222,0.010390659138793128,0.0092835619871039,0.008915076610952595,0.011866241666633661,2.001238560404063,-131.2638845818019,paired_t,6.2006121543788765e-19,1.7763568394002505e-15,0,8.842072932144278e-16,7.812771314517384e-17
montage,100,1.2,Sharable,reference,20,small,global_deadline_success,HDS-PBQS,positive_favors_HDS,50,50,0.0,0.0,0.0,0.0,0.0,0.0,0.0,,exact_mcnemar,1.0,,0,1.0,1.0
montage,100,1.2,Sharable,reference,20,small,sfc_subdeadline_success,HDS-PBQS,positive_favors_HDS,50,50,0.0,0.0,0.0,0.0,0.0,0.0,0.0,,exact_mcnemar,1.0,,0,1.0,1.0
montage,100,1.2,Sharable,reference,20,small,accepted_sfc_ratio,HDS-PBQS,positive_favors_HDS,50,50,0.4572,0.254,0.2032,0.2,0.16729089651765772,0.23910910348234227,1.6081938961558688,80.0,paired_t,2.3821150198016242e-15,2.703951752390724e-09,0,2.8871234039995684e-12,1.6198382134651044e-13
montage,100,1.2,Sharable,reference,20,small,sfc_deadline_miss_rate,HDS-PBQS,negative_favors_HDS,50,50,0.5428000000000001,0.746,-0.2032,-0.20000000000000007,-0.23910910348234227,-0.16729089651765772,-1.6081938961558688,27.238605898123314,paired_t,2.3821150198016593e-15,2.6895383363614854e-09,0,2.8871234039995684e-12,1.6198382134651284e-13
montage,100,1.2,Sharable,reference,20,small,provisioning_cost,HDS-PBQS,negative_favors_HDS,50,0,,,,,,,0.0,,paired_t,,,1,,
montage,100,1.2,Sharable,reference,20,small,makespan_s,HDS-PBQS,negative_favors_HDS,0,0,,,,,,,0.0,,paired_t,,,1,,
montage,100,1.2,Sharable,reference,20,small,network_data_mb,HDS-PBQS,negative_favors_HDS,50,0,,,,,,,0.0,,paired_t,,,1,,
montage,100,1.2,Sharable,reference,20,small,cpu_utilization,HDS-PBQS,positive_favors_HDS,50,0,,,,,,,0.0,,paired_t,,,1,,
montage,100,1.2,Sharable,reference,20,small,ram_utilization,HDS-PBQS,positive_favors_HDS,50,0,,,,,,,0.0,,paired_t,,,1,,
montage,100,1.2,Sharable,reference,20,small,scheduler_runtime_s,HDS-PBQS,negative_favors_HDS,50,50,0.02832630994002097,0.005016799821387343,0.023309510118633622,0.023247072491358253,0.021328972683292285,0.02529004755397496,3.3447938729418025,-464.6290653109541,paired_t,1.8603529642704514e-28,1.7763568394002505e-15,0,3.1179515681172767e-25,4.40903652532097e-26
montage,100,1.25,NonSharable,reference,20,small,global_deadline_success,HDS-PBQS,positive_favors_HDS,50,50,0.0,0.0,0.0,0.0,0.0,0.0,0.0,,exact_mcnemar,1.0,,0,1.0,1.0
montage,100,1.25,NonSharable,reference,20,small,sfc_subdeadline_success,HDS-PBQS,positive_favors_HDS,50,50,0.0,0.0,0.0,0.0,0.0,0.0,0.0,,exact_mcnemar,1.0,,0,1.0,1.0
montage,100,1.25,NonSharable,reference,20,small,accepted_sfc_ratio,HDS-PBQS,positive_favors_HDS,50,50,0.6365999999999999,0.5878,0.04880000000000001,0.010000000000000009,0.02539521288137817,0.07220478711862185,0.5925628153719463,8.30214358625382,paired_t,0.00011598203574818484,0.00013771089823147185,0,0.08513081423916767,0.004987227537171948
montage,100,1.25,NonSharable,reference,20,small,sfc_deadline_miss_rate,HDS-PBQS,negative_favors_HDS,50,50,0.36340000000000006,0.41220000000000007,-0.04880000000000001,-0.010000000000000009,-0.07220478711862185,-0.02539521288137817,-0.5925628153719463,11.838913148956816,paired_t,0.00011598203574818484,0.00020326418554888378,0,0.08513081423916767,0.004987227537171948
montage,100,1.25,NonSharable,reference,20,small,provisioning_cost,HDS-PBQS,negative_favors_HDS,50,0,,,,,,,0.0,,paired_t,,,1,,
montage,100,1.25,NonSharable,reference,20,small,makespan_s,HDS-PBQS,negative_favors_HDS,0,0,,,,,,,0.0,,paired_t,,,1,,
montage,100,1.25,NonSharable,reference,20,small,network_data_mb,HDS-PBQS,negative_favors_HDS,50,0,,,,,,,0.0,,paired_t,,,1,,
montage,100,1.25,NonSharable,reference,20,small,cpu_utilization,HDS-PBQS,positive_favors_HDS,50,0,,,,,,,0.0,,paired_t,,,1,,
montage,100,1.25,NonSharable,reference,20,small,ram_utilization,HDS-PBQS,positive_favors_HDS,50,0,,,,,,,0.0,,paired_t,,,1,,
montage,100,1.25,NonSharable,reference,20,small,scheduler_runtime_s,HDS-PBQS,negative_favors_HDS,50,50,0.021031597800756526,0.009695898099162098,0.011335699701594426,0.010590011001113502,0.009690389041656207,0.012981010361532645,1.9580315672166053,-116.91232298093189,paired_t,1.4648446557704851e-18,1.9539925233402755e-13,0,2.0756848772267774e-15,1.7285166938091725e-16
montage,100,1.25,Sharable,reference,20,small,global_deadline_success,HDS-PBQS,positive_favors_HDS,50,50,0.0,0.0,0.0,0.0,0.0,0.0,0.0,,exact_mcnemar,1.0,,0,1.0,1.0
montage,100,1.25,Sharable,reference,20,small,sfc_subdeadline_success,HDS-PBQS,positive_favors_HDS,50,50,0.0,0.0,0.0,0.0,0.0,0.0,0.0,,exact_mcnemar,1.0,,0,1.0,1.0
montage,100,1.25,Sharable,reference,20,small,accepted_sfc_ratio,HDS-PBQS,positive_favors_HDS,50,50,0.5604,0.2912,0.2692,0.255,0.23354702880096503,0.304852971199035,2.1458462205674826,92.44505494505493,paired_t,3.7875446469151725e-20,7.512618995330574e-10,0,5.597990988140625e-17,2.727032145778924e-18
montage,100,1.25,Sharable,reference,20,small,sfc_deadline_miss_rate,HDS-PBQS,negative_favors_HDS,50,50,0.43959999999999994,0.7088,-0.2692,-0.25500000000000006,-0.304852971199035,-0.23354702880096503,-2.1458462205674826,37.97968397291197,paired_t,3.7875446469151725e-20,7.493942619567868e-10,0,5.597990988140625e-17,2.727032145778924e-18
montage,100,1.25,Sharable,reference,20,small,provisioning_cost,HDS-PBQS,negative_favors_HDS,50,0,,,,,,,0.0,,paired_t,,,1,,
montage,100,1.25,Sharable,reference,20,small,makespan_s,HDS-PBQS,negative_favors_HDS,0,0,,,,,,,0.0,,paired_t,,,1,,
montage,100,1.25,Sharable,reference,20,small,network_data_mb,HDS-PBQS,negative_favors_HDS,50,0,,,,,,,0.0,,paired_t,,,1,,
montage,100,1.25,Sharable,reference,20,small,cpu_utilization,HDS-PBQS,positive_favors_HDS,50,0,,,,,,,0.0,,paired_t,,,1,,
montage,100,1.25,Sharable,reference,20,small,ram_utilization,HDS-PBQS,positive_favors_HDS,50,0,,,,,,,0.0,,paired_t,,,1,,
montage,100,1.25,Sharable,reference,20,small,scheduler_runtime_s,HDS-PBQS,negative_favors_HDS,50,50,0.03128086077944313,0.005376298460978375,0.02590456231846475,0.02369991699197275,0.02335063724226444,0.02845848739466506,2.8826198632474838,-481.8289480482201,paired_t,1.4030267996734066e-25,1.7763568394002505e-15,0,2.2995609246647135e-22,3.226961639248835e-23
montage,100,1.3,NonSharable,reference,20,small,global_deadline_success,HDS-PBQS,positive_favors_HDS,50,50,0.0,0.0,0.0,0.0,0.0,0.0,0.0,,exact_mcnemar,1.0,,0,1.0,1.0
montage,100,1.3,NonSharable,reference,20,small,sfc_subdeadline_success,HDS-PBQS,positive_favors_HDS,50,50,0.0,0.0,0.0,0.0,0.0,0.0,0.0,,exact_mcnemar,1.0,,0,1.0,1.0
montage,100,1.3,NonSharable,reference,20,small,accepted_sfc_ratio,HDS-PBQS,positive_favors_HDS,50,50,0.7505999999999999,0.7042,0.0464,0.010000000000000009,0.02302255443780437,0.06977744556219562,0.5640793413428596,6.589037205339375,paired_t,0.00022132655627860197,0.0003546163134981128,0,0.1606292724609375,0.009074388807422682
montage,100,1.3,NonSharable,reference,20,small,sfc_deadline_miss_rate,HDS-PBQS,negative_favors_HDS,50,50,0.2494,0.2958,-0.0464,-0.010000000000000009,-0.06977744556219562,-0.023022554437804377,-0.5640793413428598,15.686274509803921,paired_t,0.00022132655627860143,0.00046353321399577273,0,0.1606292724609375,0.00907438880742266
montage,100,1.3,NonSharable,reference,20,small,provisioning_cost,HDS-PBQS,negative_favors_HDS,50,0,,,,,,,0.0,,paired_t,,,1,,
montage,100,1.3,NonSharable,reference,20,small,makespan_s,HDS-PBQS,negative_favors_HDS,0,0,,,,,,,0.0,,paired_t,,,1,,
montage,100,1.3,NonSharable,reference,20,small,network_data_mb,HDS-PBQS,negative_favors_HDS,50,0,,,,,,,0.0,,paired_t,,,1,,
montage,100,1.3,NonSharable,reference,20,small,cpu_utilization,HDS-PBQS,positive_favors_HDS,50,0,,,,,,,0.0,,paired_t,,,1,,
montage,100,1.3,NonSharable,reference,20,small,ram_utilization,HDS-PBQS,positive_favors_HDS,50,0,,,,,,,0.0,,paired_t,,,1,,
montage,100,1.3,NonSharable,reference,20,small,scheduler_runtime_s,HDS-PBQS,negative_favors_HDS,50,50,0.022613312697576427,0.010873493437684323,0.011739819259892101,0.011675260500851398,0.01017402085897624,0.013305617660807963,2.1308105282250978,-107.96731820525454,paired_t,5.0361105631216743e-20,1.7763568394002505e-15,0,7.408118638351983e-17,7.151276999632778e-18
montage,100,1.3,Sharable,reference,20,small,global_deadline_success,HDS-PBQS,positive_favors_HDS,50,50,0.0,0.0,0.0,0.0,0.0,0.0,0.0,,exact_mcnemar,1.0,,0,1.0,1.0
montage,100,1.3,Sharable,reference,20,small,sfc_subdeadline_success,HDS-PBQS,positive_favors_HDS,50,50,0.0,0.0,0.0,0.0,0.0,0.0,0.0,,exact_mcnemar,1.0,,0,1.0,1.0
montage,100,1.3,Sharable,reference,20,small,accepted_sfc_ratio,HDS-PBQS,positive_favors_HDS,50,50,0.6794000000000001,0.36939999999999995,0.30999999999999994,0.3,0.2726351766391494,0.3473648233608505,2.3578600747778484,83.91987005955609,paired_t,7.808770877861979e-22,1.1033181965661352e-09,0,1.1775626483815654e-18,5.700402740839245e-20
montage,100,1.3,Sharable,reference,20,small,sfc_deadline_miss_rate,HDS-PBQS,negative_favors_HDS,50,50,0.3206,0.6306,-0.31,-0.30000000000000004,-0.34736482336085056,-0.27263517663914943,-2.3578600747778498,49.15953060577229,paired_t,7.80877087786184e-22,1.1056599653945596e-09,0,1.1775626483815654e-18,5.700402740839144e-20
montage,100,1.3,Sharable,reference,20,small,provisioning_cost,HDS-PBQS,negative_favors_HDS,50,0,,,,,,,0.0,,paired_t,,,1,,
montage,100,1.3,Sharable,reference,20,small,makespan_s,HDS-PBQS,negative_favors_HDS,0,0,,,,,,,0.0,,paired_t,,,1,,
montage,100,1.3,Sharable,reference,20,small,network_data_mb,HDS-PBQS,negative_favors_HDS,50,0,,,,,,,0.0,,paired_t,,,1,,
montage,100,1.3,Sharable,reference,20,small,cpu_utilization,HDS-PBQS,positive_favors_HDS,50,0,,,,,,,0.0,,paired_t,,,1,,
montage,100,1.3,Sharable,reference,20,small,ram_utilization,HDS-PBQS,positive_favors_HDS,50,0,,,,,,,0.0,,paired_t,,,1,,
montage,100,1.3,Sharable,reference,20,small,scheduler_runtime_s,HDS-PBQS,negative_favors_HDS,50,50,0.033766983019522696,0.006484200978957186,0.027282782040565508,0.026503815495743797,0.024945708623789142,0.029619855457341873,3.3176881861927594,-420.7578100849248,paired_t,2.685188444150168e-28,1.7763568394002505e-15,0,4.497690643951531e-25,6.337044728194396e-26
montage,100,1.35,NonSharable,reference,20,small,global_deadline_success,HDS-PBQS,positive_favors_HDS,50,50,0.16,0.02,0.14,0.0,0.040386207711017225,0.2396137922889828,0.3994181815102191,700.0000000000001,exact_mcnemar,0.015625,0.015625,0,1.0,1.0
montage,100,1.35,NonSharable,reference,20,small,sfc_subdeadline_success,HDS-PBQS,positive_favors_HDS,50,50,0.16,0.02,0.14,0.0,0.040386207711017225,0.2396137922889828,0.3994181815102191,700.0000000000001,exact_mcnemar,0.015625,0.015625,0,1.0,1.0
montage,100,1.35,NonSharable,reference,20,small,accepted_sfc_ratio,HDS-PBQS,positive_favors_HDS,50,50,0.8610000000000001,0.8046000000000001,0.056400000000000006,0.044999999999999984,0.034651672895481156,0.07814832710451886,0.7370085327909537,7.009694258016405,paired_t,3.731768070835657e-06,1.1745522323248831e-05,0,0.0030600498180852385,0.0001977837077542898
montage,100,1.35,NonSharable,reference,20,small,sfc_deadline_miss_rate,HDS-PBQS,negative_favors_HDS,50,50,0.139,0.19540000000000002,-0.0564,-0.04499999999999999,-0.07814832710451884,-0.034651672895481156,-0.7370085327909537,28.863868986693962,paired_t,3.731768070835672e-06,9.932412767703732e-06,0,0.0030600498180852385,0.00019778370775429063
montage,100,1.35,NonSharable,reference,20,small,provisioning_cost,HDS-PBQS,negative_favors_HDS,50,1,0.09,0.095,-0.0050000000000000044,-0.0050000000000000044,-0.0050000000000000044,-0.0050000000000000044,0.0,5.263157894736847,paired_t,,,1,,
montage,100,1.35,NonSharable,reference,20,small,makespan_s,HDS-PBQS,negative_favors_HDS,1,1,180.89978845378772,184.70895413385324,-3.8091656800655187,-3.8091656800655187,-3.8091656800655187,-3.8091656800655187,0.0,2.062252854999724,paired_t,,,1,,
montage,100,1.35,NonSharable,reference,20,small,network_data_mb,HDS-PBQS,negative_favors_HDS,50,1,556.8811773233443,545.506420550397,11.374756772947308,11.374756772947308,11.374756772947308,11.374756772947308,0.0,-2.08517376596055,paired_t,,,1,,
montage,100,1.35,NonSharable,reference,20,small,cpu_utilization,HDS-PBQS,positive_favors_HDS,50,1,0.150793972865843,0.149846940429792,0.0009470324360510152,0.0009470324360510152,0.0009470324360510152,0.0009470324360510152,0.0,0.6319998482015918,paired_t,,,1,,
montage,100,1.35,NonSharable,reference,20,small,ram_utilization,HDS-PBQS,positive_favors_HDS,50,1,0.2894237355625095,0.2814044567761479,0.008019278786361606,0.008019278786361606,0.008019278786361606,0.008019278786361606,0.0,2.8497341080638234,paired_t,,,1,,
montage,100,1.35,NonSharable,reference,20,small,scheduler_runtime_s,HDS-PBQS,negative_favors_HDS,50,50,0.02685913030152729,0.012841263522423065,0.014017866779104222,0.0127974480019475,0.012220142024252768,0.015815591533955675,2.216042054618455,-109.16267511079894,paired_t,1.0189334237935944e-20,1.7763568394002505e-15,0,1.5131161343334875e-17,1.5284001356903917e-18
montage,100,1.35,Sharable,reference,20,small,global_deadline_success,HDS-PBQS,positive_favors_HDS,50,50,0.0,0.0,0.0,0.0,0.0,0.0,0.0,,exact_mcnemar,1.0,,0,1.0,1.0
montage,100,1.35,Sharable,reference,20,small,sfc_subdeadline_success,HDS-PBQS,positive_favors_HDS,50,50,0.0,0.0,0.0,0.0,0.0,0.0,0.0,,exact_mcnemar,1.0,,0,1.0,1.0
montage,100,1.35,Sharable,reference,20,small,accepted_sfc_ratio,HDS-PBQS,positive_favors_HDS,50,50,0.7953999999999999,0.4036,0.3918000000000001,0.39999999999999997,0.35359890771131225,0.43000109228868794,2.9147943504275022,97.07631318136765,paired_t,8.610935822466325e-26,7.480386006421243e-10,0,1.4147767556312171e-22,6.716529941523734e-24
montage,100,1.35,Sharable,reference,20,small,sfc_deadline_miss_rate,HDS-PBQS,negative_favors_HDS,50,50,0.2046,0.5964,-0.3918000000000001,-0.4,-0.43000109228868794,-0.35359890771131225,-2.9147943504275022,65.69416498993965,paired_t,8.610935822466325e-26,7.482079377523655e-10,0,1.4147767556312171e-22,6.716529941523734e-24
montage,100,1.35,Sharable,reference,20,small,provisioning_cost,HDS-PBQS,negative_favors_HDS,50,0,,,,,,,0.0,,paired_t,,,1,,
montage,100,1.35,Sharable,reference,20,small,makespan_s,HDS-PBQS,negative_favors_HDS,0,0,,,,,,,0.0,,paired_t,,,1,,
montage,100,1.35,Sharable,reference,20,small,network_data_mb,HDS-PBQS,negative_favors_HDS,50,0,,,,,,,0.0,,paired_t,,,1,,
montage,100,1.35,Sharable,reference,20,small,cpu_utilization,HDS-PBQS,positive_favors_HDS,50,0,,,,,,,0.0,,paired_t,,,1,,
montage,100,1.35,Sharable,reference,20,small,ram_utilization,HDS-PBQS,positive_favors_HDS,50,0,,,,,,,0.0,,paired_t,,,1,,
montage,100,1.35,Sharable,reference,20,small,scheduler_runtime_s,HDS-PBQS,negative_favors_HDS,50,50,0.03717858756011987,0.007353329060279019,0.029825258499840857,0.0299658775147691,0.02780184580446325,0.03184867119521846,4.189083472375984,-405.6021191945563,paired_t,6.151066699117951e-33,1.7763568394002505e-15,0,1.0672100722969645e-29,1.4762560077883083e-30
montage,100,1.4,NonSharable,reference,20,small,global_deadline_success,HDS-PBQS,positive_favors_HDS,50,50,0.34,0.16,0.18,0.0,0.05565662601219071,0.3043433739878093,0.4114045835224536,112.50000000000001,exact_mcnemar,0.01171875,0.01171875,0,1.0,1.0
montage,100,1.4,NonSharable,reference,20,small,sfc_subdeadline_success,HDS-PBQS,positive_favors_HDS,50,50,0.34,0.16,0.18,0.0,0.05565662601219071,0.3043433739878093,0.4114045835224536,112.50000000000001,exact_mcnemar,0.01171875,0.01171875,0,1.0,1.0
montage,100,1.4,NonSharable,reference,20,small,accepted_sfc_ratio,HDS-PBQS,positive_favors_HDS,50,50,0.9324000000000001,0.8916,0.0408,0.015000000000000013,0.023827251087873584,0.05777274891212642,0.6831675743427397,4.576043068640665,paired_t,1.3789190621683612e-05,1.0909145264006504e-05,0,0.011072720069211941,0.000675670340462497
montage,100,1.4,NonSharable,reference,20,small,sfc_deadline_miss_rate,HDS-PBQS,negative_favors_HDS,50,50,0.0676,0.1084,-0.0408,-0.015000000000000005,-0.05777274891212642,-0.023827251087873584,-0.6831675743427396,37.63837638376384,paired_t,1.3789190621683612e-05,1.2160045295940676e-05,0,0.011072720069211941,0.000675670340462497
montage,100,1.4,NonSharable,reference,20,small,provisioning_cost,HDS-PBQS,negative_favors_HDS,50,7,0.09928571428571428,0.10857142857142857,-0.009285714285714286,-0.015,-0.023768872385871456,0.0051974438144428824,-0.5929544729022733,8.552631578947368,paired_t,0.1677415515006804,0.296875,1,1.0,1.0
montage,100,1.4,NonSharable,reference,20,small,makespan_s,HDS-PBQS,negative_favors_HDS,7,7,185.41156685380975,189.48199434997125,-4.0704274961614875,-3.700519522094595,-7.142130019909389,-0.9987249724135863,-1.2255475699738605,2.148186961048902,paired_t,0.017631599028116587,0.03125,1,1.0,0.21157918833739903
montage,100,1.4,NonSharable,reference,20,small,network_data_mb,HDS-PBQS,negative_favors_HDS,50,7,524.0643354974403,526.0341354240184,-1.9697999265780564,3.042441053246421,-21.345376419736944,17.405776566580833,-0.09402358106744009,0.37446237685511774,paired_t,0.8118402894721016,0.9375,1,1.0,1.0
montage,100,1.4,NonSharable,reference,20,small,cpu_utilization,HDS-PBQS,positive_favors_HDS,50,7,0.15446016342629856,0.14343265036308073,0.01102751306321782,0.008593356248558087,0.0031295438107912816,0.01892548231564436,1.2913127723186912,7.68828647822037,paired_t,0.014204814395224124,0.03125,1,1.0,0.18466258713791361
montage,100,1.4,NonSharable,reference,20,small,ram_utilization,HDS-PBQS,positive_favors_HDS,50,7,0.29451091284962544,0.2667365584074137,0.027774354442211713,0.02250095024073101,0.011554855302163575,0.04399385358225985,1.583710655696712,10.412653821449227,paired_t,0.005748586377732596,0.015625,1,1.0,0.09197738204372154
montage,100,1.4,NonSharable,reference,20,small,scheduler_runtime_s,HDS-PBQS,negative_favors_HDS,50,50,0.026448166677291683,0.014001857760304073,0.012446308916987616,0.0116955894991406,0.010600740012189587,0.014291877821785644,1.9165915981465025,-88.89041104440786,paired_t,3.3773334786466792e-18,1.7763568394002505e-15,0,4.7620402048918175e-15,3.782613496084281e-16
montage,100,1.4,Sharable,reference,20,small,global_deadline_success,HDS-PBQS,positive_favors_HDS,50,50,0.2,0.0,0.2,0.0,0.08516712930690061,0.3148328706930994,0.49497474683058323,,exact_mcnemar,0.001953125,0.001953125,0,1.0,0.40234375
montage,100,1.4,Sharable,reference,20,small,sfc_subdeadline_success,HDS-PBQS,positive_favors_HDS,50,50,0.2,0.0,0.2,0.0,0.08516712930690061,0.3148328706930994,0.49497474683058323,,exact_mcnemar,0.001953125,0.001953125,0,1.0,0.40234375
montage,100,1.4,Sharable,reference,20,small,accepted_sfc_ratio,HDS-PBQS,positive_favors_HDS,50,50,0.8769999999999999,0.4404,0.43660000000000004,0.45,0.4025999183756091,0.470600081624391,3.6494132125972016,99.13714804722976,paired_t,3.548564256279341e-30,7.497335219107156e-10,0,6.107079085056746e-27,2.874337047586266e-28
montage,100,1.4,Sharable,reference,20,small,sfc_deadline_miss_rate,HDS-PBQS,negative_favors_HDS,50,50,0.12299999999999998,0.5596,-0.43660000000000004,-0.45000000000000007,-0.470600081624391,-0.4025999183756091,-3.6494132125972016,78.02001429592566,paired_t,3.548564256279341e-30,7.485467152741082e-10,0,6.107079085056746e-27,2.874337047586266e-28
montage,100,1.4,Sharable,reference,20,small,provisioning_cost,HDS-PBQS,negative_favors_HDS,50,0,,,,,,,0.0,,paired_t,,,1,,
montage,100,1.4,Sharable,reference,20,small,makespan_s,HDS-PBQS,negative_favors_HDS,0,0,,,,,,,0.0,,paired_t,,,1,,
montage,100,1.4,Sharable,reference,20,small,network_data_mb,HDS-PBQS,negative_favors_HDS,50,0,,,,,,,0.0,,paired_t,,,1,,
montage,100,1.4,Sharable,reference,20,small,cpu_utilization,HDS-PBQS,positive_favors_HDS,50,0,,,,,,,0.0,,paired_t,,,1,,
montage,100,1.4,Sharable,reference,20,small,ram_utilization,HDS-PBQS,positive_favors_HDS,50,0,,,,,,,0.0,,paired_t,,,1,,
montage,100,1.4,Sharable,reference,20,small,scheduler_runtime_s,HDS-PBQS,negative_favors_HDS,50,50,0.03866891535879399,0.007906515860595341,0.03076239949819865,0.0305524029827211,0.02848306122111768,0.03304173777527962,3.835576883343371,-389.0765545859832,paired_t,3.6242848880832476e-31,1.7763568394002505e-15,0,6.273637141272101e-28,8.662040882518962e-29
montage,100,1.45,NonSharable,reference,20,small,global_deadline_success,HDS-PBQS,positive_favors_HDS,50,50,0.6,0.38,0.22,0.0,0.08794219870293571,0.3520578012970643,0.4734541056640361,57.89473684210525,exact_mcnemar,0.00341796875,0.00341796875,0,1.0,0.69384765625
montage,100,1.45,NonSharable,reference,20,small,sfc_subdeadline_success,HDS-PBQS,positive_favors_HDS,50,50,0.6,0.38,0.22,0.0,0.08794219870293571,0.3520578012970643,0.4734541056640361,57.89473684210525,exact_mcnemar,0.00341796875,0.00341796875,0,1.0,0.69384765625
montage,100,1.45,NonSharable,reference,20,small,accepted_sfc_ratio,HDS-PBQS,positive_favors_HDS,50,50,0.9756,0.9472,0.0284,0.0,0.01217683404151627,0.04462316595848373,0.4975102095813786,2.9983108108108087,paired_t,0.0009489155421023101,5.049388061818878e-05,0,0.6462114841716732,0.03416095951568317
montage,100,1.45,NonSharable,reference,20,small,sfc_deadline_miss_rate,HDS-PBQS,negative_favors_HDS,50,50,0.024400000000000005,0.0528,-0.028399999999999998,0.0,-0.04462316595848373,-0.012176834041516267,-0.49751020958137854,53.787878787878775,paired_t,0.0009489155421023101,3.998708142842649e-05,0,0.6462114841716732,0.03416095951568317
montage,100,1.45,NonSharable,reference,20,small,provisioning_cost,HDS-PBQS,negative_favors_HDS,50,18,0.10305555555555557,0.11055555555555557,-0.007500000000000002,-0.010000000000000002,-0.013485106751414386,-0.0015148932485856198,-0.6231571816937096,6.7839195979899545,paired_t,0.01705782293777912,0.01839938155335356,1,1.0,0.5970238028222692
montage,100,1.45,NonSharable,reference,20,small,makespan_s,HDS-PBQS,negative_favors_HDS,18,18,185.45962392093224,191.08337864420932,-5.623754723277017,-5.128963035556609,-7.678229892702137,-3.5692795538518967,-1.361236909350232,2.943089432047521,paired_t,2.24040061626569e-05,2.288818359375e-05,1,0.017945608936288177,0.0004032721109278242
montage,100,1.45,NonSharable,reference,20,small,network_data_mb,HDS-PBQS,negative_favors_HDS,50,18,541.9567442622974,539.6384674190391,2.3182768432585212,-0.48779718825477403,-10.428382059029278,15.064935745546322,0.09044346136534445,-0.42959814454037937,paired_t,0.7059433616392508,0.7987060546875,1,1.0,1.0
montage,100,1.45,NonSharable,reference,20,small,cpu_utilization,HDS-PBQS,positive_favors_HDS,50,18,0.1530549535997999,0.1459081914063921,0.007146762193407747,0.006412283906884933,0.0023601208013249667,0.011933403585490528,0.742483285386271,4.898122665027221,paired_t,0.005841863191329397,0.00193023681640625,1,1.0,0.08762794786994095
montage,100,1.45,NonSharable,reference,20,small,ram_utilization,HDS-PBQS,positive_favors_HDS,50,18,0.27929241029734697,0.2612995747465919,0.01799283555075518,0.015655011319288037,0.009708061560630565,0.026277609540879793,1.0800085345368153,6.885903112626391,paired_t,0.0002649842773550035,0.0001068115234375,1,0.18866880547676249,0.00529968554710007
montage,100,1.45,NonSharable,reference,20,small,scheduler_runtime_s,HDS-PBQS,negative_favors_HDS,50,50,0.027275175979011648,0.014650103540698133,0.012625072438313505,0.012412752992531799,0.011403183860582344,0.013846961016044665,2.9364427761791685,-86.17735979299354,paired_t,6.215047477397067e-26,1.7763568394002505e-15,0,1.0217538052840778e-22,1.4418910147561193e-23
montage,100,1.45,Sharable,reference,20,small,global_deadline_success,HDS-PBQS,positive_favors_HDS,50,50,0.36,0.0,0.36,0.0,0.22220055516828074,0.49779944483171923,0.742462120245875,,exact_mcnemar,7.62939453125e-06,2.209049699858536e-05,0,0.00618743896484375,0.00164794921875
montage,100,1.45,Sharable,reference,20,small,sfc_subdeadline_success,HDS-PBQS,positive_favors_HDS,50,50,0.36,0.0,0.36,0.0,0.22220055516828074,0.49779944483171923,0.742462120245875,,exact_mcnemar,7.62939453125e-06,2.209049699858536e-05,0,0.00618743896484375,0.00164794921875
montage,100,1.45,Sharable,reference,20,small,accepted_sfc_ratio,HDS-PBQS,positive_favors_HDS,50,50,0.9421999999999998,0.4888,0.45339999999999997,0.45999999999999996,0.4237895365536482,0.48301046344635173,4.35166624511714,92.75777414075283,paired_t,1.0451926434395858e-33,7.47192431350669e-10,0,1.8311775113061543e-30,8.779618204892521e-32
montage,100,1.45,Sharable,reference,20,small,sfc_deadline_miss_rate,HDS-PBQS,negative_favors_HDS,50,50,0.05779999999999999,0.5112,-0.45339999999999997,-0.46,-0.48301046344635173,-0.4237895365536482,-4.35166624511714,88.69327073552427,paired_t,1.0451926434395858e-33,7.499032036153974e-10,0,1.8311775113061543e-30,8.779618204892521e-32
montage,100,1.45,Sharable,reference,20,small,provisioning_cost,HDS-PBQS,negative_favors_HDS,50,0,,,,,,,0.0,,paired_t,,,1,,
montage,100,1.45,Sharable,reference,20,small,makespan_s,HDS-PBQS,negative_favors_HDS,0,0,,,,,,,0.0,,paired_t,,,1,,
montage,100,1.45,Sharable,reference,20,small,network_data_mb,HDS-PBQS,negative_favors_HDS,50,0,,,,,,,0.0,,paired_t,,,1,,
montage,100,1.45,Sharable,reference,20,small,cpu_utilization,HDS-PBQS,positive_favors_HDS,50,0,,,,,,,0.0,,paired_t,,,1,,
montage,100,1.45,Sharable,reference,20,small,ram_utilization,HDS-PBQS,positive_favors_HDS,50,0,,,,,,,0.0,,paired_t,,,1,,
montage,100,1.45,Sharable,reference,20,small,scheduler_runtime_s,HDS-PBQS,negative_favors_HDS,50,50,0.03904035827952607,0.008881295898536286,0.030159062380989782,0.03039328100021515,0.02750899352996002,0.03280913123201955,3.234297361763372,-339.5795244921438,paired_t,8.438152929694064e-28,1.7763568394002505e-15,0,1.3948266792784287e-24,1.982965938478105e-25
montage,100,1.5,NonSharable,reference,20,small,global_deadline_success,HDS-PBQS,positive_favors_HDS,50,50,0.9,0.6,0.3,0.0,0.16844241944494898,0.431557580555051,0.6480740698407861,50.00000000000001,exact_mcnemar,6.103515625e-05,0.00010751117672950055,0,0.04548515181552641,0.01300048828125
montage,100,1.5,NonSharable,reference,20,small,sfc_subdeadline_success,HDS-PBQS,positive_favors_HDS,50,50,0.9,0.6,0.3,0.0,0.16844241944494898,0.431557580555051,0.6480740698407861,50.00000000000001,exact_mcnemar,6.103515625e-05,0.00010751117672950055,0,0.04548515181552641,0.01300048828125
montage,100,1.5,NonSharable,reference,20,small,accepted_sfc_ratio,HDS-PBQS,positive_favors_HDS,50,50,0.993,0.9784,0.014600000000000009,0.0,0.0048694810075276245,0.02433051899247239,0.42641857987714465,1.4922322158626273,paired_t,0.004060821712922372,0.0003684289204786924,0,1.0,0.12588547310059353
montage,100,1.5,NonSharable,reference,20,small,sfc_deadline_miss_rate,HDS-PBQS,negative_favors_HDS,50,50,0.007000000000000001,0.021599999999999998,-0.0146,0.0,-0.024330518992472384,-0.004869481007527618,-0.4264185798771445,67.59259259259258,paired_t,0.00406082171292238,0.0003684289204786924,0,1.0,0.12588547310059378
montage,100,1.5,NonSharable,reference,20,small,provisioning_cost,HDS-PBQS,negative_favors_HDS,50,30,0.10300000000000001,0.11133333333333334,-0.008333333333333335,-0.010000000000000002,-0.013412994718774548,-0.003253671947892121,-0.6125837078896588,7.485029940119758,paired_t,0.002224857387531101,0.0021916193961003905,1,1.0,0.08899429550124405
montage,100,1.5,NonSharable,reference,20,small,makespan_s,HDS-PBQS,negative_favors_HDS,30,30,186.8203801963699,192.28807753495866,-5.467697338588786,-4.974549596025412,-6.958790183039756,-3.9766044941378156,-1.3692452135109934,2.8434926432683807,paired_t,2.886695925966904e-08,1.862645149230957e-08,1,2.6211199007779487e-05,6.63940062972388e-07
montage,100,1.5,NonSharable,reference,20,small,network_data_mb,HDS-PBQS,negative_favors_HDS,50,30,541.1621035586685,546.6832828708098,-5.521179312141127,-7.996038064935362,-16.229774851837927,5.187416227555673,-0.1925221874010319,1.0099411277308101,paired_t,0.30036639550024424,0.22855282202363014,1,1.0,1.0
montage,100,1.5,NonSharable,reference,20,small,cpu_utilization,HDS-PBQS,positive_favors_HDS,50,30,0.15377279403903849,0.14578629559584297,0.00798649844319552,0.007220523765596884,0.005206974486180755,0.010766022400210285,1.0729202467825236,5.478223045968697,paired_t,2.235545075018656e-06,1.4193356037139893e-06,1,0.0018510313221154473,6.035971702550371e-05
montage,100,1.5,NonSharable,reference,20,small,ram_utilization,HDS-PBQS,positive_favors_HDS,50,30,0.2812843710970913,0.26188504210735597,0.019399328989735377,0.018077647924462037,0.014311271134196286,0.02448738684527447,1.4236922416026656,7.407574267560829,paired_t,1.3396540487796083e-08,4.6566128730773926e-08,1,1.2204248384382232e-05,4.018962146338825e-07
montage,100,1.5,NonSharable,reference,20,small,scheduler_runtime_s,HDS-PBQS,negative_favors_HDS,50,50,0.027248855839643468,0.015031161335355087,0.012217694504288374,0.0122099274813081,0.010916724266031333,0.013518664742545415,2.668954490594721,-81.28243873978589,paired_t,4.020228271243419e-24,1.7763568394002505e-15,0,6.3983704071427035e-21,8.52288393503605e-22
montage,100,1.5,Sharable,reference,20,small,global_deadline_success,HDS-PBQS,positive_favors_HDS,50,50,0.68,0.0,0.68,1.0,0.5460830110083095,0.8139169889916906,1.4430869689661814,,exact_mcnemar,1.1641532182693481e-10,5.5112072519899596e-09,0,1.1699739843606949e-07,2.6775524020195007e-08
montage,100,1.5,Sharable,reference,20,small,sfc_subdeadline_success,HDS-PBQS,positive_favors_HDS,50,50,0.68,0.0,0.68,1.0,0.5460830110083095,0.8139169889916906,1.4430869689661814,,exact_mcnemar,1.1641532182693481e-10,5.5112072519899596e-09,0,1.1699739843606949e-07,2.6775524020195007e-08
montage,100,1.5,Sharable,reference,20,small,accepted_sfc_ratio,HDS-PBQS,positive_favors_HDS,50,50,0.976,0.5419999999999999,0.434,0.42000000000000004,0.40084231928381964,0.46715768071618036,3.7198450742351947,80.0738007380074,paired_t,1.4795120832656287e-30,7.396155095977842e-10,0,2.5595559040495375e-27,1.2131999082778154e-28
montage,100,1.5,Sharable,reference,20,small,sfc_deadline_miss_rate,HDS-PBQS,negative_favors_HDS,50,50,0.024,0.458,-0.434,-0.42,-0.46715768071618036,-0.40084231928381964,-3.7198450742351943,94.75982532751091,paired_t,1.4795120832656287e-30,7.397831329612789e-10,0,2.5595559040495375e-27,1.2131999082778154e-28
montage,100,1.5,Sharable,reference,20,small,provisioning_cost,HDS-PBQS,negative_favors_HDS,50,0,,,,,,,0.0,,paired_t,,,1,,
montage,100,1.5,Sharable,reference,20,small,makespan_s,HDS-PBQS,negative_favors_HDS,0,0,,,,,,,0.0,,paired_t,,,1,,
montage,100,1.5,Sharable,reference,20,small,network_data_mb,HDS-PBQS,negative_favors_HDS,50,0,,,,,,,0.0,,paired_t,,,1,,
montage,100,1.5,Sharable,reference,20,small,cpu_utilization,HDS-PBQS,positive_favors_HDS,50,0,,,,,,,0.0,,paired_t,,,1,,
montage,100,1.5,Sharable,reference,20,small,ram_utilization,HDS-PBQS,positive_favors_HDS,50,0,,,,,,,0.0,,paired_t,,,1,,
montage,100,1.5,Sharable,reference,20,small,scheduler_runtime_s,HDS-PBQS,negative_favors_HDS,50,50,0.04068595107855795,0.009710178138920986,0.030975772939636964,0.0281242229903,0.02785508877839574,0.03409645710087819,2.820925416077077,-319.0031377022611,paired_t,3.6216410621337074e-25,1.7763568394002505e-15,0,5.903274931277943e-22,8.112475979179504e-23
montage,100,1.6,NonSharable,reference,20,small,global_deadline_success,HDS-PBQS,positive_favors_HDS,50,50,1.0,1.0,0.0,0.0,0.0,0.0,0.0,0.0,exact_mcnemar,1.0,,0,1.0,1.0
montage,100,1.6,NonSharable,reference,20,small,sfc_subdeadline_success,HDS-PBQS,positive_favors_HDS,50,50,1.0,1.0,0.0,0.0,0.0,0.0,0.0,0.0,exact_mcnemar,1.0,,0,1.0,1.0
montage,100,1.6,NonSharable,reference,20,small,accepted_sfc_ratio,HDS-PBQS,positive_favors_HDS,50,50,1.0,1.0,0.0,0.0,0.0,0.0,0.0,0.0,paired_t,,,0,,
montage,100,1.6,NonSharable,reference,20,small,sfc_deadline_miss_rate,HDS-PBQS,negative_favors_HDS,50,50,0.0,0.0,0.0,0.0,0.0,0.0,0.0,,paired_t,,,0,,
montage,100,1.6,NonSharable,reference,20,small,provisioning_cost,HDS-PBQS,negative_favors_HDS,50,50,0.10649999999999998,0.1145,-0.008,-0.009999999999999995,-0.012039604298335095,-0.003960395701664905,-0.5628211765451587,6.9868995633187945,paired_t,0.00022766710487526667,0.0001835181804910103,1,0.163920315510192,0.013660026292516
montage,100,1.6,NonSharable,reference,20,small,makespan_s,HDS-PBQS,negative_favors_HDS,50,50,189.72824304775,195.51381559774185,-5.785572549991843,-5.1177275712305175,-6.937040641384118,-4.634104458599569,-1.4279523143033788,2.9591630301437775,paired_t,1.4590405701631666e-13,4.440892098500626e-14,1,1.7129136293715576e-10,8.170627192913732e-12
montage,100,1.6,NonSharable,reference,20,small,network_data_mb,HDS-PBQS,negative_favors_HDS,50,50,542.755036629228,554.412483373453,-11.657446744224885,-14.814927892480938,-19.99137266032129,-3.323520828128478,-0.39753289640105816,2.1026667136519976,paired_t,0.007081275854315525,0.00594215911497642,1,1.0,0.45446605239658483
montage,100,1.6,NonSharable,reference,20,small,cpu_utilization,HDS-PBQS,positive_favors_HDS,50,50,0.15202087878882226,0.1438846205909993,0.00813625819782296,0.007413689394283704,0.005420108054372522,0.010852408341273398,0.8513148659687976,5.654710117317378,paired_t,2.1824089773894953e-07,2.2451841275028528e-08,1,0.0001885601356464524,9.820840398252729e-06
montage,100,1.6,NonSharable,reference,20,small,ram_utilization,HDS-PBQS,positive_favors_HDS,50,50,0.278875066147564,0.2591820487048429,0.019693017442721113,0.01727022511238853,0.014565483399146918,0.02482055148629531,1.0914980934076204,7.59814097509028,paired_t,5.167570239676012e-10,1.1467804483800137e-10,1,5.110726967039576e-07,3.410596358186168e-08
montage,100,1.6,NonSharable,reference,20,small,scheduler_runtime_s,HDS-PBQS,negative_favors_HDS,50,50,0.027747014200067453,0.01542596049948765,0.012321053700579803,0.0113662799994927,0.010757973968627429,0.013884133432532177,2.2401958431929168,-79.87219791590306,paired_t,6.527495963289449e-21,1.7763568394002505e-15,0,9.725968985301278e-18,1.0117618743098646e-18
montage,100,1.6,Sharable,reference,20,small,global_deadline_success,HDS-PBQS,positive_favors_HDS,50,50,0.96,0.0,0.96,1.0,0.9037436122205812,1.0162563877794188,4.849742261192856,,exact_mcnemar,7.105427357601002e-15,4.262191597843629e-12,0,8.562039965909207e-12,1.6981971384666394e-12
montage,100,1.6,Sharable,reference,20,small,sfc_subdeadline_success,HDS-PBQS,positive_favors_HDS,50,50,0.96,0.0,0.96,1.0,0.9037436122205812,1.0162563877794188,4.849742261192856,,exact_mcnemar,7.105427357601002e-15,4.262191597843629e-12,0,8.562039965909207e-12,1.6981971384666394e-12
montage,100,1.6,Sharable,reference,20,small,accepted_sfc_ratio,HDS-PBQS,positive_favors_HDS,50,50,0.9996,0.629,0.37059999999999993,0.33999999999999997,0.3434595115550431,0.39774048844495674,3.8806727764064415,58.91891891891892,paired_t,2.116153502065021e-31,6.989236473198319e-10,0,3.6672940190786816e-28,1.7564074067139677e-29
montage,100,1.6,Sharable,reference,20,small,sfc_deadline_miss_rate,HDS-PBQS,negative_favors_HDS,50,50,0.0004,0.37099999999999994,-0.37059999999999993,-0.33999999999999997,-0.39774048844495674,-0.3434595115550431,-3.8806727764064415,99.89218328840971,paired_t,2.116153502065021e-31,6.998800225584532e-10,0,3.6672940190786816e-28,1.7564074067139677e-29
montage,100,1.6,Sharable,reference,20,small,provisioning_cost,HDS-PBQS,negative_favors_HDS,50,0,,,,,,,0.0,,paired_t,,,1,,
montage,100,1.6,Sharable,reference,20,small,makespan_s,HDS-PBQS,negative_favors_HDS,0,0,,,,,,,0.0,,paired_t,,,1,,
montage,100,1.6,Sharable,reference,20,small,network_data_mb,HDS-PBQS,negative_favors_HDS,50,0,,,,,,,0.0,,paired_t,,,1,,
montage,100,1.6,Sharable,reference,20,small,cpu_utilization,HDS-PBQS,positive_favors_HDS,50,0,,,,,,,0.0,,paired_t,,,1,,
montage,100,1.6,Sharable,reference,20,small,ram_utilization,HDS-PBQS,positive_favors_HDS,50,0,,,,,,,0.0,,paired_t,,,1,,
montage,100,1.6,Sharable,reference,20,small,scheduler_runtime_s,HDS-PBQS,negative_favors_HDS,50,50,0.04050742358085694,0.010747350721358049,0.029760072859498898,0.0298686895039282,0.027059216727551315,0.03246092899144648,3.1314956120578534,-276.9061290645065,paired_t,3.5822882325421694e-27,1.7763568394002505e-15,0,5.9143578719271214e-24,8.346731581823254e-25
montage,100,1.7,NonSharable,reference,20,small,global_deadline_success,HDS-PBQS,positive_favors_HDS,50,50,1.0,1.0,0.0,0.0,0.0,0.0,0.0,0.0,exact_mcnemar,1.0,,0,1.0,1.0
montage,100,1.7,NonSharable,reference,20,small,sfc_subdeadline_success,HDS-PBQS,positive_favors_HDS,50,50,1.0,1.0,0.0,0.0,0.0,0.0,0.0,0.0,exact_mcnemar,1.0,,0,1.0,1.0
montage,100,1.7,NonSharable,reference,20,small,accepted_sfc_ratio,HDS-PBQS,positive_favors_HDS,50,50,1.0,1.0,0.0,0.0,0.0,0.0,0.0,0.0,paired_t,,,0,,
montage,100,1.7,NonSharable,reference,20,small,sfc_deadline_miss_rate,HDS-PBQS,negative_favors_HDS,50,50,0.0,0.0,0.0,0.0,0.0,0.0,0.0,,paired_t,,,0,,
montage,100,1.7,NonSharable,reference,20,small,provisioning_cost,HDS-PBQS,negative_favors_HDS,50,50,0.1069,0.1143,-0.0074,-0.0050000000000000044,-0.01144205180192125,-0.0033579481980787517,-0.5202943538894743,6.474190726159234,paired_t,0.0005819667061133169,0.00047166158420394104,1,0.4038848940426419,0.03069202401363756
montage,100,1.7,NonSharable,reference,20,small,makespan_s,HDS-PBQS,negative_favors_HDS,50,50,189.78834703005953,195.6033815164424,-5.815034486382872,-5.387002947670879,-6.951235578614071,-4.678833394151672,-1.454508825003802,2.9728701218256086,paired_t,7.856408196263228e-14,1.2434497875801753e-13,1,9.286274487983135e-11,4.848537817861713e-12
montage,100,1.7,NonSharable,reference,20,small,network_data_mb,HDS-PBQS,negative_favors_HDS,50,50,542.6308899459799,554.4357119549136,-11.804822008933666,-15.395642428997206,-20.101722370357436,-3.507921647509894,-0.40435501795637124,2.129159748261967,paired_t,0.006221877075688239,0.0050721514649119115,1,1.0,0.45446605239658483
montage,100,1.7,NonSharable,reference,20,small,cpu_utilization,HDS-PBQS,positive_favors_HDS,50,50,0.1517027335237946,0.14418267869344942,0.007520054830345199,0.007413689394283704,0.004861485892218393,0.010178623768472004,0.8038820830598462,5.21564372259567,paired_t,7.145403326725692e-07,1.3054913772236887e-07,1,0.0006023575004429759,2.9209446370692695e-05
montage,100,1.7,NonSharable,reference,20,small,ram_utilization,HDS-PBQS,positive_favors_HDS,50,50,0.2782742832379104,0.2596743935546107,0.01859988968329972,0.01727022511238853,0.013537590804394917,0.023662188562204523,1.0441955891993577,7.162773898762602,paired_t,1.692411193481341e-09,5.318447904301138e-10,1,1.5993285778398674e-06,9.056459283889669e-08
montage,100,1.7,NonSharable,reference,20,small,scheduler_runtime_s,HDS-PBQS,negative_favors_HDS,50,50,0.029800325739852234,0.01566410517945764,0.01413622056039459,0.01376648750192545,0.012603291086321133,0.015669150034468046,2.620779037656964,-90.2459502055262,paired_t,8.813954929921625e-24,1.7763568394002505e-15,0,1.3908420879416326e-20,1.78923285077409e-21
montage,100,1.7,Sharable,reference,20,small,global_deadline_success,HDS-PBQS,positive_favors_HDS,50,50,1.0,0.0,1.0,1.0,1.0,1.0,0.0,,exact_mcnemar,1.7763568394002505e-15,1.5374597944280347e-12,0,2.156497203031904e-12,4.263256414560601e-13
montage,100,1.7,Sharable,reference,20,small,sfc_subdeadline_success,HDS-PBQS,positive_favors_HDS,50,50,1.0,0.0,1.0,1.0,1.0,1.0,0.0,,exact_mcnemar,1.7763568394002505e-15,1.5374597944280347e-12,0,2.156497203031904e-12,4.263256414560601e-13
montage,100,1.7,Sharable,reference,20,small,accepted_sfc_ratio,HDS-PBQS,positive_favors_HDS,50,50,1.0,0.7408,0.25920000000000004,0.21999999999999997,0.22882437223108457,0.2895756277689155,2.425096380061523,34.98920086393088,paired_t,2.399328040031665e-22,7.161564956141516e-10,0,3.7069618218489227e-19,1.7994960300237488e-20
montage,100,1.7,Sharable,reference,20,small,sfc_deadline_miss_rate,HDS-PBQS,negative_favors_HDS,50,50,0.0,0.2592,-0.2592,-0.22,-0.28957562776891543,-0.2288243722310845,-2.425096380061522,100.0,paired_t,2.3993280400316985e-22,7.161564956141516e-10,0,3.7069618218489227e-19,1.7994960300237738e-20
montage,100,1.7,Sharable,reference,20,small,provisioning_cost,HDS-PBQS,negative_favors_HDS,50,0,,,,,,,0.0,,paired_t,,,1,,
montage,100,1.7,Sharable,reference,20,small,makespan_s,HDS-PBQS,negative_favors_HDS,0,0,,,,,,,0.0,,paired_t,,,1,,
montage,100,1.7,Sharable,reference,20,small,network_data_mb,HDS-PBQS,negative_favors_HDS,50,0,,,,,,,0.0,,paired_t,,,1,,
montage,100,1.7,Sharable,reference,20,small,cpu_utilization,HDS-PBQS,positive_favors_HDS,50,0,,,,,,,0.0,,paired_t,,,1,,
montage,100,1.7,Sharable,reference,20,small,ram_utilization,HDS-PBQS,positive_favors_HDS,50,0,,,,,,,0.0,,paired_t,,,1,,
montage,100,1.7,Sharable,reference,20,small,scheduler_runtime_s,HDS-PBQS,negative_favors_HDS,50,50,0.04289496078017686,0.012761242618798812,0.030133718161378057,0.029169767492930997,0.027652110354591117,0.03261532596816499,3.4509514043423044,-236.13467012207371,paired_t,4.525993376596914e-29,1.7763568394002505e-15,0,7.662506786578576e-26,1.0771864236300656e-26
montage,100,1.8,NonSharable,reference,20,small,global_deadline_success,HDS-PBQS,positive_favors_HDS,50,50,1.0,1.0,0.0,0.0,0.0,0.0,0.0,0.0,exact_mcnemar,1.0,,0,1.0,1.0
montage,100,1.8,NonSharable,reference,20,small,sfc_subdeadline_success,HDS-PBQS,positive_favors_HDS,50,50,1.0,1.0,0.0,0.0,0.0,0.0,0.0,0.0,exact_mcnemar,1.0,,0,1.0,1.0
montage,100,1.8,NonSharable,reference,20,small,accepted_sfc_ratio,HDS-PBQS,positive_favors_HDS,50,50,1.0,1.0,0.0,0.0,0.0,0.0,0.0,0.0,paired_t,,,0,,
montage,100,1.8,NonSharable,reference,20,small,sfc_deadline_miss_rate,HDS-PBQS,negative_favors_HDS,50,50,0.0,0.0,0.0,0.0,0.0,0.0,0.0,,paired_t,,,0,,
montage,100,1.8,NonSharable,reference,20,small,provisioning_cost,HDS-PBQS,negative_favors_HDS,50,50,0.1069,0.1143,-0.0074,-0.0050000000000000044,-0.01144205180192125,-0.0033579481980787517,-0.5202943538894743,6.474190726159234,paired_t,0.0005819667061133169,0.00047166158420394104,1,0.4038848940426419,0.03069202401363756
montage,100,1.8,NonSharable,reference,20,small,makespan_s,HDS-PBQS,negative_favors_HDS,50,50,189.78834703005953,195.6033815164424,-5.815034486382872,-5.387002947670879,-6.951235578614071,-4.678833394151672,-1.454508825003802,2.9728701218256086,paired_t,7.856408196263228e-14,1.2434497875801753e-13,1,9.286274487983135e-11,4.848537817861713e-12
montage,100,1.8,NonSharable,reference,20,small,network_data_mb,HDS-PBQS,negative_favors_HDS,50,50,542.6308899459799,554.4357119549136,-11.804822008933666,-15.395642428997206,-20.101722370357436,-3.507921647509894,-0.40435501795637124,2.129159748261967,paired_t,0.006221877075688239,0.0050721514649119115,1,1.0,0.45446605239658483
montage,100,1.8,NonSharable,reference,20,small,cpu_utilization,HDS-PBQS,positive_favors_HDS,50,50,0.1517027335237946,0.14418267869344942,0.007520054830345199,0.007413689394283704,0.004861485892218393,0.010178623768472004,0.8038820830598462,5.21564372259567,paired_t,7.145403326725692e-07,1.3054913772236887e-07,1,0.0006023575004429759,2.9209446370692695e-05
montage,100,1.8,NonSharable,reference,20,small,ram_utilization,HDS-PBQS,positive_favors_HDS,50,50,0.2782742832379104,0.2596743935546107,0.01859988968329972,0.01727022511238853,0.013537590804394917,0.023662188562204523,1.0441955891993577,7.162773898762602,paired_t,1.692411193481341e-09,5.318447904301138e-10,1,1.5993285778398674e-06,9.056459283889669e-08
montage,100,1.8,NonSharable,reference,20,small,scheduler_runtime_s,HDS-PBQS,negative_favors_HDS,50,50,0.028753174860175895,0.015454669839309588,0.013298505020866304,0.013308399989909899,0.011975893177033983,0.014621116864698625,2.8575226566650396,-86.04845758038138,paired_t,2.0594609537447116e-25,1.7763568394002505e-15,0,3.371337581280093e-22,4.6955709745379426e-23
montage,100,1.8,Sharable,reference,20,small,global_deadline_success,HDS-PBQS,positive_favors_HDS,50,50,1.0,0.06,0.94,1.0,0.8718217605276772,1.0081782394723227,3.9183329788742216,1566.6666666666667,exact_mcnemar,1.4210854715202004e-14,7.098670445201004e-12,0,1.7038814803527202e-11,3.367972567502875e-12
montage,100,1.8,Sharable,reference,20,small,sfc_subdeadline_success,HDS-PBQS,positive_favors_HDS,50,50,1.0,0.06,0.94,1.0,0.8718217605276772,1.0081782394723227,3.9183329788742216,1566.6666666666667,exact_mcnemar,1.4210854715202004e-14,7.098670445201004e-12,0,1.7038814803527202e-11,3.367972567502875e-12
montage,100,1.8,Sharable,reference,20,small,accepted_sfc_ratio,HDS-PBQS,positive_favors_HDS,50,50,1.0,0.8402,0.1598,0.135,0.1285911699409231,0.1910088300590769,1.4551861579639391,19.019281123542022,paired_t,7.733775504767355e-14,2.3069610364674244e-09,0,9.156790197644509e-11,5.1816295881941275e-12
montage,100,1.8,Sharable,reference,20,small,sfc_deadline_miss_rate,HDS-PBQS,negative_favors_HDS,50,50,0.0,0.15980000000000003,-0.15980000000000003,-0.135,-0.19100883005907693,-0.12859116994092312,-1.4551861579639394,100.0,paired_t,7.733775504767322e-14,2.3069610364674244e-09,0,9.156790197644509e-11,5.181629588194106e-12
montage,100,1.8,Sharable,reference,20,small,provisioning_cost,HDS-PBQS,negative_favors_HDS,50,3,0.10333333333333333,0.08333333333333333,0.019999999999999993,0.01999999999999999,-0.00484137711750331,0.0448413771175033,1.999999999999999,-24.000000000000007,paired_t,0.07417990022744862,0.25,1,1.0,1.0
montage,100,1.8,Sharable,reference,20,small,makespan_s,HDS-PBQS,negative_favors_HDS,3,3,194.0350104783482,243.04668255388046,-49.01167207553227,-46.437299780957034,-66.79428596026248,-31.229058190802053,-6.846673031759268,20.165538389797597,paired_t,0.007035860320419492,0.25,1,1.0,0.09146618416545339
montage,100,1.8,Sharable,reference,20,small,network_data_mb,HDS-PBQS,negative_favors_HDS,50,3,549.4044124733853,403.419384712984,145.98502776040124,160.068133212723,59.16396466402442,232.80609085677804,4.176946237204799,-36.18691448460353,paired_t,0.018574947718299883,0.25,1,1.0,1.0
montage,100,1.8,Sharable,reference,20,small,cpu_utilization,HDS-PBQS,positive_favors_HDS,50,3,0.14906486990737589,0.18655324730635234,-0.03748837739897646,-0.03108131549156179,-0.06523699404863159,-0.00973976074932133,-3.3560697178136114,-20.095269281168893,paired_t,0.02834272359205636,0.25,1,1.0,0.31176995951261993
montage,100,1.8,Sharable,reference,20,small,ram_utilization,HDS-PBQS,positive_favors_HDS,50,3,0.29343476437743327,0.3601389068183907,-0.0667041424409575,-0.0593176477700888,-0.12181367557586772,-0.011594609306047284,-3.0067806120204796,-18.52178178421437,paired_t,0.03494878700865074,0.25,1,1.0,0.3844366570951582
montage,100,1.8,Sharable,reference,20,small,scheduler_runtime_s,HDS-PBQS,negative_favors_HDS,50,50,0.04211289314087476,0.01421730669950188,0.027895586441372876,0.02667465950617045,0.02538375567045723,0.030407417212288523,3.156199072263743,-196.20865632975503,paired_t,2.5219355519276492e-27,1.7763568394002505e-15,0,4.1662375317844765e-24,5.901329191510699e-25
montage,100,1.9,NonSharable,reference,20,small,global_deadline_success,HDS-PBQS,positive_favors_HDS,50,50,1.0,1.0,0.0,0.0,0.0,0.0,0.0,0.0,exact_mcnemar,1.0,,0,1.0,1.0
montage,100,1.9,NonSharable,reference,20,small,sfc_subdeadline_success,HDS-PBQS,positive_favors_HDS,50,50,1.0,1.0,0.0,0.0,0.0,0.0,0.0,0.0,exact_mcnemar,1.0,,0,1.0,1.0
montage,100,1.9,NonSharable,reference,20,small,accepted_sfc_ratio,HDS-PBQS,positive_favors_HDS,50,50,1.0,1.0,0.0,0.0,0.0,0.0,0.0,0.0,paired_t,,,0,,
montage,100,1.9,NonSharable,reference,20,small,sfc_deadline_miss_rate,HDS-PBQS,negative_favors_HDS,50,50,0.0,0.0,0.0,0.0,0.0,0.0,0.0,,paired_t,,,0,,
montage,100,1.9,NonSharable,reference,20,small,provisioning_cost,HDS-PBQS,negative_favors_HDS,50,50,0.1069,0.1143,-0.0074,-0.0050000000000000044,-0.01144205180192125,-0.0033579481980787517,-0.5202943538894743,6.474190726159234,paired_t,0.0005819667061133169,0.00047166158420394104,1,0.4038848940426419,0.03069202401363756
montage,100,1.9,NonSharable,reference,20,small,makespan_s,HDS-PBQS,negative_favors_HDS,50,50,189.78834703005953,195.59868918459574,-5.810342154536218,-5.387002947670879,-6.944933995343614,-4.675750313728821,-1.4553964785242903,2.9705424810146455,paired_t,7.696091774383671e-14,1.2434497875801753e-13,1,9.127564844419034e-11,4.848537817861713e-12
montage,100,1.9,NonSharable,reference,20,small,network_data_mb,HDS-PBQS,negative_favors_HDS,50,50,542.6308899459799,554.4357119549136,-11.804822008933666,-15.395642428997206,-20.101722370357436,-3.507921647509894,-0.40435501795637124,2.129159748261967,paired_t,0.006221877075688239,0.0050721514649119115,1,1.0,0.45446605239658483
montage,100,1.9,NonSharable,reference,20,small,cpu_utilization,HDS-PBQS,positive_favors_HDS,50,50,0.1517027335237946,0.14418267869344942,0.007520054830345199,0.007413689394283704,0.004861485892218393,0.010178623768472004,0.8038820830598462,5.21564372259567,paired_t,7.145403326725692e-07,1.3054913772236887e-07,1,0.0006023575004429759,2.9209446370692695e-05
montage,100,1.9,NonSharable,reference,20,small,ram_utilization,HDS-PBQS,positive_favors_HDS,50,50,0.2782742832379104,0.2596743935546107,0.01859988968329972,0.01727022511238853,0.013537590804394917,0.023662188562204523,1.0441955891993577,7.162773898762602,paired_t,1.692411193481341e-09,5.318447904301138e-10,1,1.5993285778398674e-06,9.056459283889669e-08
montage,100,1.9,NonSharable,reference,20,small,scheduler_runtime_s,HDS-PBQS,negative_favors_HDS,50,50,0.02780841569881882,0.015309444879167085,0.012498970819651732,0.01240264548687265,0.011148793198392055,0.013849148440911408,2.630889557007941,-81.64222098385937,paired_t,7.468448896291246e-24,1.7763568394002505e-15,0,1.1807617705036459e-20,1.5385004726359965e-21
montage,100,1.9,Sharable,reference,20,small,global_deadline_success,HDS-PBQS,positive_favors_HDS,50,50,1.0,0.2,0.8,1.0,0.6851671293069006,0.9148328706930995,1.979898987322333,400.0,exact_mcnemar,1.8189894035458565e-12,2.5396285894708567e-10,0,2.039087121374905e-09,4.256435204297304e-10
montage,100,1.9,Sharable,reference,20,small,sfc_subdeadline_success,HDS-PBQS,positive_favors_HDS,50,50,1.0,0.2,0.8,1.0,0.6851671293069006,0.9148328706930995,1.979898987322333,400.0,exact_mcnemar,1.8189894035458565e-12,2.5396285894708567e-10,0,2.039087121374905e-09,4.256435204297304e-10
montage,100,1.9,Sharable,reference,20,small,accepted_sfc_ratio,HDS-PBQS,positive_favors_HDS,50,50,1.0,0.9107999999999999,0.08920000000000002,0.06000000000000005,0.06194781048172236,0.11645218951827767,0.9302136803803227,9.793588054457626,paired_t,2.994405572141076e-08,3.4438906403097895e-08,0,2.715925853931956e-05,1.8565314547274674e-06
montage,100,1.9,Sharable,reference,20,small,sfc_deadline_miss_rate,HDS-PBQS,negative_favors_HDS,50,50,0.0,0.08920000000000002,-0.08920000000000002,-0.06,-0.11645218951827767,-0.06194781048172236,-0.9302136803803227,100.0,paired_t,2.994405572141076e-08,3.4438906403097895e-08,0,2.715925853931956e-05,1.8565314547274674e-06
montage,100,1.9,Sharable,reference,20,small,provisioning_cost,HDS-PBQS,negative_favors_HDS,50,10,0.10400000000000001,0.077,0.02699999999999999,0.024999999999999994,0.0188786072391279,0.035121392760872075,2.378241889034548,-35.06493506493508,paired_t,3.613632804910023e-05,0.001953125,1,0.02851156283074008,0.0029270425719771184
montage,100,1.9,Sharable,reference,20,small,makespan_s,HDS-PBQS,negative_favors_HDS,10,10,191.86019489681576,247.79744643263876,-55.93725153582302,-53.66103092404781,-61.9371845595718,-49.93731851207425,-6.669257644840779,22.57378045702702,paired_t,5.683002489644885e-09,0.001953125,1,5.21131328300436e-06,1.4207506224112214e-07
montage,100,1.9,Sharable,reference,20,small,network_data_mb,HDS-PBQS,negative_favors_HDS,50,10,528.6961106926341,399.5753830253861,129.12072766724805,132.00295231997717,99.83505624479562,158.40639908970047,3.154013541581571,-32.31448511407536,paired_t,3.6570141435646064e-06,0.001953125,1,0.0030024086118665416,0.00036935842850002525
montage,100,1.9,Sharable,reference,20,small,cpu_utilization,HDS-PBQS,positive_favors_HDS,50,10,0.14816475582671956,0.19945535440320153,-0.051290598576481994,-0.05269679863642519,-0.0612592325574635,-0.041321964595500485,-3.6806531339254716,-25.715327989038276,paired_t,9.982033271246334e-07,0.001953125,1,0.0008334997781490689,2.9209446370692695e-05
montage,100,1.9,Sharable,reference,20,small,ram_utilization,HDS-PBQS,positive_favors_HDS,50,10,0.2815213662221229,0.36836069871975863,-0.08683933249763562,-0.09234497120202953,-0.10346725133201125,-0.07021141366325999,-3.7359525765570067,-23.574537891649864,paired_t,8.794051595037905e-07,0.001953125,1,0.0007351827133451689,2.1105723828090973e-05
montage,100,1.9,Sharable,reference,20,small,scheduler_runtime_s,HDS-PBQS,negative_favors_HDS,50,50,0.0408622835783171,0.015218894060162668,0.02564338951815444,0.024191342998165097,0.02286972534139004,0.028417053694918835,2.62748847764734,-168.4970630374461,paired_t,7.895998815609956e-24,1.7763568394002505e-15,0,1.246778212984812e-20,1.6107837583844309e-21
montage,100,2.0,NonSharable,reference,20,small,global_deadline_success,HDS-PBQS,positive_favors_HDS,50,50,1.0,1.0,0.0,0.0,0.0,0.0,0.0,0.0,exact_mcnemar,1.0,,0,1.0,1.0
montage,100,2.0,NonSharable,reference,20,small,sfc_subdeadline_success,HDS-PBQS,positive_favors_HDS,50,50,1.0,1.0,0.0,0.0,0.0,0.0,0.0,0.0,exact_mcnemar,1.0,,0,1.0,1.0
montage,100,2.0,NonSharable,reference,20,small,accepted_sfc_ratio,HDS-PBQS,positive_favors_HDS,50,50,1.0,1.0,0.0,0.0,0.0,0.0,0.0,0.0,paired_t,,,0,,
montage,100,2.0,NonSharable,reference,20,small,sfc_deadline_miss_rate,HDS-PBQS,negative_favors_HDS,50,50,0.0,0.0,0.0,0.0,0.0,0.0,0.0,,paired_t,,,0,,
montage,100,2.0,NonSharable,reference,20,small,provisioning_cost,HDS-PBQS,negative_favors_HDS,50,50,0.1069,0.1143,-0.0074,-0.0050000000000000044,-0.01144205180192125,-0.0033579481980787517,-0.5202943538894743,6.474190726159234,paired_t,0.0005819667061133169,0.00047166158420394104,1,0.4038848940426419,0.03069202401363756
montage,100,2.0,NonSharable,reference,20,small,makespan_s,HDS-PBQS,negative_favors_HDS,50,50,189.78834703005953,195.59868918459574,-5.810342154536218,-5.387002947670879,-6.944933995343614,-4.675750313728821,-1.4553964785242903,2.9705424810146455,paired_t,7.696091774383671e-14,1.2434497875801753e-13,1,9.127564844419034e-11,4.848537817861713e-12
montage,100,2.0,NonSharable,reference,20,small,network_data_mb,HDS-PBQS,negative_favors_HDS,50,50,542.6308899459799,554.4357119549136,-11.804822008933666,-15.395642428997206,-20.101722370357436,-3.507921647509894,-0.40435501795637124,2.129159748261967,paired_t,0.006221877075688239,0.0050721514649119115,1,1.0,0.45446605239658483
montage,100,2.0,NonSharable,reference,20,small,cpu_utilization,HDS-PBQS,positive_favors_HDS,50,50,0.1517027335237946,0.14418267869344942,0.007520054830345199,0.007413689394283704,0.004861485892218393,0.010178623768472004,0.8038820830598462,5.21564372259567,paired_t,7.145403326725692e-07,1.3054913772236887e-07,1,0.0006023575004429759,2.9209446370692695e-05
montage,100,2.0,NonSharable,reference,20,small,ram_utilization,HDS-PBQS,positive_favors_HDS,50,50,0.2782742832379104,0.2596743935546107,0.01859988968329972,0.01727022511238853,0.013537590804394917,0.023662188562204523,1.0441955891993577,7.162773898762602,paired_t,1.692411193481341e-09,5.318447904301138e-10,1,1.5993285778398674e-06,9.056459283889669e-08
montage,100,2.0,NonSharable,reference,20,small,scheduler_runtime_s,HDS-PBQS,negative_favors_HDS,50,50,0.0325972258795809,0.016263829180679704,0.016333396698901197,0.0152058120147558,0.013007157415840475,0.01965963598196192,1.395540003700724,-100.42774378314385,paired_t,3.123886799058621e-13,3.552713678800501e-15,0,3.623708686908e-10,1.633133452852414e-11
montage,100,2.0,Sharable,reference,20,small,global_deadline_success,HDS-PBQS,positive_favors_HDS,50,50,1.0,0.42,0.58,1.0,0.4383081494166353,0.7216918505833646,1.163328557774343,138.09523809523813,exact_mcnemar,3.725290298461914e-09,7.237829871739995e-08,0,3.430992364883423e-06,8.381903171539307e-07
montage,100,2.0,Sharable,reference,20,small,sfc_subdeadline_success,HDS-PBQS,positive_favors_HDS,50,50,1.0,0.42,0.58,1.0,0.4383081494166353,0.7216918505833646,1.163328557774343,138.09523809523813,exact_mcnemar,3.725290298461914e-09,7.237829871739995e-08,0,3.430992364883423e-06,8.381903171539307e-07
montage,100,2.0,Sharable,reference,20,small,accepted_sfc_ratio,HDS-PBQS,positive_favors_HDS,50,50,1.0,0.9636,0.036399999999999995,0.010000000000000009,0.01852918638078281,0.05427081361921718,0.5788637137886344,3.777501037775009,paired_t,0.00015850908241831077,2.0795802049444855e-06,0,0.11571163016536685,0.0066573814615690525
montage,100,2.0,Sharable,reference,20,small,sfc_deadline_miss_rate,HDS-PBQS,negative_favors_HDS,50,50,0.0,0.0364,-0.0364,-0.01,-0.054270813619217186,-0.018529186380782818,-0.5788637137886345,100.0,paired_t,0.00015850908241831077,2.0795802049444855e-06,0,0.11571163016536685,0.0066573814615690525
montage,100,2.0,Sharable,reference,20,small,provisioning_cost,HDS-PBQS,negative_favors_HDS,50,21,0.1,0.08214285714285714,0.017857142857142856,0.015,0.009791992497082501,0.025922293217203213,1.0078515107106802,-21.739130434782616,paired_t,0.00016602704329193776,0.0007255890976940992,1,0.12086768751653068,0.010127649640808204
montage,100,2.0,Sharable,reference,20,small,makespan_s,HDS-PBQS,negative_favors_HDS,21,21,192.80695105939645,257.1084798361349,-64.30152877673844,-66.10769555945018,-68.93471097896804,-59.66834657450883,-6.317408575925775,25.009493587189453,paired_t,8.424751968135998e-18,9.5367431640625e-07,1,1.1794652755390397e-14,5.560336298969759e-16
montage,100,2.0,Sharable,reference,20,small,network_data_mb,HDS-PBQS,negative_favors_HDS,50,21,549.2148663287976,417.8182995970429,131.39656673175463,128.0196603530773,114.19197889550738,148.6011545680019,3.476456434657974,-31.448255583462405,paired_t,7.8864235941603e-13,9.5367431640625e-07,1,8.911658661401138e-10,8.359609009809918e-11
montage,100,2.0,Sharable,reference,20,small,cpu_utilization,HDS-PBQS,positive_favors_HDS,50,21,0.15415109147988573,0.20169109416183756,-0.04754000268195182,-0.04415881979490721,-0.05485146551222854,-0.0402285398516751,-2.959729164601664,-23.57069997538195,paired_t,1.5175326227996247e-11,9.5367431640625e-07,1,1.620724841149999e-08,1.0319221835037448e-09
montage,100,2.0,Sharable,reference,20,small,ram_utilization,HDS-PBQS,positive_favors_HDS,50,21,0.282901349073643,0.36132426157615655,-0.0784229125025136,-0.07619740392361057,-0.09160840276922207,-0.06523742223580513,-2.707345806765949,-21.704302988241018,paired_t,7.52826020824503e-11,9.5367431640625e-07,1,7.611071070535726e-08,5.1192169416066205e-09
montage,100,2.0,Sharable,reference,20,small,scheduler_runtime_s,HDS-PBQS,negative_favors_HDS,50,50,0.04602384342091678,0.01748082373880602,0.028543019682110753,0.0255252009956166,0.024950269471988664,0.03213576989223284,2.2578347966286665,-163.28189168081113,paired_t,4.725045593475049e-21,1.7763568394002505e-15,0,7.049768025464773e-18,7.418321581755827e-19
montage,100,2.25,NonSharable,reference,20,small,global_deadline_success,HDS-PBQS,positive_favors_HDS,50,50,1.0,1.0,0.0,0.0,0.0,0.0,0.0,0.0,exact_mcnemar,1.0,,0,1.0,1.0
montage,100,2.25,NonSharable,reference,20,small,sfc_subdeadline_success,HDS-PBQS,positive_favors_HDS,50,50,1.0,1.0,0.0,0.0,0.0,0.0,0.0,0.0,exact_mcnemar,1.0,,0,1.0,1.0
montage,100,2.25,NonSharable,reference,20,small,accepted_sfc_ratio,HDS-PBQS,positive_favors_HDS,50,50,1.0,1.0,0.0,0.0,0.0,0.0,0.0,0.0,paired_t,,,0,,
montage,100,2.25,NonSharable,reference,20,small,sfc_deadline_miss_rate,HDS-PBQS,negative_favors_HDS,50,50,0.0,0.0,0.0,0.0,0.0,0.0,0.0,,paired_t,,,0,,
montage,100,2.25,NonSharable,reference,20,small,provisioning_cost,HDS-PBQS,negative_favors_HDS,50,50,0.1069,0.1143,-0.0074,-0.0050000000000000044,-0.01144205180192125,-0.0033579481980787517,-0.5202943538894743,6.474190726159234,paired_t,0.0005819667061133169,0.00047166158420394104,1,0.4038848940426419,0.03069202401363756
montage,100,2.25,NonSharable,reference,20,small,makespan_s,HDS-PBQS,negative_favors_HDS,50,50,189.78834703005953,195.58536077845565,-5.797013748396114,-5.387002947670879,-6.942483306102769,-4.651544190689458,-1.4382687584104241,2.963930288710383,paired_t,1.146589520755181e-13,1.5631940186722204e-13,1,1.350682455449603e-10,6.764878172455568e-12
montage,100,2.25,NonSharable,reference,20,small,network_data_mb,HDS-PBQS,negative_favors_HDS,50,50,542.6308899459799,554.6359499762967,-12.005060030316825,-15.884430745734079,-20.357945058040983,-3.6521750025926654,-0.4084577124346099,2.1644936702768516,paired_t,0.005752734840463099,0.004178445711550793,1,1.0,0.45446605239658483
montage,100,2.25,NonSharable,reference,20,small,cpu_utilization,HDS-PBQS,positive_favors_HDS,50,50,0.1517027335237946,0.14418897123765798,0.007513762286136602,0.007413689394283704,0.004852552665883697,0.010174971906389507,0.8024124061521672,5.211052011566225,paired_t,7.411763139070609e-07,1.507920117660433e-07,1,0.0006218469273680242,2.9209446370692695e-05
montage,100,2.25,NonSharable,reference,20,small,ram_utilization,HDS-PBQS,positive_favors_HDS,50,50,0.2782742832379104,0.2597307778550273,0.018543505382883137,0.01727022511238853,0.013454892482699769,0.023632118283066505,1.0356468497522424,7.13951020207296,paired_t,2.0982549352500526e-09,6.535714192068554e-10,1,1.9613653421401978e-06,9.056459283889669e-08
montage,100,2.25,NonSharable,reference,20,small,scheduler_runtime_s,HDS-PBQS,negative_favors_HDS,50,50,0.030350539060818797,0.01624587607773714,0.014104662983081656,0.013251427008071949,0.012314252814345368,0.015895073151817946,2.238872934042883,-86.81995920435627,paired_t,6.68809447915433e-21,1.7763568394002505e-15,0,9.958572679460797e-18,1.0299665497897667e-18
montage,100,2.25,Sharable,reference,20,small,global_deadline_success,HDS-PBQS,positive_favors_HDS,50,50,1.0,0.96,0.04,0.0,-0.016256387779418804,0.0962563877794188,0.20207259421636897,4.1666666666666705,exact_mcnemar,0.5,0.5,0,1.0,1.0
montage,100,2.25,Sharable,reference,20,small,sfc_subdeadline_success,HDS-PBQS,positive_favors_HDS,50,50,1.0,0.96,0.04,0.0,-0.016256387779418804,0.0962563877794188,0.20207259421636897,4.1666666666666705,exact_mcnemar,0.5,0.5,0,1.0,1.0
montage,100,2.25,Sharable,reference,20,small,accepted_sfc_ratio,HDS-PBQS,positive_favors_HDS,50,50,1.0,0.9986,0.0014000000000000013,0.0,-0.0010366496123316636,0.0038366496123316664,0.1632879818585362,0.14019627478469424,paired_t,0.253845949661363,0.5,0,1.0,1.0
montage,100,2.25,Sharable,reference,20,small,sfc_deadline_miss_rate,HDS-PBQS,negative_favors_HDS,50,50,0.0,0.0013999999999999998,-0.0013999999999999998,0.0,-0.0038366496123316625,0.001036649612331663,-0.16328798185853616,100.0,paired_t,0.253845949661363,0.5,0,1.0,1.0
montage,100,2.25,Sharable,reference,20,small,provisioning_cost,HDS-PBQS,negative_favors_HDS,50,48,0.10197916666666666,0.08416666666666667,0.0178125,0.017499999999999995,0.013442498138879516,0.02218250186112048,1.1835717722328547,-21.163366336633658,paired_t,1.282959940742067e-10,6.762318436201512e-08,1,1.281676980801325e-07,1.4240855342236944e-08
montage,100,2.25,Sharable,reference,20,small,makespan_s,HDS-PBQS,negative_favors_HDS,48,48,195.83366231168395,270.03666911286547,-74.20300680118154,-75.31208340506215,-78.21835946098464,-70.18765414137845,-5.365981274378283,27.478863165123464,paired_t,1.6629082277868813e-36,7.105427357601002e-15,1,2.9366959302716325e-33,2.760427658126223e-34
montage,100,2.25,Sharable,reference,20,small,network_data_mb,HDS-PBQS,negative_favors_HDS,50,48,551.2508727148542,425.42567177309314,125.82520094176103,124.29390774526564,115.55346151364917,136.09694036987287,3.5569272473277507,-29.57630657720902,paired_t,1.5954771758156103e-28,7.105427357601002e-15,1,2.6756152238427783e-25,2.472989622514196e-26
montage,100,2.25,Sharable,reference,20,small,cpu_utilization,HDS-PBQS,positive_favors_HDS,50,48,0.1527357511639366,0.19810008533111123,-0.04536433416717458,-0.043240695119334066,-0.05023699988323988,-0.040491668451109276,-2.7033312589688654,-22.899704506109195,paired_t,1.9601671003413057e-23,7.105427357601002e-15,1,3.07746234753585e-20,3.018657334525611e-21
montage,100,2.25,Sharable,reference,20,small,ram_utilization,HDS-PBQS,positive_favors_HDS,50,48,0.28229246933127433,0.3572545259510795,-0.07496205661980516,-0.07144644695214461,-0.08402162144374191,-0.06590249179586842,-2.402622277977749,-20.98281510087014,paired_t,2.4543896011324537e-21,1.4210854715202004e-14,1,3.674221232895283e-18,3.7797599857439786e-19
montage,100,2.25,Sharable,reference,20,small,scheduler_runtime_s,HDS-PBQS,negative_favors_HDS,50,50,0.042824832498517894,0.017608921061182572,0.02521591143733531,0.0219947450004838,0.022061226056881798,0.028370596817788824,2.271631517789989,-143.19963926081613,paired_t,3.674155806086501e-21,1.7763568394002505e-15,0,5.496537085905406e-18,5.915390847799267e-19
montage,100,2.5,NonSharable,reference,20,small,global_deadline_success,HDS-PBQS,positive_favors_HDS,50,50,1.0,1.0,0.0,0.0,0.0,0.0,0.0,0.0,exact_mcnemar,1.0,,0,1.0,1.0
montage,100,2.5,NonSharable,reference,20,small,sfc_subdeadline_success,HDS-PBQS,positive_favors_HDS,50,50,1.0,1.0,0.0,0.0,0.0,0.0,0.0,0.0,exact_mcnemar,1.0,,0,1.0,1.0
montage,100,2.5,NonSharable,reference,20,small,accepted_sfc_ratio,HDS-PBQS,positive_favors_HDS,50,50,1.0,1.0,0.0,0.0,0.0,0.0,0.0,0.0,paired_t,,,0,,
montage,100,2.5,NonSharable,reference,20,small,sfc_deadline_miss_rate,HDS-PBQS,negative_favors_HDS,50,50,0.0,0.0,0.0,0.0,0.0,0.0,0.0,,paired_t,,,0,,
montage,100,2.5,NonSharable,reference,20,small,provisioning_cost,HDS-PBQS,negative_favors_HDS,50,50,0.1069,0.1143,-0.0074,-0.0050000000000000044,-0.01144205180192125,-0.0033579481980787517,-0.5202943538894743,6.474190726159234,paired_t,0.0005819667061133169,0.00047166158420394104,1,0.4038848940426419,0.03069202401363756
montage,100,2.5,NonSharable,reference,20,small,makespan_s,HDS-PBQS,negative_favors_HDS,50,50,189.78834703005953,195.58536077845565,-5.797013748396114,-5.387002947670879,-6.942483306102769,-4.651544190689458,-1.4382687584104241,2.963930288710383,paired_t,1.146589520755181e-13,1.5631940186722204e-13,1,1.350682455449603e-10,6.764878172455568e-12
montage,100,2.5,NonSharable,reference,20,small,network_data_mb,HDS-PBQS,negative_favors_HDS,50,50,542.6308899459799,554.6359499762967,-12.005060030316825,-15.884430745734079,-20.357945058040983,-3.6521750025926654,-0.4084577124346099,2.1644936702768516,paired_t,0.005752734840463099,0.004178445711550793,1,1.0,0.45446605239658483
montage,100,2.5,NonSharable,reference,20,small,cpu_utilization,HDS-PBQS,positive_favors_HDS,50,50,0.1517027335237946,0.14418897123765798,0.007513762286136602,0.007413689394283704,0.004852552665883697,0.010174971906389507,0.8024124061521672,5.211052011566225,paired_t,7.411763139070609e-07,1.507920117660433e-07,1,0.0006218469273680242,2.9209446370692695e-05
montage,100,2.5,NonSharable,reference,20,small,ram_utilization,HDS-PBQS,positive_favors_HDS,50,50,0.2782742832379104,0.2597307778550273,0.018543505382883137,0.01727022511238853,0.013454892482699769,0.023632118283066505,1.0356468497522424,7.13951020207296,paired_t,2.0982549352500526e-09,6.535714192068554e-10,1,1.9613653421401978e-06,9.056459283889669e-08
montage,100,2.5,NonSharable,reference,20,small,scheduler_runtime_s,HDS-PBQS,negative_favors_HDS,50,50,0.02957651359691221,0.01557694682123833,0.013999566775673877,0.012494184989918698,0.012077886727196984,0.01592124682415077,2.0703929663538116,-89.87362501993152,paired_t,1.6036234058206862e-19,1.7763568394002505e-15,0,2.346101042715664e-16,2.1809278319161334e-17
montage,100,2.5,Sharable,reference,20,small,global_deadline_success,HDS-PBQS,positive_favors_HDS,50,50,1.0,1.0,0.0,0.0,0.0,0.0,0.0,0.0,exact_mcnemar,1.0,,0,1.0,1.0
montage,100,2.5,Sharable,reference,20,small,sfc_subdeadline_success,HDS-PBQS,positive_favors_HDS,50,50,1.0,1.0,0.0,0.0,0.0,0.0,0.0,0.0,exact_mcnemar,1.0,,0,1.0,1.0
montage,100,2.5,Sharable,reference,20,small,accepted_sfc_ratio,HDS-PBQS,positive_favors_HDS,50,50,1.0,1.0,0.0,0.0,0.0,0.0,0.0,0.0,paired_t,,,0,,
montage,100,2.5,Sharable,reference,20,small,sfc_deadline_miss_rate,HDS-PBQS,negative_favors_HDS,50,50,0.0,0.0,0.0,0.0,0.0,0.0,0.0,,paired_t,,,0,,
montage,100,2.5,Sharable,reference,20,small,provisioning_cost,HDS-PBQS,negative_favors_HDS,50,50,0.10270000000000001,0.0848,0.017900000000000003,0.01999999999999999,0.013479586985960244,0.02232041301403976,1.1508254312925632,-21.10849056603775,paired_t,1.1780794896577313e-10,1.0012792316220515e-07,1,1.1804356486370467e-07,1.3430106182098137e-08
montage,100,2.5,Sharable,reference,20,small,makespan_s,HDS-PBQS,negative_favors_HDS,50,50,196.48464161111286,271.6719616455464,-75.18732003443348,-75.31208340506215,-79.48046034149884,-70.89417972736813,-4.977242391023437,27.67577470233432,paired_t,1.9164428858911812e-36,1.7763568394002505e-15,1,3.3806052507120434e-33,3.142966332861537e-34
montage,100,2.5,Sharable,reference,20,small,network_data_mb,HDS-PBQS,negative_favors_HDS,50,50,552.270540359515,428.1793261897082,124.091214169807,122.01868844112951,113.91083876660586,134.27158957300816,3.46414856672349,-28.981131638015437,paired_t,3.806467464567427e-29,1.7763568394002505e-15,1,6.478607624693761e-26,6.318735991181929e-27
montage,100,2.5,Sharable,reference,20,small,cpu_utilization,HDS-PBQS,positive_favors_HDS,50,50,0.15292406694009386,0.19813277745321545,-0.04520871051312164,-0.043240695119334066,-0.049907768144218656,-0.04050965288202463,-2.73420212678823,-22.817380896907174,paired_t,1.4123317404806586e-24,1.7763568394002505e-15,1,2.2893897513191476e-21,2.302100736983474e-22
montage,100,2.5,Sharable,reference,20,small,ram_utilization,HDS-PBQS,positive_favors_HDS,50,50,0.2818917692527912,0.3564745944514936,-0.07458282519870242,-0.07144644695214461,-0.08330073644980436,-0.06586491394760048,-2.4313397768048746,-20.922339588733603,paired_t,2.1528800111251835e-22,1.7763568394002505e-15,1,3.334811137232909e-19,3.5522520183565524e-20
montage,100,2.5,Sharable,reference,20,small,scheduler_runtime_s,HDS-PBQS,negative_favors_HDS,50,50,0.04208517033839594,0.016718645501459784,0.025366524836936154,0.022851520508993448,0.02236576661946142,0.02836728305441089,2.402421678471095,-151.72595671534086,paired_t,3.5626594560727947e-22,1.7763568394002505e-15,0,5.465119605615667e-19,6.199027453566663e-20
montage,100,2.75,NonSharable,reference,20,small,global_deadline_success,HDS-PBQS,positive_favors_HDS,50,50,1.0,1.0,0.0,0.0,0.0,0.0,0.0,0.0,exact_mcnemar,1.0,,0,1.0,1.0
montage,100,2.75,NonSharable,reference,20,small,sfc_subdeadline_success,HDS-PBQS,positive_favors_HDS,50,50,1.0,1.0,0.0,0.0,0.0,0.0,0.0,0.0,exact_mcnemar,1.0,,0,1.0,1.0
montage,100,2.75,NonSharable,reference,20,small,accepted_sfc_ratio,HDS-PBQS,positive_favors_HDS,50,50,1.0,1.0,0.0,0.0,0.0,0.0,0.0,0.0,paired_t,,,0,,
montage,100,2.75,NonSharable,reference,20,small,sfc_deadline_miss_rate,HDS-PBQS,negative_favors_HDS,50,50,0.0,0.0,0.0,0.0,0.0,0.0,0.0,,paired_t,,,0,,
montage,100,2.75,NonSharable,reference,20,small,provisioning_cost,HDS-PBQS,negative_favors_HDS,50,50,0.1069,0.1143,-0.0074,-0.0050000000000000044,-0.01144205180192125,-0.0033579481980787517,-0.5202943538894743,6.474190726159234,paired_t,0.0005819667061133169,0.00047166158420394104,1,0.4038848940426419,0.03069202401363756
montage,100,2.75,NonSharable,reference,20,small,makespan_s,HDS-PBQS,negative_favors_HDS,50,50,189.78834703005953,195.58536077845565,-5.797013748396114,-5.387002947670879,-6.942483306102769,-4.651544190689458,-1.4382687584104241,2.963930288710383,paired_t,1.146589520755181e-13,1.5631940186722204e-13,1,1.350682455449603e-10,6.764878172455568e-12
montage,100,2.75,NonSharable,reference,20,small,network_data_mb,HDS-PBQS,negative_favors_HDS,50,50,542.6308899459799,554.6359499762967,-12.005060030316825,-15.884430745734079,-20.357945058040983,-3.6521750025926654,-0.4084577124346099,2.1644936702768516,paired_t,0.005752734840463099,0.004178445711550793,1,1.0,0.45446605239658483
montage,100,2.75,NonSharable,reference,20,small,cpu_utilization,HDS-PBQS,positive_favors_HDS,50,50,0.1517027335237946,0.14418897123765798,0.007513762286136599,0.007413689394283704,0.004852552665883694,0.010174971906389503,0.8024124061521669,5.211052011566225,paired_t,7.411763139070642e-07,1.507920117660433e-07,1,0.0006218469273680242,2.9209446370692695e-05
montage,100,2.75,NonSharable,reference,20,small,ram_utilization,HDS-PBQS,positive_favors_HDS,50,50,0.2782742832379104,0.2597307778550273,0.018543505382883137,0.01727022511238853,0.013454892482699769,0.023632118283066505,1.0356468497522424,7.13951020207296,paired_t,2.0982549352500526e-09,6.535714192068554e-10,1,1.9613653421401978e-06,9.056459283889669e-08
montage,100,2.75,NonSharable,reference,20,small,scheduler_runtime_s,HDS-PBQS,negative_favors_HDS,50,50,0.027356653381284506,0.01558647310055672,0.011770180280727792,0.0117153490227793,0.010407934196444524,0.013132426365011059,2.455538880231504,-75.51535363255064,paired_t,1.4171024566721575e-22,3.552713678800501e-15,0,2.1993430127551883e-19,2.5531175357273178e-20
montage,100,2.75,Sharable,reference,20,small,global_deadline_success,HDS-PBQS,positive_favors_HDS,50,50,1.0,1.0,0.0,0.0,0.0,0.0,0.0,0.0,exact_mcnemar,1.0,,0,1.0,1.0
montage,100,2.75,Sharable,reference,20,small,sfc_subdeadline_success,HDS-PBQS,positive_favors_HDS,50,50,1.0,1.0,0.0,0.0,0.0,0.0,0.0,0.0,exact_mcnemar,1.0,,0,1.0,1.0
montage,100,2.75,Sharable,reference,20,small,accepted_sfc_ratio,HDS-PBQS,positive_favors_HDS,50,50,1.0,1.0,0.0,0.0,0.0,0.0,0.0,0.0,paired_t,,,0,,
montage,100,2.75,Sharable,reference,20,small,sfc_deadline_miss_rate,HDS-PBQS,negative_favors_HDS,50,50,0.0,0.0,0.0,0.0,0.0,0.0,0.0,,paired_t,,,0,,
montage,100,2.75,Sharable,reference,20,small,provisioning_cost,HDS-PBQS,negative_favors_HDS,50,50,0.1025,0.0848,0.017700000000000004,0.017499999999999995,0.01328779817102185,0.02211220182897816,1.1400848232365224,-20.872641509433954,paired_t,1.5382553186051965e-10,1.0673578419474813e-07,1,1.535178807967986e-07,1.6920808504657162e-08
montage,100,2.75,Sharable,reference,20,small,makespan_s,HDS-PBQS,negative_favors_HDS,50,50,196.41604035190795,271.67827106133086,-75.26223070942292,-75.31208340506215,-79.55216284454443,-70.97229857430142,-4.985927196866097,27.702705268038386,paired_t,1.7651344351478597e-36,1.7763568394002505e-15,1,3.115462278035972e-33,2.9124718179939684e-34
montage,100,2.75,Sharable,reference,20,small,network_data_mb,HDS-PBQS,negative_favors_HDS,50,50,552.4404455272307,428.1793261897082,124.26111933752263,122.01868844112951,114.03599652115471,134.48624215389054,3.453711022382395,-29.020812481373206,paired_t,4.364862491312711e-29,1.7763568394002505e-15,1,7.394077060283732e-26,7.202023110665973e-27
montage,100,2.75,Sharable,reference,20,small,cpu_utilization,HDS-PBQS,positive_favors_HDS,50,50,0.15326041952694636,0.19813277745321545,-0.04487235792626911,-0.042585697379565454,-0.049592816669859575,-0.04015189918267865,-2.701555868619824,-22.647619693750407,paired_t,2.3779132501833175e-24,1.7763568394002505e-15,1,3.828440332795141e-21,3.7333238027878086e-22
montage,100,2.75,Sharable,reference,20,small,ram_utilization,HDS-PBQS,positive_favors_HDS,50,50,0.28247875918444576,0.3564745944514936,-0.07399583526704787,-0.069435238740848,-0.08277184252040172,-0.06521982801369401,-2.396235907238843,-20.757674296791055,paired_t,3.970200553615049e-22,1.7763568394002505e-15,1,6.082347248138255e-19,6.233214869175626e-20
montage,100,2.75,Sharable,reference,20,small,scheduler_runtime_s,HDS-PBQS,negative_favors_HDS,50,50,0.03985462364122209,0.016538869016949276,0.02331575462427281,0.021144688013009755,0.020981328507767377,0.025650180740778246,2.838498122034238,-140.97550806151548,paired_t,2.7598237705275177e-25,1.7763568394002505e-15,0,4.509552041041964e-22,6.264799959097465e-23
montage,100,3.0,NonSharable,reference,20,small,global_deadline_success,HDS-PBQS,positive_favors_HDS,50,50,1.0,1.0,0.0,0.0,0.0,0.0,0.0,0.0,exact_mcnemar,1.0,,0,1.0,1.0
montage,100,3.0,NonSharable,reference,20,small,sfc_subdeadline_success,HDS-PBQS,positive_favors_HDS,50,50,1.0,1.0,0.0,0.0,0.0,0.0,0.0,0.0,exact_mcnemar,1.0,,0,1.0,1.0
montage,100,3.0,NonSharable,reference,20,small,accepted_sfc_ratio,HDS-PBQS,positive_favors_HDS,50,50,1.0,1.0,0.0,0.0,0.0,0.0,0.0,0.0,paired_t,,,0,,
montage,100,3.0,NonSharable,reference,20,small,sfc_deadline_miss_rate,HDS-PBQS,negative_favors_HDS,50,50,0.0,0.0,0.0,0.0,0.0,0.0,0.0,,paired_t,,,0,,
montage,100,3.0,NonSharable,reference,20,small,provisioning_cost,HDS-PBQS,negative_favors_HDS,50,50,0.1069,0.1144,-0.0075,-0.0050000000000000044,-0.011562491757969733,-0.003437508242030267,-0.5246721822971029,6.555944055944062,paired_t,0.0005291728278213373,0.0004620148650370681,1,0.3720084979584001,0.03069202401363756
montage,100,3.0,NonSharable,reference,20,small,makespan_s,HDS-PBQS,negative_favors_HDS,50,50,189.78834703005953,195.54756969327156,-5.759222663212013,-5.387002947670879,-6.909590488892127,-4.608854837531898,-1.422808370024539,2.9451773152925016,paired_t,1.6457227430355956e-13,1.5631940186722204e-13,1,1.9304327775807537e-10,9.051475086695776e-12
montage,100,3.0,NonSharable,reference,20,small,network_data_mb,HDS-PBQS,negative_favors_HDS,50,50,542.6308899459799,554.6359499762967,-12.005060030316825,-15.884430745734079,-20.357945058040983,-3.6521750025926654,-0.4084577124346099,2.1644936702768516,paired_t,0.005752734840463099,0.004178445711550793,1,1.0,0.45446605239658483
montage,100,3.0,NonSharable,reference,20,small,cpu_utilization,HDS-PBQS,positive_favors_HDS,50,50,0.1517027335237946,0.14406138475213942,0.007641348771655164,0.007413689394283704,0.004949787691528441,0.010332909851781888,0.8068355976332925,5.304231098987612,paired_t,6.638510538793795e-07,1.507920117660433e-07,1,0.0005662649489591106,2.9209446370692695e-05
montage,100,3.0,NonSharable,reference,20,small,ram_utilization,HDS-PBQS,positive_favors_HDS,50,50,0.2782742832379104,0.25949545876630986,0.01877882447160051,0.01727022511238853,0.013625492225688336,0.023932156717512688,1.0356178507544413,7.236667863429527,paired_t,2.0997859641648706e-09,6.535714192068554e-10,1,1.9613653421401978e-06,9.056459283889669e-08
montage,100,3.0,NonSharable,reference,20,small,scheduler_runtime_s,HDS-PBQS,negative_favors_HDS,50,50,0.028146895240424737,0.01553142798169569,0.012615467258729045,0.012502236490036,0.011223927624944023,0.014007006892514067,2.5764815018513647,-81.22541773748556,paired_t,1.831702214276955e-23,1.7763568394002505e-15,0,2.879435880843373e-20,3.62677038426837e-21
montage,100,3.0,Sharable,reference,20,small,global_deadline_success,HDS-PBQS,positive_favors_HDS,50,50,1.0,1.0,0.0,0.0,0.0,0.0,0.0,0.0,exact_mcnemar,1.0,,0,1.0,1.0
montage,100,3.0,Sharable,reference,20,small,sfc_subdeadline_success,HDS-PBQS,positive_favors_HDS,50,50,1.0,1.0,0.0,0.0,0.0,0.0,0.0,0.0,exact_mcnemar,1.0,,0,1.0,1.0
montage,100,3.0,Sharable,reference,20,small,accepted_sfc_ratio,HDS-PBQS,positive_favors_HDS,50,50,1.0,1.0,0.0,0.0,0.0,0.0,0.0,0.0,paired_t,,,0,,
montage,100,3.0,Sharable,reference,20,small,sfc_deadline_miss_rate,HDS-PBQS,negative_favors_HDS,50,50,0.0,0.0,0.0,0.0,0.0,0.0,0.0,,paired_t,,,0,,
montage,100,3.0,Sharable,reference,20,small,provisioning_cost,HDS-PBQS,negative_favors_HDS,50,50,0.1026,0.0848,0.0178,0.01999999999999999,0.013360331915624645,0.022239668084375355,1.1394329332021977,-20.990566037735842,paired_t,1.5633853327060461e-10,1.3268178124636122e-07,1,1.5586951767079281e-07,1.7040900126495902e-08
montage,100,3.0,Sharable,reference,20,small,makespan_s,HDS-PBQS,negative_favors_HDS,50,50,196.51880220136843,271.67827106133086,-75.15946885996244,-75.31208340506215,-79.49485543178241,-70.82408228814248,-4.926915825585469,27.66488043609322,paired_t,3.094685739619942e-36,1.7763568394002505e-15,1,5.452836273210338e-33,5.0133908981843065e-34
montage,100,3.0,Sharable,reference,20,small,network_data_mb,HDS-PBQS,negative_favors_HDS,50,50,552.6706566661042,428.1793261897082,124.49133047639613,122.01868844112951,114.20701988501425,134.77564106777803,3.440196048485691,-29.074577603786288,paired_t,5.214042571250919e-29,1.7763568394002505e-15,1,8.775233647415297e-26,8.394608539713979e-27
montage,100,3.0,Sharable,reference,20,small,cpu_utilization,HDS-PBQS,positive_favors_HDS,50,50,0.15317144723147502,0.19813277745321545,-0.04496133022174049,-0.042585697379565454,-0.049745508198152946,-0.04017715224532803,-2.6708598072485588,-22.692525083264943,paired_t,3.898199603020443e-24,1.7763568394002505e-15,1,6.260508562450831e-21,6.081191380711891e-22
montage,100,3.0,Sharable,reference,20,small,ram_utilization,HDS-PBQS,positive_favors_HDS,50,50,0.2822348431463386,0.3564745944514936,-0.07423975130515498,-0.069435238740848,-0.08316265558953916,-0.0653168470207708,-2.3645556649794544,-20.82609881901611,paired_t,6.935600450204745e-22,1.7763568394002505e-15,1,1.0472756679809165e-18,1.0750180697817355e-19
montage,100,3.0,Sharable,reference,20,small,scheduler_runtime_s,HDS-PBQS,negative_favors_HDS,50,50,0.04071367543940137,0.017228941937428265,0.023484733501973096,0.0218529435023811,0.01984442146974922,0.027125045534196972,1.8334382751630858,-136.3097837769986,paired_t,1.8646780594175937e-17,3.552713678800501e-15,0,2.5602029755803563e-14,1.771444156446714e-15
montage,100,3.25,NonSharable,reference,20,small,global_deadline_success,HDS-PBQS,positive_favors_HDS,50,50,1.0,1.0,0.0,0.0,0.0,0.0,0.0,0.0,exact_mcnemar,1.0,,0,1.0,1.0
montage,100,3.25,NonSharable,reference,20,small,sfc_subdeadline_success,HDS-PBQS,positive_favors_HDS,50,50,1.0,1.0,0.0,0.0,0.0,0.0,0.0,0.0,exact_mcnemar,1.0,,0,1.0,1.0
montage,100,3.25,NonSharable,reference,20,small,accepted_sfc_ratio,HDS-PBQS,positive_favors_HDS,50,50,1.0,1.0,0.0,0.0,0.0,0.0,0.0,0.0,paired_t,,,0,,
montage,100,3.25,NonSharable,reference,20,small,sfc_deadline_miss_rate,HDS-PBQS,negative_favors_HDS,50,50,0.0,0.0,0.0,0.0,0.0,0.0,0.0,,paired_t,,,0,,
montage,100,3.25,NonSharable,reference,20,small,provisioning_cost,HDS-PBQS,negative_favors_HDS,50,50,0.1069,0.1144,-0.0075,-0.0050000000000000044,-0.011562491757969733,-0.003437508242030267,-0.5246721822971029,6.555944055944062,paired_t,0.0005291728278213373,0.0004620148650370681,1,0.3720084979584001,0.03069202401363756
montage,100,3.25,NonSharable,reference,20,small,makespan_s,HDS-PBQS,negative_favors_HDS,50,50,189.78834703005953,195.54756969327156,-5.759222663212013,-5.387002947670879,-6.909590488892127,-4.608854837531898,-1.422808370024539,2.9451773152925016,paired_t,1.6457227430355956e-13,1.5631940186722204e-13,1,1.9304327775807537e-10,9.051475086695776e-12
montage,100,3.25,NonSharable,reference,20,small,network_data_mb,HDS-PBQS,negative_favors_HDS,50,50,542.6308899459799,554.6359499762967,-12.005060030316825,-15.884430745734079,-20.357945058040983,-3.6521750025926654,-0.4084577124346099,2.1644936702768516,paired_t,0.005752734840463099,0.004178445711550793,1,1.0,0.45446605239658483
montage,100,3.25,NonSharable,reference,20,small,cpu_utilization,HDS-PBQS,positive_favors_HDS,50,50,0.1517027335237946,0.14406138475213942,0.007641348771655164,0.007413689394283704,0.004949787691528441,0.010332909851781888,0.8068355976332925,5.304231098987612,paired_t,6.638510538793795e-07,1.507920117660433e-07,1,0.0005662649489591106,2.9209446370692695e-05
montage,100,3.25,NonSharable,reference,20,small,ram_utilization,HDS-PBQS,positive_favors_HDS,50,50,0.2782742832379104,0.25949545876630986,0.01877882447160051,0.01727022511238853,0.013625492225688336,0.023932156717512688,1.0356178507544413,7.236667863429527,paired_t,2.0997859641648706e-09,6.535714192068554e-10,1,1.9613653421401978e-06,9.056459283889669e-08
montage,100,3.25,NonSharable,reference,20,small,scheduler_runtime_s,HDS-PBQS,negative_favors_HDS,50,50,0.027644704377889823,0.015557865041700954,0.012086839336188869,0.01212975650196315,0.010840097403810731,0.013333581268567006,2.755214726494913,-77.68957568272751,paired_t,1.0125301615951562e-24,1.7763568394002505e-15,0,1.6443489824305338e-21,2.237691657125295e-22
montage,100,3.25,Sharable,reference,20,small,global_deadline_success,HDS-PBQS,positive_favors_HDS,50,50,1.0,1.0,0.0,0.0,0.0,0.0,0.0,0.0,exact_mcnemar,1.0,,0,1.0,1.0
montage,100,3.25,Sharable,reference,20,small,sfc_subdeadline_success,HDS-PBQS,positive_favors_HDS,50,50,1.0,1.0,0.0,0.0,0.0,0.0,0.0,0.0,exact_mcnemar,1.0,,0,1.0,1.0
montage,100,3.25,Sharable,reference,20,small,accepted_sfc_ratio,HDS-PBQS,positive_favors_HDS,50,50,1.0,1.0,0.0,0.0,0.0,0.0,0.0,0.0,paired_t,,,0,,
montage,100,3.25,Sharable,reference,20,small,sfc_deadline_miss_rate,HDS-PBQS,negative_favors_HDS,50,50,0.0,0.0,0.0,0.0,0.0,0.0,0.0,,paired_t,,,0,,
montage,100,3.25,Sharable,reference,20,small,provisioning_cost,HDS-PBQS,negative_favors_HDS,50,50,0.1026,0.0848,0.017800000000000003,0.01999999999999999,0.013397615646648892,0.022202384353351114,1.1490827746498984,-20.990566037735842,paired_t,1.230152706331048e-10,1.0508046852247225e-07,1,1.2313828590373791e-07,1.3900725581540844e-08
montage,100,3.25,Sharable,reference,20,small,makespan_s,HDS-PBQS,negative_favors_HDS,50,50,196.6000700539646,271.67827106133086,-75.07820100736625,-75.31208340506215,-79.42870662972743,-70.72769538500506,-4.904484787446259,27.634967166887446,paired_t,3.8371756673765226e-36,1.7763568394002505e-15,1,6.757266350250056e-33,6.177852824476201e-34
montage,100,3.25,Sharable,reference,20,small,network_data_mb,HDS-PBQS,negative_favors_HDS,50,50,552.5627971422393,428.1793261897082,124.38347095253131,122.01868844112951,114.12898265956498,134.63795924549765,3.4472116316716073,-29.049387334834112,paired_t,4.754075287205505e-29,1.7763568394002505e-15,1,8.043895385951715e-26,7.796683471017029e-27
montage,100,3.25,Sharable,reference,20,small,cpu_utilization,HDS-PBQS,positive_favors_HDS,50,50,0.15319347600474614,0.19813277745321545,-0.04493930144846935,-0.042585697379565454,-0.049663926125195434,-0.04021467677174327,-2.7032005786076017,-22.681406895979492,paired_t,2.3160444734073094e-24,1.7763568394002505e-15,1,3.731147646659175e-21,3.659350267983549e-22
montage,100,3.25,Sharable,reference,20,small,ram_utilization,HDS-PBQS,positive_favors_HDS,50,50,0.2822912974815207,0.3564745944514936,-0.07418329696997293,-0.069435238740848,-0.08298246904275944,-0.06538412489718642,-2.395982207732389,-20.810261972278422,paired_t,3.98789296123042e-22,1.7763568394002505e-15,1,6.105464123643773e-19,6.233214869175626e-20
montage,100,3.25,Sharable,reference,20,small,scheduler_runtime_s,HDS-PBQS,negative_favors_HDS,50,50,0.04182893291763316,0.017064285559827058,0.024764647357806105,0.02300851099971625,0.021926195357634702,0.027603099357977508,2.4795328249778876,-145.12560324299383,paired_t,9.388624959095488e-23,1.7763568394002505e-15,0,1.460870043635258e-19,1.7275069924735697e-20
montage,100,3.5,NonSharable,reference,20,small,global_deadline_success,HDS-PBQS,positive_favors_HDS,50,50,1.0,1.0,0.0,0.0,0.0,0.0,0.0,0.0,exact_mcnemar,1.0,,0,1.0,1.0
montage,100,3.5,NonSharable,reference,20,small,sfc_subdeadline_success,HDS-PBQS,positive_favors_HDS,50,50,1.0,1.0,0.0,0.0,0.0,0.0,0.0,0.0,exact_mcnemar,1.0,,0,1.0,1.0
montage,100,3.5,NonSharable,reference,20,small,accepted_sfc_ratio,HDS-PBQS,positive_favors_HDS,50,50,1.0,1.0,0.0,0.0,0.0,0.0,0.0,0.0,paired_t,,,0,,
montage,100,3.5,NonSharable,reference,20,small,sfc_deadline_miss_rate,HDS-PBQS,negative_favors_HDS,50,50,0.0,0.0,0.0,0.0,0.0,0.0,0.0,,paired_t,,,0,,
montage,100,3.5,NonSharable,reference,20,small,provisioning_cost,HDS-PBQS,negative_favors_HDS,50,50,0.1069,0.1144,-0.0075,-0.0050000000000000044,-0.011562491757969733,-0.003437508242030267,-0.5246721822971029,6.555944055944062,paired_t,0.0005291728278213373,0.0004620148650370681,1,0.3720084979584001,0.03069202401363756
montage,100,3.5,NonSharable,reference,20,small,makespan_s,HDS-PBQS,negative_favors_HDS,50,50,189.78834703005953,195.54756969327156,-5.759222663212013,-5.387002947670879,-6.909590488892127,-4.608854837531898,-1.422808370024539,2.9451773152925016,paired_t,1.6457227430355956e-13,1.5631940186722204e-13,1,1.9304327775807537e-10,9.051475086695776e-12
montage,100,3.5,NonSharable,reference,20,small,network_data_mb,HDS-PBQS,negative_favors_HDS,50,50,542.6308899459799,554.6359499762967,-12.005060030316825,-15.884430745734079,-20.357945058040983,-3.6521750025926654,-0.4084577124346099,2.1644936702768516,paired_t,0.005752734840463099,0.004178445711550793,1,1.0,0.45446605239658483
montage,100,3.5,NonSharable,reference,20,small,cpu_utilization,HDS-PBQS,positive_favors_HDS,50,50,0.1517027335237946,0.14406138475213942,0.007641348771655164,0.007413689394283704,0.004949787691528441,0.010332909851781888,0.8068355976332925,5.304231098987612,paired_t,6.638510538793795e-07,1.507920117660433e-07,1,0.0005662649489591106,2.9209446370692695e-05
montage,100,3.5,NonSharable,reference,20,small,ram_utilization,HDS-PBQS,positive_favors_HDS,50,50,0.2782742832379104,0.25949545876630986,0.01877882447160051,0.01727022511238853,0.013625492225688336,0.023932156717512688,1.0356178507544413,7.236667863429527,paired_t,2.0997859641648706e-09,6.535714192068554e-10,1,1.9613653421401978e-06,9.056459283889669e-08
montage,100,3.5,NonSharable,reference,20,small,scheduler_runtime_s,HDS-PBQS,negative_favors_HDS,50,50,0.032087215257415626,0.016599782861230743,0.015487432396184886,0.013273970496811598,0.013287005621203479,0.017687859171166293,2.0002845069614423,-93.29900593071137,paired_t,6.318662373793974e-19,1.7763568394002505e-15,0,9.004093882656413e-16,7.898327967242468e-17
montage,100,3.5,Sharable,reference,20,small,global_deadline_success,HDS-PBQS,positive_favors_HDS,50,50,1.0,1.0,0.0,0.0,0.0,0.0,0.0,0.0,exact_mcnemar,1.0,,0,1.0,1.0
montage,100,3.5,Sharable,reference,20,small,sfc_subdeadline_success,HDS-PBQS,positive_favors_HDS,50,50,1.0,1.0,0.0,0.0,0.0,0.0,0.0,0.0,exact_mcnemar,1.0,,0,1.0,1.0
montage,100,3.5,Sharable,reference,20,small,accepted_sfc_ratio,HDS-PBQS,positive_favors_HDS,50,50,1.0,1.0,0.0,0.0,0.0,0.0,0.0,0.0,paired_t,,,0,,
montage,100,3.5,Sharable,reference,20,small,sfc_deadline_miss_rate,HDS-PBQS,negative_favors_HDS,50,50,0.0,0.0,0.0,0.0,0.0,0.0,0.0,,paired_t,,,0,,
montage,100,3.5,Sharable,reference,20,small,provisioning_cost,HDS-PBQS,negative_favors_HDS,50,50,0.1026,0.08470000000000001,0.017900000000000003,0.01999999999999999,0.013488919062350542,0.022311080937649462,1.1532601158944835,-21.133412042502933,paired_t,1.1090192387566701e-10,1.0143250255194901e-07,1,1.1156733541892101e-07,1.2753721245701706e-08
montage,100,3.5,Sharable,reference,20,small,makespan_s,HDS-PBQS,negative_favors_HDS,50,50,196.48809520006685,271.6142789968011,-75.12618379673421,-75.31208340506215,-79.48505163834363,-70.76731595512479,-4.8982042989729235,27.65914372182879,paired_t,4.075981081091796e-36,1.7763568394002505e-15,1,7.17372670272156e-33,6.521569729746874e-34
montage,100,3.5,Sharable,reference,20,small,network_data_mb,HDS-PBQS,negative_favors_HDS,50,50,552.6706566661042,427.9365001994968,124.73415646660754,122.01868844112951,114.40916241524566,135.05915051796944,3.4333245001769686,-29.147818989139374,paired_t,5.708567109658011e-29,1.7763568394002505e-15,1,9.578975610006142e-26,8.905364691066498e-27
montage,100,3.5,Sharable,reference,20,small,cpu_utilization,HDS-PBQS,positive_favors_HDS,50,50,0.15317144723147502,0.1983575021262337,-0.04518605489475872,-0.042585697379565454,-0.04991606708703583,-0.04045604270248161,-2.7149474866714094,-22.780108849123593,paired_t,1.9192433536005844e-24,1.7763568394002505e-15,1,3.0995780160649438e-21,3.070789365760935e-22
montage,100,3.5,Sharable,reference,20,small,ram_utilization,HDS-PBQS,positive_favors_HDS,50,50,0.2822348431463386,0.35688761573023725,-0.07465277258389867,-0.069435238740848,-0.08349165580238316,-0.06581388936541419,-2.4003126523963227,-20.917725719103366,paired_t,3.696597098200208e-22,1.7763568394002505e-15,1,5.666883351540918e-19,5.840623415156329e-20
montage,100,3.5,Sharable,reference,20,small,scheduler_runtime_s,HDS-PBQS,negative_favors_HDS,50,50,0.0449959003162075,0.017470461120246864,0.027525439195960642,0.025145804989733702,0.02431323893649373,0.030737639455427554,2.4352912750617706,-157.55416532229285,paired_t,2.010360852131014e-22,1.7763568394002505e-15,0,3.1160593208030716e-19,3.578442316793205e-20
montage,100,3.75,NonSharable,reference,20,small,global_deadline_success,HDS-PBQS,positive_favors_HDS,50,50,1.0,1.0,0.0,0.0,0.0,0.0,0.0,0.0,exact_mcnemar,1.0,,0,1.0,1.0
montage,100,3.75,NonSharable,reference,20,small,sfc_subdeadline_success,HDS-PBQS,positive_favors_HDS,50,50,1.0,1.0,0.0,0.0,0.0,0.0,0.0,0.0,exact_mcnemar,1.0,,0,1.0,1.0
montage,100,3.75,NonSharable,reference,20,small,accepted_sfc_ratio,HDS-PBQS,positive_favors_HDS,50,50,1.0,1.0,0.0,0.0,0.0,0.0,0.0,0.0,paired_t,,,0,,
montage,100,3.75,NonSharable,reference,20,small,sfc_deadline_miss_rate,HDS-PBQS,negative_favors_HDS,50,50,0.0,0.0,0.0,0.0,0.0,0.0,0.0,,paired_t,,,0,,
montage,100,3.75,NonSharable,reference,20,small,provisioning_cost,HDS-PBQS,negative_favors_HDS,50,50,0.1069,0.1144,-0.0075,-0.0050000000000000044,-0.011562491757969733,-0.003437508242030267,-0.5246721822971029,6.555944055944062,paired_t,0.0005291728278213373,0.0004620148650370681,1,0.3720084979584001,0.03069202401363756
montage,100,3.75,NonSharable,reference,20,small,makespan_s,HDS-PBQS,negative_favors_HDS,50,50,189.78834703005953,195.54756969327156,-5.759222663212013,-5.387002947670879,-6.909590488892127,-4.608854837531898,-1.422808370024539,2.9451773152925016,paired_t,1.6457227430355956e-13,1.5631940186722204e-13,1,1.9304327775807537e-10,9.051475086695776e-12
montage,100,3.75,NonSharable,reference,20,small,network_data_mb,HDS-PBQS,negative_favors_HDS,50,50,542.6308899459799,554.6359499762967,-12.005060030316825,-15.884430745734079,-20.357945058040983,-3.6521750025926654,-0.4084577124346099,2.1644936702768516,paired_t,0.005752734840463099,0.004178445711550793,1,1.0,0.45446605239658483
montage,100,3.75,NonSharable,reference,20,small,cpu_utilization,HDS-PBQS,positive_favors_HDS,50,50,0.1517027335237946,0.14406138475213942,0.007641348771655164,0.007413689394283704,0.004949787691528441,0.010332909851781888,0.8068355976332925,5.304231098987612,paired_t,6.638510538793795e-07,1.507920117660433e-07,1,0.0005662649489591106,2.9209446370692695e-05
montage,100,3.75,NonSharable,reference,20,small,ram_utilization,HDS-PBQS,positive_favors_HDS,50,50,0.2782742832379104,0.25949545876630986,0.01877882447160051,0.01727022511238853,0.013625492225688336,0.023932156717512688,1.0356178507544413,7.236667863429527,paired_t,2.0997859641648706e-09,6.535714192068554e-10,1,1.9613653421401978e-06,9.056459283889669e-08
montage,100,3.75,NonSharable,reference,20,small,scheduler_runtime_s,HDS-PBQS,negative_favors_HDS,50,50,0.031136621260520726,0.016625289517178274,0.014511331743342452,0.0128078249981627,0.012435293242376903,0.016587370244308,1.9865117379062185,-87.28468594997068,paired_t,8.301055918532275e-19,1.7763568394002505e-14,0,1.182070362798996e-15,1.0293309338980021e-16
montage,100,3.75,Sharable,reference,20,small,global_deadline_success,HDS-PBQS,positive_favors_HDS,50,50,1.0,1.0,0.0,0.0,0.0,0.0,0.0,0.0,exact_mcnemar,1.0,,0,1.0,1.0
montage,100,3.75,Sharable,reference,20,small,sfc_subdeadline_success,HDS-PBQS,positive_favors_HDS,50,50,1.0,1.0,0.0,0.0,0.0,0.0,0.0,0.0,exact_mcnemar,1.0,,0,1.0,1.0
montage,100,3.75,Sharable,reference,20,small,accepted_sfc_ratio,HDS-PBQS,positive_favors_HDS,50,50,1.0,1.0,0.0,0.0,0.0,0.0,0.0,0.0,paired_t,,,0,,
montage,100,3.75,Sharable,reference,20,small,sfc_deadline_miss_rate,HDS-PBQS,negative_favors_HDS,50,50,0.0,0.0,0.0,0.0,0.0,0.0,0.0,,paired_t,,,0,,
montage,100,3.75,Sharable,reference,20,small,provisioning_cost,HDS-PBQS,negative_favors_HDS,50,50,0.1026,0.08470000000000001,0.017900000000000003,0.01999999999999999,0.013517034507333922,0.022282965492666083,1.1606579430948607,-21.133412042502933,paired_t,9.23172980321993e-11,7.90741273702476e-08,1,9.314815371448909e-08,1.0801123869767318e-08
montage,100,3.75,Sharable,reference,20,small,makespan_s,HDS-PBQS,negative_favors_HDS,50,50,196.41604035190795,271.6142789968011,-75.19823864489311,-75.31208340506215,-79.51581757422109,-70.88065971556513,-4.9497885994692,27.685672094499413,paired_t,2.487630525990702e-36,1.7763568394002505e-15,1,4.385692617321607e-33,4.054837757364844e-34
montage,100,3.75,Sharable,reference,20,small,network_data_mb,HDS-PBQS,negative_favors_HDS,50,50,552.5967407160073,427.9365001994968,124.66024051651057,122.01868844112951,114.35024890687649,134.97023212614465,3.436282947798742,-29.130546344702076,paired_t,5.490049178693955e-29,1.7763568394002505e-15,1,9.223282620205844e-26,8.674277702336449e-27
montage,100,3.75,Sharable,reference,20,small,cpu_utilization,HDS-PBQS,positive_favors_HDS,50,50,0.15315846694256588,0.1983575021262337,-0.04519903518366784,-0.042585697379565454,-0.04987548374386215,-0.040522586623473536,-2.7468330946647965,-22.786652735172773,paired_t,1.155994364227308e-24,1.7763568394002505e-15,1,1.8750228587766938e-21,1.8958307573327851e-22
montage,100,3.75,Sharable,reference,20,small,ram_utilization,HDS-PBQS,positive_favors_HDS,50,50,0.2822368238938226,0.35688761573023725,-0.07465079183641472,-0.069435238740848,-0.08338701436892422,-0.06591456930390523,-2.4284546577456707,-20.917170713158452,paired_t,2.263394594122701e-22,1.7763568394002505e-15,1,3.5037348317019412e-19,3.71196713436123e-20
montage,100,3.75,Sharable,reference,20,small,scheduler_runtime_s,HDS-PBQS,negative_favors_HDS,50,50,0.04327226825887915,0.01746455600026816,0.025807712258610983,0.0227885734966548,0.022993062175424607,0.02862236234179736,2.6058197128123006,-147.7719345296538,paired_t,1.1271924131219919e-23,1.7763568394002505e-15,0,1.7775824354933814e-20,2.2769286745064236e-21
montage,100,4.0,NonSharable,reference,20,small,global_deadline_success,HDS-PBQS,positive_favors_HDS,50,50,1.0,1.0,0.0,0.0,0.0,0.0,0.0,0.0,exact_mcnemar,1.0,,0,1.0,1.0
montage,100,4.0,NonSharable,reference,20,small,sfc_subdeadline_success,HDS-PBQS,positive_favors_HDS,50,50,1.0,1.0,0.0,0.0,0.0,0.0,0.0,0.0,exact_mcnemar,1.0,,0,1.0,1.0
montage,100,4.0,NonSharable,reference,20,small,accepted_sfc_ratio,HDS-PBQS,positive_favors_HDS,50,50,1.0,1.0,0.0,0.0,0.0,0.0,0.0,0.0,paired_t,,,0,,
montage,100,4.0,NonSharable,reference,20,small,sfc_deadline_miss_rate,HDS-PBQS,negative_favors_HDS,50,50,0.0,0.0,0.0,0.0,0.0,0.0,0.0,,paired_t,,,0,,
montage,100,4.0,NonSharable,reference,20,small,provisioning_cost,HDS-PBQS,negative_favors_HDS,50,50,0.1069,0.1144,-0.0075,-0.0050000000000000044,-0.011562491757969733,-0.003437508242030267,-0.5246721822971029,6.555944055944062,paired_t,0.0005291728278213373,0.0004620148650370681,1,0.3720084979584001,0.03069202401363756
montage,100,4.0,NonSharable,reference,20,small,makespan_s,HDS-PBQS,negative_favors_HDS,50,50,189.78834703005953,195.54756969327156,-5.759222663212013,-5.387002947670879,-6.909590488892127,-4.608854837531898,-1.422808370024539,2.9451773152925016,paired_t,1.6457227430355956e-13,1.5631940186722204e-13,1,1.9304327775807537e-10,9.051475086695776e-12
montage,100,4.0,NonSharable,reference,20,small,network_data_mb,HDS-PBQS,negative_favors_HDS,50,50,542.6308899459799,554.6359499762967,-12.005060030316825,-15.884430745734079,-20.357945058040983,-3.6521750025926654,-0.4084577124346099,2.1644936702768516,paired_t,0.005752734840463099,0.004178445711550793,1,1.0,0.45446605239658483
montage,100,4.0,NonSharable,reference,20,small,cpu_utilization,HDS-PBQS,positive_favors_HDS,50,50,0.1517027335237946,0.14406138475213942,0.007641348771655164,0.007413689394283704,0.004949787691528441,0.010332909851781888,0.8068355976332925,5.304231098987612,paired_t,6.638510538793795e-07,1.507920117660433e-07,1,0.0005662649489591106,2.9209446370692695e-05
montage,100,4.0,NonSharable,reference,20,small,ram_utilization,HDS-PBQS,positive_favors_HDS,50,50,0.2782742832379104,0.25949545876630986,0.01877882447160051,0.01727022511238853,0.013625492225688336,0.023932156717512688,1.0356178507544413,7.236667863429527,paired_t,2.0997859641648706e-09,6.535714192068554e-10,1,1.9613653421401978e-06,9.056459283889669e-08
montage,100,4.0,NonSharable,reference,20,small,scheduler_runtime_s,HDS-PBQS,negative_favors_HDS,50,50,0.028114515620109116,0.015519784459029273,0.01259473116107984,0.0127504805168428,0.011095976579226811,0.014093485742932869,2.388238231350391,-81.15274535112722,paired_t,4.568331337740553e-22,1.7763568394002505e-15,0,6.989546946743046e-19,7.903213214291157e-20
montage,100,4.0,Sharable,reference,20,small,global_deadline_success,HDS-PBQS,positive_favors_HDS,50,50,1.0,1.0,0.0,0.0,0.0,0.0,0.0,0.0,exact_mcnemar,1.0,,0,1.0,1.0
montage,100,4.0,Sharable,reference,20,small,sfc_subdeadline_success,HDS-PBQS,positive_favors_HDS,50,50,1.0,1.0,0.0,0.0,0.0,0.0,0.0,0.0,exact_mcnemar,1.0,,0,1.0,1.0
montage,100,4.0,Sharable,reference,20,small,accepted_sfc_ratio,HDS-PBQS,positive_favors_HDS,50,50,1.0,1.0,0.0,0.0,0.0,0.0,0.0,0.0,paired_t,,,0,,
montage,100,4.0,Sharable,reference,20,small,sfc_deadline_miss_rate,HDS-PBQS,negative_favors_HDS,50,50,0.0,0.0,0.0,0.0,0.0,0.0,0.0,,paired_t,,,0,,
montage,100,4.0,Sharable,reference,20,small,provisioning_cost,HDS-PBQS,negative_favors_HDS,50,50,0.1025,0.08470000000000001,0.017800000000000003,0.01999999999999999,0.013397615646648892,0.022202384353351114,1.1490827746498984,-21.015348288075536,paired_t,1.230152706331048e-10,1.0521838547836182e-07,1,1.2313828590373791e-07,1.3900725581540844e-08
montage,100,4.0,Sharable,reference,20,small,makespan_s,HDS-PBQS,negative_favors_HDS,50,50,196.57797429042358,271.6142789968011,-75.03630470637746,-75.31208340506215,-79.40665433550336,-70.66595507725157,-4.8794910373880365,27.626053012942386,paired_t,4.881381331594413e-36,1.7763568394002505e-15,1,8.581468380942977e-33,7.712582503919172e-34
montage,100,4.0,Sharable,reference,20,small,network_data_mb,HDS-PBQS,negative_favors_HDS,50,50,552.612272998939,427.9365001994968,124.67577279944238,122.01868844112951,114.37279079550711,134.97875480337765,3.4390492551154597,-29.134175921268813,paired_t,5.293433650165949e-29,1.7763568394002505e-15,1,8.898261965928961e-26,8.41655950376386e-27
montage,100,4.0,Sharable,reference,20,small,cpu_utilization,HDS-PBQS,positive_favors_HDS,50,50,0.15335801019606535,0.1983575021262337,-0.04499949193016839,-0.042585697379565454,-0.04971370771465733,-0.04028527614567945,-2.712797778060497,-22.686054950183287,paired_t,1.9863041506476973e-24,1.7763568394002505e-15,1,3.2058948991453834e-21,3.1582235995298385e-22
montage,100,4.0,Sharable,reference,20,small,ram_utilization,HDS-PBQS,positive_favors_HDS,50,50,0.2825512475482594,0.35688761573023725,-0.07433636818197795,-0.069435238740848,-0.08311441528512457,-0.06555832107883132,-2.4067041151690725,-20.82906912583006,paired_t,3.305676784130833e-22,1.7763568394002505e-15,1,5.084130893993221e-19,5.312549034145332e-20
montage,100,4.0,Sharable,reference,20,small,scheduler_runtime_s,HDS-PBQS,negative_favors_HDS,50,50,0.039731505939853334,0.017651221679188853,0.022080284260664475,0.02177241300341845,0.019441443312986306,0.024719125208342643,2.377993778235858,-125.09210218971745,paired_t,5.470625771118233e-22,8.881784197001252e-15,0,8.271586165930769e-19,9.409476326323361e-20
montage,100,4.25,NonSharable,reference,20,small,global_deadline_success,HDS-PBQS,positive_favors_HDS,50,50,1.0,1.0,0.0,0.0,0.0,0.0,0.0,0.0,exact_mcnemar,1.0,,0,1.0,1.0
montage,100,4.25,NonSharable,reference,20,small,sfc_subdeadline_success,HDS-PBQS,positive_favors_HDS,50,50,1.0,1.0,0.0,0.0,0.0,0.0,0.0,0.0,exact_mcnemar,1.0,,0,1.0,1.0
montage,100,4.25,NonSharable,reference,20,small,accepted_sfc_ratio,HDS-PBQS,positive_favors_HDS,50,50,1.0,1.0,0.0,0.0,0.0,0.0,0.0,0.0,paired_t,,,0,,
montage,100,4.25,NonSharable,reference,20,small,sfc_deadline_miss_rate,HDS-PBQS,negative_favors_HDS,50,50,0.0,0.0,0.0,0.0,0.0,0.0,0.0,,paired_t,,,0,,
montage,100,4.25,NonSharable,reference,20,small,provisioning_cost,HDS-PBQS,negative_favors_HDS,50,50,0.1069,0.1144,-0.0075,-0.0050000000000000044,-0.011562491757969733,-0.003437508242030267,-0.5246721822971029,6.555944055944062,paired_t,0.0005291728278213373,0.0004620148650370681,1,0.3720084979584001,0.03069202401363756
montage,100,4.25,NonSharable,reference,20,small,makespan_s,HDS-PBQS,negative_favors_HDS,50,50,189.78834703005953,195.54756969327156,-5.759222663212013,-5.387002947670879,-6.909590488892127,-4.608854837531898,-1.422808370024539,2.9451773152925016,paired_t,1.6457227430355956e-13,1.5631940186722204e-13,1,1.9304327775807537e-10,9.051475086695776e-12
montage,100,4.25,NonSharable,reference,20,small,network_data_mb,HDS-PBQS,negative_favors_HDS,50,50,542.6308899459799,554.6359499762967,-12.005060030316825,-15.884430745734079,-20.357945058040983,-3.6521750025926654,-0.4084577124346099,2.1644936702768516,paired_t,0.005752734840463099,0.004178445711550793,1,1.0,0.45446605239658483
montage,100,4.25,NonSharable,reference,20,small,cpu_utilization,HDS-PBQS,positive_favors_HDS,50,50,0.1517027335237946,0.14406138475213942,0.007641348771655164,0.007413689394283704,0.004949787691528441,0.010332909851781888,0.8068355976332925,5.304231098987612,paired_t,6.638510538793795e-07,1.507920117660433e-07,1,0.0005662649489591106,2.9209446370692695e-05
montage,100,4.25,NonSharable,reference,20,small,ram_utilization,HDS-PBQS,positive_favors_HDS,50,50,0.2782742832379104,0.25949545876630986,0.01877882447160051,0.01727022511238853,0.013625492225688336,0.023932156717512688,1.0356178507544413,7.236667863429527,paired_t,2.0997859641648706e-09,6.535714192068554e-10,1,1.9613653421401978e-06,9.056459283889669e-08
montage,100,4.25,NonSharable,reference,20,small,scheduler_runtime_s,HDS-PBQS,negative_favors_HDS,50,50,0.027376015920017337,0.015130093939005704,0.01224592198101163,0.0120403920027457,0.01101263953385203,0.01347920442817123,2.8219427979900247,-80.93751453479999,paired_t,3.5649758492415597e-25,1.7763568394002505e-15,0,5.818040585962225e-22,8.021195660793509e-23
montage,100,4.25,Sharable,reference,20,small,global_deadline_success,HDS-PBQS,positive_favors_HDS,50,50,1.0,1.0,0.0,0.0,0.0,0.0,0.0,0.0,exact_mcnemar,1.0,,0,1.0,1.0
montage,100,4.25,Sharable,reference,20,small,sfc_subdeadline_success,HDS-PBQS,positive_favors_HDS,50,50,1.0,1.0,0.0,0.0,0.0,0.0,0.0,0.0,exact_mcnemar,1.0,,0,1.0,1.0
montage,100,4.25,Sharable,reference,20,small,accepted_sfc_ratio,HDS-PBQS,positive_favors_HDS,50,50,1.0,1.0,0.0,0.0,0.0,0.0,0.0,0.0,paired_t,,,0,,
montage,100,4.25,Sharable,reference,20,small,sfc_deadline_miss_rate,HDS-PBQS,negative_favors_HDS,50,50,0.0,0.0,0.0,0.0,0.0,0.0,0.0,,paired_t,,,0,,
montage,100,4.25,Sharable,reference,20,small,provisioning_cost,HDS-PBQS,negative_favors_HDS,50,50,0.1027,0.08470000000000001,0.018000000000000002,0.01999999999999999,0.01361788075766487,0.022382119242335134,1.1673674576224404,-21.251475796930325,paired_t,7.818426991159908e-11,7.707314260795814e-08,1,7.896611261071507e-08,9.225743849568691e-09
montage,100,4.25,Sharable,reference,20,small,makespan_s,HDS-PBQS,negative_favors_HDS,50,50,196.51019096360787,271.6142789968011,-75.1040880331932,-75.31208340506215,-79.47021084948868,-70.7379652168977,-4.888626947058257,27.651008743202986,paired_t,4.469681262622417e-36,1.7763568394002505e-15,1,7.862169340952832e-33,7.106793207569643e-34
montage,100,4.25,Sharable,reference,20,small,network_data_mb,HDS-PBQS,negative_favors_HDS,50,50,552.6211808094046,427.9365001994968,124.68468060990789,122.01868844112951,114.36713025964798,135.0022309601678,3.434438694736546,-29.136257494226808,paired_t,5.62524842795687e-29,1.7763568394002505e-15,1,9.444792110539584e-26,8.831640031892286e-27
montage,100,4.25,Sharable,reference,20,small,cpu_utilization,HDS-PBQS,positive_favors_HDS,50,50,0.15300691304015582,0.1983575021262337,-0.04535058908607792,-0.042585697379565454,-0.05003585065159041,-0.040665327520565425,-2.7508591853254445,-22.8630571568788,paired_t,1.084665584276639e-24,1.7763568394002505e-15,1,1.760412243280985e-21,1.7896982140564543e-22
montage,100,4.25,Sharable,reference,20,small,ram_utilization,HDS-PBQS,positive_favors_HDS,50,50,0.2819748930796,0.35688761573023725,-0.07491272265063734,-0.069435238740848,-0.0836874076290261,-0.06613803767224857,-2.4262933958734787,-20.99056379341052,paired_t,2.3499488017583947e-22,1.7763568394002505e-15,1,3.6330208475184784e-19,3.82423002203352e-20
montage,100,4.25,Sharable,reference,20,small,scheduler_runtime_s,HDS-PBQS,negative_favors_HDS,50,50,0.0396999292584223,0.01628752802142112,0.02341240123700118,0.0214980809887493,0.021086830667883298,0.02573797180611906,2.861117568100253,-143.7443497024811,paired_t,1.9489755141369167e-25,1.7763568394002505e-15,0,3.1924218921562694e-22,4.463153927373539e-23
montage,100,4.5,NonSharable,reference,20,small,global_deadline_success,HDS-PBQS,positive_favors_HDS,50,50,1.0,1.0,0.0,0.0,0.0,0.0,0.0,0.0,exact_mcnemar,1.0,,0,1.0,1.0
montage,100,4.5,NonSharable,reference,20,small,sfc_subdeadline_success,HDS-PBQS,positive_favors_HDS,50,50,1.0,1.0,0.0,0.0,0.0,0.0,0.0,0.0,exact_mcnemar,1.0,,0,1.0,1.0
montage,100,4.5,NonSharable,reference,20,small,accepted_sfc_ratio,HDS-PBQS,positive_favors_HDS,50,50,1.0,1.0,0.0,0.0,0.0,0.0,0.0,0.0,paired_t,,,0,,
montage,100,4.5,NonSharable,reference,20,small,sfc_deadline_miss_rate,HDS-PBQS,negative_favors_HDS,50,50,0.0,0.0,0.0,0.0,0.0,0.0,0.0,,paired_t,,,0,,
montage,100,4.5,NonSharable,reference,20,small,provisioning_cost,HDS-PBQS,negative_favors_HDS,50,50,0.1069,0.1144,-0.0075,-0.0050000000000000044,-0.011562491757969733,-0.003437508242030267,-0.5246721822971029,6.555944055944062,paired_t,0.0005291728278213373,0.0004620148650370681,1,0.3720084979584001,0.03069202401363756
montage,100,4.5,NonSharable,reference,20,small,makespan_s,HDS-PBQS,negative_favors_HDS,50,50,189.78834703005953,195.54756969327156,-5.759222663212013,-5.387002947670879,-6.909590488892127,-4.608854837531898,-1.422808370024539,2.9451773152925016,paired_t,1.6457227430355956e-13,1.5631940186722204e-13,1,1.9304327775807537e-10,9.051475086695776e-12
montage,100,4.5,NonSharable,reference,20,small,network_data_mb,HDS-PBQS,negative_favors_HDS,50,50,542.6308899459799,554.6359499762967,-12.005060030316825,-15.884430745734079,-20.357945058040983,-3.6521750025926654,-0.4084577124346099,2.1644936702768516,paired_t,0.005752734840463099,0.004178445711550793,1,1.0,0.45446605239658483
montage,100,4.5,NonSharable,reference,20,small,cpu_utilization,HDS-PBQS,positive_favors_HDS,50,50,0.1517027335237946,0.14406138475213942,0.007641348771655164,0.007413689394283704,0.004949787691528441,0.010332909851781888,0.8068355976332925,5.304231098987612,paired_t,6.638510538793795e-07,1.507920117660433e-07,1,0.0005662649489591106,2.9209446370692695e-05
montage,100,4.5,NonSharable,reference,20,small,ram_utilization,HDS-PBQS,positive_favors_HDS,50,50,0.2782742832379104,0.25949545876630986,0.01877882447160051,0.01727022511238853,0.013625492225688336,0.023932156717512688,1.0356178507544413,7.236667863429527,paired_t,2.0997859641648706e-09,6.535714192068554e-10,1,1.9613653421401978e-06,9.056459283889669e-08
montage,100,4.5,NonSharable,reference,20,small,scheduler_runtime_s,HDS-PBQS,negative_favors_HDS,50,50,0.029152361417945902,0.015594362720075835,0.013557998697870065,0.013396313481280248,0.012132821911514933,0.014983175484225198,2.7036229004292296,-86.9416656598336,paired_t,2.300424068981426e-24,1.7763568394002505e-15,0,3.708283599198059e-21,4.96891598899988e-22
montage,100,4.5,Sharable,reference,20,small,global_deadline_success,HDS-PBQS,positive_favors_HDS,50,50,1.0,1.0,0.0,0.0,0.0,0.0,0.0,0.0,exact_mcnemar,1.0,,0,1.0,1.0
montage,100,4.5,Sharable,reference,20,small,sfc_subdeadline_success,HDS-PBQS,positive_favors_HDS,50,50,1.0,1.0,0.0,0.0,0.0,0.0,0.0,0.0,exact_mcnemar,1.0,,0,1.0,1.0
montage,100,4.5,Sharable,reference,20,small,accepted_sfc_ratio,HDS-PBQS,positive_favors_HDS,50,50,1.0,1.0,0.0,0.0,0.0,0.0,0.0,0.0,paired_t,,,0,,
montage,100,4.5,Sharable,reference,20,small,sfc_deadline_miss_rate,HDS-PBQS,negative_favors_HDS,50,50,0.0,0.0,0.0,0.0,0.0,0.0,0.0,,paired_t,,,0,,
montage,100,4.5,Sharable,reference,20,small,provisioning_cost,HDS-PBQS,negative_favors_HDS,50,50,0.1027,0.08470000000000001,0.018000000000000002,0.01999999999999999,0.013627294558531733,0.02237270544146827,1.169880630515427,-21.251475796930325,paired_t,7.34698756207329e-11,9.575367320907922e-08,1,7.442498400380244e-08,8.816385074487948e-09
montage,100,4.5,Sharable,reference,20,small,makespan_s,HDS-PBQS,negative_favors_HDS,50,50,196.48101034466214,271.6142789968011,-75.13326865213891,-75.31208340506215,-79.531599702789,-70.73493760148882,-4.854713855815332,27.661752147067283,paired_t,6.203784964940644e-36,1.7763568394002505e-15,1,1.0893846398435772e-32,9.677904545307405e-34
montage,100,4.5,Sharable,reference,20,small,network_data_mb,HDS-PBQS,negative_favors_HDS,50,50,552.3702893171187,427.9365001994968,124.43378911762201,122.01868844112951,114.16706111502413,134.7005171202199,3.444494835715774,-29.07762928836708,paired_t,4.9270832332371366e-29,1.7763568394002505e-15,1,8.331697747403998e-26,8.031145670176533e-27
montage,100,4.5,Sharable,reference,20,small,cpu_utilization,HDS-PBQS,positive_favors_HDS,50,50,0.15346535554510662,0.1983575021262337,-0.044892146581127106,-0.042585697379565454,-0.04958402821252732,-0.040200264949726894,-2.71920902893755,-22.631937839466215,paired_t,1.793033119595163e-24,1.7763568394002505e-15,1,2.901127587504974e-21,2.9047136537441643e-22
montage,100,4.5,Sharable,reference,20,small,ram_utilization,HDS-PBQS,positive_favors_HDS,50,50,0.2825603337016456,0.35688761573023725,-0.07432728202859173,-0.069435238740848,-0.0831038797071466,-0.06555068435003687,-2.4068073533419847,-20.82652318335804,paired_t,3.2997198969846784e-22,1.7763568394002505e-15,1,5.081568641356404e-19,5.312549034145332e-20
montage,100,4.5,Sharable,reference,20,small,scheduler_runtime_s,HDS-PBQS,negative_favors_HDS,50,50,0.04114246055876714,0.016697672601512704,0.02444478795725445,0.023445206003088997,0.02181455743499406,0.027075018479514837,2.6412634983572905,-146.3963783493988,paired_t,6.304243542542379e-24,1.7763568394002505e-15,0,9.985921771387129e-21,1.3112826568488148e-21
montage,100,4.75,NonSharable,reference,20,small,global_deadline_success,HDS-PBQS,positive_favors_HDS,50,50,1.0,1.0,0.0,0.0,0.0,0.0,0.0,0.0,exact_mcnemar,1.0,,0,1.0,1.0
montage,100,4.75,NonSharable,reference,20,small,sfc_subdeadline_success,HDS-PBQS,positive_favors_HDS,50,50,1.0,1.0,0.0,0.0,0.0,0.0,0.0,0.0,exact_mcnemar,1.0,,0,1.0,1.0
montage,100,4.75,NonSharable,reference,20,small,accepted_sfc_ratio,HDS-PBQS,positive_favors_HDS,50,50,1.0,1.0,0.0,0.0,0.0,0.0,0.0,0.0,paired_t,,,0,,
montage,100,4.75,NonSharable,reference,20,small,sfc_deadline_miss_rate,HDS-PBQS,negative_favors_HDS,50,50,0.0,0.0,0.0,0.0,0.0,0.0,0.0,,paired_t,,,0,,
montage,100,4.75,NonSharable,reference,20,small,provisioning_cost,HDS-PBQS,negative_favors_HDS,50,50,0.1069,0.1144,-0.0075,-0.0050000000000000044,-0.011562491757969733,-0.003437508242030267,-0.5246721822971029,6.555944055944062,paired_t,0.0005291728278213373,0.0004620148650370681,1,0.3720084979584001,0.03069202401363756
montage,100,4.75,NonSharable,reference,20,small,makespan_s,HDS-PBQS,negative_favors_HDS,50,50,189.78834703005953,195.54756969327156,-5.759222663212013,-5.387002947670879,-6.909590488892127,-4.608854837531898,-1.422808370024539,2.9451773152925016,paired_t,1.6457227430355956e-13,1.5631940186722204e-13,1,1.9304327775807537e-10,9.051475086695776e-12
montage,100,4.75,NonSharable,reference,20,small,network_data_mb,HDS-PBQS,negative_favors_HDS,50,50,542.6308899459799,554.6359499762967,-12.005060030316825,-15.884430745734079,-20.357945058040983,-3.6521750025926654,-0.4084577124346099,2.1644936702768516,paired_t,0.005752734840463099,0.004178445711550793,1,1.0,0.45446605239658483
montage,100,4.75,NonSharable,reference,20,small,cpu_utilization,HDS-PBQS,positive_favors_HDS,50,50,0.1517027335237946,0.14406138475213942,0.007641348771655164,0.007413689394283704,0.004949787691528441,0.010332909851781888,0.8068355976332925,5.304231098987612,paired_t,6.638510538793795e-07,1.507920117660433e-07,1,0.0005662649489591106,2.9209446370692695e-05
montage,100,4.75,NonSharable,reference,20,small,ram_utilization,HDS-PBQS,positive_favors_HDS,50,50,0.2782742832379104,0.25949545876630986,0.01877882447160051,0.01727022511238853,0.013625492225688336,0.023932156717512688,1.0356178507544413,7.236667863429527,paired_t,2.0997859641648706e-09,6.535714192068554e-10,1,1.9613653421401978e-06,9.056459283889669e-08
montage,100,4.75,NonSharable,reference,20,small,scheduler_runtime_s,HDS-PBQS,negative_favors_HDS,50,50,0.02861181908083377,0.016062445920106205,0.012549373160727564,0.01231710602223755,0.010950404464672244,0.014148341856782884,2.2304954434191684,-78.12865626535034,paired_t,7.802736117461655e-21,3.552713678800501e-15,0,1.1602668606665482e-17,1.1860158898541715e-18
montage,100,4.75,Sharable,reference,20,small,global_deadline_success,HDS-PBQS,positive_favors_HDS,50,50,1.0,1.0,0.0,0.0,0.0,0.0,0.0,0.0,exact_mcnemar,1.0,,0,1.0,1.0
montage,100,4.75,Sharable,reference,20,small,sfc_subdeadline_success,HDS-PBQS,positive_favors_HDS,50,50,1.0,1.0,0.0,0.0,0.0,0.0,0.0,0.0,exact_mcnemar,1.0,,0,1.0,1.0
montage,100,4.75,Sharable,reference,20,small,accepted_sfc_ratio,HDS-PBQS,positive_favors_HDS,50,50,1.0,1.0,0.0,0.0,0.0,0.0,0.0,0.0,paired_t,,,0,,
montage,100,4.75,Sharable,reference,20,small,sfc_deadline_miss_rate,HDS-PBQS,negative_favors_HDS,50,50,0.0,0.0,0.0,0.0,0.0,0.0,0.0,,paired_t,,,0,,
montage,100,4.75,Sharable,reference,20,small,provisioning_cost,HDS-PBQS,negative_favors_HDS,50,50,0.1027,0.08470000000000001,0.018000000000000002,0.01999999999999999,0.013627294558531733,0.02237270544146827,1.169880630515427,-21.251475796930325,paired_t,7.34698756207329e-11,9.575367320907922e-08,1,7.442498400380244e-08,8.816385074487948e-09
montage,100,4.75,Sharable,reference,20,small,makespan_s,HDS-PBQS,negative_favors_HDS,50,50,196.48101034466214,271.6142789968011,-75.13326865213891,-75.31208340506215,-79.531599702789,-70.73493760148882,-4.854713855815332,27.661752147067283,paired_t,6.203784964940644e-36,1.7763568394002505e-15,1,1.0893846398435772e-32,9.677904545307405e-34
montage,100,4.75,Sharable,reference,20,small,network_data_mb,HDS-PBQS,negative_favors_HDS,50,50,552.3702893171187,427.9365001994968,124.43378911762201,122.01868844112951,114.16706111502413,134.7005171202199,3.444494835715774,-29.07762928836708,paired_t,4.9270832332371366e-29,1.7763568394002505e-15,1,8.331697747403998e-26,8.031145670176533e-27
montage,100,4.75,Sharable,reference,20,small,cpu_utilization,HDS-PBQS,positive_favors_HDS,50,50,0.15346535554510662,0.1983575021262337,-0.044892146581127106,-0.042585697379565454,-0.04958402821252732,-0.040200264949726894,-2.71920902893755,-22.631937839466215,paired_t,1.793033119595163e-24,1.7763568394002505e-15,1,2.901127587504974e-21,2.9047136537441643e-22
montage,100,4.75,Sharable,reference,20,small,ram_utilization,HDS-PBQS,positive_favors_HDS,50,50,0.2825603337016456,0.35688761573023725,-0.07432728202859173,-0.069435238740848,-0.0831038797071466,-0.06555068435003687,-2.4068073533419847,-20.82652318335804,paired_t,3.2997198969846784e-22,1.7763568394002505e-15,1,5.081568641356404e-19,5.312549034145332e-20
montage,100,4.75,Sharable,reference,20,small,scheduler_runtime_s,HDS-PBQS,negative_favors_HDS,50,50,0.04111264217957791,0.016575265199135124,0.024537376980442796,0.02264631549951445,0.021978407140345917,0.027096346820539675,2.725098698189873,-148.03610491688013,paired_t,1.6323708788998168e-24,1.7763568394002505e-15,0,2.6444408238177032e-21,3.591215933579597e-22
montage,100,5.0,NonSharable,reference,20,small,global_deadline_success,HDS-PBQS,positive_favors_HDS,50,50,1.0,1.0,0.0,0.0,0.0,0.0,0.0,0.0,exact_mcnemar,1.0,,0,1.0,1.0
montage,100,5.0,NonSharable,reference,20,small,sfc_subdeadline_success,HDS-PBQS,positive_favors_HDS,50,50,1.0,1.0,0.0,0.0,0.0,0.0,0.0,0.0,exact_mcnemar,1.0,,0,1.0,1.0
montage,100,5.0,NonSharable,reference,20,small,accepted_sfc_ratio,HDS-PBQS,positive_favors_HDS,50,50,1.0,1.0,0.0,0.0,0.0,0.0,0.0,0.0,paired_t,,,0,,
montage,100,5.0,NonSharable,reference,20,small,sfc_deadline_miss_rate,HDS-PBQS,negative_favors_HDS,50,50,0.0,0.0,0.0,0.0,0.0,0.0,0.0,,paired_t,,,0,,
montage,100,5.0,NonSharable,reference,20,small,provisioning_cost,HDS-PBQS,negative_favors_HDS,50,50,0.1069,0.1144,-0.0075,-0.0050000000000000044,-0.011562491757969733,-0.003437508242030267,-0.5246721822971029,6.555944055944062,paired_t,0.0005291728278213373,0.0004620148650370681,1,0.3720084979584001,0.03069202401363756
montage,100,5.0,NonSharable,reference,20,small,makespan_s,HDS-PBQS,negative_favors_HDS,50,50,189.78834703005953,195.54756969327156,-5.759222663212013,-5.387002947670879,-6.909590488892127,-4.608854837531898,-1.422808370024539,2.9451773152925016,paired_t,1.6457227430355956e-13,1.5631940186722204e-13,1,1.9304327775807537e-10,9.051475086695776e-12
montage,100,5.0,NonSharable,reference,20,small,network_data_mb,HDS-PBQS,negative_favors_HDS,50,50,542.6308899459799,554.6359499762967,-12.005060030316825,-15.884430745734079,-20.357945058040983,-3.6521750025926654,-0.4084577124346099,2.1644936702768516,paired_t,0.005752734840463099,0.004178445711550793,1,1.0,0.45446605239658483
montage,100,5.0,NonSharable,reference,20,small,cpu_utilization,HDS-PBQS,positive_favors_HDS,50,50,0.1517027335237946,0.14406138475213942,0.007641348771655164,0.007413689394283704,0.004949787691528441,0.010332909851781888,0.8068355976332925,5.304231098987612,paired_t,6.638510538793795e-07,1.507920117660433e-07,1,0.0005662649489591106,2.9209446370692695e-05
montage,100,5.0,NonSharable,reference,20,small,ram_utilization,HDS-PBQS,positive_favors_HDS,50,50,0.2782742832379104,0.25949545876630986,0.01877882447160051,0.01727022511238853,0.013625492225688336,0.023932156717512688,1.0356178507544413,7.236667863429527,paired_t,2.0997859641648706e-09,6.535714192068554e-10,1,1.9613653421401978e-06,9.056459283889669e-08
montage,100,5.0,NonSharable,reference,20,small,scheduler_runtime_s,HDS-PBQS,negative_favors_HDS,50,50,0.028817200060511774,0.015330582959140828,0.013486617101370944,0.012963024015334699,0.012077659937463046,0.014895574265278842,2.7203482615849817,-87.97197821710738,paired_t,1.760747191191252e-24,1.7763568394002505e-15,0,2.850649702538637e-21,3.856036348708842e-22
montage,100,5.0,Sharable,reference,20,small,global_deadline_success,HDS-PBQS,positive_favors_HDS,50,50,1.0,1.0,0.0,0.0,0.0,0.0,0.0,0.0,exact_mcnemar,1.0,,0,1.0,1.0
montage,100,5.0,Sharable,reference,20,small,sfc_subdeadline_success,HDS-PBQS,positive_favors_HDS,50,50,1.0,1.0,0.0,0.0,0.0,0.0,0.0,0.0,exact_mcnemar,1.0,,0,1.0,1.0
montage,100,5.0,Sharable,reference,20,small,accepted_sfc_ratio,HDS-PBQS,positive_favors_HDS,50,50,1.0,1.0,0.0,0.0,0.0,0.0,0.0,0.0,paired_t,,,0,,
montage,100,5.0,Sharable,reference,20,small,sfc_deadline_miss_rate,HDS-PBQS,negative_favors_HDS,50,50,0.0,0.0,0.0,0.0,0.0,0.0,0.0,,paired_t,,,0,,
montage,100,5.0,Sharable,reference,20,small,provisioning_cost,HDS-PBQS,negative_favors_HDS,50,50,0.1029,0.08470000000000001,0.0182,0.01999999999999999,0.013848455372725272,0.022551544627274732,1.1886314430978562,-21.487603305785115,paired_t,4.623211966891372e-11,7.03337621125676e-08,1,4.701806570328526e-08,5.5940864799385604e-09
montage,100,5.0,Sharable,reference,20,small,makespan_s,HDS-PBQS,negative_favors_HDS,50,50,196.41322701784645,271.6142789968011,-75.20105197895465,-75.31208340506215,-79.59505985676418,-70.80704410114512,-4.8638744164118455,27.686707877327873,paired_t,5.676844341486714e-36,1.7763568394002505e-15,1,9.974215507992156e-33,8.91264561613414e-34
montage,100,5.0,Sharable,reference,20,small,network_data_mb,HDS-PBQS,negative_favors_HDS,50,50,552.3791971275841,427.9365001994968,124.44269692808751,122.01868844112951,114.16133192923753,134.7240619269375,3.43983733291508,-29.079710861325047,paired_t,5.238744770037754e-29,1.7763568394002505e-15,1,8.811568703203502e-26,8.394608539713979e-27
montage,100,5.0,Sharable,reference,20,small,cpu_utilization,HDS-PBQS,positive_favors_HDS,50,50,0.1531142583891971,0.1983575021262337,-0.045243243737036636,-0.042585697379565454,-0.049906698575020676,-0.040579788899052595,-2.7571806845353843,-22.808940046161727,paired_t,9.815885881642738e-25,1.7763568394002505e-15,1,1.595081455766945e-21,1.6294370563526946e-22
montage,100,5.0,Sharable,reference,20,small,ram_utilization,HDS-PBQS,positive_favors_HDS,50,50,0.28198397923298624,0.35688761573023725,-0.07490363649725112,-0.069435238740848,-0.08367692069061983,-0.06613035230388242,-2.4263864578562315,-20.98801785093851,paired_t,2.346153387750626e-22,1.7763568394002505e-15,1,3.629499290850218e-19,3.82423002203352e-20
montage,100,5.0,Sharable,reference,20,small,scheduler_runtime_s,HDS-PBQS,negative_favors_HDS,50,50,0.04078065900037467,0.017198120679313394,0.023582538321061285,0.022411379011828103,0.020856159714840908,0.026308916927281663,2.458236438681703,-137.12276335766919,paired_t,1.3528079068682316e-22,1.7763568394002505e-15,0,2.102263487273232e-19,2.4621103905001815e-20
