family,workflow_size,deadline_factor,sharing,candidate_count,eta,alpha,beta,gamma,omega_u,omega_w,deadline_mode,reconstruct_earliest_start,topology,node_count,paired_sample_size,provisioning_cost_improvement_pct_mean,provisioning_cost_improvement_pct_ci95_low,provisioning_cost_improvement_pct_ci95_high,end_to_end_delay_s_improvement_pct_mean,end_to_end_delay_s_improvement_pct_ci95_low,end_to_end_delay_s_improvement_pct_ci95_high,network_data_mb_improvement_pct_mean,network_data_mb_improvement_pct_ci95_low,network_data_mb_improvement_pct_ci95_high,resource_utilization_improvement_pct_mean,resource_utilization_improvement_pct_ci95_low,resource_utilization_improvement_pct_ci95_high,cpu_utilization_improvement_pct_mean,cpu_utilization_improvement_pct_ci95_low,cpu_utilization_improvement_pct_ci95_high,ram_utilization_improvement_pct_mean,ram_utilization_improvement_pct_ci95_low,ram_utilization_improvement_pct_ci95_high,max_link_bandwidth_utilization_improvement_pct_mean,max_link_bandwidth_utilization_improvement_pct_ci95_low,max_link_bandwidth_utilization_improvement_pct_ci95_high,workflow_deadline_success_improvement_pct_mean,workflow_deadline_success_improvement_pct_ci95_low,workflow_deadline_success_improvement_pct_ci95_high,workflow_completed_improvement_pct_mean,workflow_completed_improvement_pct_ci95_low,workflow_completed_improvement_pct_ci95_high,global_deadline_success_improvement_pct_mean,global_deadline_success_improvement_pct_ci95_low,global_deadline_success_improvement_pct_ci95_high,sfc_subdeadline_success_improvement_pct_mean,sfc_subdeadline_success_improvement_pct_ci95_low,sfc_subdeadline_success_improvement_pct_ci95_high
cybershake,100,0.8,NonSharable,20,0.7,0.7,0.2,0.1,0.7,0.3,reference,1,small,5,50,,,,,,,,,,,,,,,,,,,,,,0.0,0.0,0.0,0.0,0.0,0.0,0.0,0.0,0.0,0.0,0.0,0.0
cybershake,100,0.8,Sharable,20,0.7,0.7,0.2,0.1,0.7,0.3,reference,1,small,5,50,,,,,,,,,,,,,,,,,,,,,,0.0,0.0,0.0,0.0,0.0,0.0,0.0,0.0,0.0,0.0,0.0,0.0
cybershake,100,0.9,NonSharable,20,0.7,0.7,0.2,0.1,0.7,0.3,reference,1,small,5,50,,,,,,,,,,,,,,,,,,,,,,0.0,0.0,0.0,0.0,0.0,0.0,0.0,0.0,0.0,0.0,0.0,0.0
cybershake,100,0.9,Sharable,20,0.7,0.7,0.2,0.1,0.7,0.3,reference,1,small,5,50,,,,,,,,,,,,,,,,,,,,,,0.0,0.0,0.0,0.0,0.0,0.0,0.0,0.0,0.0,0.0,0.0,0.0
cybershake,100,1.0,NonSharable,20,0.7,0.7,0.2,0.1,0.7,0.3,reference,1,small,5,50,,,,,,,,,,,,,,,,,,,,,,0.0,0.0,0.0,0.0,0.0,0.0,0.0,0.0,0.0,0.0,0.0,0.0
cybershake,100,1.0,Sharable,20,0.7,0.7,0.2,0.1,0.7,0.3,reference,1,small,5,50,,,,,,,,,,,,,,,,,,,,,,0.0,0.0,0.0,0.0,0.0,0.0,0.0,0.0,0.0,0.0,0.0,0.0
cybershake,100,1.05,NonSharable,20,0.7,0.7,0.2,0.1,0.7,0.3,reference,1,small,5,50,,,,,,,,,,,,,,,,,,,,,,0.0,0.0,0.0,0.0,0.0,0.0,0.0,0.0,0.0,0.0,0.0,0.0
cybershake,100,1.05,Sharable,20,0.7,0.7,0.2,0.1,0.7,0.3,reference,1,small,5,50,,,,,,,,,,,,,,,,,,,,,,0.0,0.0,0.0,0.0,0.0,0.0,0.0,0.0,0.0,0.0,0.0,0.0
cybershake,100,1.1,NonSharable,20,0.7,0.7,0.2,0.1,0.7,0.3,reference,1,small,5,50,,,,,,,,,,,,,,,,,,,,,,0.0,0.0,0.0,0.0,0.0,0.0,0.0,0.0,0.0,0.0,0.0,0.0
cybershake,100,1.1,Sharable,20,0.7,0.7,0.2,0.1,0.7,0.3,reference,1,small,5,50,,,,,,,,,,,,,,,,,,,,,,0.0,0.0,0.0,0.0,0.0,0.0,0.0,0.0,0.0,0.0,0.0,0.0
cybershake,100,1.15,NonSharable,20,0.7,0.7,0.2,0.1,0.7,0.3,reference,1,small,5,50,,,,,,,,,,,,,,,,,,,,,,0.0,0.0,0.0,0.0,0.0,0.0,0.0,0.0,0.0,0.0,0.0,0.0
cybershake,100,1.15,Sharable,20,0.7,0.7,0.2,0.1,0.7,0.3,reference,1,small,5,50,,,,,,,,,,,,,,,,,,,,,,0.0,0.0,0.0,0.0,0.0,0.0,0.0,0.0,0.0,0.0,0.0,0.0
cybershake,100,1.2,NonSharable,20,0.7,0.7,0.2,0.1,0.7,0.3,reference,1,small,5,50,,,,,,,,,,,,,,,,,,,,,,0.0,0.0,0.0,0.0,0.0,0.0,0.0,0.0,0.0,0.0,0.0,0.0
cybershake,100,1.2,Sharable,20,0.7,0.7,0.2,0.1,0.7,0.3,reference,1,small,5,50,,,,,,,,,,,,,,,,,,,,,,0.0,0.0,0.0,0.0,0.0,0.0,0.0,0.0,0.0,0.0,0.0,0.0
cybershake,100,1.25,NonSharable,20,0.7,0.7,0.2,0.1,0.7,0.3,reference,1,small,5,50,,,,,,,,,,,,,,,,,,,,,,-2.0,-6.0191504742584785,2.0191504742584785,-2.0,-6.0191504742584785,2.0191504742584785,-2.0,-6.0191504742584785,2.0191504742584785,-2.0,-6.0191504742584785,2.0191504742584785
cybershake,100,1.25,Sharable,20,0.7,0.7,0.2,0.1,0.7,0.3,reference,1,small,5,50,,,,,,,,,,,,,,,,,,,,,,0.0,0.0,0.0,0.0,0.0,0.0,0.0,0.0,0.0,0.0,0.0,0.0
cybershake,100,1.3,NonSharable,20,0.7,0.7,0.2,0.1,0.7,0.3,reference,1,small,5,50,10.416666666666666,-121.93963266848637,142.7729660018197,1.4320627279325218,-25.617752190249416,28.48187764611446,-0.11035829812060172,-24.989860360906604,24.7691437646654,8.442695831606102,-20.087580627247668,36.97297229045987,7.6224598457623935,-37.03447873287705,52.27939842440183,8.841696166048283,-11.272675987456772,28.95606831955334,-19.763548085268173,-59.14223855932718,19.61514238879084,8.0,-1.6759896734384956,17.675989673438494,8.0,-1.6759896734384956,17.675989673438494,8.0,-1.6759896734384956,17.675989673438494,8.0,-1.6759896734384956,17.675989673438494
cybershake,100,1.3,Sharable,20,0.7,0.7,0.2,0.1,0.7,0.3,reference,1,small,5,50,,,,,,,,,,,,,,,,,,,,,,14.0,4.038620771101721,23.96137922889828,14.0,4.038620771101721,23.96137922889828,14.0,4.038620771101721,23.96137922889828,14.0,4.038620771101721,23.96137922889828
cybershake,100,1.35,NonSharable,20,0.7,0.7,0.2,0.1,0.7,0.3,reference,1,small,5,50,13.257026789635484,1.9297326111127777,24.58432096815819,1.9626221986946184,-0.24563984985230758,4.170884247241544,0.19773442554608334,-5.932810967490145,6.3282798185823115,9.216236446482847,1.2228096841260339,17.20966320883966,7.7842311250456655,-0.19640037393240206,15.764862624023737,9.984151369914782,1.901289403328036,18.067013336501528,-27.123400602976165,-38.213366519714015,-16.033434686238316,26.0,11.016620409190129,40.983379590809875,26.0,11.016620409190129,40.983379590809875,26.0,11.016620409190129,40.983379590809875,26.0,11.016620409190129,40.983379590809875
cybershake,100,1.35,Sharable,20,0.7,0.7,0.2,0.1,0.7,0.3,reference,1,small,5,50,,,,,,,,,,,,,,,,,,,,,,26.0,13.407592644604948,38.59240735539505,26.0,13.407592644604948,38.59240735539505,26.0,13.407592644604948,38.59240735539505,26.0,13.407592644604948,38.59240735539505
cybershake,100,1.4,NonSharable,20,0.7,0.7,0.2,0.1,0.7,0.3,reference,1,small,5,50,8.779881636288959,3.6404715080688916,13.919291764509026,2.124105568056164,1.0879395727399626,3.1602715633723655,1.0585143953853553,-1.056248508668798,3.1732772994395084,5.970896427532775,2.188004323334992,9.753788531730562,4.7955534037792376,1.2044213382330402,8.386685469325432,6.611688976321837,2.7045226257812716,10.518855326862402,-23.893308910608305,-31.84633058820036,-15.94028723301625,36.0,21.07172680989708,50.92827319010292,36.0,21.07172680989708,50.92827319010292,36.0,21.07172680989708,50.92827319010292,36.0,21.07172680989708,50.92827319010292
cybershake,100,1.4,Sharable,20,0.7,0.7,0.2,0.1,0.7,0.3,reference,1,small,5,50,,,,,,,,,,,,,,,,,,,,,,58.0,43.83081494166353,72.16918505833647,58.0,43.83081494166353,72.16918505833647,58.0,43.83081494166353,72.16918505833647,58.0,43.83081494166353,72.16918505833647
cybershake,100,1.45,NonSharable,20,0.7,0.7,0.2,0.1,0.7,0.3,reference,1,small,5,50,10.372266624383332,6.854446233133857,13.890087015632805,3.156304653432163,2.3008823879625746,4.0117269189017515,2.279910758728844,0.8019376723832263,3.7578838450744607,8.835758019824866,5.800737866222611,11.87077817342712,7.465504464145992,4.580250397804772,10.350758530487212,9.589768710387585,6.45913737137851,12.720400049396659,-28.5727575028462,-35.674578011459346,-21.470936994233053,16.0,5.475393555595918,26.524606444404082,16.0,5.475393555595918,26.524606444404082,16.0,5.475393555595918,26.524606444404082,16.0,5.475393555595918,26.524606444404082
cybershake,100,1.45,Sharable,20,0.7,0.7,0.2,0.1,0.7,0.3,reference,1,small,5,50,,,,,,,,,,,,,,,,,,,,,,80.0,68.51671293069006,91.48328706930994,80.0,68.51671293069006,91.48328706930994,80.0,68.51671293069006,91.48328706930994,80.0,68.51671293069006,91.48328706930994
cybershake,100,1.5,NonSharable,20,0.7,0.7,0.2,0.1,0.7,0.3,reference,1,small,5,50,11.569402008574475,8.480609665792805,14.658194351356144,3.563858096068695,2.7342926244376295,4.39342356769976,2.718404904094135,1.347626887949369,4.089182920238901,8.82207350297822,6.207692067099529,11.436454938856915,7.4868704730393905,4.997792048901201,9.975948897177581,9.557630813894932,6.863550634302124,12.251710993487736,-28.903015259822293,-35.77886506317671,-22.027165456467884,2.0,-2.0191504742584785,6.0191504742584785,2.0,-2.0191504742584785,6.0191504742584785,2.0,-2.0191504742584785,6.0191504742584785,2.0,-2.0191504742584785,6.0191504742584785
cybershake,100,1.5,Sharable,20,0.7,0.7,0.2,0.1,0.7,0.3,reference,1,small,5,50,,,,,,,,,,,,,,,,,,,,,,90.0,81.38753469801755,98.61246530198245,90.0,81.38753469801755,98.61246530198245,90.0,81.38753469801755,98.61246530198245,90.0,81.38753469801755,98.61246530198245
cybershake,100,1.6,NonSharable,20,0.7,0.7,0.2,0.1,0.7,0.3,reference,1,small,5,50,11.678923059312076,8.592566973690257,14.765279144933896,3.5735219914057796,2.7658174366476462,4.381226546163913,2.7724470305797086,1.4480915984125717,4.096802462746846,8.842542916540138,6.297554304000216,11.387531529080064,7.526344929206079,5.1051334468552305,9.947556411556928,9.567872955938071,6.944301345190487,12.191444566685655,-29.410667376324426,-36.00473967815887,-22.816595074489996,0.0,0.0,0.0,0.0,0.0,0.0,0.0,0.0,0.0,0.0,0.0,0.0
cybershake,100,1.6,Sharable,20,0.7,0.7,0.2,0.1,0.7,0.3,reference,1,small,5,50,-26.666666666666675,-26.666666666666675,-26.666666666666675,19.778663509419594,19.778663509419594,19.778663509419594,-37.458002191584704,-37.458002191584704,-37.458002191584704,-23.361448381607108,-23.361448381607108,-23.361448381607108,-25.30010336228134,-25.30010336228134,-25.30010336228134,-22.206698435829033,-22.206698435829033,-22.206698435829033,-118.72005256186495,-118.72005256186495,-118.72005256186495,96.0,90.37436122205813,101.62563877794187,96.0,90.37436122205813,101.62563877794187,96.0,90.37436122205813,101.62563877794187,96.0,90.37436122205813,101.62563877794187
cybershake,100,1.7,NonSharable,20,0.7,0.7,0.2,0.1,0.7,0.3,reference,1,small,5,50,11.678923059312076,8.592566973690257,14.765279144933896,3.5735219914057796,2.7658174366476462,4.381226546163913,2.743836149396634,1.416670716379221,4.0710015824140475,8.842542916540138,6.297554304000216,11.387531529080064,7.526344929206079,5.1051334468552305,9.947556411556928,9.567872955938071,6.944301345190487,12.191444566685655,-29.54630081403867,-36.177141848420675,-22.91545977965667,0.0,0.0,0.0,0.0,0.0,0.0,0.0,0.0,0.0,0.0,0.0,0.0
cybershake,100,1.7,Sharable,20,0.7,0.7,0.2,0.1,0.7,0.3,reference,1,small,5,50,-16.630662365956482,-27.252727363847512,-6.008597368065452,19.96059240128933,15.983837771485817,23.93734703109284,-36.031253967999845,-41.059730314191015,-31.002777621808672,-17.04703856858936,-22.806167065437833,-11.287910071740889,-18.619494200559515,-25.0299258299474,-12.209062571171632,-16.187677163373124,-21.60259097057281,-10.772763356173439,-111.64670370356276,-147.17285829571085,-76.12054911141466,82.0,70.97066293616535,93.02933706383465,82.0,70.97066293616535,93.02933706383465,82.0,70.97066293616535,93.02933706383465,82.0,70.97066293616535,93.02933706383465
cybershake,100,1.8,NonSharable,20,0.7,0.7,0.2,0.1,0.7,0.3,reference,1,small,5,50,11.678923059312076,8.592566973690257,14.765279144933896,3.5735219914057796,2.7658174366476462,4.381226546163913,2.745614712781167,1.4178803606977959,4.073349064864539,8.842542916540138,6.297554304000216,11.387531529080064,7.526344929206082,5.105133446855232,9.94755641155693,9.567872955938071,6.944301345190487,12.191444566685655,-29.557048210241597,-36.17475965157654,-22.939336768906657,0.0,0.0,0.0,0.0,0.0,0.0,0.0,0.0,0.0,0.0,0.0,0.0
cybershake,100,1.8,Sharable,20,0.7,0.7,0.2,0.1,0.7,0.3,reference,1,small,5,50,-16.914225410314703,-25.583745866290336,-8.244704954339072,22.676868106306628,21.64749062535946,23.706245587253797,-32.91770450085586,-36.591508232186314,-29.24390076952541,-22.240792006681996,-24.933188948172376,-19.548395065191617,-23.889026175920286,-26.49132832314878,-21.28672402869179,-21.336836828793018,-24.08796865823247,-18.585704999353567,-132.82149380275018,-156.09878710108734,-109.54420050441303,62.0,48.065420310552014,75.93457968944799,62.0,48.065420310552014,75.93457968944799,62.0,48.065420310552014,75.93457968944799,62.0,48.065420310552014,75.93457968944799
cybershake,100,1.9,NonSharable,20,0.7,0.7,0.2,0.1,0.7,0.3,reference,1,small,5,50,11.678923059312076,8.592566973690257,14.765279144933896,3.5735219914057796,2.7658174366476462,4.381226546163913,2.745614712781167,1.4178803606977959,4.073349064864539,8.842542916540138,6.297554304000214,11.38753152908006,7.526344929206081,5.1051334468552305,9.947556411556928,9.567872955938071,6.944301345190487,12.191444566685655,-29.557048210241597,-36.17475965157654,-22.939336768906657,0.0,0.0,0.0,0.0,0.0,0.0,0.0,0.0,0.0,0.0,0.0,0.0
cybershake,100,1.9,Sharable,20,0.7,0.7,0.2,0.1,0.7,0.3,reference,1,small,5,50,-17.641197640791013,-22.791313273888647,-12.491082007693379,23.399039308565165,22.554831157717583,24.24324745941274,-31.68456276084387,-35.04540898868949,-28.323716532998237,-21.91303999552598,-23.963149630772765,-19.86293036027919,-23.47942026253669,-25.541564088978518,-21.417276436094866,-21.052405064419563,-23.115303270357067,-18.989506858482073,-144.229045593061,-162.89043638525715,-125.56765480086489,28.0,15.110042233801236,40.88995776619876,28.0,15.110042233801236,40.88995776619876,28.0,15.110042233801236,40.88995776619876,28.0,15.110042233801236,40.88995776619876
cybershake,100,2.0,NonSharable,20,0.7,0.7,0.2,0.1,0.7,0.3,reference,1,small,5,50,11.678923059312076,8.592566973690257,14.765279144933896,3.5735219914057796,2.7658174366476462,4.381226546163913,2.745614712781167,1.4178803606977959,4.073349064864539,8.842542916540138,6.297554304000214,11.38753152908006,7.526344929206081,5.1051334468552305,9.947556411556928,9.567872955938071,6.944301345190487,12.191444566685655,-29.557048210241597,-36.17475965157654,-22.939336768906657,0.0,0.0,0.0,0.0,0.0,0.0,0.0,0.0,0.0,0.0,0.0,0.0
cybershake,100,2.0,Sharable,20,0.7,0.7,0.2,0.1,0.7,0.3,reference,1,small,5,50,-19.111293660056837,-24.584107823039894,-13.638479497073774,24.480890962674483,23.585698056955536,25.37608386839343,-30.704838176823202,-34.075531976153385,-27.334144377493004,-22.802357550018154,-24.66316336333021,-20.9415517367061,-24.336369412896712,-26.190826224867195,-22.48191260092623,-21.960337274363823,-23.838129111200473,-20.08254543752718,-141.74454382547458,-159.80337660635257,-123.68571104459657,14.0,4.038620771101721,23.96137922889828,14.0,4.038620771101721,23.96137922889828,14.0,4.038620771101721,23.96137922889828,14.0,4.038620771101721,23.96137922889828
cybershake,100,2.25,NonSharable,20,0.7,0.7,0.2,0.1,0.7,0.3,reference,1,small,5,50,11.678923059312076,8.592566973690257,14.765279144933896,3.5735219914057796,2.7658174366476462,4.381226546163913,2.745614712781167,1.4178803606977959,4.073349064864539,8.842542916540138,6.297554304000214,11.38753152908006,7.526344929206081,5.1051334468552305,9.947556411556928,9.567872955938071,6.944301345190487,12.191444566685655,-29.58845405330669,-36.20252287473061,-22.974385231882778,0.0,0.0,0.0,0.0,0.0,0.0,0.0,0.0,0.0,0.0,0.0,0.0
cybershake,100,2.25,Sharable,20,0.7,0.7,0.2,0.1,0.7,0.3,reference,1,small,5,50,-21.13055477284714,-26.08438735036001,-16.17672219533427,25.35031641108022,24.29562422000837,26.405008602152073,-29.724642654915684,-32.80532990850713,-26.643955401324238,-23.755279381005362,-25.38576207459055,-22.124796687420176,-25.252407818297087,-26.854379499673584,-23.65043613692059,-22.929398002578314,-24.586726302036837,-21.27206970311979,-146.2127215741055,-162.6317880162128,-129.7936551319982,0.0,0.0,0.0,0.0,0.0,0.0,0.0,0.0,0.0,0.0,0.0,0.0
cybershake,100,2.5,NonSharable,20,0.7,0.7,0.2,0.1,0.7,0.3,reference,1,small,5,50,11.678923059312076,8.592566973690257,14.765279144933896,3.5735219914057796,2.7658174366476462,4.381226546163913,2.745614712781167,1.4178803606977959,4.073349064864539,8.842542916540138,6.297554304000214,11.38753152908006,7.526344929206079,5.105133446855229,9.947556411556928,9.567872955938071,6.944301345190487,12.191444566685655,-30.051073520519257,-36.538706644362904,-23.563440396675627,0.0,0.0,0.0,0.0,0.0,0.0,0.0,0.0,0.0,0.0,0.0,0.0
cybershake,100,2.5,Sharable,20,0.7,0.7,0.2,0.1,0.7,0.3,reference,1,small,5,50,-21.13055477284714,-26.08438735036001,-16.17672219533427,25.35031641108022,24.29562422000837,26.405008602152073,-29.724642654915684,-32.80532990850713,-26.643955401324238,-23.755279381005362,-25.38576207459055,-22.124796687420176,-25.252407818297087,-26.854379499673584,-23.65043613692059,-22.929398002578317,-24.586726302036837,-21.27206970311979,-141.56964193678357,-159.18581194150255,-123.95347193206459,0.0,0.0,0.0,0.0,0.0,0.0,0.0,0.0,0.0,0.0,0.0,0.0
cybershake,100,2.75,NonSharable,20,0.7,0.7,0.2,0.1,0.7,0.3,reference,1,small,5,50,11.678923059312076,8.592566973690257,14.765279144933896,3.5735219914057796,2.7658174366476462,4.381226546163913,2.745614712781167,1.4178803606977959,4.073349064864539,8.842542916540138,6.297554304000214,11.38753152908006,7.526344929206079,5.105133446855229,9.947556411556928,9.567872955938071,6.944301345190487,12.191444566685655,-30.110301909200576,-36.59660453757955,-23.623999280821607,0.0,0.0,0.0,0.0,0.0,0.0,0.0,0.0,0.0,0.0,0.0,0.0
cybershake,100,2.75,Sharable,20,0.7,0.7,0.2,0.1,0.7,0.3,reference,1,small,5,50,-21.13055477284714,-26.08438735036001,-16.17672219533427,25.35031641108022,24.29562422000837,26.405008602152073,-29.724642654915684,-32.80532990850713,-26.643955401324238,-23.755279381005362,-25.38576207459055,-22.124796687420176,-25.252407818297087,-26.854379499673584,-23.65043613692059,-22.929398002578314,-24.586726302036837,-21.27206970311979,-144.22024171917607,-161.32094843452063,-127.11953500383153,0.0,0.0,0.0,0.0,0.0,0.0,0.0,0.0,0.0,0.0,0.0,0.0
cybershake,100,3.0,NonSharable,20,0.7,0.7,0.2,0.1,0.7,0.3,reference,1,small,5,50,11.678923059312076,8.592566973690257,14.765279144933896,3.5735219914057796,2.7658174366476462,4.381226546163913,2.745614712781167,1.4178803606977959,4.073349064864539,8.842542916540138,6.297554304000214,11.38753152908006,7.526344929206079,5.105133446855229,9.947556411556928,9.567872955938073,6.944301345190489,12.191444566685657,-30.110546130873953,-36.596770654804,-23.624321606943926,0.0,0.0,0.0,0.0,0.0,0.0,0.0,0.0,0.0,0.0,0.0,0.0
cybershake,100,3.0,Sharable,20,0.7,0.7,0.2,0.1,0.7,0.3,reference,1,small,5,50,-21.13055477284714,-26.08438735036001,-16.17672219533427,25.35031641108022,24.29562422000837,26.405008602152073,-29.724642654915684,-32.80532990850713,-26.643955401324238,-23.755279381005362,-25.38576207459055,-22.124796687420176,-25.252407818297087,-26.854379499673584,-23.65043613692059,-22.929398002578317,-24.586726302036837,-21.27206970311979,-144.76519856301348,-161.92860805147143,-127.60178907455554,0.0,0.0,0.0,0.0,0.0,0.0,0.0,0.0,0.0,0.0,0.0,0.0
cybershake,100,3.25,NonSharable,20,0.7,0.7,0.2,0.1,0.7,0.3,reference,1,small,5,50,11.678923059312076,8.592566973690257,14.765279144933896,3.5735219914057796,2.7658174366476462,4.381226546163913,2.745614712781167,1.4178803606977959,4.073349064864539,8.842542916540138,6.297554304000214,11.38753152908006,7.526344929206079,5.105133446855229,9.947556411556928,9.567872955938073,6.944301345190489,12.191444566685657,-30.110546130873953,-36.596770654804,-23.624321606943926,0.0,0.0,0.0,0.0,0.0,0.0,0.0,0.0,0.0,0.0,0.0,0.0
cybershake,100,3.25,Sharable,20,0.7,0.7,0.2,0.1,0.7,0.3,reference,1,small,5,50,-21.13055477284714,-26.08438735036001,-16.17672219533427,25.35031641108022,24.29562422000837,26.405008602152073,-29.724642654915684,-32.80532990850713,-26.643955401324238,-23.755279381005362,-25.38576207459055,-22.124796687420176,-25.252407818297087,-26.854379499673584,-23.65043613692059,-22.929398002578317,-24.586726302036837,-21.27206970311979,-141.15920408973062,-158.23534555723188,-124.08306262222936,0.0,0.0,0.0,0.0,0.0,0.0,0.0,0.0,0.0,0.0,0.0,0.0
cybershake,100,3.5,NonSharable,20,0.7,0.7,0.2,0.1,0.7,0.3,reference,1,small,5,50,11.678923059312076,8.592566973690257,14.765279144933896,3.5735219914057796,2.7658174366476462,4.381226546163913,2.745614712781167,1.4178803606977959,4.073349064864539,8.842542916540138,6.297554304000214,11.38753152908006,7.526344929206077,5.105133446855229,9.947556411556926,9.567872955938071,6.944301345190487,12.191444566685655,-28.986558806395518,-35.715777755339936,-22.257339857451115,0.0,0.0,0.0,0.0,0.0,0.0,0.0,0.0,0.0,0.0,0.0,0.0
cybershake,100,3.5,Sharable,20,0.7,0.7,0.2,0.1,0.7,0.3,reference,1,small,5,50,-21.13055477284714,-26.08438735036001,-16.17672219533427,25.35031641108022,24.29562422000837,26.405008602152073,-29.724642654915684,-32.80532990850713,-26.643955401324238,-23.755279381005362,-25.38576207459055,-22.124796687420176,-25.252407818297087,-26.854379499673584,-23.65043613692059,-22.929398002578314,-24.586726302036837,-21.27206970311979,-142.35427124932687,-159.423888781642,-125.28465371701174,0.0,0.0,0.0,0.0,0.0,0.0,0.0,0.0,0.0,0.0,0.0,0.0
cybershake,100,3.75,NonSharable,20,0.7,0.7,0.2,0.1,0.7,0.3,reference,1,small,5,50,11.678923059312076,8.592566973690257,14.765279144933896,3.5735219914057796,2.7658174366476462,4.381226546163913,2.745614712781167,1.4178803606977959,4.073349064864539,8.842542916540138,6.297554304000214,11.38753152908006,7.526344929206077,5.105133446855229,9.947556411556926,9.567872955938071,6.944301345190487,12.191444566685655,-28.986558806395518,-35.715777755339936,-22.257339857451115,0.0,0.0,0.0,0.0,0.0,0.0,0.0,0.0,0.0,0.0,0.0,0.0
cybershake,100,3.75,Sharable,20,0.7,0.7,0.2,0.1,0.7,0.3,reference,1,small,5,50,-21.13055477284714,-26.08438735036001,-16.17672219533427,25.35031641108022,24.29562422000837,26.405008602152073,-29.724642654915684,-32.80532990850713,-26.643955401324238,-23.755279381005362,-25.38576207459055,-22.124796687420176,-25.252407818297087,-26.854379499673584,-23.65043613692059,-22.929398002578317,-24.586726302036837,-21.27206970311979,-140.07072808337915,-157.20783740212954,-122.93361876462876,0.0,0.0,0.0,0.0,0.0,0.0,0.0,0.0,0.0,0.0,0.0,0.0
cybershake,100,4.0,NonSharable,20,0.7,0.7,0.2,0.1,0.7,0.3,reference,1,small,5,50,11.678923059312076,8.592566973690257,14.765279144933896,3.5735219914057796,2.7658174366476462,4.381226546163913,2.745614712781167,1.4178803606977959,4.073349064864539,8.842542916540138,6.297554304000214,11.38753152908006,7.526344929206077,5.105133446855229,9.947556411556926,9.567872955938071,6.944301345190487,12.191444566685655,-28.927330417714202,-35.65701678465021,-22.1976440507782,0.0,0.0,0.0,0.0,0.0,0.0,0.0,0.0,0.0,0.0,0.0,0.0
cybershake,100,4.0,Sharable,20,0.7,0.7,0.2,0.1,0.7,0.3,reference,1,small,5,50,-20.997221439513805,-25.91632144325679,-16.078121435770825,25.262292737167524,24.22413473992003,26.300450734415005,-29.850936213838253,-32.92063557978303,-26.781236847893464,-23.874748176039702,-25.539222675466952,-22.210273676612452,-25.356303018035188,-26.996436409970126,-23.71616962610025,-23.05818477129095,-24.745332658020043,-21.371036884561857,-146.02513998533774,-163.314061982308,-128.73621798836754,0.0,0.0,0.0,0.0,0.0,0.0,0.0,0.0,0.0,0.0,0.0,0.0
cybershake,100,4.25,NonSharable,20,0.7,0.7,0.2,0.1,0.7,0.3,reference,1,small,5,50,11.678923059312076,8.592566973690257,14.765279144933896,3.5735219914057796,2.7658174366476462,4.381226546163913,2.745614712781167,1.4178803606977959,4.073349064864539,8.842542916540138,6.297554304000214,11.38753152908006,7.526344929206077,5.105133446855229,9.947556411556926,9.567872955938071,6.944301345190487,12.191444566685655,-28.927330417714202,-35.65701678465021,-22.1976440507782,0.0,0.0,0.0,0.0,0.0,0.0,0.0,0.0,0.0,0.0,0.0,0.0
cybershake,100,4.25,Sharable,20,0.7,0.7,0.2,0.1,0.7,0.3,reference,1,small,5,50,-20.997221439513805,-25.91632144325679,-16.078121435770825,25.262292737167524,24.22413473992003,26.300450734415005,-29.850936213838253,-32.92063557978303,-26.781236847893464,-23.874748176039702,-25.539222675466952,-22.210273676612452,-25.356303018035188,-26.996436409970126,-23.71616962610025,-23.05818477129095,-24.745332658020043,-21.371036884561857,-146.07571788843418,-163.40360382872666,-128.7478319481417,0.0,0.0,0.0,0.0,0.0,0.0,0.0,0.0,0.0,0.0,0.0,0.0
cybershake,100,4.5,NonSharable,20,0.7,0.7,0.2,0.1,0.7,0.3,reference,1,small,5,50,11.678923059312076,8.592566973690257,14.765279144933896,3.5735219914057796,2.7658174366476462,4.381226546163913,2.745614712781167,1.4178803606977959,4.073349064864539,8.842542916540138,6.297554304000214,11.38753152908006,7.526344929206077,5.105133446855229,9.947556411556926,9.567872955938071,6.944301345190487,12.191444566685655,-28.927330417714202,-35.65701678465021,-22.1976440507782,0.0,0.0,0.0,0.0,0.0,0.0,0.0,0.0,0.0,0.0,0.0,0.0
cybershake,100,4.5,Sharable,20,0.7,0.7,0.2,0.1,0.7,0.3,reference,1,small,5,50,-20.997221439513805,-25.91632144325679,-16.078121435770825,25.262292737167524,24.22413473992003,26.300450734415005,-29.850936213838253,-32.92063557978303,-26.781236847893464,-23.874748176039702,-25.539222675466952,-22.210273676612452,-25.356303018035188,-26.996436409970126,-23.71616962610025,-23.05818477129095,-24.745332658020043,-21.371036884561857,-143.3627803664551,-160.2730280041317,-126.4525327287785,0.0,0.0,0.0,0.0,0.0,0.0,0.0,0.0,0.0,0.0,0.0,0.0
cybershake,100,4.75,NonSharable,20,0.7,0.7,0.2,0.1,0.7,0.3,reference,1,small,5,50,11.678923059312076,8.592566973690257,14.765279144933896,3.5735219914057796,2.7658174366476462,4.381226546163913,2.745614712781167,1.4178803606977959,4.073349064864539,8.842542916540138,6.297554304000214,11.38753152908006,7.526344929206077,5.105133446855229,9.947556411556926,9.567872955938071,6.944301345190487,12.191444566685655,-28.927330417714202,-35.65701678465021,-22.1976440507782,0.0,0.0,0.0,0.0,0.0,0.0,0.0,0.0,0.0,0.0,0.0,0.0
cybershake,100,4.75,Sharable,20,0.7,0.7,0.2,0.1,0.7,0.3,reference,1,small,5,50,-20.997221439513805,-25.91632144325679,-16.078121435770825,25.262292737167524,24.22413473992003,26.300450734415005,-29.850936213838253,-32.92063557978303,-26.781236847893464,-23.874748176039702,-25.539222675466952,-22.210273676612452,-25.356303018035188,-26.996436409970126,-23.71616962610025,-23.05818477129095,-24.745332658020043,-21.371036884561857,-142.6826421040451,-159.64530070485196,-125.71998350323824,0.0,0.0,0.0,0.0,0.0,0.0,0.0,0.0,0.0,0.0,0.0,0.0
cybershake,100,5.0,NonSharable,20,0.7,0.7,0.2,0.1,0.7,0.3,reference,1,small,5,50,11.678923059312076,8.592566973690257,14.765279144933896,3.5735219914057796,2.7658174366476462,4.381226546163913,2.745614712781167,1.4178803606977959,4.073349064864539,8.842542916540138,6.297554304000214,11.38753152908006,7.526344929206077,5.105133446855229,9.947556411556926,9.567872955938071,6.944301345190487,12.191444566685655,-28.927330417714202,-35.65701678465021,-22.1976440507782,0.0,0.0,0.0,0.0,0.0,0.0,0.0,0.0,0.0,0.0,0.0,0.0
cybershake,100,5.0,Sharable,20,0.7,0.7,0.2,0.1,0.7,0.3,reference,1,small,5,50,-20.997221439513805,-25.91632144325679,-16.078121435770825,25.262292737167524,24.22413473992003,26.300450734415005,-29.850936213838253,-32.92063557978303,-26.781236847893464,-23.874748176039702,-25.539222675466952,-22.210273676612452,-25.356303018035188,-26.996436409970126,-23.71616962610025,-23.05818477129095,-24.745332658020043,-21.371036884561857,-144.9333428318422,-162.12402225819736,-127.74266340548702,0.0,0.0,0.0,0.0,0.0,0.0,0.0,0.0,0.0,0.0,0.0,0.0
epigenomics,100,0.8,NonSharable,20,0.7,0.7,0.2,0.1,0.7,0.3,reference,1,small,5,50,,,,,,,,,,,,,,,,,,,,,,0.0,0.0,0.0,0.0,0.0,0.0,0.0,0.0,0.0,0.0,0.0,0.0
epigenomics,100,0.8,Sharable,20,0.7,0.7,0.2,0.1,0.7,0.3,reference,1,small,5,50,,,,,,,,,,,,,,,,,,,,,,0.0,0.0,0.0,0.0,0.0,0.0,0.0,0.0,0.0,0.0,0.0,0.0
epigenomics,100,0.9,NonSharable,20,0.7,0.7,0.2,0.1,0.7,0.3,reference,1,small,5,50,,,,,,,,,,,,,,,,,,,,,,0.0,0.0,0.0,0.0,0.0,0.0,0.0,0.0,0.0,0.0,0.0,0.0
epigenomics,100,0.9,Sharable,20,0.7,0.7,0.2,0.1,0.7,0.3,reference,1,small,5,50,,,,,,,,,,,,,,,,,,,,,,0.0,0.0,0.0,0.0,0.0,0.0,0.0,0.0,0.0,0.0,0.0,0.0
epigenomics,100,1.0,NonSharable,20,0.7,0.7,0.2,0.1,0.7,0.3,reference,1,small,5,50,,,,,,,,,,,,,,,,,,,,,,0.0,0.0,0.0,0.0,0.0,0.0,0.0,0.0,0.0,0.0,0.0,0.0
epigenomics,100,1.0,Sharable,20,0.7,0.7,0.2,0.1,0.7,0.3,reference,1,small,5,50,,,,,,,,,,,,,,,,,,,,,,0.0,0.0,0.0,0.0,0.0,0.0,0.0,0.0,0.0,0.0,0.0,0.0
epigenomics,100,1.05,NonSharable,20,0.7,0.7,0.2,0.1,0.7,0.3,reference,1,small,5,50,16.84768587068695,8.921045150179554,24.774326591194345,0.572723474132784,-0.2876590884619543,1.4331060367275223,5.899894243136241,0.3355920529222045,11.464196433350278,13.44883725702822,7.045271404236913,19.852403109819527,12.430516344846804,5.778774640632828,19.082258049060776,13.973119527715664,7.686929438781607,20.259309616649723,-22.569754249365822,-38.669676743896076,-6.46983175483556,4.0,-16.66991672475789,24.66991672475789,4.0,-16.66991672475789,24.66991672475789,4.0,-16.66991672475789,24.66991672475789,4.0,-16.66991672475789,24.66991672475789
epigenomics,100,1.05,Sharable,20,0.7,0.7,0.2,0.1,0.7,0.3,reference,1,small,5,50,-1.2962962962962965,-42.243734489593905,39.65114189700131,0.4079910161046818,-0.8773110940854225,1.6932931262947861,-11.443189069784099,-75.5602368896722,52.673858750104,1.286334597252287,-21.93390838128454,24.506577575789116,1.2722647916947505,-19.183877007102716,21.728406590492213,1.321041700391138,-23.355048521390266,25.997131922172542,-29.391587470420347,-57.20970650364407,-1.5734684371966274,34.0,18.160970978449026,49.83902902155097,34.0,18.160970978449026,49.83902902155097,34.0,18.160970978449026,49.83902902155097,34.0,18.160970978449026,49.83902902155097
epigenomics,100,1.1,NonSharable,20,0.7,0.7,0.2,0.1,0.7,0.3,reference,1,small,5,50,12.187695873023644,7.843706048576931,16.531685697470355,2.79333085059788,2.075341570068125,3.5113201311276354,14.0406739587032,9.922800257948627,18.158547659457774,10.877943309160369,7.576782784522324,14.179103833798413,9.432015836143236,6.048573987373885,12.815457684912587,11.633677998020799,8.343800488213455,14.923555507828143,-16.24365690932927,-24.740050472661494,-7.747263345997055,28.0,11.719630758133174,44.28036924186682,28.0,11.719630758133174,44.28036924186682,28.0,11.719630758133174,44.28036924186682,28.0,11.719630758133174,44.28036924186682
epigenomics,100,1.1,Sharable,20,0.7,0.7,0.2,0.1,0.7,0.3,reference,1,small,5,50,-4.225135173277586,-13.928645286804791,5.478374940249618,2.672550715337384,1.5008906457133036,3.844210784961465,-11.070898248700333,-25.30251789430688,3.1607213969062133,-3.8863592398571845,-9.457647521476563,1.684929041762195,-4.21775666664762,-9.83648128596187,1.4009679526666288,-3.701025824087966,-9.275383597543705,1.8733319493677731,-33.929720230533434,-59.69092942979306,-8.168511031273805,56.0,41.74961550866369,70.2503844913363,56.0,41.74961550866369,70.2503844913363,56.0,41.74961550866369,70.2503844913363,56.0,41.74961550866369,70.2503844913363
epigenomics,100,1.15,NonSharable,20,0.7,0.7,0.2,0.1,0.7,0.3,reference,1,small,5,50,15.847651835907323,13.09189293360339,18.60341073821125,4.444151061561643,3.8754873673804138,5.0128147557428715,16.00292784193676,12.92353298442288,19.08232269945064,14.225674831095507,11.25589087430577,17.195458787885247,12.005303222274147,9.054578754703842,14.956027689844452,15.398634514274098,12.396302233838913,18.400966794709284,-16.865280838779235,-24.189273842990698,-9.541287834567772,18.0,6.970662936165347,29.029337063834653,18.0,6.970662936165347,29.029337063834653,18.0,6.970662936165347,29.029337063834653,18.0,6.970662936165347,29.029337063834653
epigenomics,100,1.15,Sharable,20,0.7,0.7,0.2,0.1,0.7,0.3,reference,1,small,5,50,-13.094093033279236,-22.316146054619637,-3.872040011938834,6.193161712393878,5.11883023145621,7.267493193331546,-8.21290736492973,-18.4361167192967,2.01030198943724,-9.522550129056125,-14.388010023860744,-4.657090234251505,-10.573437807550372,-15.522981986576895,-5.62389362852385,-8.983431155380934,-13.840013864211446,-4.126848446550423,-21.956128484002402,-34.61538902957209,-9.296867938432706,52.0,36.55081729448813,67.44918270551187,52.0,36.55081729448813,67.44918270551187,52.0,36.55081729448813,67.44918270551187,52.0,36.55081729448813,67.44918270551187
epigenomics,100,1.2,NonSharable,20,0.7,0.7,0.2,0.1,0.7,0.3,reference,1,small,5,50,16.454191559647015,13.939524794811293,18.96885832448274,5.232246730038048,4.581625925059006,5.882867535017091,16.87284345005546,14.333024782766472,19.412662117344446,14.533131249023619,11.773380651158137,17.292881846889102,12.17443758037679,9.463303947902455,14.885571212851124,15.78734421076148,12.979850577730385,18.594837843792575,-15.810204186796962,-22.51704223326626,-9.103366140327665,2.0,-2.0191504742584785,6.0191504742584785,2.0,-2.0191504742584785,6.0191504742584785,2.0,-2.0191504742584785,6.0191504742584785,2.0,-2.0191504742584785,6.0191504742584785
epigenomics,100,1.2,Sharable,20,0.7,0.7,0.2,0.1,0.7,0.3,reference,1,small,5,50,-9.183003182553769,-14.02510234886034,-4.340904016247194,9.047310346047094,8.163938170645958,9.930682521448231,-0.08987366788583975,-6.0428839156471,5.8631365798754205,-10.96515580807719,-14.08468335804279,-7.845628258111594,-12.522190050709833,-15.848638761062517,-9.195741340357145,-10.14995010616121,-13.182551962980796,-7.1173482493416245,-29.027003881968493,-42.268648725016256,-15.785359038920724,38.0,24.065420310552014,51.934579689447986,38.0,24.065420310552014,51.934579689447986,38.0,24.065420310552014,51.934579689447986,38.0,24.065420310552014,51.934579689447986
epigenomics,100,1.25,NonSharable,20,0.7,0.7,0.2,0.1,0.7,0.3,reference,1,small,5,50,16.542009667095144,14.094946408624782,18.989072925565505,5.400831502325302,4.6781177488624355,6.123545255788169,16.96438572228576,14.429465082718387,19.499306361853137,14.096179064836406,11.563407457589369,16.62895067208344,11.807748339204602,9.318631315277479,14.296865363131726,15.314262309891685,12.73417518378523,17.89434943599814,-15.346857385323858,-21.98684326775384,-8.706871502893875,0.0,0.0,0.0,0.0,0.0,0.0,0.0,0.0,0.0,0.0,0.0,0.0
epigenomics,100,1.25,Sharable,20,0.7,0.7,0.2,0.1,0.7,0.3,reference,1,small,5,50,-8.956133076210117,-12.881016522805474,-5.031249629614756,10.21053883848672,9.403067038036118,11.018010638937321,-0.14643407136608877,-5.158559719980089,4.865691577247913,-11.588411331802648,-13.943828217925684,-9.232994445679612,-13.293646501881485,-15.694919410769456,-10.892373592993517,-10.687487408317653,-13.039313100124584,-8.335661716510721,-35.3217031087437,-47.14398019320518,-23.499426024282204,14.0,4.038620771101721,23.96137922889828,14.0,4.038620771101721,23.96137922889828,14.0,4.038620771101721,23.96137922889828,14.0,4.038620771101721,23.96137922889828
epigenomics,100,1.3,NonSharable,20,0.7,0.7,0.2,0.1,0.7,0.3,reference,1,small,5,50,16.611273736359212,14.143386838697833,19.079160634020592,5.4627119763474346,4.743622062718508,6.181801889976361,17.091189807895503,14.567498398723856,19.61488121706715,14.183568471470297,11.657670708334763,16.709466234605824,11.871623255393542,9.38625325141918,14.356993259367904,15.4143751724801,12.843125499596578,17.98562484536362,-15.463265866539254,-22.073947274509585,-8.852584458568924,0.0,0.0,0.0,0.0,0.0,0.0,0.0,0.0,0.0,0.0,0.0,0.0
epigenomics,100,1.3,Sharable,20,0.7,0.7,0.2,0.1,0.7,0.3,reference,1,small,5,50,-9.781682391853003,-13.475599136138076,-6.087765647567927,11.017487540991377,10.146303591045267,11.88867149093749,-0.7152729319506009,-5.6269392674332215,4.19639340353202,-12.341135824151568,-14.316864167440261,-10.365407480862881,-14.185412257894418,-16.190680128883,-12.180144386905841,-11.358882722495656,-13.3434473185826,-9.374318126408705,-36.3962810340257,-47.545274520117054,-25.24728754793434,6.0,-0.8178239472322657,12.817823947232267,6.0,-0.8178239472322657,12.817823947232267,6.0,-0.8178239472322657,12.817823947232267,6.0,-0.8178239472322657,12.817823947232267
epigenomics,100,1.35,NonSharable,20,0.7,0.7,0.2,0.1,0.7,0.3,reference,1,small,5,50,16.611273736359212,14.143386838697833,19.079160634020592,5.4627119763474346,4.743622062718508,6.181801889976361,17.091189807895503,14.567498398723856,19.61488121706715,14.183568471470297,11.657670708334763,16.709466234605824,11.871623255393542,9.38625325141918,14.356993259367904,15.4143751724801,12.843125499596578,17.98562484536362,-15.463265866539254,-22.073947274509585,-8.852584458568924,0.0,0.0,0.0,0.0,0.0,0.0,0.0,0.0,0.0,0.0,0.0,0.0
epigenomics,100,1.35,Sharable,20,0.7,0.7,0.2,0.1,0.7,0.3,reference,1,small,5,50,-8.615123126559281,-12.392430643792737,-4.837815609325824,11.054833521907542,10.219751656905222,11.88991538690986,0.2772208911687614,-4.630072751697657,5.184514534035181,-11.475474580204008,-13.684934835456469,-9.266014324951547,-13.27278078267868,-15.528171790043396,-11.017389775313964,-10.520168926360961,-12.725263385824917,-8.315074466897006,-34.787645707733695,-45.78617727218532,-23.78911414328207,2.0,-2.0191504742584785,6.0191504742584785,2.0,-2.0191504742584785,6.0191504742584785,2.0,-2.0191504742584785,6.0191504742584785,2.0,-2.0191504742584785,6.0191504742584785
epigenomics,100,1.4,NonSharable,20,0.7,0.7,0.2,0.1,0.7,0.3,reference,1,small,5,50,16.611273736359212,14.143386838697833,19.079160634020592,5.4627119763474346,4.743622062718508,6.181801889976361,17.091189807895503,14.567498398723856,19.61488121706715,14.183568471470297,11.657670708334763,16.709466234605824,11.871623255393542,9.38625325141918,14.356993259367904,15.4143751724801,12.843125499596578,17.98562484536362,-15.463265866539254,-22.073947274509585,-8.852584458568924,0.0,0.0,0.0,0.0,0.0,0.0,0.0,0.0,0.0,0.0,0.0,0.0
epigenomics,100,1.4,Sharable,20,0.7,0.7,0.2,0.1,0.7,0.3,reference,1,small,5,50,-8.560467722851625,-12.261138134908911,-4.859797310794339,11.200560113619893,10.331927769605084,12.069192457634706,0.762661435267691,-4.140966687392191,5.6662895579275725,-11.283391723174896,-13.481233400227293,-9.0855500461225,-13.095101517511285,-15.332435542137425,-10.857767492885149,-10.319523191115138,-12.516249407069129,-8.122796975161148,-34.3345338349582,-45.1435927483443,-23.525474921572105,0.0,0.0,0.0,0.0,0.0,0.0,0.0,0.0,0.0,0.0,0.0,0.0
epigenomics,100,1.45,NonSharable,20,0.7,0.7,0.2,0.1,0.7,0.3,reference,1,small,5,50,16.611273736359212,14.143386838697833,19.079160634020592,5.462633759312841,4.7435315364687165,6.181735982156964,17.091189807895503,14.567498398723856,19.61488121706715,14.183568471470297,11.657670708334763,16.709466234605824,11.871623255393542,9.38625325141918,14.356993259367904,15.4143751724801,12.843125499596578,17.98562484536362,-15.645444420564951,-22.220034934053494,-9.070853907076405,0.0,0.0,0.0,0.0,0.0,0.0,0.0,0.0,0.0,0.0,0.0,0.0
epigenomics,100,1.45,Sharable,20,0.7,0.7,0.2,0.1,0.7,0.3,reference,1,small,5,50,-8.324356611740514,-12.067352226392977,-4.5813609970880504,11.200616881102755,10.331968062598435,12.06926569960708,0.762661435267691,-4.140966687392191,5.6662895579275725,-11.283391723174896,-13.481233400227293,-9.0855500461225,-13.095101517511285,-15.332435542137425,-10.857767492885149,-10.319523191115138,-12.516249407069129,-8.122796975161148,-34.33461105422831,-45.143659544013076,-23.52556256444356,0.0,0.0,0.0,0.0,0.0,0.0,0.0,0.0,0.0,0.0,0.0,0.0
epigenomics,100,1.5,NonSharable,20,0.7,0.7,0.2,0.1,0.7,0.3,reference,1,small,5,50,16.611273736359212,14.143386838697833,19.079160634020592,5.462633759312841,4.7435315364687165,6.181735982156964,17.091189807895503,14.567498398723856,19.61488121706715,14.183568471470297,11.657670708334763,16.709466234605824,11.871623255393542,9.38625325141918,14.356993259367904,15.4143751724801,12.843125499596578,17.98562484536362,-15.645444420564951,-22.220034934053494,-9.070853907076405,0.0,0.0,0.0,0.0,0.0,0.0,0.0,0.0,0.0,0.0,0.0,0.0
epigenomics,100,1.5,Sharable,20,0.7,0.7,0.2,0.1,0.7,0.3,reference,1,small,5,50,-8.324356611740514,-12.067352226392977,-4.5813609970880504,11.200616881102755,10.331968062598435,12.06926569960708,0.762661435267691,-4.140966687392191,5.6662895579275725,-11.283391723174896,-13.481233400227293,-9.0855500461225,-13.095101517511285,-15.332435542137425,-10.857767492885149,-10.319523191115138,-12.516249407069129,-8.122796975161148,-34.33461105422831,-45.143659544013076,-23.52556256444356,0.0,0.0,0.0,0.0,0.0,0.0,0.0,0.0,0.0,0.0,0.0,0.0
epigenomics,100,1.6,NonSharable,20,0.7,0.7,0.2,0.1,0.7,0.3,reference,1,small,5,50,16.611273736359212,14.143386838697833,19.079160634020592,5.462633759312841,4.7435315364687165,6.181735982156964,17.091189807895503,14.567498398723856,19.61488121706715,14.183568471470297,11.657670708334763,16.709466234605824,11.871623255393542,9.38625325141918,14.356993259367904,15.4143751724801,12.843125499596578,17.98562484536362,-15.645444420564951,-22.220034934053494,-9.070853907076405,0.0,0.0,0.0,0.0,0.0,0.0,0.0,0.0,0.0,0.0,0.0,0.0
epigenomics,100,1.6,Sharable,20,0.7,0.7,0.2,0.1,0.7,0.3,reference,1,small,5,50,-8.324356611740514,-12.067352226392977,-4.5813609970880504,11.200616881102755,10.331968062598435,12.06926569960708,0.762661435267691,-4.140966687392191,5.6662895579275725,-11.283391723174896,-13.481233400227293,-9.0855500461225,-13.095101517511285,-15.332435542137425,-10.857767492885149,-10.319523191115138,-12.516249407069129,-8.122796975161148,-34.33461105422831,-45.143659544013076,-23.52556256444356,0.0,0.0,0.0,0.0,0.0,0.0,0.0,0.0,0.0,0.0,0.0,0.0
epigenomics,100,1.7,NonSharable,20,0.7,0.7,0.2,0.1,0.7,0.3,reference,1,small,5,50,16.611273736359212,14.143386838697833,19.079160634020592,5.462633759312841,4.7435315364687165,6.181735982156964,17.091189807895503,14.567498398723856,19.61488121706715,14.183568471470297,11.657670708334763,16.709466234605824,11.871623255393542,9.38625325141918,14.356993259367904,15.4143751724801,12.843125499596578,17.98562484536362,-15.645444420564951,-22.220034934053494,-9.070853907076405,0.0,0.0,0.0,0.0,0.0,0.0,0.0,0.0,0.0,0.0,0.0,0.0
epigenomics,100,1.7,Sharable,20,0.7,0.7,0.2,0.1,0.7,0.3,reference,1,small,5,50,-8.324356611740514,-12.067352226392977,-4.5813609970880504,11.200616881102755,10.331968062598435,12.06926569960708,0.762661435267691,-4.140966687392191,5.6662895579275725,-11.283391723174896,-13.481233400227293,-9.0855500461225,-13.095101517511285,-15.332435542137425,-10.857767492885149,-10.319523191115138,-12.516249407069129,-8.122796975161148,-34.33461105422831,-45.143659544013076,-23.52556256444356,0.0,0.0,0.0,0.0,0.0,0.0,0.0,0.0,0.0,0.0,0.0,0.0
epigenomics,100,1.8,NonSharable,20,0.7,0.7,0.2,0.1,0.7,0.3,reference,1,small,5,50,16.611273736359212,14.143386838697833,19.079160634020592,5.462633759312841,4.7435315364687165,6.181735982156964,17.091189807895503,14.567498398723856,19.61488121706715,14.183568471470297,11.657670708334763,16.709466234605824,11.871623255393542,9.38625325141918,14.356993259367904,15.4143751724801,12.843125499596578,17.98562484536362,-15.645444420564951,-22.220034934053494,-9.070853907076405,0.0,0.0,0.0,0.0,0.0,0.0,0.0,0.0,0.0,0.0,0.0,0.0
epigenomics,100,1.8,Sharable,20,0.7,0.7,0.2,0.1,0.7,0.3,reference,1,small,5,50,-8.324356611740514,-12.067352226392977,-4.5813609970880504,11.200616881102755,10.331968062598435,12.06926569960708,0.762661435267691,-4.140966687392191,5.6662895579275725,-11.283391723174896,-13.481233400227293,-9.0855500461225,-13.095101517511285,-15.332435542137425,-10.857767492885149,-10.319523191115138,-12.516249407069129,-8.122796975161148,-34.33461105422831,-45.143659544013076,-23.52556256444356,0.0,0.0,0.0,0.0,0.0,0.0,0.0,0.0,0.0,0.0,0.0,0.0
epigenomics,100,1.9,NonSharable,20,0.7,0.7,0.2,0.1,0.7,0.3,reference,1,small,5,50,16.611273736359212,14.143386838697833,19.079160634020592,5.462633759312841,4.7435315364687165,6.181735982156964,17.091189807895503,14.567498398723856,19.61488121706715,14.183568471470297,11.657670708334763,16.709466234605824,11.871623255393542,9.38625325141918,14.356993259367904,15.4143751724801,12.843125499596578,17.98562484536362,-15.645444420564951,-22.220034934053494,-9.070853907076405,0.0,0.0,0.0,0.0,0.0,0.0,0.0,0.0,0.0,0.0,0.0,0.0
epigenomics,100,1.9,Sharable,20,0.7,0.7,0.2,0.1,0.7,0.3,reference,1,small,5,50,-8.324356611740514,-12.067352226392977,-4.5813609970880504,11.200616881102755,10.331968062598435,12.06926569960708,0.762661435267691,-4.140966687392191,5.6662895579275725,-11.283391723174896,-13.481233400227293,-9.0855500461225,-13.095101517511285,-15.332435542137425,-10.857767492885149,-10.319523191115138,-12.516249407069129,-8.122796975161148,-34.33461105422831,-45.143659544013076,-23.52556256444356,0.0,0.0,0.0,0.0,0.0,0.0,0.0,0.0,0.0,0.0,0.0,0.0
epigenomics,100,2.0,NonSharable,20,0.7,0.7,0.2,0.1,0.7,0.3,reference,1,small,5,50,16.611273736359212,14.143386838697833,19.079160634020592,5.462633759312841,4.7435315364687165,6.181735982156964,17.091189807895503,14.567498398723856,19.61488121706715,14.183568471470297,11.657670708334763,16.709466234605824,11.871623255393542,9.38625325141918,14.356993259367904,15.4143751724801,12.843125499596578,17.98562484536362,-15.645444420564951,-22.220034934053494,-9.070853907076405,0.0,0.0,0.0,0.0,0.0,0.0,0.0,0.0,0.0,0.0,0.0,0.0
epigenomics,100,2.0,Sharable,20,0.7,0.7,0.2,0.1,0.7,0.3,reference,1,small,5,50,-8.324356611740514,-12.067352226392977,-4.5813609970880504,11.200616881102755,10.331968062598435,12.06926569960708,0.762661435267691,-4.140966687392191,5.6662895579275725,-11.283391723174896,-13.481233400227293,-9.0855500461225,-13.095101517511285,-15.332435542137425,-10.857767492885149,-10.319523191115138,-12.516249407069129,-8.122796975161148,-34.33461105422831,-45.143659544013076,-23.52556256444356,0.0,0.0,0.0,0.0,0.0,0.0,0.0,0.0,0.0,0.0,0.0,0.0
epigenomics,100,2.25,NonSharable,20,0.7,0.7,0.2,0.1,0.7,0.3,reference,1,small,5,50,16.611273736359212,14.143386838697833,19.079160634020592,5.462633759312841,4.7435315364687165,6.181735982156964,17.091189807895503,14.567498398723856,19.61488121706715,14.183568471470297,11.657670708334763,16.709466234605824,11.871623255393542,9.38625325141918,14.356993259367904,15.4143751724801,12.843125499596578,17.98562484536362,-15.645444420564951,-22.220034934053494,-9.070853907076405,0.0,0.0,0.0,0.0,0.0,0.0,0.0,0.0,0.0,0.0,0.0,0.0
epigenomics,100,2.25,Sharable,20,0.7,0.7,0.2,0.1,0.7,0.3,reference,1,small,5,50,-8.324356611740514,-12.067352226392977,-4.5813609970880504,11.200616881102755,10.331968062598435,12.06926569960708,0.762661435267691,-4.140966687392191,5.6662895579275725,-11.283391723174896,-13.481233400227293,-9.0855500461225,-13.095101517511285,-15.332435542137425,-10.857767492885149,-10.319523191115138,-12.516249407069129,-8.122796975161148,-34.33461105422831,-45.143659544013076,-23.52556256444356,0.0,0.0,0.0,0.0,0.0,0.0,0.0,0.0,0.0,0.0,0.0,0.0
epigenomics,100,2.5,NonSharable,20,0.7,0.7,0.2,0.1,0.7,0.3,reference,1,small,5,50,16.611273736359212,14.143386838697833,19.079160634020592,5.462633759312841,4.7435315364687165,6.181735982156964,17.091189807895503,14.567498398723856,19.61488121706715,14.183568471470297,11.657670708334763,16.709466234605824,11.871623255393542,9.38625325141918,14.356993259367904,15.4143751724801,12.843125499596578,17.98562484536362,-15.645444420564951,-22.220034934053494,-9.070853907076405,0.0,0.0,0.0,0.0,0.0,0.0,0.0,0.0,0.0,0.0,0.0,0.0
epigenomics,100,2.5,Sharable,20,0.7,0.7,0.2,0.1,0.7,0.3,reference,1,small,5,50,-8.324356611740514,-12.067352226392977,-4.5813609970880504,11.200616881102755,10.331968062598435,12.06926569960708,0.762661435267691,-4.140966687392191,5.6662895579275725,-11.283391723174896,-13.481233400227293,-9.0855500461225,-13.095101517511285,-15.332435542137425,-10.857767492885149,-10.319523191115138,-12.516249407069129,-8.122796975161148,-34.33461105422831,-45.143659544013076,-23.52556256444356,0.0,0.0,0.0,0.0,0.0,0.0,0.0,0.0,0.0,0.0,0.0,0.0
epigenomics,100,2.75,NonSharable,20,0.7,0.7,0.2,0.1,0.7,0.3,reference,1,small,5,50,16.611273736359212,14.143386838697833,19.079160634020592,5.462633759312841,4.7435315364687165,6.181735982156964,17.091189807895503,14.567498398723856,19.61488121706715,14.183568471470297,11.657670708334763,16.709466234605824,11.871623255393542,9.38625325141918,14.356993259367904,15.4143751724801,12.843125499596578,17.98562484536362,-15.645444420564951,-22.220034934053494,-9.070853907076405,0.0,0.0,0.0,0.0,0.0,0.0,0.0,0.0,0.0,0.0,0.0,0.0
epigenomics,100,2.75,Sharable,20,0.7,0.7,0.2,0.1,0.7,0.3,reference,1,small,5,50,-8.324356611740514,-12.067352226392977,-4.5813609970880504,11.200616881102755,10.331968062598435,12.06926569960708,0.762661435267691,-4.140966687392191,5.6662895579275725,-11.283391723174896,-13.481233400227293,-9.0855500461225,-13.095101517511285,-15.332435542137425,-10.857767492885149,-10.319523191115138,-12.516249407069129,-8.122796975161148,-34.33461105422831,-45.143659544013076,-23.52556256444356,0.0,0.0,0.0,0.0,0.0,0.0,0.0,0.0,0.0,0.0,0.0,0.0
epigenomics,100,3.0,NonSharable,20,0.7,0.7,0.2,0.1,0.7,0.3,reference,1,small,5,50,16.611273736359212,14.143386838697833,19.079160634020592,5.462633759312841,4.7435315364687165,6.181735982156964,17.091189807895503,14.567498398723856,19.61488121706715,14.183568471470297,11.657670708334763,16.709466234605824,11.871623255393542,9.38625325141918,14.356993259367904,15.4143751724801,12.843125499596578,17.98562484536362,-15.645444420564951,-22.220034934053494,-9.070853907076405,0.0,0.0,0.0,0.0,0.0,0.0,0.0,0.0,0.0,0.0,0.0,0.0
epigenomics,100,3.0,Sharable,20,0.7,0.7,0.2,0.1,0.7,0.3,reference,1,small,5,50,-8.324356611740514,-12.067352226392977,-4.5813609970880504,11.200616881102755,10.331968062598435,12.06926569960708,0.762661435267691,-4.140966687392191,5.6662895579275725,-11.283391723174896,-13.481233400227293,-9.0855500461225,-13.095101517511285,-15.332435542137425,-10.857767492885149,-10.319523191115138,-12.516249407069129,-8.122796975161148,-34.33461105422831,-45.143659544013076,-23.52556256444356,0.0,0.0,0.0,0.0,0.0,0.0,0.0,0.0,0.0,0.0,0.0,0.0
epigenomics,100,3.25,NonSharable,20,0.7,0.7,0.2,0.1,0.7,0.3,reference,1,small,5,50,16.611273736359212,14.143386838697833,19.079160634020592,5.462633759312841,4.7435315364687165,6.181735982156964,17.091189807895503,14.567498398723856,19.61488121706715,14.183568471470297,11.657670708334763,16.709466234605824,11.871623255393542,9.38625325141918,14.356993259367904,15.4143751724801,12.843125499596578,17.98562484536362,-15.645444420564951,-22.220034934053494,-9.070853907076405,0.0,0.0,0.0,0.0,0.0,0.0,0.0,0.0,0.0,0.0,0.0,0.0
epigenomics,100,3.25,Sharable,20,0.7,0.7,0.2,0.1,0.7,0.3,reference,1,small,5,50,-8.324356611740514,-12.067352226392977,-4.5813609970880504,11.200616881102755,10.331968062598435,12.06926569960708,0.762661435267691,-4.140966687392191,5.6662895579275725,-11.283391723174896,-13.481233400227293,-9.0855500461225,-13.095101517511285,-15.332435542137425,-10.857767492885149,-10.319523191115138,-12.516249407069129,-8.122796975161148,-34.33461105422831,-45.143659544013076,-23.52556256444356,0.0,0.0,0.0,0.0,0.0,0.0,0.0,0.0,0.0,0.0,0.0,0.0
epigenomics,100,3.5,NonSharable,20,0.7,0.7,0.2,0.1,0.7,0.3,reference,1,small,5,50,16.611273736359212,14.143386838697833,19.079160634020592,5.462633759312841,4.7435315364687165,6.181735982156964,17.091189807895503,14.567498398723856,19.61488121706715,14.183568471470297,11.657670708334763,16.709466234605824,11.871623255393542,9.38625325141918,14.356993259367904,15.4143751724801,12.843125499596578,17.98562484536362,-15.645444420564951,-22.220034934053494,-9.070853907076405,0.0,0.0,0.0,0.0,0.0,0.0,0.0,0.0,0.0,0.0,0.0,0.0
epigenomics,100,3.5,Sharable,20,0.7,0.7,0.2,0.1,0.7,0.3,reference,1,small,5,50,-8.324356611740514,-12.067352226392977,-4.5813609970880504,11.200616881102755,10.331968062598435,12.06926569960708,0.762661435267691,-4.140966687392191,5.6662895579275725,-11.283391723174896,-13.481233400227293,-9.0855500461225,-13.095101517511285,-15.332435542137425,-10.857767492885149,-10.319523191115138,-12.516249407069129,-8.122796975161148,-34.33461105422831,-45.143659544013076,-23.52556256444356,0.0,0.0,0.0,0.0,0.0,0.0,0.0,0.0,0.0,0.0,0.0,0.0
epigenomics,100,3.75,NonSharable,20,0.7,0.7,0.2,0.1,0.7,0.3,reference,1,small,5,50,16.611273736359212,14.143386838697833,19.079160634020592,5.462633759312841,4.7435315364687165,6.181735982156964,17.091189807895503,14.567498398723856,19.61488121706715,14.183568471470297,11.657670708334763,16.709466234605824,11.871623255393542,9.38625325141918,14.356993259367904,15.4143751724801,12.843125499596578,17.98562484536362,-15.645444420564951,-22.220034934053494,-9.070853907076405,0.0,0.0,0.0,0.0,0.0,0.0,0.0,0.0,0.0,0.0,0.0,0.0
epigenomics,100,3.75,Sharable,20,0.7,0.7,0.2,0.1,0.7,0.3,reference,1,small,5,50,-8.324356611740514,-12.067352226392977,-4.5813609970880504,11.200616881102755,10.331968062598435,12.06926569960708,0.762661435267691,-4.140966687392191,5.6662895579275725,-11.283391723174896,-13.481233400227293,-9.0855500461225,-13.095101517511285,-15.332435542137425,-10.857767492885149,-10.319523191115138,-12.516249407069129,-8.122796975161148,-34.33461105422831,-45.143659544013076,-23.52556256444356,0.0,0.0,0.0,0.0,0.0,0.0,0.0,0.0,0.0,0.0,0.0,0.0
epigenomics,100,4.0,NonSharable,20,0.7,0.7,0.2,0.1,0.7,0.3,reference,1,small,5,50,16.611273736359212,14.143386838697833,19.079160634020592,5.462633759312841,4.7435315364687165,6.181735982156964,17.091189807895503,14.567498398723856,19.61488121706715,14.183568471470297,11.657670708334763,16.709466234605824,11.871623255393542,9.38625325141918,14.356993259367904,15.4143751724801,12.843125499596578,17.98562484536362,-15.645444420564951,-22.220034934053494,-9.070853907076405,0.0,0.0,0.0,0.0,0.0,0.0,0.0,0.0,0.0,0.0,0.0,0.0
epigenomics,100,4.0,Sharable,20,0.7,0.7,0.2,0.1,0.7,0.3,reference,1,small,5,50,-8.324356611740514,-12.067352226392977,-4.5813609970880504,11.200616881102755,10.331968062598435,12.06926569960708,0.762661435267691,-4.140966687392191,5.6662895579275725,-11.283391723174896,-13.481233400227293,-9.0855500461225,-13.095101517511285,-15.332435542137425,-10.857767492885149,-10.319523191115138,-12.516249407069129,-8.122796975161148,-34.33461105422831,-45.143659544013076,-23.52556256444356,0.0,0.0,0.0,0.0,0.0,0.0,0.0,0.0,0.0,0.0,0.0,0.0
epigenomics,100,4.25,NonSharable,20,0.7,0.7,0.2,0.1,0.7,0.3,reference,1,small,5,50,16.611273736359212,14.143386838697833,19.079160634020592,5.462633759312841,4.7435315364687165,6.181735982156964,17.091189807895503,14.567498398723856,19.61488121706715,14.183568471470297,11.657670708334763,16.709466234605824,11.871623255393542,9.38625325141918,14.356993259367904,15.4143751724801,12.843125499596578,17.98562484536362,-15.645444420564951,-22.220034934053494,-9.070853907076405,0.0,0.0,0.0,0.0,0.0,0.0,0.0,0.0,0.0,0.0,0.0,0.0
epigenomics,100,4.25,Sharable,20,0.7,0.7,0.2,0.1,0.7,0.3,reference,1,small,5,50,-8.324356611740514,-12.067352226392977,-4.5813609970880504,11.200616881102755,10.331968062598435,12.06926569960708,0.762661435267691,-4.140966687392191,5.6662895579275725,-11.283391723174896,-13.481233400227293,-9.0855500461225,-13.095101517511285,-15.332435542137425,-10.857767492885149,-10.319523191115138,-12.516249407069129,-8.122796975161148,-34.33461105422831,-45.143659544013076,-23.52556256444356,0.0,0.0,0.0,0.0,0.0,0.0,0.0,0.0,0.0,0.0,0.0,0.0
epigenomics,100,4.5,NonSharable,20,0.7,0.7,0.2,0.1,0.7,0.3,reference,1,small,5,50,16.611273736359212,14.143386838697833,19.079160634020592,5.462633759312841,4.7435315364687165,6.181735982156964,17.091189807895503,14.567498398723856,19.61488121706715,14.183568471470297,11.657670708334763,16.709466234605824,11.871623255393542,9.38625325141918,14.356993259367904,15.4143751724801,12.843125499596578,17.98562484536362,-15.645444420564951,-22.220034934053494,-9.070853907076405,0.0,0.0,0.0,0.0,0.0,0.0,0.0,0.0,0.0,0.0,0.0,0.0
epigenomics,100,4.5,Sharable,20,0.7,0.7,0.2,0.1,0.7,0.3,reference,1,small,5,50,-8.324356611740514,-12.067352226392977,-4.5813609970880504,11.200616881102755,10.331968062598435,12.06926569960708,0.762661435267691,-4.140966687392191,5.6662895579275725,-11.283391723174896,-13.481233400227293,-9.0855500461225,-13.095101517511285,-15.332435542137425,-10.857767492885149,-10.319523191115138,-12.516249407069129,-8.122796975161148,-34.33461105422831,-45.143659544013076,-23.52556256444356,0.0,0.0,0.0,0.0,0.0,0.0,0.0,0.0,0.0,0.0,0.0,0.0
epigenomics,100,4.75,NonSharable,20,0.7,0.7,0.2,0.1,0.7,0.3,reference,1,small,5,50,16.611273736359212,14.143386838697833,19.079160634020592,5.462633759312841,4.7435315364687165,6.181735982156964,17.091189807895503,14.567498398723856,19.61488121706715,14.183568471470297,11.657670708334763,16.709466234605824,11.871623255393542,9.38625325141918,14.356993259367904,15.4143751724801,12.843125499596578,17.98562484536362,-15.645444420564951,-22.220034934053494,-9.070853907076405,0.0,0.0,0.0,0.0,0.0,0.0,0.0,0.0,0.0,0.0,0.0,0.0
epigenomics,100,4.75,Sharable,20,0.7,0.7,0.2,0.1,0.7,0.3,reference,1,small,5,50,-8.324356611740514,-12.067352226392977,-4.5813609970880504,11.200616881102755,10.331968062598435,12.06926569960708,0.762661435267691,-4.140966687392191,5.6662895579275725,-11.283391723174896,-13.481233400227293,-9.0855500461225,-13.095101517511285,-15.332435542137425,-10.857767492885149,-10.319523191115138,-12.516249407069129,-8.122796975161148,-34.33461105422831,-45.143659544013076,-23.52556256444356,0.0,0.0,0.0,0.0,0.0,0.0,0.0,0.0,0.0,0.0,0.0,0.0
epigenomics,100,5.0,NonSharable,20,0.7,0.7,0.2,0.1,0.7,0.3,reference,1,small,5,50,16.611273736359212,14.143386838697833,19.079160634020592,5.462633759312841,4.7435315364687165,6.181735982156964,17.091189807895503,14.567498398723856,19.61488121706715,14.183568471470297,11.657670708334763,16.709466234605824,11.871623255393542,9.38625325141918,14.356993259367904,15.4143751724801,12.843125499596578,17.98562484536362,-15.645444420564951,-22.220034934053494,-9.070853907076405,0.0,0.0,0.0,0.0,0.0,0.0,0.0,0.0,0.0,0.0,0.0,0.0
epigenomics,100,5.0,Sharable,20,0.7,0.7,0.2,0.1,0.7,0.3,reference,1,small,5,50,-8.324356611740514,-12.067352226392977,-4.5813609970880504,11.200616881102755,10.331968062598435,12.06926569960708,0.762661435267691,-4.140966687392191,5.6662895579275725,-11.283391723174896,-13.481233400227293,-9.0855500461225,-13.095101517511285,-15.332435542137425,-10.857767492885149,-10.319523191115138,-12.516249407069129,-8.122796975161148,-34.33461105422831,-45.143659544013076,-23.52556256444356,0.0,0.0,0.0,0.0,0.0,0.0,0.0,0.0,0.0,0.0,0.0,0.0
inspiral,100,0.8,NonSharable,20,0.7,0.7,0.2,0.1,0.7,0.3,reference,1,small,5,50,,,,,,,,,,,,,,,,,,,,,,0.0,0.0,0.0,0.0,0.0,0.0,0.0,0.0,0.0,0.0,0.0,0.0
inspiral,100,0.8,Sharable,20,0.7,0.7,0.2,0.1,0.7,0.3,reference,1,small,5,50,,,,,,,,,,,,,,,,,,,,,,0.0,0.0,0.0,0.0,0.0,0.0,0.0,0.0,0.0,0.0,0.0,0.0
inspiral,100,0.9,NonSharable,20,0.7,0.7,0.2,0.1,0.7,0.3,reference,1,small,5,50,,,,,,,,,,,,,,,,,,,,,,0.0,0.0,0.0,0.0,0.0,0.0,0.0,0.0,0.0,0.0,0.0,0.0
inspiral,100,0.9,Sharable,20,0.7,0.7,0.2,0.1,0.7,0.3,reference,1,small,5,50,,,,,,,,,,,,,,,,,,,,,,0.0,0.0,0.0,0.0,0.0,0.0,0.0,0.0,0.0,0.0,0.0,0.0
inspiral,100,1.0,NonSharable,20,0.7,0.7,0.2,0.1,0.7,0.3,reference,1,small,5,50,,,,,,,,,,,,,,,,,,,,,,0.0,0.0,0.0,0.0,0.0,0.0,0.0,0.0,0.0,0.0,0.0,0.0
inspiral,100,1.0,Sharable,20,0.7,0.7,0.2,0.1,0.7,0.3,reference,1,small,5,50,,,,,,,,,,,,,,,,,,,,,,0.0,0.0,0.0,0.0,0.0,0.0,0.0,0.0,0.0,0.0,0.0,0.0
inspiral,100,1.05,NonSharable,20,0.7,0.7,0.2,0.1,0.7,0.3,reference,1,small,5,50,10.850041771094403,-34.254263993274655,55.95434753546346,0.27490480641229004,-2.3288364845628946,2.878646097387475,6.733255199161854,-14.341366404680432,27.807876803004138,7.655844828646093,-9.186926806012721,24.498616463304906,6.635916756817029,-7.6412628893199495,20.913096402954007,8.152028320837887,-10.175174991348458,26.479231633024234,-7.340276390025864,-16.777302782907793,2.096750002856065,0.0,-11.483287069309936,11.483287069309936,0.0,-11.483287069309936,11.483287069309936,0.0,-11.483287069309936,11.483287069309936,0.0,-11.483287069309936,11.483287069309936
inspiral,100,1.05,Sharable,20,0.7,0.7,0.2,0.1,0.7,0.3,reference,1,small,5,50,0.0,0.0,0.0,-0.1625614790782066,-0.1625614790782066,-0.1625614790782066,-27.30661159798714,-27.30661159798714,-27.30661159798714,-2.2658369303360706,-2.2658369303360706,-2.2658369303360706,-5.608518008309116,-5.608518008309116,-5.608518008309116,-0.7004738563949915,-0.7004738563949915,-0.7004738563949915,-52.08982464849747,-52.08982464849747,-52.08982464849747,6.0,-7.354722209452152,19.354722209452152,6.0,-7.354722209452152,19.354722209452152,6.0,-7.354722209452152,19.354722209452152,6.0,-7.354722209452152,19.354722209452152
inspiral,100,1.1,NonSharable,20,0.7,0.7,0.2,0.1,0.7,0.3,reference,1,small,5,50,,,,,,,,,,,,,,,,,,,,,,8.0,-8.076601897033914,24.076601897033914,8.0,-8.076601897033914,24.076601897033914,8.0,-8.076601897033914,24.076601897033914,8.0,-8.076601897033914,24.076601897033914
inspiral,100,1.1,Sharable,20,0.7,0.7,0.2,0.1,0.7,0.3,reference,1,small,5,50,-14.705882352941172,-201.56183435551011,172.1500696496278,0.592111784228229,-6.73773886240542,7.921962430861878,-8.958377572849242,-73.13559873305294,55.218843587354456,-9.20730540262534,-92.42525532176414,74.01064451651347,-8.945133765972448,-89.37645205401867,71.48618452207378,-9.34578505595328,-94.02765194745676,75.33608183555019,-39.948524042047765,-113.09688623496298,33.19983815086745,14.0,2.5023677819747903,25.49763221802521,14.0,2.5023677819747903,25.49763221802521,14.0,2.5023677819747903,25.49763221802521,14.0,2.5023677819747903,25.49763221802521
inspiral,100,1.15,NonSharable,20,0.7,0.7,0.2,0.1,0.7,0.3,reference,1,small,5,50,11.315903394850762,-8.744344043327123,31.376150833028646,3.369072322199322,0.48401201059927157,6.254132633799371,6.956477154737399,-4.285164629683874,18.19811893915867,14.3360618638866,6.253127127479317,22.418996600293884,12.936230234195172,5.810025293970507,20.062435174419832,15.081049407841705,6.416798420930425,23.745300394752988,-28.64606997596049,-53.35665076515731,-3.9354891867636823,20.0,3.760179685958292,36.23982031404171,20.0,3.760179685958292,36.23982031404171,20.0,3.760179685958292,36.23982031404171,20.0,3.760179685958292,36.23982031404171
inspiral,100,1.15,Sharable,20,0.7,0.7,0.2,0.1,0.7,0.3,reference,1,small,5,50,12.499999999999995,12.499999999999995,12.499999999999995,9.686943107128648,9.686943107128648,9.686943107128648,-1.799210917785538,-1.799210917785538,-1.799210917785538,-1.5938091732590143,-1.5938091732590143,-1.5938091732590143,-3.335781726226983,-3.335781726226983,-3.335781726226983,-0.7120041915843233,-0.7120041915843233,-0.7120041915843233,-88.0518095934555,-88.0518095934555,-88.0518095934555,34.0,19.23828025376146,48.76171974623854,34.0,19.23828025376146,48.76171974623854,34.0,19.23828025376146,48.76171974623854,34.0,19.23828025376146,48.76171974623854
inspiral,100,1.2,NonSharable,20,0.7,0.7,0.2,0.1,0.7,0.3,reference,1,small,5,50,13.676932129501301,2.3083522461075763,25.045512012895017,3.2998777382262916,0.15829100620338776,6.441464470249198,12.970921294611133,9.002900976698953,16.938941612523312,15.027697329411488,8.791346358882475,21.2640482999405,13.67147373691872,7.966737068704437,19.376210405133005,15.697072043591618,9.088087682157601,22.306056405025636,-24.118377073060113,-45.98977516431863,-2.246978981801597,34.0,18.160970978449026,49.83902902155097,34.0,18.160970978449026,49.83902902155097,34.0,18.160970978449026,49.83902902155097,34.0,18.160970978449026,49.83902902155097
inspiral,100,1.2,Sharable,20,0.7,0.7,0.2,0.1,0.7,0.3,reference,1,small,5,50,-10.707236842105262,-27.287151482786136,5.8726777985756105,3.3342304579728035,-3.9026110565028045,10.571071972448411,-14.553958988205766,-27.200608503908036,-1.9073094725034938,-3.385908243502735,-9.206970904050543,2.4351544170450725,-2.8764987210348245,-9.472690686797087,3.719693244727437,-3.6912026807746896,-9.874196836163158,2.4917914746137777,-56.33914319363102,-118.25713518722081,5.578848799958777,50.0,33.50838451054224,66.49161548945776,50.0,33.50838451054224,66.49161548945776,50.0,33.50838451054224,66.49161548945776,50.0,33.50838451054224,66.49161548945776
inspiral,100,1.25,NonSharable,20,0.7,0.7,0.2,0.1,0.7,0.3,reference,1,small,5,50,14.805192090518176,4.682925271873957,24.927458909162397,6.252109880458866,2.6832576670963255,9.820962093821406,13.843180404366699,9.484013516527263,18.202347292206134,12.429605275071358,6.832580398630504,18.02663015151221,9.878710885766601,4.780438761718268,14.976983009814933,13.780129462515099,7.81649209975224,19.743766825277955,-40.99817262415713,-61.7543608987729,-20.241984349541337,46.0,30.58285849601438,61.41714150398562,46.0,30.58285849601438,61.41714150398562,46.0,30.58285849601438,61.41714150398562,46.0,30.58285849601438,61.41714150398562
inspiral,100,1.25,Sharable,20,0.7,0.7,0.2,0.1,0.7,0.3,reference,1,small,5,50,-2.1760106222180533,-17.62415124243211,13.272129997996004,4.343155580621049,-1.3857255628540255,10.072036724096126,-1.9940947231739796,-11.426786921824247,7.438597475476287,-1.6744153983046968,-8.11201095228267,4.763180155673276,-1.8003552164682868,-7.6718306142430075,4.071120181306434,-1.6224830021835779,-8.581231959824887,5.33626595545773,-42.36625634413025,-84.15240150290938,-0.5801111853511358,74.0,61.40759264460495,86.59240735539505,74.0,61.40759264460495,86.59240735539505,74.0,61.40759264460495,86.59240735539505,74.0,61.40759264460495,86.59240735539505
inspiral,100,1.3,NonSharable,20,0.7,0.7,0.2,0.1,0.7,0.3,reference,1,small,5,50,19.64615825957981,13.319992839655406,25.972323679504214,8.273541763293547,5.7513579505195755,10.795725576067522,15.085523825074775,12.471701609059721,17.69934604108982,14.431189372697123,10.094139449277716,18.768239296116526,11.919582566159008,7.408283695929179,16.430881436388837,15.773466187224368,11.396728638657283,20.150203735791457,-36.796405221767365,-48.583601187242834,-25.009209256291882,44.0,29.749615508663688,58.25038449133631,44.0,29.749615508663688,58.25038449133631,44.0,29.749615508663688,58.25038449133631,44.0,29.749615508663688,58.25038449133631
inspiral,100,1.3,Sharable,20,0.7,0.7,0.2,0.1,0.7,0.3,reference,1,small,5,50,7.834350368675308,-14.18533930450822,29.854040041858838,9.166830400127264,0.6143063907192854,17.719354409535246,-5.824959563352515,-16.70738022761165,5.057461100906622,4.023961340816017,-7.0781865181823616,15.126109199814396,3.4243674656550973,-8.313354447049962,15.162089378360156,4.339412012840464,-6.600047330751037,15.278871356431965,-61.148702421416054,-121.20657856179113,-1.0908262810409681,78.0,64.79421987029357,91.20578012970643,78.0,64.79421987029357,91.20578012970643,78.0,64.79421987029357,91.20578012970643,78.0,64.79421987029357,91.20578012970643
inspiral,100,1.35,NonSharable,20,0.7,0.7,0.2,0.1,0.7,0.3,reference,1,small,5,50,21.9769892463858,17.58515759858123,26.368820894190367,9.397522960515353,7.301425463752468,11.493620457278238,16.429301343643548,13.998759543979467,18.85984314330763,14.943687360011573,11.825318264337728,18.062056455685422,11.69377536506815,8.597735767808988,14.789814962327313,16.72195122672999,13.489413896855138,19.954488556604836,-25.065302912591978,-38.526274384942084,-11.604331440241875,32.0,18.608301100830936,45.391698899169064,32.0,18.608301100830936,45.391698899169064,32.0,18.608301100830936,45.391698899169064,32.0,18.608301100830936,45.391698899169064
inspiral,100,1.35,Sharable,20,0.7,0.7,0.2,0.1,0.7,0.3,reference,1,small,5,50,-8.189473495201053,-23.438269909442532,7.059322919040428,10.82186790589522,7.02974815849795,14.613987653292481,-6.4054078577549,-13.405654167756271,0.594838452246468,-6.31929604611799,-12.804466442148922,0.16587434991293737,-7.638467762729574,-13.805410767205043,-1.4715247582541053,-5.625020593019045,-12.364711944351535,1.1146707583134443,-78.83523874926271,-105.12358244265042,-52.54689505587501,66.0,51.23828025376146,80.76171974623854,66.0,51.23828025376146,80.76171974623854,66.0,51.23828025376146,80.76171974623854,66.0,51.23828025376146,80.76171974623854
inspiral,100,1.4,NonSharable,20,0.7,0.7,0.2,0.1,0.7,0.3,reference,1,small,5,50,23.91662144620777,20.18480221676066,27.648440675654875,11.98867055307861,10.283629948987572,13.693711157169647,18.799930653422887,16.9700568511693,20.629804455676474,17.412376463153194,14.32407584265986,20.500677083646536,13.450158425008757,10.322426993461834,16.57788985655568,19.58501724818331,16.469585350283733,22.700449146082892,-27.40535358590666,-40.15135367488332,-14.659353496929986,22.0,10.107726947504782,33.89227305249522,22.0,10.107726947504782,33.89227305249522,22.0,10.107726947504782,33.89227305249522,22.0,10.107726947504782,33.89227305249522
inspiral,100,1.4,Sharable,20,0.7,0.7,0.2,0.1,0.7,0.3,reference,1,small,5,50,1.8229598744868771,-8.526625785642773,12.172545534616527,15.291610816389536,11.69030867365147,18.892912959127603,1.3843421975574652,-3.944345704083009,6.713030099197939,-3.9104796996009594,-10.261898820637333,2.4409394214354143,-6.269136524859694,-13.054467350416424,0.5161943006970358,-2.672011520386293,-8.89769142510891,3.5536683843363246,-88.2094375521714,-117.36471615983152,-59.0541589445113,66.0,52.40066547997868,79.59933452002133,66.0,52.40066547997868,79.59933452002133,66.0,52.40066547997868,79.59933452002133,66.0,52.40066547997868,79.59933452002133
inspiral,100,1.45,NonSharable,20,0.7,0.7,0.2,0.1,0.7,0.3,reference,1,small,5,50,24.98099061567055,21.276849367235755,28.685131864105365,12.260191832655329,10.623087973002871,13.897295692307786,18.482531513015307,16.689599794142705,20.275463231887908,17.1842533129217,14.000968373496676,20.367538252346733,13.177536197141047,10.161839456933162,16.193232937348938,19.388020333543075,16.065888636387985,22.710152030698172,-21.570109999797626,-33.18237014672025,-9.957849852874988,8.0,0.21165578049845113,15.78834421950155,8.0,0.21165578049845113,15.78834421950155,8.0,0.21165578049845113,15.78834421950155,8.0,0.21165578049845113,15.78834421950155
inspiral,100,1.45,Sharable,20,0.7,0.7,0.2,0.1,0.7,0.3,reference,1,small,5,50,-2.1513394623503683,-11.589455581955592,7.2867766572548565,16.27802014301612,13.116514856392186,19.43952542964005,0.6477159359062782,-4.398565852130752,5.6939977239433075,-7.890189046439223,-12.559548971633907,-3.220829121244538,-10.346938741365046,-15.015805963340249,-5.678071519389842,-6.577553980280373,-11.367187702369037,-1.7879202581917122,-85.02896516940379,-112.60967859666599,-57.4482517421416,60.0,45.9359030551453,74.0640969448547,60.0,45.9359030551453,74.0640969448547,60.0,45.9359030551453,74.0640969448547,60.0,45.9359030551453,74.0640969448547
inspiral,100,1.5,NonSharable,20,0.7,0.7,0.2,0.1,0.7,0.3,reference,1,small,5,50,24.9085220170748,21.381721167395714,28.43532286675389,12.68250236871954,11.142826987386318,14.222177750052762,18.340284278852234,16.60551160319214,20.075056954512327,17.130050209628983,13.994182463067377,20.26591795619058,13.01738943015186,10.059758746130072,15.975020114173649,19.396890601537482,16.12602472822817,22.667756474846794,-22.351428164567874,-33.15506558818599,-11.547790740949774,2.0,-2.0191504742584785,6.0191504742584785,2.0,-2.0191504742584785,6.0191504742584785,2.0,-2.0191504742584785,6.0191504742584785,2.0,-2.0191504742584785,6.0191504742584785
inspiral,100,1.5,Sharable,20,0.7,0.7,0.2,0.1,0.7,0.3,reference,1,small,5,50,4.440723724685973,-2.4292292658447954,11.310676715216744,19.600739649754146,17.116238820946133,22.08524047856216,1.191831671473634,-2.9510779376884644,5.334741280635732,-7.1002179403341765,-11.255114084970806,-2.9453217956975477,-9.784366330100998,-14.069231061990632,-5.499501598211364,-5.640072916739135,-9.794232002261078,-1.4859138312171947,-96.92793242748147,-121.82798160457634,-72.0278832503866,46.0,31.691898040799725,60.30810195920027,46.0,31.691898040799725,60.30810195920027,46.0,31.691898040799725,60.30810195920027,46.0,31.691898040799725,60.30810195920027
inspiral,100,1.6,NonSharable,20,0.7,0.7,0.2,0.1,0.7,0.3,reference,1,small,5,50,24.623071883246716,21.151417436164348,28.094726330329085,12.865547283524045,11.33914312066689,14.3919514463812,18.367507448345105,16.680085605118126,20.054929291572076,16.80599550253376,13.719695243142995,19.89229576192453,12.700406314820723,9.798328082488855,15.602484547152592,19.078055054055923,15.855443617713052,22.30066649039879,-21.334383597873835,-32.11265405815763,-10.556113137590037,0.0,0.0,0.0,0.0,0.0,0.0,0.0,0.0,0.0,0.0,0.0,0.0
inspiral,100,1.6,Sharable,20,0.7,0.7,0.2,0.1,0.7,0.3,reference,1,small,5,50,-1.3875475229964398,-6.672466701658005,3.8973716556651254,21.423766188350225,19.85400070926861,22.99353166743184,2.007900384844988,-0.8546365971864751,4.870437366876452,-11.094094298018994,-14.085903971441903,-8.102284624596086,-14.160274645871171,-17.180439977295958,-11.140109314446384,-9.409069984678395,-12.421696779522252,-6.396443189834537,-88.11140153894559,-106.59271412539843,-69.63008895249277,10.0,1.3875346980175465,18.612465301982454,10.0,1.3875346980175465,18.612465301982454,10.0,1.3875346980175465,18.612465301982454,10.0,1.3875346980175465,18.612465301982454
inspiral,100,1.7,NonSharable,20,0.7,0.7,0.2,0.1,0.7,0.3,reference,1,small,5,50,24.623071883246716,21.151417436164348,28.094726330329085,12.865547283524045,11.33914312066689,14.3919514463812,18.367507448345105,16.680085605118126,20.054929291572076,16.80599550253376,13.719695243142995,19.89229576192453,12.700406314820723,9.798328082488855,15.602484547152592,19.078055054055923,15.855443617713052,22.30066649039879,-21.334383597873835,-32.11265405815763,-10.556113137590037,0.0,0.0,0.0,0.0,0.0,0.0,0.0,0.0,0.0,0.0,0.0,0.0
inspiral,100,1.7,Sharable,20,0.7,0.7,0.2,0.1,0.7,0.3,reference,1,small,5,50,-1.0469831041135227,-6.040363535281889,3.9463973270548447,22.287433304173305,20.879043623338827,23.695822985007784,2.158642787338388,-0.583495952296154,4.9007815269729305,-11.867680834110574,-14.46874540570814,-9.26661626251301,-14.954603040649124,-17.549849949673217,-12.359356131625029,-10.164473413403343,-12.802478772815077,-7.526468053991609,-85.24957440112732,-102.64715848744524,-67.85199031480937,4.0,-1.6256387779418784,9.625638777941878,4.0,-1.6256387779418784,9.625638777941878,4.0,-1.6256387779418784,9.625638777941878,4.0,-1.6256387779418784,9.625638777941878
inspiral,100,1.8,NonSharable,20,0.7,0.7,0.2,0.1,0.7,0.3,reference,1,small,5,50,24.623071883246716,21.151417436164348,28.094726330329085,12.865547283524045,11.33914312066689,14.3919514463812,18.367507448345105,16.680085605118126,20.054929291572076,16.80599550253376,13.719695243142995,19.89229576192453,12.700406314820723,9.798328082488855,15.602484547152592,19.078055054055923,15.855443617713052,22.30066649039879,-21.334383597873835,-32.11265405815763,-10.556113137590037,0.0,0.0,0.0,0.0,0.0,0.0,0.0,0.0,0.0,0.0,0.0,0.0
inspiral,100,1.8,Sharable,20,0.7,0.7,0.2,0.1,0.7,0.3,reference,1,small,5,50,-0.9278956080039683,-5.723697695228066,3.8679064792201303,22.55196881385963,21.14899387390243,23.95494375381683,2.0215135166757587,-0.6101892700422202,4.653216303393737,-12.00641973604471,-14.418662516037909,-9.594176956051513,-15.14110537337372,-17.527049858087505,-12.755160888659933,-10.269844970309325,-12.732700111921238,-7.806989828697413,-85.68519735865453,-102.38320771608406,-68.98718700122498,0.0,0.0,0.0,0.0,0.0,0.0,0.0,0.0,0.0,0.0,0.0,0.0
inspiral,100,1.9,NonSharable,20,0.7,0.7,0.2,0.1,0.7,0.3,reference,1,small,5,50,24.623071883246716,21.151417436164348,28.094726330329085,12.865547283524045,11.33914312066689,14.3919514463812,18.367507448345105,16.680085605118126,20.054929291572076,16.80599550253376,13.719695243142995,19.89229576192453,12.700406314820723,9.798328082488855,15.602484547152592,19.078055054055923,15.855443617713052,22.30066649039879,-21.334383597873835,-32.11265405815763,-10.556113137590037,0.0,0.0,0.0,0.0,0.0,0.0,0.0,0.0,0.0,0.0,0.0,0.0
inspiral,100,1.9,Sharable,20,0.7,0.7,0.2,0.1,0.7,0.3,reference,1,small,5,50,-1.118804698913059,-5.911994315412272,3.6743849175861545,22.59008055626111,21.16450076183379,24.01566035068843,2.046197088970227,-0.5845989752563954,4.676993153196849,-12.226499541648197,-14.621132309677032,-9.831866773619362,-15.372858886051297,-17.741947392797773,-13.003770379304822,-10.48145924279491,-12.924407200263124,-8.038511285326694,-85.76931377972771,-102.29028058740158,-69.24834697205384,0.0,0.0,0.0,0.0,0.0,0.0,0.0,0.0,0.0,0.0,0.0,0.0
inspiral,100,2.0,NonSharable,20,0.7,0.7,0.2,0.1,0.7,0.3,reference,1,small,5,50,24.623071883246716,21.151417436164348,28.094726330329085,12.865547283524045,11.33914312066689,14.3919514463812,18.367507448345105,16.680085605118126,20.054929291572076,16.80599550253376,13.719695243142995,19.89229576192453,12.700406314820723,9.798328082488855,15.602484547152592,19.078055054055923,15.855443617713052,22.30066649039879,-21.334383597873835,-32.11265405815763,-10.556113137590037,0.0,0.0,0.0,0.0,0.0,0.0,0.0,0.0,0.0,0.0,0.0,0.0
inspiral,100,2.0,Sharable,20,0.7,0.7,0.2,0.1,0.7,0.3,reference,1,small,5,50,-1.118804698913059,-5.911994315412272,3.6743849175861545,22.59008055626111,21.16450076183379,24.01566035068843,2.046197088970227,-0.5845989752563954,4.676993153196849,-12.226499541648197,-14.621132309677032,-9.831866773619362,-15.372858886051297,-17.741947392797773,-13.003770379304822,-10.48145924279491,-12.924407200263124,-8.038511285326694,-85.76931377972771,-102.29028058740158,-69.24834697205384,0.0,0.0,0.0,0.0,0.0,0.0,0.0,0.0,0.0,0.0,0.0,0.0
inspiral,100,2.25,NonSharable,20,0.7,0.7,0.2,0.1,0.7,0.3,reference,1,small,5,50,24.623071883246716,21.151417436164348,28.094726330329085,12.865547283524045,11.33914312066689,14.3919514463812,18.367507448345105,16.680085605118126,20.054929291572076,16.80599550253376,13.719695243142995,19.89229576192453,12.700406314820723,9.798328082488855,15.602484547152592,19.078055054055923,15.855443617713052,22.30066649039879,-21.334383597873835,-32.11265405815763,-10.556113137590037,0.0,0.0,0.0,0.0,0.0,0.0,0.0,0.0,0.0,0.0,0.0,0.0
inspiral,100,2.25,Sharable,20,0.7,0.7,0.2,0.1,0.7,0.3,reference,1,small,5,50,-1.118804698913059,-5.911994315412272,3.6743849175861545,22.59008055626111,21.16450076183379,24.01566035068843,2.046197088970227,-0.5845989752563954,4.676993153196849,-12.226499541648197,-14.621132309677032,-9.831866773619362,-15.372858886051297,-17.741947392797773,-13.003770379304822,-10.48145924279491,-12.924407200263124,-8.038511285326694,-85.76931377972771,-102.29028058740158,-69.24834697205384,0.0,0.0,0.0,0.0,0.0,0.0,0.0,0.0,0.0,0.0,0.0,0.0
inspiral,100,2.5,NonSharable,20,0.7,0.7,0.2,0.1,0.7,0.3,reference,1,small,5,50,24.623071883246716,21.151417436164348,28.094726330329085,12.865547283524045,11.33914312066689,14.3919514463812,18.367507448345105,16.680085605118126,20.054929291572076,16.80599550253376,13.719695243142995,19.89229576192453,12.700406314820723,9.798328082488855,15.602484547152592,19.078055054055923,15.855443617713052,22.30066649039879,-21.334383597873835,-32.11265405815763,-10.556113137590037,0.0,0.0,0.0,0.0,0.0,0.0,0.0,0.0,0.0,0.0,0.0,0.0
inspiral,100,2.5,Sharable,20,0.7,0.7,0.2,0.1,0.7,0.3,reference,1,small,5,50,-1.118804698913059,-5.911994315412272,3.6743849175861545,22.59008055626111,21.16450076183379,24.01566035068843,2.046197088970227,-0.5845989752563954,4.676993153196849,-12.226499541648197,-14.621132309677032,-9.831866773619362,-15.372858886051297,-17.741947392797773,-13.003770379304822,-10.48145924279491,-12.924407200263124,-8.038511285326694,-85.76931377972771,-102.29028058740158,-69.24834697205384,0.0,0.0,0.0,0.0,0.0,0.0,0.0,0.0,0.0,0.0,0.0,0.0
inspiral,100,2.75,NonSharable,20,0.7,0.7,0.2,0.1,0.7,0.3,reference,1,small,5,50,24.623071883246716,21.151417436164348,28.094726330329085,12.865547283524045,11.33914312066689,14.3919514463812,18.367507448345105,16.680085605118126,20.054929291572076,16.80599550253376,13.719695243142995,19.89229576192453,12.700406314820723,9.798328082488855,15.602484547152592,19.078055054055923,15.855443617713052,22.30066649039879,-20.90010609303639,-31.66697048602674,-10.133241700046034,0.0,0.0,0.0,0.0,0.0,0.0,0.0,0.0,0.0,0.0,0.0,0.0
inspiral,100,2.75,Sharable,20,0.7,0.7,0.2,0.1,0.7,0.3,reference,1,small,5,50,-1.118804698913059,-5.911994315412272,3.6743849175861545,22.59008055626111,21.16450076183379,24.01566035068843,2.046197088970227,-0.5845989752563954,4.676993153196849,-12.226499541648197,-14.621132309677032,-9.831866773619362,-15.372858886051299,-17.741947392797773,-13.003770379304822,-10.48145924279491,-12.924407200263124,-8.038511285326694,-84.92059937554495,-101.66947873600736,-68.17172001508254,0.0,0.0,0.0,0.0,0.0,0.0,0.0,0.0,0.0,0.0,0.0,0.0
inspiral,100,3.0,NonSharable,20,0.7,0.7,0.2,0.1,0.7,0.3,reference,1,small,5,50,24.623071883246716,21.151417436164348,28.094726330329085,12.865547283524045,11.33914312066689,14.3919514463812,18.367507448345105,16.680085605118126,20.054929291572076,16.80599550253376,13.719695243142995,19.89229576192453,12.700406314820723,9.798328082488855,15.602484547152592,19.078055054055923,15.855443617713052,22.30066649039879,-20.90010609303639,-31.66697048602674,-10.133241700046034,0.0,0.0,0.0,0.0,0.0,0.0,0.0,0.0,0.0,0.0,0.0,0.0
inspiral,100,3.0,Sharable,20,0.7,0.7,0.2,0.1,0.7,0.3,reference,1,small,5,50,-1.118804698913059,-5.911994315412272,3.6743849175861545,22.59008055626111,21.16450076183379,24.01566035068843,2.046197088970227,-0.5845989752563954,4.676993153196849,-12.226499541648197,-14.621132309677032,-9.831866773619362,-15.372858886051297,-17.741947392797773,-13.003770379304822,-10.48145924279491,-12.924407200263124,-8.038511285326694,-85.76931377972771,-102.29028058740158,-69.24834697205384,0.0,0.0,0.0,0.0,0.0,0.0,0.0,0.0,0.0,0.0,0.0,0.0
inspiral,100,3.25,NonSharable,20,0.7,0.7,0.2,0.1,0.7,0.3,reference,1,small,5,50,24.623071883246716,21.151417436164348,28.094726330329085,12.865547283524045,11.33914312066689,14.3919514463812,18.367507448345105,16.680085605118126,20.054929291572076,16.80599550253376,13.719695243142995,19.89229576192453,12.700406314820723,9.798328082488855,15.602484547152592,19.078055054055923,15.855443617713052,22.30066649039879,-20.90010609303639,-31.66697048602674,-10.133241700046034,0.0,0.0,0.0,0.0,0.0,0.0,0.0,0.0,0.0,0.0,0.0,0.0
inspiral,100,3.25,Sharable,20,0.7,0.7,0.2,0.1,0.7,0.3,reference,1,small,5,50,-1.118804698913059,-5.911994315412272,3.6743849175861545,22.59008055626111,21.16450076183379,24.01566035068843,2.046197088970227,-0.5845989752563954,4.676993153196849,-12.226499541648197,-14.621132309677032,-9.831866773619362,-15.372858886051299,-17.741947392797773,-13.003770379304822,-10.48145924279491,-12.924407200263124,-8.038511285326694,-84.92059937554495,-101.66947873600736,-68.17172001508254,0.0,0.0,0.0,0.0,0.0,0.0,0.0,0.0,0.0,0.0,0.0,0.0
inspiral,100,3.5,NonSharable,20,0.7,0.7,0.2,0.1,0.7,0.3,reference,1,small,5,50,24.623071883246716,21.151417436164348,28.094726330329085,12.865547283524045,11.33914312066689,14.3919514463812,18.367507448345105,16.680085605118126,20.054929291572076,16.80599550253376,13.719695243142995,19.89229576192453,12.700406314820723,9.798328082488855,15.602484547152592,19.078055054055923,15.855443617713052,22.30066649039879,-20.90010609303639,-31.66697048602674,-10.133241700046034,0.0,0.0,0.0,0.0,0.0,0.0,0.0,0.0,0.0,0.0,0.0,0.0
inspiral,100,3.5,Sharable,20,0.7,0.7,0.2,0.1,0.7,0.3,reference,1,small,5,50,-1.118804698913059,-5.911994315412272,3.6743849175861545,22.59008055626111,21.16450076183379,24.01566035068843,2.046197088970227,-0.5845989752563954,4.676993153196849,-12.226499541648197,-14.621132309677032,-9.831866773619362,-15.372858886051299,-17.741947392797773,-13.003770379304822,-10.48145924279491,-12.924407200263124,-8.038511285326694,-84.92059937554495,-101.66947873600736,-68.17172001508254,0.0,0.0,0.0,0.0,0.0,0.0,0.0,0.0,0.0,0.0,0.0,0.0
inspiral,100,3.75,NonSharable,20,0.7,0.7,0.2,0.1,0.7,0.3,reference,1,small,5,50,24.623071883246716,21.151417436164348,28.094726330329085,12.865547283524045,11.33914312066689,14.3919514463812,18.367507448345105,16.680085605118126,20.054929291572076,16.80599550253376,13.719695243142995,19.89229576192453,12.700406314820723,9.798328082488855,15.602484547152592,19.078055054055923,15.855443617713052,22.30066649039879,-20.90010609303639,-31.66697048602674,-10.133241700046034,0.0,0.0,0.0,0.0,0.0,0.0,0.0,0.0,0.0,0.0,0.0,0.0
inspiral,100,3.75,Sharable,20,0.7,0.7,0.2,0.1,0.7,0.3,reference,1,small,5,50,-1.118804698913059,-5.911994315412272,3.6743849175861545,22.59008055626111,21.16450076183379,24.01566035068843,2.046197088970227,-0.5845989752563954,4.676993153196849,-12.226499541648197,-14.621132309677032,-9.831866773619362,-15.372858886051297,-17.741947392797773,-13.003770379304822,-10.48145924279491,-12.924407200263124,-8.038511285326694,-85.76931377972771,-102.29028058740158,-69.24834697205384,0.0,0.0,0.0,0.0,0.0,0.0,0.0,0.0,0.0,0.0,0.0,0.0
inspiral,100,4.0,NonSharable,20,0.7,0.7,0.2,0.1,0.7,0.3,reference,1,small,5,50,24.623071883246716,21.151417436164348,28.094726330329085,12.865547283524045,11.33914312066689,14.3919514463812,18.367507448345105,16.680085605118126,20.054929291572076,16.80599550253376,13.719695243142995,19.89229576192453,12.700406314820723,9.798328082488855,15.602484547152592,19.078055054055923,15.855443617713052,22.30066649039879,-20.90010609303639,-31.66697048602674,-10.133241700046034,0.0,0.0,0.0,0.0,0.0,0.0,0.0,0.0,0.0,0.0,0.0,0.0
inspiral,100,4.0,Sharable,20,0.7,0.7,0.2,0.1,0.7,0.3,reference,1,small,5,50,-1.118804698913059,-5.911994315412272,3.6743849175861545,22.59008055626111,21.16450076183379,24.01566035068843,2.046197088970227,-0.5845989752563954,4.676993153196849,-12.226499541648197,-14.621132309677032,-9.831866773619362,-15.372858886051297,-17.741947392797773,-13.003770379304822,-10.48145924279491,-12.924407200263124,-8.038511285326694,-85.76931377972771,-102.29028058740158,-69.24834697205384,0.0,0.0,0.0,0.0,0.0,0.0,0.0,0.0,0.0,0.0,0.0,0.0
inspiral,100,4.25,NonSharable,20,0.7,0.7,0.2,0.1,0.7,0.3,reference,1,small,5,50,24.623071883246716,21.151417436164348,28.094726330329085,12.865547283524045,11.33914312066689,14.3919514463812,18.367507448345105,16.680085605118126,20.054929291572076,16.80599550253376,13.719695243142995,19.89229576192453,12.700406314820723,9.798328082488855,15.602484547152592,19.078055054055923,15.855443617713052,22.30066649039879,-20.90010609303639,-31.66697048602674,-10.133241700046034,0.0,0.0,0.0,0.0,0.0,0.0,0.0,0.0,0.0,0.0,0.0,0.0
inspiral,100,4.25,Sharable,20,0.7,0.7,0.2,0.1,0.7,0.3,reference,1,small,5,50,-1.118804698913059,-5.911994315412272,3.6743849175861545,22.59008055626111,21.16450076183379,24.01566035068843,2.046197088970227,-0.5845989752563954,4.676993153196849,-12.226499541648197,-14.621132309677032,-9.831866773619362,-15.372858886051297,-17.741947392797773,-13.003770379304822,-10.48145924279491,-12.924407200263124,-8.038511285326694,-85.76931377972771,-102.29028058740158,-69.24834697205384,0.0,0.0,0.0,0.0,0.0,0.0,0.0,0.0,0.0,0.0,0.0,0.0
inspiral,100,4.5,NonSharable,20,0.7,0.7,0.2,0.1,0.7,0.3,reference,1,small,5,50,24.623071883246716,21.151417436164348,28.094726330329085,12.865547283524045,11.33914312066689,14.3919514463812,18.367507448345105,16.680085605118126,20.054929291572076,16.80599550253376,13.719695243142995,19.89229576192453,12.700406314820723,9.798328082488855,15.602484547152592,19.078055054055923,15.855443617713052,22.30066649039879,-20.90010609303639,-31.66697048602674,-10.133241700046034,0.0,0.0,0.0,0.0,0.0,0.0,0.0,0.0,0.0,0.0,0.0,0.0
inspiral,100,4.5,Sharable,20,0.7,0.7,0.2,0.1,0.7,0.3,reference,1,small,5,50,-1.118804698913059,-5.911994315412272,3.6743849175861545,22.59008055626111,21.16450076183379,24.01566035068843,2.046197088970227,-0.5845989752563954,4.676993153196849,-12.226499541648197,-14.621132309677032,-9.831866773619362,-15.372858886051297,-17.741947392797773,-13.003770379304822,-10.48145924279491,-12.924407200263124,-8.038511285326694,-85.76931377972771,-102.29028058740158,-69.24834697205384,0.0,0.0,0.0,0.0,0.0,0.0,0.0,0.0,0.0,0.0,0.0,0.0
inspiral,100,4.75,NonSharable,20,0.7,0.7,0.2,0.1,0.7,0.3,reference,1,small,5,50,24.623071883246716,21.151417436164348,28.094726330329085,12.865547283524045,11.33914312066689,14.3919514463812,18.367507448345105,16.680085605118126,20.054929291572076,16.80599550253376,13.719695243142995,19.89229576192453,12.700406314820723,9.798328082488855,15.602484547152592,19.078055054055923,15.855443617713052,22.30066649039879,-20.90010609303639,-31.66697048602674,-10.133241700046034,0.0,0.0,0.0,0.0,0.0,0.0,0.0,0.0,0.0,0.0,0.0,0.0
inspiral,100,4.75,Sharable,20,0.7,0.7,0.2,0.1,0.7,0.3,reference,1,small,5,50,-1.118804698913059,-5.911994315412272,3.6743849175861545,22.59008055626111,21.16450076183379,24.01566035068843,2.046197088970227,-0.5845989752563954,4.676993153196849,-12.226499541648197,-14.621132309677032,-9.831866773619362,-15.372858886051297,-17.741947392797773,-13.003770379304822,-10.48145924279491,-12.924407200263124,-8.038511285326694,-85.76931377972771,-102.29028058740158,-69.24834697205384,0.0,0.0,0.0,0.0,0.0,0.0,0.0,0.0,0.0,0.0,0.0,0.0
inspiral,100,5.0,NonSharable,20,0.7,0.7,0.2,0.1,0.7,0.3,reference,1,small,5,50,24.623071883246716,21.151417436164348,28.094726330329085,12.865547283524045,11.33914312066689,14.3919514463812,18.367507448345105,16.680085605118126,20.054929291572076,16.80599550253376,13.719695243142995,19.89229576192453,12.700406314820723,9.798328082488855,15.602484547152592,19.078055054055923,15.855443617713052,22.30066649039879,-20.90010609303639,-31.66697048602674,-10.133241700046034,0.0,0.0,0.0,0.0,0.0,0.0,0.0,0.0,0.0,0.0,0.0,0.0
inspiral,100,5.0,Sharable,20,0.7,0.7,0.2,0.1,0.7,0.3,reference,1,small,5,50,-1.118804698913059,-5.911994315412272,3.6743849175861545,22.59008055626111,21.16450076183379,24.01566035068843,2.046197088970227,-0.5845989752563954,4.676993153196849,-12.226499541648197,-14.621132309677032,-9.831866773619362,-15.372858886051297,-17.741947392797773,-13.003770379304822,-10.48145924279491,-12.924407200263124,-8.038511285326694,-85.76931377972771,-102.29028058740158,-69.24834697205384,0.0,0.0,0.0,0.0,0.0,0.0,0.0,0.0,0.0,0.0,0.0,0.0
montage,100,0.8,NonSharable,20,0.7,0.7,0.2,0.1,0.7,0.3,reference,1,small,5,50,,,,,,,,,,,,,,,,,,,,,,0.0,0.0,0.0,0.0,0.0,0.0,0.0,0.0,0.0,0.0,0.0,0.0
montage,100,0.8,Sharable,20,0.7,0.7,0.2,0.1,0.7,0.3,reference,1,small,5,50,,,,,,,,,,,,,,,,,,,,,,0.0,0.0,0.0,0.0,0.0,0.0,0.0,0.0,0.0,0.0,0.0,0.0
montage,100,0.9,NonSharable,20,0.7,0.7,0.2,0.1,0.7,0.3,reference,1,small,5,50,,,,,,,,,,,,,,,,,,,,,,0.0,0.0,0.0,0.0,0.0,0.0,0.0,0.0,0.0,0.0,0.0,0.0
montage,100,0.9,Sharable,20,0.7,0.7,0.2,0.1,0.7,0.3,reference,1,small,5,50,,,,,,,,,,,,,,,,,,,,,,0.0,0.0,0.0,0.0,0.0,0.0,0.0,0.0,0.0,0.0,0.0,0.0
montage,100,1.0,NonSharable,20,0.7,0.7,0.2,0.1,0.7,0.3,reference,1,small,5,50,,,,,,,,,,,,,,,,,,,,,,0.0,0.0,0.0,0.0,0.0,0.0,0.0,0.0,0.0,0.0,0.0,0.0
montage,100,1.0,Sharable,20,0.7,0.7,0.2,0.1,0.7,0.3,reference,1,small,5,50,,,,,,,,,,,,,,,,,,,,,,0.0,0.0,0.0,0.0,0.0,0.0,0.0,0.0,0.0,0.0,0.0,0.0
montage,100,1.05,NonSharable,20,0.7,0.7,0.2,0.1,0.7,0.3,reference,1,small,5,50,,,,,,,,,,,,,,,,,,,,,,0.0,0.0,0.0,0.0,0.0,0.0,0.0,0.0,0.0,0.0,0.0,0.0
montage,100,1.05,Sharable,20,0.7,0.7,0.2,0.1,0.7,0.3,reference,1,small,5,50,,,,,,,,,,,,,,,,,,,,,,0.0,0.0,0.0,0.0,0.0,0.0,0.0,0.0,0.0,0.0,0.0,0.0
montage,100,1.1,NonSharable,20,0.7,0.7,0.2,0.1,0.7,0.3,reference,1,small,5,50,,,,,,,,,,,,,,,,,,,,,,0.0,0.0,0.0,0.0,0.0,0.0,0.0,0.0,0.0,0.0,0.0,0.0
montage,100,1.1,Sharable,20,0.7,0.7,0.2,0.1,0.7,0.3,reference,1,small,5,50,,,,,,,,,,,,,,,,,,,,,,0.0,0.0,0.0,0.0,0.0,0.0,0.0,0.0,0.0,0.0,0.0,0.0
montage,100,1.15,NonSharable,20,0.7,0.7,0.2,0.1,0.7,0.3,reference,1,small,5,50,,,,,,,,,,,,,,,,,,,,,,0.0,0.0,0.0,0.0,0.0,0.0,0.0,0.0,0.0,0.0,0.0,0.0
montage,100,1.15,Sharable,20,0.7,0.7,0.2,0.1,0.7,0.3,reference,1,small,5,50,,,,,,,,,,,,,,,,,,,,,,0.0,0.0,0.0,0.0,0.0,0.0,0.0,0.0,0.0,0.0,0.0,0.0
montage,100,1.2,NonSharable,20,0.7,0.7,0.2,0.1,0.7,0.3,reference,1,small,5,50,,,,,,,,,,,,,,,,,,,,,,0.0,0.0,0.0,0.0,0.0,0.0,0.0,0.0,0.0,0.0,0.0,0.0
montage,100,1.2,Sharable,20,0.7,0.7,0.2,0.1,0.7,0.3,reference,1,small,5,50,,,,,,,,,,,,,,,,,,,,,,0.0,0.0,0.0,0.0,0.0,0.0,0.0,0.0,0.0,0.0,0.0,0.0
montage,100,1.25,NonSharable,20,0.7,0.7,0.2,0.1,0.7,0.3,reference,1,small,5,50,,,,,,,,,,,,,,,,,,,,,,0.0,0.0,0.0,0.0,0.0,0.0,0.0,0.0,0.0,0.0,0.0,0.0
montage,100,1.25,Sharable,20,0.7,0.7,0.2,0.1,0.7,0.3,reference,1,small,5,50,,,,,,,,,,,,,,,,,,,,,,0.0,0.0,0.0,0.0,0.0,0.0,0.0,0.0,0.0,0.0,0.0,0.0
montage,100,1.3,NonSharable,20,0.7,0.7,0.2,0.1,0.7,0.3,reference,1,small,5,50,,,,,,,,,,,,,,,,,,,,,,0.0,0.0,0.0,0.0,0.0,0.0,0.0,0.0,0.0,0.0,0.0,0.0
montage,100,1.3,Sharable,20,0.7,0.7,0.2,0.1,0.7,0.3,reference,1,small,5,50,,,,,,,,,,,,,,,,,,,,,,0.0,0.0,0.0,0.0,0.0,0.0,0.0,0.0,0.0,0.0,0.0,0.0
montage,100,1.35,NonSharable,20,0.7,0.7,0.2,0.1,0.7,0.3,reference,1,small,5,50,5.263157894736847,5.263157894736847,5.263157894736847,2.062252854999724,2.062252854999724,2.062252854999724,-2.08517376596055,-2.08517376596055,-2.08517376596055,2.079137895089722,2.079137895089722,2.079137895089722,0.6319998482015918,0.6319998482015918,0.6319998482015918,2.8497341080638234,2.8497341080638234,2.8497341080638234,-13.27849131068323,-13.27849131068323,-13.27849131068323,14.0,4.038620771101721,23.96137922889828,14.0,4.038620771101721,23.96137922889828,14.0,4.038620771101721,23.96137922889828,14.0,4.038620771101721,23.96137922889828
montage,100,1.35,Sharable,20,0.7,0.7,0.2,0.1,0.7,0.3,reference,1,small,5,50,,,,,,,,,,,,,,,,,,,,,,0.0,0.0,0.0,0.0,0.0,0.0,0.0,0.0,0.0,0.0,0.0,0.0
montage,100,1.4,NonSharable,20,0.7,0.7,0.2,0.1,0.7,0.3,reference,1,small,5,50,7.763174169189208,-6.453570868315479,21.979919206693893,2.1330961857730855,0.5233161915706437,3.7428761799755272,0.4266709796395629,-3.161502829460235,4.014844788739361,9.979928865749555,3.3432672044870584,16.61659052701205,8.446745487519458,1.7028731348067128,15.190617840232203,10.794063929723963,4.157547228305434,17.43058063114249,-19.143565001524376,-36.06666426033955,-2.2204657427092016,18.0,5.565662601219074,30.434337398780926,18.0,5.565662601219074,30.434337398780926,18.0,5.565662601219074,30.434337398780926,18.0,5.565662601219074,30.434337398780926
montage,100,1.4,Sharable,20,0.7,0.7,0.2,0.1,0.7,0.3,reference,1,small,5,50,,,,,,,,,,,,,,,,,,,,,,20.0,8.516712930690064,31.483287069309938,20.0,8.516712930690064,31.483287069309938,20.0,8.516712930690064,31.483287069309938,20.0,8.516712930690064,31.483287069309938
montage,100,1.45,NonSharable,20,0.7,0.7,0.2,0.1,0.7,0.3,reference,1,small,5,50,6.375681484377139,0.9913736818937382,11.759989286860538,2.9357021375655146,1.8654034053400104,4.006000869791019,-0.5058438521705941,-2.904338541014131,1.8926508366729426,6.502177376467347,2.833110584776833,10.17124416815786,5.265644104048329,1.5515920599265676,8.97969614817009,7.186411586969594,3.5226080945235236,10.850215079415666,-18.2873434544051,-28.43060281409745,-8.144084094712756,22.0,8.79421987029357,35.205780129706426,22.0,8.79421987029357,35.205780129706426,22.0,8.79421987029357,35.205780129706426,22.0,8.79421987029357,35.205780129706426
montage,100,1.45,Sharable,20,0.7,0.7,0.2,0.1,0.7,0.3,reference,1,small,5,50,,,,,,,,,,,,,,,,,,,,,,36.0,22.220055516828076,49.779944483171924,36.0,22.220055516828076,49.779944483171924,36.0,22.220055516828076,49.779944483171924,36.0,22.220055516828076,49.779944483171924
montage,100,1.5,NonSharable,20,0.7,0.7,0.2,0.1,0.7,0.3,reference,1,small,5,50,6.91185344446214,2.667438476919516,11.156268412004765,2.8293949048223626,2.0600427939986776,3.5987470156460484,0.8479906221485144,-1.1163181010823582,2.812299345379387,6.834966717105587,4.865501289066536,8.804432145144641,5.629550592304201,3.6524966717909084,7.606604512817494,7.494485579326412,5.491608759314505,9.497362399338314,-18.088636429982664,-25.25528625942113,-10.921986600544198,30.0,16.844241944494904,43.155758055505096,30.0,16.844241944494904,43.155758055505096,30.0,16.844241944494904,43.155758055505096,30.0,16.844241944494904,43.155758055505096
montage,100,1.5,Sharable,20,0.7,0.7,0.2,0.1,0.7,0.3,reference,1,small,5,50,,,,,,,,,,,,,,,,,,,,,,68.0,54.608301100830936,81.39169889916907,68.0,54.608301100830936,81.39169889916907,68.0,54.608301100830936,81.39169889916907,68.0,54.608301100830936,81.39169889916907
montage,100,1.6,NonSharable,20,0.7,0.7,0.2,0.1,0.7,0.3,reference,1,small,5,50,6.581982552957065,3.2300775085989475,9.933887597315186,2.9515481286551006,2.3666139497297953,3.536482307580404,1.9259464196175722,0.44342946550967555,3.4084633737254686,6.954766844622217,4.997395610081207,8.912138079163226,5.677582696498879,3.7811009041664265,7.574064488831332,7.657387730126939,5.642984839994799,9.671790620259083,-20.14072780585427,-25.654229453929133,-14.627226157779404,0.0,0.0,0.0,0.0,0.0,0.0,0.0,0.0,0.0,0.0,0.0,0.0
montage,100,1.6,Sharable,20,0.7,0.7,0.2,0.1,0.7,0.3,reference,1,small,5,50,,,,,,,,,,,,,,,,,,,,,,96.0,90.37436122205813,101.62563877794187,96.0,90.37436122205813,101.62563877794187,96.0,90.37436122205813,101.62563877794187,96.0,90.37436122205813,101.62563877794187
montage,100,1.7,NonSharable,20,0.7,0.7,0.2,0.1,0.7,0.3,reference,1,small,5,50,6.073765882071729,2.7154993886572765,9.432032375486182,2.9601575719125344,2.3841937929060624,3.5361213509190064,1.9529508626008478,0.47739035279597175,3.428511372405724,6.527617349765802,4.597757949688193,8.45747674984341,5.24571495257779,3.3802032165580607,7.111226688597521,7.232164982169983,5.243896937575531,9.220433026764434,-20.362323721987877,-25.766633962926765,-14.95801348104899,0.0,0.0,0.0,0.0,0.0,0.0,0.0,0.0,0.0,0.0,0.0,0.0
montage,100,1.7,Sharable,20,0.7,0.7,0.2,0.1,0.7,0.3,reference,1,small,5,50,,,,,,,,,,,,,,,,,,,,,,100.0,100.0,100.0,100.0,100.0,100.0,100.0,100.0,100.0,100.0,100.0,100.0
montage,100,1.8,NonSharable,20,0.7,0.7,0.2,0.1,0.7,0.3,reference,1,small,5,50,6.073765882071729,2.7154993886572765,9.432032375486182,2.9601575719125344,2.3841937929060624,3.5361213509190064,1.9529508626008478,0.47739035279597175,3.428511372405724,6.527617349765802,4.597757949688193,8.45747674984341,5.24571495257779,3.3802032165580607,7.111226688597521,7.232164982169983,5.243896937575531,9.220433026764434,-20.316823713723647,-25.712507729509486,-14.921139697937807,0.0,0.0,0.0,0.0,0.0,0.0,0.0,0.0,0.0,0.0,0.0,0.0
montage,100,1.8,Sharable,20,0.7,0.7,0.2,0.1,0.7,0.3,reference,1,small,5,50,-25.35714285714285,-60.20696769595668,9.492681981670973,20.13656615196652,14.570698995717914,25.702433308215127,-36.75614848071684,-64.03495438972817,-9.477342571705513,-18.91083944163063,-30.584119331515062,-7.237559551746196,-19.920736771797287,-30.034205774112213,-9.807267769482355,-18.38721903125288,-30.895517207029354,-5.878920855476405,-90.67442298810295,-201.23466093332746,19.885814957121582,94.0,87.18217605276773,100.81782394723227,94.0,87.18217605276773,100.81782394723227,94.0,87.18217605276773,100.81782394723227,94.0,87.18217605276773,100.81782394723227
montage,100,1.9,NonSharable,20,0.7,0.7,0.2,0.1,0.7,0.3,reference,1,small,5,50,6.073765882071729,2.7154993886572765,9.432032375486182,2.957913177648786,2.382709260358023,3.533117094939549,1.9529508626008478,0.47739035279597175,3.428511372405724,6.527617349765802,4.597757949688193,8.45747674984341,5.24571495257779,3.3802032165580607,7.111226688597521,7.232164982169983,5.243896937575531,9.220433026764434,-20.63137426630311,-25.971378201285933,-15.291370331320284,0.0,0.0,0.0,0.0,0.0,0.0,0.0,0.0,0.0,0.0,0.0,0.0
montage,100,1.9,Sharable,20,0.7,0.7,0.2,0.1,0.7,0.3,reference,1,small,5,50,-35.11484593837534,-45.41505891827592,-24.81463295847477,22.53872695165073,20.603451287392602,24.47400261590885,-32.66586072275316,-40.54568096907263,-24.78604047643369,-24.111446391420092,-27.990339116530272,-20.23255366630992,-25.433599357454153,-29.291110120599015,-21.57608859430929,-23.397186507125596,-27.325610832297034,-19.46876218195415,-83.12433459787071,-120.39510203884636,-45.85356715689507,80.0,68.51671293069006,91.48328706930994,80.0,68.51671293069006,91.48328706930994,80.0,68.51671293069006,91.48328706930994,80.0,68.51671293069006,91.48328706930994
montage,100,2.0,NonSharable,20,0.7,0.7,0.2,0.1,0.7,0.3,reference,1,small,5,50,6.073765882071729,2.7154993886572765,9.432032375486182,2.957913177648786,2.382709260358023,3.533117094939549,1.9529508626008478,0.47739035279597175,3.428511372405724,6.527617349765802,4.597757949688193,8.45747674984341,5.24571495257779,3.3802032165580607,7.111226688597521,7.232164982169983,5.243896937575531,9.220433026764434,-20.63137426630311,-25.971378201285933,-15.291370331320284,0.0,0.0,0.0,0.0,0.0,0.0,0.0,0.0,0.0,0.0,0.0,0.0
montage,100,2.0,Sharable,20,0.7,0.7,0.2,0.1,0.7,0.3,reference,1,small,5,50,-24.228977015907574,-34.9800204576768,-13.477933574138344,24.934453509023093,23.576143349329193,26.292763668716994,-31.988487378978533,-36.79505675446232,-27.181918003494758,-22.011600872203815,-24.951337709146173,-19.071864035261456,-23.341268819051262,-26.389992156707976,-20.29254548139454,-21.264223105669686,-24.180895355411057,-18.347550855928315,-93.28366343870906,-116.35568978880956,-70.21163708860855,58.0,43.83081494166353,72.16918505833647,58.0,43.83081494166353,72.16918505833647,58.0,43.83081494166353,72.16918505833647,58.0,43.83081494166353,72.16918505833647
montage,100,2.25,NonSharable,20,0.7,0.7,0.2,0.1,0.7,0.3,reference,1,small,5,50,6.073765882071729,2.7154993886572765,9.432032375486182,2.949235958808513,2.368756864506147,3.5297150531108787,1.985847219857811,0.5006040521145674,3.4710903876010546,6.513285007051267,4.577088276140465,8.449481737962069,5.241602344908183,3.3743923464727135,7.1088123433436525,7.212332610099528,5.215096005414228,9.209569214784828,-20.59707104661623,-25.944386015232425,-15.249756078000031,0.0,0.0,0.0,0.0,0.0,0.0,0.0,0.0,0.0,0.0,0.0,0.0
montage,100,2.25,Sharable,20,0.7,0.7,0.2,0.1,0.7,0.3,reference,1,small,5,50,-22.835999936667502,-28.5438506946712,-17.12814917866381,27.337632198564975,26.206617160995588,28.46864723613437,-30.361351769040752,-33.50280340717349,-27.219900130908012,-21.284404863162447,-23.421337977250904,-19.14747174907399,-22.590883798995304,-24.695344998406334,-20.48642259958428,-20.56192363887296,-22.73559302674863,-18.388254250997285,-92.40433867406894,-107.50880360768284,-77.2998737404551,4.0,-1.6256387779418784,9.625638777941878,4.0,-1.6256387779418784,9.625638777941878,4.0,-1.6256387779418784,9.625638777941878,4.0,-1.6256387779418784,9.625638777941878
montage,100,2.5,NonSharable,20,0.7,0.7,0.2,0.1,0.7,0.3,reference,1,small,5,50,6.073765882071729,2.7154993886572765,9.432032375486182,2.949235958808513,2.368756864506147,3.5297150531108787,1.985847219857811,0.5006040521145674,3.4710903876010546,6.513285007051267,4.577088276140465,8.449481737962069,5.241602344908183,3.3743923464727135,7.1088123433436525,7.212332610099528,5.215096005414228,9.209569214784828,-20.62246078534884,-25.96692207255836,-15.277999498139314,0.0,0.0,0.0,0.0,0.0,0.0,0.0,0.0,0.0,0.0,0.0,0.0
montage,100,2.5,Sharable,20,0.7,0.7,0.2,0.1,0.7,0.3,reference,1,small,5,50,-22.877663607462367,-28.52864718548987,-17.226680029434863,27.513077241073884,26.32524138879635,28.700913093351417,-29.813928204194458,-32.922784136862596,-26.705072271526312,-21.228426542707588,-23.28070694231819,-19.17614614309698,-22.535898470300058,-24.56576817465621,-20.506028765943906,-20.50225415914013,-22.587022110488707,-18.417486207791544,-93.89497310508428,-108.53908981766479,-79.25085639250385,0.0,0.0,0.0,0.0,0.0,0.0,0.0,0.0,0.0,0.0,0.0,0.0
montage,100,2.75,NonSharable,20,0.7,0.7,0.2,0.1,0.7,0.3,reference,1,small,5,50,6.073765882071729,2.7154993886572765,9.432032375486182,2.949235958808513,2.368756864506147,3.5297150531108787,1.985847219857811,0.5006040521145674,3.4710903876010546,6.513285007051267,4.577088276140463,8.449481737962067,5.241602344908182,3.3743923464727126,7.1088123433436525,7.212332610099528,5.215096005414228,9.209569214784828,-20.604391135584702,-25.942469842698987,-15.266312428470417,0.0,0.0,0.0,0.0,0.0,0.0,0.0,0.0,0.0,0.0,0.0,0.0
montage,100,2.75,Sharable,20,0.7,0.7,0.2,0.1,0.7,0.3,reference,1,small,5,50,-22.627663607462367,-28.270447225773914,-16.98487998915082,27.540065820534036,26.353548236961583,28.72658340410649,-29.853912280436546,-32.97024412761341,-26.737580433259673,-21.058624979190473,-23.123138042115716,-18.994111916265222,-22.368701932472387,-24.41123104168535,-20.326172823259423,-20.330922969539525,-22.427839779943454,-18.234006159135596,-92.01744820044046,-106.92461223512134,-77.1102841657596,0.0,0.0,0.0,0.0,0.0,0.0,0.0,0.0,0.0,0.0,0.0,0.0
montage,100,3.0,NonSharable,20,0.7,0.7,0.2,0.1,0.7,0.3,reference,1,small,5,50,6.154718263024111,2.7748474914044663,9.534589034643755,2.928797004638057,2.3461604961301648,3.511433513145948,1.985847219857811,0.5006040521145674,3.4710903876010546,6.6243019925204125,4.654265414220078,8.594338570820744,5.3506442919765576,3.4525409524414465,7.248747631511669,7.3244204318093376,5.292237074522771,9.356603789095903,-20.991960295056064,-26.305494532463825,-15.678426057648302,0.0,0.0,0.0,0.0,0.0,0.0,0.0,0.0,0.0,0.0,0.0,0.0
montage,100,3.0,Sharable,20,0.7,0.7,0.2,0.1,0.7,0.3,reference,1,small,5,50,-22.77052075031951,-28.445063255095825,-17.095978245543193,27.50018810841414,26.292336870445045,28.70803934638325,-29.9106732608858,-33.04010934758851,-26.781237174183087,-21.105145894714298,-23.207256038075812,-19.003035751352783,-22.4071972713078,-24.48609086025875,-20.328303682356854,-20.381807908312055,-22.51677660145154,-18.246839215172578,-91.38801247213496,-105.63473694938581,-77.14128799488414,0.0,0.0,0.0,0.0,0.0,0.0,0.0,0.0,0.0,0.0,0.0,0.0
montage,100,3.25,NonSharable,20,0.7,0.7,0.2,0.1,0.7,0.3,reference,1,small,5,50,6.154718263024111,2.7748474914044663,9.534589034643755,2.928797004638057,2.3461604961301648,3.511433513145948,1.985847219857811,0.5006040521145674,3.4710903876010546,6.6243019925204125,4.654265414220078,8.594338570820744,5.3506442919765576,3.4525409524414465,7.248747631511669,7.3244204318093376,5.292237074522771,9.356603789095903,-20.991960295056064,-26.305494532463825,-15.678426057648302,0.0,0.0,0.0,0.0,0.0,0.0,0.0,0.0,0.0,0.0,0.0,0.0
montage,100,3.25,Sharable,20,0.7,0.7,0.2,0.1,0.7,0.3,reference,1,small,5,50,-22.76398480260709,-28.399809147778843,-17.12816045743534,27.46865669127622,26.255932933149225,28.68138044940322,-29.882967895815995,-33.003928384038694,-26.762007407593288,-21.100603636382292,-23.167351500129765,-19.033855772634812,-22.396195333686006,-24.434902390024263,-20.35748827734775,-20.38014622305011,-22.482415977786804,-18.27787646831342,-91.3016073141131,-105.76288484207727,-76.84032978614893,0.0,0.0,0.0,0.0,0.0,0.0,0.0,0.0,0.0,0.0,0.0,0.0
montage,100,3.5,NonSharable,20,0.7,0.7,0.2,0.1,0.7,0.3,reference,1,small,5,50,6.154718263024111,2.7748474914044663,9.534589034643755,2.928797004638057,2.3461604961301648,3.511433513145948,1.985847219857811,0.5006040521145674,3.4710903876010546,6.6243019925204125,4.654265414220078,8.594338570820744,5.3506442919765576,3.4525409524414465,7.248747631511669,7.3244204318093376,5.292237074522771,9.356603789095903,-20.991960295056064,-26.305494532463825,-15.678426057648302,0.0,0.0,0.0,0.0,0.0,0.0,0.0,0.0,0.0,0.0,0.0,0.0
montage,100,3.5,Sharable,20,0.7,0.7,0.2,0.1,0.7,0.3,reference,1,small,5,50,-22.88816780914304,-28.528625278518135,-17.24771033976794,27.490216852052725,26.276903953038563,28.70352975106689,-29.986424699196046,-33.12379626185444,-26.849053136537655,-21.21244216955282,-23.296328102293955,-19.128556236811683,-22.5132532568659,-24.572487725587433,-20.45401878814437,-20.489779023933217,-22.607533601362796,-18.372024446503623,-92.24591955973783,-106.4776447527115,-78.01419436676416,0.0,0.0,0.0,0.0,0.0,0.0,0.0,0.0,0.0,0.0,0.0,0.0
montage,100,3.75,NonSharable,20,0.7,0.7,0.2,0.1,0.7,0.3,reference,1,small,5,50,6.154718263024111,2.7748474914044663,9.534589034643755,2.928797004638057,2.3461604961301648,3.511433513145948,1.985847219857811,0.5006040521145674,3.4710903876010546,6.6243019925204125,4.654265414220078,8.594338570820744,5.3506442919765576,3.4525409524414465,7.248747631511669,7.3244204318093376,5.292237074522771,9.356603789095903,-20.991960295056064,-26.305494532463825,-15.678426057648302,0.0,0.0,0.0,0.0,0.0,0.0,0.0,0.0,0.0,0.0,0.0,0.0
montage,100,3.75,Sharable,20,0.7,0.7,0.2,0.1,0.7,0.3,reference,1,small,5,50,-22.85642177739701,-28.45969164440964,-17.25315191038438,27.51924988223797,26.324687215838626,28.71381254863731,-29.968521663302504,-33.10282424622476,-26.834219080380247,-21.229244876543927,-23.289421755917363,-19.16906799717049,-22.529918896343244,-24.5640225401088,-20.495815252577685,-20.506429112632024,-22.601460985030307,-18.411397240233725,-91.62628030864205,-106.19824616146238,-77.05431445582175,0.0,0.0,0.0,0.0,0.0,0.0,0.0,0.0,0.0,0.0,0.0,0.0
montage,100,4.0,NonSharable,20,0.7,0.7,0.2,0.1,0.7,0.3,reference,1,small,5,50,6.154718263024111,2.7748474914044663,9.534589034643755,2.928797004638057,2.3461604961301648,3.511433513145948,1.985847219857811,0.5006040521145674,3.4710903876010546,6.6243019925204125,4.654265414220078,8.594338570820744,5.3506442919765576,3.4525409524414465,7.248747631511669,7.3244204318093376,5.292237074522771,9.356603789095903,-21.000183345949548,-26.31098110635506,-15.689385585544034,0.0,0.0,0.0,0.0,0.0,0.0,0.0,0.0,0.0,0.0,0.0,0.0
montage,100,4.0,Sharable,20,0.7,0.7,0.2,0.1,0.7,0.3,reference,1,small,5,50,-22.77052075031951,-28.404715396414318,-17.1363261042247,27.456957527072763,26.23869898708819,28.675216067057345,-29.970483998618462,-33.100748600223774,-26.840219397013136,-21.122472985827116,-23.18932515508039,-19.055620816573835,-22.413038181548867,-24.45468989178856,-20.371386471309172,-20.4049251427857,-22.505964521037573,-18.303885764533828,-90.12179620109211,-104.17766768350266,-76.06592471868156,0.0,0.0,0.0,0.0,0.0,0.0,0.0,0.0,0.0,0.0,0.0,0.0
montage,100,4.25,NonSharable,20,0.7,0.7,0.2,0.1,0.7,0.3,reference,1,small,5,50,6.154718263024111,2.7748474914044663,9.534589034643755,2.928797004638057,2.3461604961301648,3.511433513145948,1.985847219857811,0.5006040521145674,3.4710903876010546,6.6243019925204125,4.654265414220078,8.594338570820744,5.3506442919765576,3.4525409524414465,7.248747631511669,7.3244204318093376,5.292237074522771,9.356603789095903,-21.000183345949548,-26.31098110635506,-15.689385585544034,0.0,0.0,0.0,0.0,0.0,0.0,0.0,0.0,0.0,0.0,0.0,0.0
montage,100,4.25,Sharable,20,0.7,0.7,0.2,0.1,0.7,0.3,reference,1,small,5,50,-22.999278920254152,-28.606901152786282,-17.391656687722023,27.481100077960118,26.26552030378109,28.696679852139138,-29.974660034703824,-33.11074759182127,-26.838572477586368,-21.297869094946517,-23.36297839380537,-19.232759796087656,-22.602466394561144,-24.638589682046913,-20.56634310707536,-20.57297121981878,-22.674331546928425,-18.471610892709133,-89.7549383484176,-103.66920412423752,-75.84067257259773,0.0,0.0,0.0,0.0,0.0,0.0,0.0,0.0,0.0,0.0,0.0,0.0
montage,100,4.5,NonSharable,20,0.7,0.7,0.2,0.1,0.7,0.3,reference,1,small,5,50,6.154718263024111,2.7748474914044663,9.534589034643755,2.928797004638057,2.3461604961301648,3.511433513145948,1.985847219857811,0.5006040521145674,3.4710903876010546,6.6243019925204125,4.654265414220078,8.594338570820744,5.3506442919765576,3.4525409524414465,7.248747631511669,7.3244204318093376,5.292237074522771,9.356603789095903,-20.936081274215695,-26.252259559140366,-15.619902989291024,0.0,0.0,0.0,0.0,0.0,0.0,0.0,0.0,0.0,0.0,0.0,0.0
montage,100,4.5,Sharable,20,0.7,0.7,0.2,0.1,0.7,0.3,reference,1,small,5,50,-22.992742972541727,-28.588545154558442,-17.396940790525026,27.491272601908125,26.262558588419374,28.71998661539689,-29.91455930232652,-33.04016144609727,-26.78895715855576,-21.102205981431275,-23.16527740476187,-19.039134558100674,-22.363799479439237,-24.398135577317117,-20.329463381561343,-20.40237627386844,-22.502894291475574,-18.30185825626131,-90.77929481287757,-104.61945486981165,-76.93913475594351,0.0,0.0,0.0,0.0,0.0,0.0,0.0,0.0,0.0,0.0,0.0,0.0
montage,100,4.75,NonSharable,20,0.7,0.7,0.2,0.1,0.7,0.3,reference,1,small,5,50,6.154718263024111,2.7748474914044663,9.534589034643755,2.928797004638057,2.3461604961301648,3.511433513145948,1.985847219857811,0.5006040521145674,3.4710903876010546,6.6243019925204125,4.654265414220078,8.594338570820744,5.3506442919765576,3.4525409524414465,7.248747631511669,7.3244204318093376,5.292237074522771,9.356603789095903,-20.941884552141328,-26.257903440036355,-15.625865664246302,0.0,0.0,0.0,0.0,0.0,0.0,0.0,0.0,0.0,0.0,0.0,0.0
montage,100,4.75,Sharable,20,0.7,0.7,0.2,0.1,0.7,0.3,reference,1,small,5,50,-22.992742972541727,-28.588545154558442,-17.396940790525026,27.491272601908125,26.262558588419374,28.71998661539689,-29.91455930232652,-33.04016144609727,-26.78895715855576,-21.102205981431272,-23.16527740476187,-19.039134558100674,-22.363799479439237,-24.398135577317117,-20.329463381561343,-20.40237627386844,-22.502894291475574,-18.30185825626131,-91.11431224001971,-105.0953357255116,-77.13328875452783,0.0,0.0,0.0,0.0,0.0,0.0,0.0,0.0,0.0,0.0,0.0,0.0
montage,100,5.0,NonSharable,20,0.7,0.7,0.2,0.1,0.7,0.3,reference,1,small,5,50,6.154718263024111,2.7748474914044663,9.534589034643755,2.928797004638057,2.3461604961301648,3.511433513145948,1.985847219857811,0.5006040521145674,3.4710903876010546,6.6243019925204125,4.654265414220078,8.594338570820744,5.3506442919765576,3.4525409524414465,7.248747631511669,7.3244204318093376,5.292237074522771,9.356603789095903,-20.941884552141328,-26.257903440036355,-15.625865664246302,0.0,0.0,0.0,0.0,0.0,0.0,0.0,0.0,0.0,0.0,0.0,0.0
montage,100,5.0,Sharable,20,0.7,0.7,0.2,0.1,0.7,0.3,reference,1,small,5,50,-23.221501142476374,-28.789795367442835,-17.653206917509912,27.515415152795477,26.289412751426706,28.741417554164247,-29.918735338411878,-33.05017525425262,-26.787295422571137,-21.277602090550673,-23.3390695685543,-19.216134612547044,-22.553227692451504,-24.58239429952364,-20.52406108537937,-20.570422350901524,-22.671278200286288,-18.46956650151676,-91.7802104478091,-105.9472802579254,-77.6131406376928,0.0,0.0,0.0,0.0,0.0,0.0,0.0,0.0,0.0,0.0,0.0,0.0
