family,workflow_size,deadline_factor,deadline_mode,seed,scheduler,sharing,configuration,minimum_makespan_s,workflow_slack_s,reference_deadline_feasible,deadline_kappa,tastd_mode,enable_vm_reuse,reuse_policy,joint_bos_optimization,adaptive_bos_fallback,reconstruct_earliest_start,workflow_arrival_s,workflow_deadline_s,workflow_deadline_duration_s,deadline_to_minimum_makespan_ratio,requested_candidate_count,initial_effective_candidate_count,first_round_submitted_sfc_count,first_round_admitted_sfc_count,first_round_accepted_sfc_ratio,first_round_scheduler_runtime_s,unfinished_sfc_count,scheduling_round_count,bos_max_size,bos_mean_size,bos_size_histogram,jointly_scheduled_sfc_count,jointly_scheduled_sfc_ratio,single_sfc_fallback_count,reuse_path_count,new_vm_path_count,milp_invocations,milp_max_bos_size,milp_min_effective_candidate_count,milp_max_effective_candidate_count,milp_max_variables,milp_max_constraints,milp_max_single_solve_s,milp_max_gap,milp_limit_reached_count,milp_admission_limit_reached_count,milp_secondary_limit_reached_count,milp_total_admitted_count,milp_avoidable_idle_removed_s,milp_max_avoidable_idle_removed_s,provisioning_cost,end_to_end_delay_s,network_data_mb,network_hop_data_mb,resource_utilization,cpu_utilization,ram_utilization,vm_time_utilization,mean_node_cpu_utilization,max_node_cpu_utilization,mean_node_ram_utilization,max_node_ram_utilization,mean_link_bandwidth_utilization,max_link_bandwidth_utilization,used_link_count,workflow_deadline_success,workflow_completed,global_deadline_success,sfc_subdeadline_success,sfc_deadline_miss_rate,makespan_s,vm_reuse_rate,provisioned_vm_count,scheduler_runtime_s,scheduler_overhead_ratio,milp_runtime_s,communication_delay_s,propagation_delay_s,serialization_delay_s,queueing_delay_s,execution_time_s,measurement_duration_s,completed_sfc_count,total_sfc_count,accepted_sfc_ratio,realized_workflow_slack_s,workflow_deadline_consumption,study,variant,controlled_bos_size,topology,node_count,local_node_count,global_node_count,candidate_count,effective_candidate_count,candidate_node_coverage,solver_time_limit_s,eta,alpha,beta,gamma,omega_u,omega_w,case_wall_runtime_s
controlled_bos,2,5.0,reference,1,HDS,NonSharable,HDS-NonSharable,2.84375630978134,11.37502523912536,1,5.0,downstream_reserved,1,idle_only,1,1,1,0.0,14.2187815489067,14.2187815489067,5.0,20,5,2,2,1.0,0.005072513999039,0,1,2,2.0,"{""2"":1}",2,1.0,0,0,2,1,2,5,5,33,144,0.0048722860010457,0.0,0,0,0,2,1.1102230246251563e-16,1.1102230246251563e-16,0.015,3.4073844570463656,13.19469178920088,20.96730494565957,0.0120908261920977,0.010966760212272,0.0132148921719233,0.0393427092776373,0.206519430115068,0.2467427897844088,0.1263984902069767,0.220713349723349,0.0820098423349509,0.2657381690798424,4,1,1,1,1,0.0,3.4073844570463656,0.0,2,0.005072513999039,0.001488682613595,0.0048722860010457,1.0615753431360702,0.006,1.0555753431360702,0.0,4.721125113316479,3.4073844570463656,2,2,1.0,10.811397091860336,0.2396396938321598,bos_scaling,hds_full,2,small,5,3,2,20,5,1.0,15.0,0.7,0.7,0.2,0.1,0.7,0.3,0.0054284440011542
controlled_bos,2,5.0,reference,1,HDS,Sharable,HDS-Sharable,2.84375630978134,11.37502523912536,1,5.0,downstream_reserved,1,idle_only,1,1,1,0.0,14.2187815489067,14.2187815489067,5.0,20,5,2,2,1.0,0.0171224779987824,0,1,2,2.0,"{""2"":1}",2,1.0,0,0,2,1,2,5,5,38,149,0.0167897029969026,0.0,0,0,0,2,2.273736754432321e-13,2.273736754432321e-13,0.01,4.327130853244643,13.19469178920088,26.38938357840176,0.013251118410189,0.0129470255400761,0.0135552112803019,0.0625141709820512,0.1795234668769218,0.1795234668769218,0.0469891427138297,0.0469891427138297,0.0670844560073227,0.2092546164365835,4,1,1,1,1,0.0,4.327130853244643,0.0,1,0.0171224779987824,0.0039570049022075,0.0167897029969026,1.0655753431360702,0.01,1.0555753431360702,1.0598027474267904,3.7508502589230743,4.327130853244643,2,2,1.0,9.891650695662058,0.3043250111383391,bos_scaling,hds_full,2,small,5,3,2,20,5,1.0,15.0,0.7,0.7,0.2,0.1,0.7,0.3,0.0176604500011308
controlled_bos,2,5.0,reference,1,PBQS,NonSharable,PBQS-NonSharable,2.84375630978134,11.37502523912536,1,5.0,downstream_reserved,1,queue_aware,1,1,1,0.0,14.2187815489067,14.2187815489067,5.0,20,5,2,2,1.0,0.0006449499996961,0,1,2,2.0,"{""2"":1}",0,0.0,0,0,2,0,0,0,0,0,0,0.0,0.0,0,0,0,0,0.0,0.0,0.01,6.183959861576036,13.19469178920088,13.19469178920088,0.026502236820378,0.0258940510801523,0.0271104225606038,0.0625141709820512,0.2512375726211753,0.3665189673855653,0.1315197211857119,0.1414255810035866,0.0426739244256287,0.0886209597834383,4,1,1,1,1,0.0,6.183959861576036,0.0,2,0.0006449499996961,0.0001042940145364,0.0,1.0575753431360702,0.002,1.0555753431360702,0.0,7.501700517846149,6.183959861576036,2,2,1.0,8.034821687330666,0.4349148933968627,bos_scaling,pbqs,2,small,5,3,2,20,5,1.0,15.0,0.7,0.7,0.2,0.1,0.7,0.3,0.0009761340006662
controlled_bos,2,5.0,reference,1,PBQS,Sharable,PBQS-Sharable,2.84375630978134,11.37502523912536,1,5.0,downstream_reserved,1,queue_aware,1,1,1,0.0,14.2187815489067,14.2187815489067,5.0,20,5,2,2,1.0,0.0006847990007372,0,1,2,2.0,"{""2"":1}",0,0.0,0,1,1,0,0,0,0,0,0,0.0,0.0,0,0,0,0,0.0,0.0,0.005,8.127051617889165,13.19469178920088,13.19469178920088,0.0530044736407561,0.0517881021603047,0.0542208451212076,0.1250283419641024,0.382338672831678,0.382338672831678,0.2001495044101504,0.2001495044101504,0.0649420843355141,0.1114145879144535,2,1,1,1,1,0.0,8.127051617889165,0.5,1,0.0006847990007372,8.42616772889551e-05,0.0,1.0575753431360702,0.002,1.0555753431360702,5.751735618482981,7.501700517846149,8.127051617889165,2,2,1.0,6.091729931017536,0.5715715928214724,bos_scaling,pbqs,2,small,5,3,2,20,5,1.0,15.0,0.7,0.7,0.2,0.1,0.7,0.3,0.0009492429999227
controlled_bos,2,5.0,reference,2,HDS,NonSharable,HDS-NonSharable,3.913894632621464,15.655578530485856,1,5.0,downstream_reserved,1,idle_only,1,1,1,0.0,19.56947316310732,19.56947316310732,5.0,20,5,2,2,1.0,0.0049940270000661,0,1,2,2.0,"{""2"":1}",2,1.0,0,0,2,1,2,5,5,33,144,0.0047768139993422,0.0,0,0,0,2,0.0,0.0,0.02,4.51886676170328,13.816190699404494,27.632381398808988,0.011256883011192,0.0099851265828497,0.0125286394395344,0.0557514696387762,0.1325791678675576,0.2030675565410124,0.0415877700103246,0.0524415198754767,0.0448425400165785,0.2109718368805964,6,1,1,1,1,0.0,4.51886676170328,0.0,2,0.0049940270000661,0.0011051503094514,0.0047768139993422,1.1172952559523597,0.012,1.1052952559523594,0.0910257504172782,6.690176356653145,4.51886676170328,2,2,1.0,15.05060640140404,0.2309140733651593,bos_scaling,hds_full,2,small,5,3,2,20,5,1.0,15.0,0.7,0.7,0.2,0.1,0.7,0.3,0.0053475530003197
controlled_bos,2,5.0,reference,2,HDS,Sharable,HDS-Sharable,3.913894632621464,15.655578530485856,1,5.0,downstream_reserved,1,idle_only,1,1,1,0.0,19.56947316310732,19.56947316310732,5.0,20,5,2,2,1.0,0.0236398640008701,0,1,2,2.0,"{""2"":1}",2,1.0,0,0,2,1,2,5,5,38,149,0.0233943589992122,0.0,0,0,0,2,1.1102230246251563e-16,1.1102230246251563e-16,0.01,7.312543794991561,13.816190699404494,27.632381398808988,0.0225137660223841,0.0199702531656995,0.0250572788790688,0.1115029392775524,0.1638575061612132,0.1638575061612132,0.051399238585547,0.051399238585547,0.0415664102545384,0.1303723639902403,4,1,1,1,1,0.0,7.312543794991561,0.0,1,0.0236398640008701,0.0032327825533245,0.0233943589992122,1.1152952559523597,0.01,1.1052952559523594,2.8857027837055598,6.690176356653145,7.312543794991561,2,2,1.0,12.256929368115756,0.3736709585405336,bos_scaling,hds_full,2,small,5,3,2,20,5,1.0,15.0,0.7,0.7,0.2,0.1,0.7,0.3,0.0240180260007036
controlled_bos,2,5.0,reference,2,PBQS,NonSharable,PBQS-NonSharable,3.913894632621464,15.655578530485856,1,5.0,downstream_reserved,1,queue_aware,1,1,1,0.0,19.56947316310732,19.56947316310732,5.0,20,5,2,2,1.0,0.000600684001256,0,1,2,2.0,"{""2"":1}",0,0.0,0,0,2,0,0,0,0,0,0,0.0,0.0,0,0,0,0,0.0,0.0,0.01,8.360986713315654,13.816190699404494,13.816190699404494,0.0450275320447683,0.039940506331399,0.0501145577581377,0.1115029392775524,0.2866205224399415,0.4390081042334693,0.1798157064823183,0.2267447603724444,0.0330491870711884,0.0655280758764922,4,1,1,1,1,0.0,8.360986713315654,0.0,2,0.000600684001256,7.18436737017376e-05,0.0,1.1072952559523594,0.002,1.1052952559523594,0.0,13.380352713306293,8.360986713315654,2,2,1.0,11.208486449791664,0.4272463874540025,bos_scaling,pbqs,2,small,5,3,2,20,5,1.0,15.0,0.7,0.7,0.2,0.1,0.7,0.3,0.0008288440003525
controlled_bos,2,5.0,reference,2,PBQS,Sharable,PBQS-Sharable,3.913894632621464,15.655578530485856,1,5.0,downstream_reserved,1,queue_aware,1,1,1,0.0,19.56947316310732,19.56947316310732,5.0,20,5,2,2,1.0,0.0009308760018029,0,1,2,2.0,"{""2"":1}",0,0.0,0,1,1,0,0,0,0,0,0,0.0,0.0,0,0,0,0,0.0,0.0,0.005,13.961306281337514,13.816190699404494,13.816190699404494,0.0900550640895367,0.0798810126627981,0.1002291155162754,0.2230058785551048,0.3432960113606735,0.3432960113606735,0.2153719290226902,0.2153719290226902,0.0395842349447572,0.0682854170035356,2,1,1,1,1,0.0,13.961306281337514,0.5,1,0.0009308760018029,6.667542299013243e-05,0.0,1.1072952559523594,0.002,1.1052952559523594,7.834645025394516,13.38035271330629,13.961306281337514,2,2,1.0,5.6081668817698045,0.7134226948765074,bos_scaling,pbqs,2,small,5,3,2,20,5,1.0,15.0,0.7,0.7,0.2,0.1,0.7,0.3,0.0011736870001186
controlled_bos,2,5.0,reference,3,HDS,NonSharable,HDS-NonSharable,1.3787125705121162,5.514850282048465,1,5.0,downstream_reserved,1,idle_only,1,1,1,0.0,6.8935628525605805,6.8935628525605805,5.0,20,5,2,2,1.0,0.0182000329987204,0,1,2,2.0,"{""2"":1}",2,1.0,0,0,2,1,2,5,5,33,144,0.0179644019990519,1.060447341634415e-12,0,0,0,2,2.220446049250313e-16,2.220446049250313e-16,0.015,1.8533365814260716,14.567561474177914,20.172108435489932,0.0055808416930199,0.0048282737732876,0.0063334096127522,0.0202087677975478,0.1804199526320181,0.2527475680516152,0.0857699669916676,0.1262008712990661,0.1088344579674688,0.3440071891287444,6,1,1,1,1,0.0,1.8533365814260716,0.0,2,0.0182000329987204,0.0098201444794858,0.0179644019990519,1.1714049179342332,0.006,1.1654049179342332,0.0670966296994897,2.425052135705739,1.8533365814260716,2,2,1.0,5.040226271134509,0.2688503203735436,bos_scaling,hds_full,2,small,5,3,2,20,5,1.0,15.0,0.7,0.7,0.2,0.1,0.7,0.3,0.0185253470008319
controlled_bos,2,5.0,reference,3,HDS,Sharable,HDS-Sharable,1.3787125705121162,5.514850282048465,1,5.0,downstream_reserved,1,idle_only,1,1,1,0.0,6.8935628525605805,6.8935628525605805,5.0,20,5,2,2,1.0,0.0091214640015095,0,1,2,2.0,"{""2"":1}",2,1.0,0,0,2,1,2,5,5,38,149,0.0089180209979531,0.0,0,0,0,2,0.0,0.0,0.015,1.8533365814260716,14.567561474177914,20.172108435489932,0.0055808416930199,0.0048282737732876,0.0063334096127522,0.0202087677975478,0.1804199526320181,0.2527475680516152,0.0857699669916676,0.1262008712990661,0.1088344579674688,0.3440071891287444,6,1,1,1,1,0.0,1.8533365814260716,0.0,2,0.0091214640015095,0.0049216446127076,0.0089180209979531,1.1714049179342332,0.006,1.1654049179342332,0.0670966296994897,2.425052135705739,1.8533365814260716,2,2,1.0,5.040226271134509,0.2688503203735436,bos_scaling,hds_full,2,small,5,3,2,20,5,1.0,15.0,0.7,0.7,0.2,0.1,0.7,0.3,0.0094461570006387
controlled_bos,2,5.0,reference,3,PBQS,NonSharable,PBQS-NonSharable,1.3787125705121162,5.514850282048465,1,5.0,downstream_reserved,1,queue_aware,1,1,1,0.0,6.8935628525605805,6.8935628525605805,5.0,20,5,2,2,1.0,0.0005860029996256,0,1,2,2.0,"{""2"":1}",0,0.0,0,0,2,0,0,0,0,0,0,0.0,0.0,0,0,0,0,0.0,0.0,0.01,3.1151161465482016,14.567561474177914,14.567561474177914,0.012841643010271,0.0105812687053918,0.0151020173151501,0.0313160694210613,0.2038049602185799,0.25723789843227,0.1454393666690508,0.2157955966641852,0.093528207545776,0.204666881712365,4,1,1,1,1,0.0,3.1151161465482016,0.0,2,0.0005860029996256,0.0001881159392002,0.0,1.1674049179342332,0.002,1.1654049179342332,0.0,3.757928330527359,3.1151161465482016,2,2,1.0,3.778446706012379,0.4518876832161045,bos_scaling,pbqs,2,small,5,3,2,20,5,1.0,15.0,0.7,0.7,0.2,0.1,0.7,0.3,0.0008027659969229
controlled_bos,2,5.0,reference,3,PBQS,Sharable,PBQS-Sharable,1.3787125705121162,5.514850282048465,1,5.0,downstream_reserved,1,queue_aware,1,1,1,0.0,6.8935628525605805,6.8935628525605805,5.0,20,5,2,2,1.0,0.000625400996796,0,1,2,2.0,"{""2"":1}",0,0.0,0,0,2,0,0,0,0,0,0,0.0,0.0,0,0,0,0,0.0,0.0,0.01,3.1151161465482016,14.567561474177914,14.567561474177914,0.012841643010271,0.0105812687053918,0.0151020173151501,0.0313160694210613,0.2038049602185799,0.25723789843227,0.1454393666690508,0.2157955966641852,0.093528207545776,0.204666881712365,4,1,1,1,1,0.0,3.1151161465482016,0.0,2,0.000625400996796,0.0002007632997854,0.0,1.1674049179342332,0.002,1.1654049179342332,0.0,3.757928330527359,3.1151161465482016,2,2,1.0,3.778446706012379,0.4518876832161045,bos_scaling,pbqs,2,small,5,3,2,20,5,1.0,15.0,0.7,0.7,0.2,0.1,0.7,0.3,0.0008651280004414
controlled_bos,2,5.0,reference,4,HDS,NonSharable,HDS-NonSharable,3.756902307445116,15.027609229780465,1,5.0,downstream_reserved,1,idle_only,1,1,1,0.0,18.78451153722558,18.78451153722558,5.0,20,5,2,2,1.0,0.0049220799992326,0,1,2,2.0,"{""2"":1}",2,1.0,0,0,2,1,2,5,5,33,144,0.0047291519986174,0.0,0,0,0,2,0.0,0.0,0.015,4.265398412610116,7.711085677041222,13.093542756803672,0.0169011247550468,0.0100987055738133,0.0237035439362804,0.0530431606580754,0.1232740428950274,0.1796177321350411,0.1234132213294634,0.1623868246728503,0.0386802384538304,0.1167040473140362,4,1,1,1,1,0.0,4.265398412610116,0.0,2,0.0049220799992326,0.0011539555096848,0.0047291519986174,0.6228868541632977,0.006,0.6168868541632977,0.249210741841534,6.365179278969057,4.265398412610116,2,2,1.0,14.519113124615464,0.2270699668797511,bos_scaling,hds_full,2,small,5,3,2,20,5,1.0,15.0,0.7,0.7,0.2,0.1,0.7,0.3,0.0052475349984888
controlled_bos,2,5.0,reference,4,HDS,Sharable,HDS-Sharable,3.756902307445116,15.027609229780465,1,5.0,downstream_reserved,1,idle_only,1,1,1,0.0,18.78451153722558,18.78451153722558,5.0,20,5,2,2,1.0,0.0136240589999943,0,1,2,2.0,"{""2"":1}",2,1.0,0,0,2,1,2,5,5,38,149,0.0133917220009607,0.0,0,0,0,2,3.1086244689504387e-15,3.1086244689504387e-15,0.01,5.591566726691138,7.711085677041222,15.422171354082444,0.0218709087312947,0.0139585390930719,0.0297832783695175,0.0839835160814672,0.149781337954259,0.149781337954259,0.0798969586484985,0.0798969586484985,0.0303392399996083,0.0890250054215193,4,1,1,1,1,0.0,5.591566726691138,0.0,1,0.0136240589999943,0.0024365369610918,0.0133917220009607,0.6268868541632977,0.01,0.6168868541632977,1.823379055922555,5.039010964888037,5.591566726691138,2,2,1.0,13.192944810534442,0.2976689979726242,bos_scaling,hds_full,2,small,5,3,2,20,5,1.0,15.0,0.7,0.7,0.2,0.1,0.7,0.3,0.013986007998028
controlled_bos,2,5.0,reference,4,PBQS,NonSharable,PBQS-NonSharable,3.756902307445116,15.027609229780465,1,5.0,downstream_reserved,1,queue_aware,1,1,1,0.0,18.78451153722558,18.78451153722558,5.0,20,5,2,2,1.0,0.0005917010021221,0,1,2,2.0,"{""2"":1}",0,0.0,0,0,2,0,0,0,0,0,0,0.0,0.0,0,0,0,0,0.0,0.0,0.01,7.857281867995028,7.711085677041222,7.711085677041222,0.0437418174625894,0.0279170781861438,0.059566556739035,0.0839835160814672,0.2131811890307116,0.3900286141680353,0.2274319201211301,0.3667106447956628,0.0196278708250258,0.0484316091710987,4,1,1,1,1,0.0,7.857281867995028,0.0,2,0.0005917010021221,7.530606793327657e-05,0.0,0.6188868541632977,0.002,0.6168868541632977,0.1322515464194296,10.078021929776074,7.857281867995028,2,2,1.0,10.927229669230552,0.4182851309401429,bos_scaling,pbqs,2,small,5,3,2,20,5,1.0,15.0,0.7,0.7,0.2,0.1,0.7,0.3,0.0008086039997579
controlled_bos,2,5.0,reference,4,PBQS,Sharable,PBQS-Sharable,3.756902307445116,15.027609229780465,1,5.0,downstream_reserved,1,queue_aware,1,1,1,0.0,18.78451153722558,18.78451153722558,5.0,20,5,2,2,1.0,0.0006420259996957,0,1,2,2.0,"{""2"":1}",0,0.0,0,1,1,0,0,0,0,0,0,0.0,0.0,0,0,0,0,0.0,0.0,0.005,10.5286045685557,7.711085677041222,7.711085677041222,0.0874836349251788,0.0558341563722877,0.11913311347807,0.1679670321629345,0.3181855069704472,0.3181855069704472,0.3394555642270052,0.3394555642270052,0.0292957556790415,0.0472796993103096,2,1,1,1,1,0.0,10.5286045685557,0.5,1,0.0006420259996957,6.097921101654912e-05,0.0,0.6188868541632977,0.002,0.6168868541632977,7.688977652611357,10.078021929776074,10.5286045685557,2,2,1.0,8.25590696866988,0.5604939232883958,bos_scaling,pbqs,2,small,5,3,2,20,5,1.0,15.0,0.7,0.7,0.2,0.1,0.7,0.3,0.0008773469999141
controlled_bos,2,5.0,reference,5,HDS,NonSharable,HDS-NonSharable,2.7454095922487074,10.98163836899483,1,5.0,downstream_reserved,1,idle_only,1,1,1,0.0,13.727047961243535,13.727047961243535,5.0,20,5,2,2,1.0,0.007717471999058,0,1,2,2.0,"{""2"":1}",2,1.0,0,0,2,1,2,5,5,33,144,0.0075235629992675,0.0,0,0,0,2,0.0,0.0,0.015,3.3308493316071,15.65310229193914,23.684809808782948,0.0127050891298906,0.0075420325645831,0.0178681456951982,0.0323599377508271,0.1259308032738474,0.1557118759099912,0.1212014401685203,0.162270601659715,0.065874181648773,0.1754820519300798,6,1,1,1,1,0.0,3.3308493316071,0.0,2,0.007717471999058,0.0023169682056241,0.0075235629992675,1.2582481833551311,0.006,1.252248183355131,0.0031567981456387,3.88319253009926,3.3308493316071,2,2,1.0,10.396198629636435,0.2426486263478719,bos_scaling,hds_full,2,small,5,3,2,20,5,1.0,15.0,0.7,0.7,0.2,0.1,0.7,0.3,0.0080486859988013
controlled_bos,2,5.0,reference,5,HDS,Sharable,HDS-Sharable,2.7454095922487074,10.98163836899483,1,5.0,downstream_reserved,1,idle_only,1,1,1,0.0,13.727047961243535,13.727047961243535,5.0,20,5,2,2,1.0,0.0086204279978119,0,1,2,2.0,"{""2"":1}",2,1.0,0,0,2,1,2,5,5,38,149,0.0084021020011277,0.0,0,0,0,2,0.0,0.0,0.015,3.3308493316071,15.65310229193914,23.684809808782948,0.0127050891298906,0.0075420325645831,0.0178681456951982,0.0323599377508271,0.1259308032738474,0.1557118759099912,0.1212014401685203,0.162270601659715,0.065874181648773,0.1754820519300798,6,1,1,1,1,0.0,3.3308493316071,0.0,2,0.0086204279978119,0.0025880570207757,0.0084021020011277,1.2582481833551311,0.006,1.252248183355131,0.0031567981456387,3.88319253009926,3.3308493316071,2,2,1.0,10.396198629636435,0.2426486263478719,bos_scaling,hds_full,2,small,5,3,2,20,5,1.0,15.0,0.7,0.7,0.2,0.1,0.7,0.3,0.0089103689970215
controlled_bos,2,5.0,reference,5,PBQS,NonSharable,PBQS-NonSharable,2.7454095922487074,10.98163836899483,1,5.0,downstream_reserved,1,queue_aware,1,1,1,0.0,13.727047961243535,13.727047961243535,5.0,20,5,2,2,1.0,0.0005646009994961,0,1,2,2.0,"{""2"":1}",0,0.0,0,0,2,0,0,0,0,0,0,0.0,0.0,0,0,0,0,0.0,0.0,0.01,6.003848465575418,15.65310229193914,15.65310229193914,0.0322766919055708,0.0199572621435093,0.0445961216676322,0.0546945705184434,0.1994446954276683,0.3455468943108134,0.2228376778161644,0.3556499447351633,0.0521435621891197,0.0973549347109194,4,1,1,1,1,0.0,6.003848465575418,0.0,2,0.0005646009994961,9.403984839615144e-05,0.0,1.254248183355131,0.002,1.252248183355131,0.0,6.5633484622132165,6.003848465575418,2,2,1.0,7.723199495668119,0.4373736059294374,bos_scaling,pbqs,2,small,5,3,2,20,5,1.0,15.0,0.7,0.7,0.2,0.1,0.7,0.3,0.0008093650030787
controlled_bos,2,5.0,reference,5,PBQS,Sharable,PBQS-Sharable,2.7454095922487074,10.98163836899483,1,5.0,downstream_reserved,1,queue_aware,1,1,1,0.0,13.727047961243535,13.727047961243535,5.0,20,5,2,2,1.0,0.0006369180009642,0,1,2,2.0,"{""2"":1}",0,0.0,0,0,2,0,0,0,0,0,0,0.0,0.0,0,0,0,0,0.0,0.0,0.01,6.003848465575418,15.65310229193914,15.65310229193914,0.0322766919055708,0.0199572621435093,0.0445961216676322,0.0546945705184434,0.1994446954276683,0.3455468943108134,0.2228376778161644,0.3556499447351633,0.0521435621891197,0.0973549347109194,4,1,1,1,1,0.0,6.003848465575418,0.0,2,0.0006369180009642,0.0001060849561104,0.0,1.254248183355131,0.002,1.252248183355131,0.0,6.5633484622132165,6.003848465575418,2,2,1.0,7.723199495668119,0.4373736059294374,bos_scaling,pbqs,2,small,5,3,2,20,5,1.0,15.0,0.7,0.7,0.2,0.1,0.7,0.3,0.0009108369995374
controlled_bos,3,5.0,reference,1,HDS,NonSharable,HDS-NonSharable,3.204959087566362,12.819836350265447,1,5.0,downstream_reserved,1,idle_only,1,1,1,0.0,16.02479543783181,16.02479543783181,5.0,20,5,3,3,1.0,0.0095583539987273,0,1,3,3.0,"{""3"":1}",3,1.0,0,0,3,1,3,5,5,42,184,0.0092607099977612,0.0,0,0,0,3,3.3306690738754696e-16,3.3306690738754696e-16,0.02,6.183959861576036,17.6920416596465,22.18939153009212,0.0173406185871049,0.0137841827893272,0.0208970543848826,0.0592760044802719,0.1729067389036435,0.3665189673855653,0.0995522118574983,0.1414255810035866,0.0391157705909763,0.091454424889945,6,1,1,1,1,0.0,6.183959861576036,0.0,3,0.0095583539987273,0.0015456688291458,0.0092607099977612,1.42236333277172,0.007,1.41536333277172,0.2893931560885465,10.669680806448946,6.183959861576036,3,3,1.0,9.840835576255774,0.3858994572234452,bos_scaling,hds_full,3,small,5,3,2,20,5,1.0,15.0,0.7,0.7,0.2,0.1,0.7,0.3,0.0099916690014651
controlled_bos,3,5.0,reference,1,HDS,Sharable,HDS-Sharable,3.204959087566362,12.819836350265447,1,5.0,downstream_reserved,1,idle_only,1,1,1,0.0,16.02479543783181,16.02479543783181,5.0,20,5,3,3,1.0,0.0779590339989226,0,1,3,3.0,"{""3"":1}",3,1.0,0,0,3,1,3,5,5,57,209,0.0775951629984774,0.0,0,0,0,3,3.3306690738754696e-16,2.220446049250313e-16,0.015,6.653265297051791,17.6920416596465,29.96200468655081,0.0175434930946522,0.0120829698779401,0.0230040163113643,0.0657425450159939,0.1133158678553373,0.1263661539503328,0.0812857857530104,0.1130355101942546,0.0379142914396642,0.1136487526570811,6,1,1,1,1,0.0,6.653265297051791,0.0,2,0.0779590339989226,0.0117174095001845,0.0775951629984774,1.42636333277172,0.011,1.41536333277172,3.120497018813344,7.8891054019192755,6.653265297051791,3,3,1.0,9.37153014078002,0.4151856616743179,bos_scaling,hds_full,3,small,5,3,2,20,5,1.0,15.0,0.7,0.7,0.2,0.1,0.7,0.3,0.0785607100006018
controlled_bos,3,5.0,reference,1,PBQS,NonSharable,PBQS-NonSharable,3.204959087566362,12.819836350265447,1,5.0,downstream_reserved,1,queue_aware,1,1,1,0.0,16.02479543783181,16.02479543783181,5.0,20,5,3,3,1.0,0.0011144689997308,0,1,3,3.0,"{""3"":1}",0,0.0,0,0,3,0,0,0,0,0,0,0.0,0.0,0,0,0,0,0.0,0.0,0.015,6.7381417229297895,17.6920416596465,17.6920416596465,0.0285734916853612,0.0194951200514378,0.0376518633192845,0.0768758949725096,0.1735949244145128,0.3363744302239351,0.1676361148259431,0.2615027135898877,0.0350087455110276,0.0813322842899244,6,1,1,1,1,0.0,6.7381417229297895,0.0,3,0.0011144689997308,0.0001653970850655,0.0,1.41836333277172,0.003,1.41536333277172,0.0413931560885465,13.837661095051743,6.7381417229297895,3,3,1.0,9.28665371490202,0.4204822301208404,bos_scaling,pbqs,3,small,5,3,2,20,5,1.0,15.0,0.7,0.7,0.2,0.1,0.7,0.3,0.0014304300020739
controlled_bos,3,5.0,reference,1,PBQS,Sharable,PBQS-Sharable,3.204959087566362,12.819836350265447,1,5.0,downstream_reserved,1,queue_aware,1,1,1,0.0,16.02479543783181,16.02479543783181,5.0,20,5,3,3,1.0,0.0011636130002443,0,1,3,3.0,"{""3"":1}",0,0.0,0,1,2,0,0,0,0,0,0,0.0,0.0,0,0,0,0,0.0,0.0,0.01,12.221391980586503,17.6920416596465,17.6920416596465,0.0428602375280418,0.0292426800771568,0.0564777949789268,0.1153138424587645,0.1435647271126318,0.2183363455404945,0.1386367323836129,0.2157374925551729,0.0289525803406846,0.0618698183732008,4,1,1,1,1,0.0,12.221391980586503,0.3333333333333333,2,0.0011636130002443,9.521116760617364e-05,0.0,1.41836333277172,0.003,1.41536333277172,6.078825275099013,13.837661095051743,12.221391980586503,3,3,1.0,3.803403457245306,0.7626551008404064,bos_scaling,pbqs,3,small,5,3,2,20,5,1.0,15.0,0.7,0.7,0.2,0.1,0.7,0.3,0.0014922119989932
controlled_bos,3,5.0,reference,2,HDS,NonSharable,HDS-NonSharable,3.913894632621464,15.655578530485856,1,5.0,downstream_reserved,1,idle_only,1,1,1,0.0,19.56947316310732,19.56947316310732,5.0,20,5,3,3,1.0,0.0087601760023972,0,1,3,3.0,"{""3"":1}",3,1.0,0,0,3,1,3,5,5,42,184,0.0085010700022394,0.0,0,0,0,3,7.2164496600635185e-16,3.8857805861880484e-16,0.02,6.126661255942999,22.595895401172907,30.94273052730925,0.0245867852135601,0.0162488237324455,0.0329247466946747,0.0752717791318488,0.162246196831418,0.1831862063771322,0.1922918334283068,0.3094360614354142,0.0509915116569313,0.1556073661507626,6,1,1,1,1,0.0,6.126661255942999,0.0,3,0.0087601760023972,0.0014298450063482,0.0085010700022394,1.8146716320938323,0.007,1.8076716320938329,0.0,13.548920243732798,6.126661255942999,3,3,1.0,13.44281190716432,0.3130723655603094,bos_scaling,hds_full,3,small,5,3,2,20,5,1.0,15.0,0.7,0.7,0.2,0.1,0.7,0.3,0.0091032659984193
controlled_bos,3,5.0,reference,2,HDS,Sharable,HDS-Sharable,3.913894632621464,15.655578530485856,1,5.0,downstream_reserved,1,idle_only,1,1,1,0.0,19.56947316310732,19.56947316310732,5.0,20,5,3,3,1.0,0.0322496649969252,0,1,3,3.0,"{""3"":1}",3,1.0,0,0,3,1,3,5,5,57,209,0.0319789420027518,0.0,0,0,0,3,3.3306690738754696e-16,3.3306690738754696e-16,0.015,7.312543794991561,22.595895401172907,36.412086100577405,0.0259574640475109,0.0185475432176108,0.0333673848774111,0.0892071986557668,0.1463473347464892,0.1638575061612132,0.1282376654409537,0.2050760922963605,0.0437194226675461,0.1303723639902403,6,1,1,1,1,0.0,7.312543794991561,0.0,2,0.0322496649969252,0.0044101841850182,0.0319789420027518,1.8186716320938323,0.011,1.8076716320938329,2.8857027837055598,10.704863838692026,7.312543794991561,3,3,1.0,12.256929368115756,0.3736709585405336,bos_scaling,hds_full,3,small,5,3,2,20,5,1.0,15.0,0.7,0.7,0.2,0.1,0.7,0.3,0.0327049430015904
controlled_bos,3,5.0,reference,2,PBQS,NonSharable,PBQS-NonSharable,3.913894632621464,15.655578530485856,1,5.0,downstream_reserved,1,queue_aware,1,1,1,0.0,19.56947316310732,19.56947316310732,5.0,20,5,3,3,1.0,0.0010675640005501,0,1,3,3.0,"{""3"":1}",0,0.0,0,0,3,0,0,0,0,0,0,0.0,0.0,0,0,0,0,0.0,0.0,0.015,8.360986713315654,22.595895401172907,22.595895401172907,0.0409666413957671,0.0318610453280772,0.050072237463457,0.096639112196362,0.2286408034401168,0.4390081042334693,0.1796638573185827,0.2267447603724444,0.0360338576868155,0.0731566124794921,6,1,1,1,1,0.0,8.360986713315654,0.0,3,0.0010675640005501,0.0001276839728557,0.0,1.8106716320938323,0.003,1.8076716320938329,0.0,17.395040195345175,8.360986713315654,3,3,1.0,11.208486449791664,0.4272463874540025,bos_scaling,pbqs,3,small,5,3,2,20,5,1.0,15.0,0.7,0.7,0.2,0.1,0.7,0.3,0.0013392889995884
controlled_bos,3,5.0,reference,2,PBQS,Sharable,PBQS-Sharable,3.913894632621464,15.655578530485856,1,5.0,downstream_reserved,1,queue_aware,1,1,1,0.0,19.56947316310732,19.56947316310732,5.0,20,5,3,3,1.0,0.0009045070000865,0,1,3,3.0,"{""3"":1}",0,0.0,0,1,2,0,0,0,0,0,0,0.0,0.0,0,0,0,0,0.0,0.0,0.01,13.961306281337514,22.595895401172907,22.59589540117291,0.0614499620936506,0.0477915679921158,0.0751083561951855,0.1449586682945431,0.2053886664860302,0.3432960113606735,0.1613925402429965,0.2153719290226902,0.0323693140825618,0.0682854170035356,4,1,1,1,1,0.0,13.961306281337514,0.3333333333333333,2,0.0009045070000865,6.47867027525696e-05,0.0,1.8106716320938323,0.003,1.8076716320938329,7.834645025394516,17.39504019534517,13.961306281337514,3,3,1.0,5.6081668817698045,0.7134226948765074,bos_scaling,pbqs,3,small,5,3,2,20,5,1.0,15.0,0.7,0.7,0.2,0.1,0.7,0.3,0.0011986850004177
controlled_bos,3,5.0,reference,3,HDS,NonSharable,HDS-NonSharable,3.4861615649929094,13.944646259971638,1,5.0,downstream_reserved,1,idle_only,1,1,1,0.0,17.430807824964546,17.430807824964546,5.0,20,5,3,3,1.0,0.0083357229996181,0,1,3,3.0,"{""3"":1}",3,1.0,0,0,3,1,3,5,5,42,184,0.0081009540008381,4.2409032292324574e-13,0,0,0,3,0.0,0.0,0.02,4.070057966146142,21.76087216574649,28.95418285731508,0.0132779359628129,0.0091596195528184,0.0173962523728073,0.0399196856110428,0.142015214777858,0.1968831740421747,0.0983997738574088,0.1651643178338136,0.073644170580661,0.2127550384153726,6,1,1,1,1,0.0,4.070057966146142,0.0,3,0.0083357229996181,0.0020480600200176,0.0081009540008381,1.7478697732597197,0.007,1.7408697732597198,0.0619780313602945,7.185543409987719,4.070057966146142,3,3,1.0,13.360749858818403,0.2334979541405402,bos_scaling,hds_full,3,small,5,3,2,20,5,1.0,15.0,0.7,0.7,0.2,0.1,0.7,0.3,0.0087155490000441
controlled_bos,3,5.0,reference,3,HDS,Sharable,HDS-Sharable,3.4861615649929094,13.944646259971638,1,5.0,downstream_reserved,1,idle_only,1,1,1,0.0,17.430807824964546,17.430807824964546,5.0,20,5,3,3,1.0,0.057900754000002,0,1,3,3.0,"{""3"":1}",3,1.0,0,0,3,1,3,5,5,57,209,0.0575965110001561,0.0,0,0,0,3,2.220446049250313e-15,2.220446049250313e-15,0.015,5.402934160967761,21.76087216574649,34.55872981862711,0.0147236609699231,0.0099869207067843,0.0194604012330619,0.0487722267930508,0.1048537689635583,0.1230090330442382,0.0567542124346234,0.0702184856587886,0.0568596179892681,0.1602694597309535,6,1,1,1,1,0.0,5.402934160967761,0.0,2,0.057900754000002,0.0107165388796133,0.0575965110001561,1.7518697732597197,0.011,1.7408697732597198,1.461950855881404,5.8526672151660994,5.402934160967761,3,3,1.0,12.027873663996786,0.3099646450825781,bos_scaling,hds_full,3,small,5,3,2,20,5,1.0,15.0,0.7,0.7,0.2,0.1,0.7,0.3,0.0583809999989171
controlled_bos,3,5.0,reference,3,PBQS,NonSharable,PBQS-NonSharable,3.4861615649929094,13.944646259971638,1,5.0,downstream_reserved,1,queue_aware,1,1,1,0.0,17.430807824964546,17.430807824964546,5.0,20,5,3,3,1.0,0.000803437000286,0,1,3,3.0,"{""3"":1}",0,0.0,0,0,3,0,0,0,0,0,0,0.0,0.0,0,0,0,0,0.0,0.0,0.015,7.431695014246208,21.76087216574649,21.76087216574649,0.026846733893987,0.0173714730039213,0.0363219947840528,0.0589619916080448,0.1402490788759849,0.2498908919834331,0.1466233263653525,0.3179434149445393,0.0390415593823157,0.0857894607708853,6,1,1,1,1,0.0,7.431695014246208,0.0,3,0.000803437000286,0.0001081095226251,0.0,1.7438697732597197,0.003,1.7408697732597198,0.0,10.61315848944808,7.431695014246208,3,3,1.0,9.999112810718335,0.4263540215045268,bos_scaling,pbqs,3,small,5,3,2,20,5,1.0,15.0,0.7,0.7,0.2,0.1,0.7,0.3,0.0010549210019235
controlled_bos,3,5.0,reference,3,PBQS,Sharable,PBQS-Sharable,3.4861615649929094,13.944646259971638,1,5.0,downstream_reserved,1,queue_aware,1,1,1,0.0,17.430807824964546,17.430807824964546,5.0,20,5,3,3,1.0,0.0009252780000679,0,1,3,3.0,"{""3"":1}",0,0.0,0,1,2,0,0,0,0,0,0,0.0,0.0,0,0,0,0,0.0,0.0,0.01,9.97546490380812,21.76087216574649,21.7608721657465,0.0402701008409806,0.026057209505882,0.0544829921760792,0.0884429874120673,0.1567277901760832,0.266497737459279,0.1638509864997283,0.304255176921099,0.0436287879824815,0.0868055120528417,4,1,1,1,1,0.0,9.97546490380812,0.3333333333333333,2,0.0009252780000679,9.27553762145658e-05,0.0,1.7438697732597197,0.003,1.7408697732597198,6.860348757259917,10.61315848944808,9.97546490380812,3,3,1.0,7.4553429211564275,0.5722893054630076,bos_scaling,pbqs,3,small,5,3,2,20,5,1.0,15.0,0.7,0.7,0.2,0.1,0.7,0.3,0.0011973029977525
controlled_bos,3,5.0,reference,4,HDS,NonSharable,HDS-NonSharable,3.756902307445116,15.027609229780465,1,5.0,downstream_reserved,1,idle_only,1,1,1,0.0,18.78451153722558,18.78451153722558,5.0,20,5,3,3,1.0,0.0078472759996657,0,1,3,3.0,"{""3"":1}",3,1.0,0,0,3,1,3,5,5,42,184,0.0076139289994898,0.0,0,0,0,3,1.1102230246251563e-16,1.1102230246251563e-16,0.02,4.265398412610116,16.14616547722457,21.52862255698702,0.0150057662986718,0.0085767127934057,0.021434819803938,0.0476323943553702,0.1009886030084558,0.1796177321350411,0.1165715676566868,0.1623868246728503,0.0521542876616181,0.1275836802740559,6,1,1,1,1,0.0,4.265398412610116,0.0,3,0.0078472759996657,0.0018397521733177,0.0076139289994898,1.2986932381779657,0.007,1.2916932381779658,0.249210741841534,8.573830983966639,4.265398412610116,3,3,1.0,14.519113124615464,0.2270699668797511,bos_scaling,hds_full,3,small,5,3,2,20,5,1.0,15.0,0.7,0.7,0.2,0.1,0.7,0.3,0.0082351740020385
controlled_bos,3,5.0,reference,4,HDS,Sharable,HDS-Sharable,3.756902307445116,15.027609229780465,1,5.0,downstream_reserved,1,idle_only,1,1,1,0.0,18.78451153722558,18.78451153722558,5.0,20,5,3,3,1.0,0.0598593610011448,0,1,3,3.0,"{""3"":1}",3,1.0,0,0,3,1,3,5,5,57,209,0.0595636109974293,0.0,0,0,0,3,7.771561172376096e-15,7.771561172376096e-15,0.015,5.416419492424822,16.14616547722457,29.96370235717037,0.018454406576638,0.0107671613158438,0.0261416518374322,0.0622458760955654,0.1026311599478775,0.1525550610442581,0.1022511777413701,0.1278786669232464,0.0431476160951786,0.1707282888976947,6,1,1,1,1,0.0,5.416419492424822,0.0,2,0.0598593610011448,0.0110514632562824,0.0595636109974293,1.3026932381779657,0.011,1.2916932381779658,1.40023182165624,7.469505131467848,5.416419492424822,3,3,1.0,13.368092044800758,0.2883449740862845,bos_scaling,hds_full,3,small,5,3,2,20,5,1.0,15.0,0.7,0.7,0.2,0.1,0.7,0.3,0.0603294809989165
controlled_bos,3,5.0,reference,4,PBQS,NonSharable,PBQS-NonSharable,3.756902307445116,15.027609229780465,1,5.0,downstream_reserved,1,queue_aware,1,1,1,0.0,18.78451153722558,18.78451153722558,5.0,20,5,3,3,1.0,0.000856645998283,0,1,3,3.0,"{""3"":1}",0,0.0,0,0,3,0,0,0,0,0,0,0.0,0.0,0,0,0,0,0.0,0.0,0.015,7.857281867995028,16.14616547722457,16.14616547722457,0.0322677752849085,0.0199482969414902,0.0445872536283269,0.0682592979709647,0.152329754309149,0.3900286141680353,0.1702392292044797,0.3667106447956628,0.0273990687848301,0.0692599853815323,6,1,1,1,1,0.0,7.857281867995028,0.0,3,0.000856645998283,0.0001090257435936,0.0,1.2946932381779657,0.003,1.2916932381779658,0.1322515464194296,12.286673634773656,7.857281867995028,3,3,1.0,10.927229669230552,0.4182851309401429,bos_scaling,pbqs,3,small,5,3,2,20,5,1.0,15.0,0.7,0.7,0.2,0.1,0.7,0.3,0.0011121970019303
controlled_bos,3,5.0,reference,4,PBQS,Sharable,PBQS-Sharable,3.756902307445116,15.027609229780465,1,5.0,downstream_reserved,1,queue_aware,1,1,1,0.0,18.78451153722558,18.78451153722558,5.0,20,5,3,3,1.0,0.0009252080017176,0,1,3,3.0,"{""3"":1}",0,0.0,0,1,2,0,0,0,0,0,0,0.0,0.0,0,0,0,0,0.0,0.0,0.01,10.5286045685557,16.14616547722457,16.14616547722457,0.0484016629273628,0.0299224454122353,0.0668808804424904,0.1023889469564471,0.1705208618144925,0.3181855069704472,0.1905690730628277,0.3394555642270052,0.0306710454782318,0.0516873080162195,4,1,1,1,1,0.0,10.5286045685557,0.3333333333333333,2,0.0009252080017176,8.787565300732071e-05,0.0,1.2946932381779657,0.003,1.2916932381779658,7.688977652611357,12.286673634773656,10.5286045685557,3,3,1.0,8.25590696866988,0.5604939232883958,bos_scaling,pbqs,3,small,5,3,2,20,5,1.0,15.0,0.7,0.7,0.2,0.1,0.7,0.3,0.0012159309990238
controlled_bos,3,5.0,reference,5,HDS,NonSharable,HDS-NonSharable,2.7454095922487074,10.98163836899483,1,5.0,downstream_reserved,1,idle_only,1,1,1,0.0,13.727047961243535,13.727047961243535,5.0,20,5,3,3,1.0,0.0078983120001794,0,1,3,3.0,"{""3"":1}",3,1.0,0,0,3,1,3,5,5,42,184,0.0076443239995569,0.0,0,0,0,3,0.0,0.0,0.02,4.574926264145652,17.25668823994277,25.28839575678657,0.0166162969737789,0.0086973623581521,0.0245352315894058,0.0453704214698578,0.1142979564102605,0.1595219381022821,0.1561775371776706,0.2920472595661321,0.0526343171420119,0.1277625565161982,6,1,1,1,1,0.0,4.574926264145652,0.0,3,0.0078983120001794,0.0017264348197433,0.0076443239995569,1.3875350591954214,0.007,1.3805350591954215,0.1653128519758535,8.166675864574406,4.574926264145652,3,3,1.0,9.152121697097886,0.3332782312018095,bos_scaling,hds_full,3,small,5,3,2,20,5,1.0,15.0,0.7,0.7,0.2,0.1,0.7,0.3,0.0082444380022934
controlled_bos,3,5.0,reference,5,HDS,Sharable,HDS-Sharable,2.7454095922487074,10.98163836899483,1,5.0,downstream_reserved,1,idle_only,1,1,1,0.0,13.727047961243535,13.727047961243535,5.0,20,5,3,3,1.0,0.0578762670011201,0,1,3,3.0,"{""3"":1}",3,1.0,0,0,3,1,3,5,5,57,209,0.0575908020000497,0.0,0,0,0,3,0.0,0.0,0.015,5.472590998844673,17.25668823994277,26.8919817047902,0.0174300758807979,0.0095692578543929,0.025290893907203,0.0502077849778069,0.0933162500290436,0.1281117251460925,0.0890272365435391,0.0987647213526188,0.0443914472207016,0.106805766318686,6,1,1,1,1,0.0,5.472590998844673,0.0,2,0.0578762670011201,0.0105756609644935,0.0575908020000497,1.3915350591954214,0.011,1.3805350591954215,2.555054519213426,6.024934197336833,5.472590998844673,3,3,1.0,8.254456962398864,0.3986720971832977,bos_scaling,hds_full,3,small,5,3,2,20,5,1.0,15.0,0.7,0.7,0.2,0.1,0.7,0.3,0.0583375749993138
controlled_bos,3,5.0,reference,5,PBQS,NonSharable,PBQS-NonSharable,2.7454095922487074,10.98163836899483,1,5.0,downstream_reserved,1,queue_aware,1,1,1,0.0,13.727047961243535,13.727047961243535,5.0,20,5,3,3,1.0,0.0008184889993572,0,1,3,3.0,"{""3"":1}",0,0.0,0,0,3,0,0,0,0,0,0,0.0,0.0,0,0,0,0,0.0,0.0,0.015,6.003848465575418,17.25668823994277,17.25668823994277,0.0309677681055285,0.0173592920086259,0.044576244202431,0.0602601766482686,0.1734816470618122,0.3455468943108134,0.222738354197413,0.3556499447351633,0.0383236149033148,0.0973549347109194,6,1,1,1,1,0.0,6.003848465575418,0.0,3,0.0008184889993572,0.0001363273913474,0.0,1.3835350591954214,0.003,1.3805350591954215,0.1621560538302147,10.846831796688363,6.003848465575418,3,3,1.0,7.723199495668119,0.4373736059294374,bos_scaling,pbqs,3,small,5,3,2,20,5,1.0,15.0,0.7,0.7,0.2,0.1,0.7,0.3,0.0010695819983084
controlled_bos,3,5.0,reference,5,PBQS,Sharable,PBQS-Sharable,2.7454095922487074,10.98163836899483,1,5.0,downstream_reserved,1,queue_aware,1,1,1,0.0,13.727047961243535,13.727047961243535,5.0,20,5,3,3,1.0,0.0008934209981816,0,1,3,3.0,"{""3"":1}",0,0.0,0,1,2,0,0,0,0,0,0,0.0,0.0,0,0,0,0,0.0,0.0,0.01,10.180081330227926,17.25668823994277,17.25668823994277,0.0464516521582927,0.0260389380129389,0.0668643663036466,0.090390264972403,0.1534699213195143,0.2754803428924164,0.1970446918879858,0.3409956109911875,0.0339028494570119,0.0574164642127924,4,1,1,1,1,0.0,10.180081330227926,0.3333333333333333,2,0.0008934209981816,8.776167588453626e-05,0.0,1.3835350591954214,0.003,1.3805350591954215,5.767311119912489,10.846831796688363,10.180081330227926,3,3,1.0,3.5469666310156107,0.7416074715386738,bos_scaling,pbqs,3,small,5,3,2,20,5,1.0,15.0,0.7,0.7,0.2,0.1,0.7,0.3,0.0011584649982978
controlled_bos,4,5.0,reference,1,HDS,NonSharable,HDS-NonSharable,3.7231827591686497,14.8927310366746,1,5.0,downstream_reserved,1,idle_only,1,1,1,0.0,18.615913795843248,18.615913795843248,5.0,20,5,4,4,1.0,0.011176323001564,0,1,4,4.0,"{""4"":1}",4,1.0,0,0,4,1,4,5,5,51,224,0.0108089659988763,0.0,0,0,0,4,4.440892098500626e-16,3.3306690738754696e-16,0.025,6.7381417229297895,26.09037385070368,34.48870604176086,0.0192358319007409,0.0126215803606123,0.0258500834408695,0.072886071652883,0.1353413896856705,0.3363744302239351,0.1302613928086749,0.2615027135898877,0.0399668160409365,0.1429722347111117,8,1,1,1,1,0.0,6.7381417229297895,0.0,4,0.011176323001564,0.001658665469076,0.0108089659988763,2.095229908056294,0.008,2.087229908056294,0.0413931560885465,17.492657196691937,6.7381417229297895,4,4,1.0,11.87777207291346,0.361956001560039,bos_scaling,hds_full,4,small,5,3,2,20,5,1.0,15.0,0.7,0.7,0.2,0.1,0.7,0.3,0.0116399139988061
controlled_bos,4,5.0,reference,1,HDS,Sharable,HDS-Sharable,3.7231827591686497,14.8927310366746,1,5.0,downstream_reserved,1,idle_only,1,1,1,0.0,18.615913795843248,18.615913795843248,5.0,20,5,4,4,1.0,0.145213938998495,0,1,4,4.0,"{""4"":1}",4,1.0,0,0,4,1,4,5,5,81,279,0.1447327919995586,0.0,0,0,0,4,2.6173507805538065e-13,2.3092638912203256e-13,0.015,7.933924760939204,26.09037385070368,38.98605591220648,0.0266070529320137,0.0199197576020191,0.0332943482620083,0.1193723075674094,0.2108931802243813,0.3916455251650824,0.1240931764828874,0.2050215249890611,0.0460132790631821,0.1141266314276751,6,1,1,1,1,0.0,7.933924760939204,0.0,2,0.145213938998495,0.0183029135483388,0.1447327919995586,2.099229908056294,0.012,2.087229908056294,5.0989148128985455,14.324676908089138,7.933924760939204,4,4,1.0,10.681989034904044,0.4261904544654032,bos_scaling,hds_full,4,small,5,3,2,20,5,1.0,15.0,0.7,0.7,0.2,0.1,0.7,0.3,0.1459048180004174
controlled_bos,4,5.0,reference,1,PBQS,NonSharable,PBQS-NonSharable,3.7231827591686497,14.8927310366746,1,5.0,downstream_reserved,1,queue_aware,1,1,1,0.0,18.615913795843248,18.615913795843248,5.0,20,5,4,4,1.0,0.0010790570013341,0,1,4,4.0,"{""4"":1}",0,0.0,0,0,4,0,0,0,0,0,0,0.0,0.0,0,0,0,0,0.0,0.0,0.025,7.9828587785649585,26.09037385070368,31.512452483445863,0.0193735204390822,0.0121448427790292,0.0266021980991351,0.084072410183078,0.1075199387288312,0.2839256769648225,0.1161334900110077,0.2207282370860299,0.0333622107727747,0.1206794716842821,8,1,1,1,1,0.0,7.9828587785649585,0.0,4,0.0010790570013341,0.0001351717512818,0.0,2.095229908056294,0.008,2.087229908056294,0.1814495073170595,20.177378443938725,7.9828587785649585,4,4,1.0,10.63305501727829,0.4288190666389663,bos_scaling,pbqs,4,small,5,3,2,20,5,1.0,15.0,0.7,0.7,0.2,0.1,0.7,0.3,0.0013873759999114
controlled_bos,4,5.0,reference,1,PBQS,Sharable,PBQS-Sharable,3.7231827591686497,14.8927310366746,1,5.0,downstream_reserved,1,queue_aware,1,1,1,0.0,18.615913795843248,18.615913795843248,5.0,20,5,4,4,1.0,0.0011795669997809,0,1,4,4.0,"{""4"":1}",0,0.0,0,2,2,0,0,0,0,0,0,0.0,0.0,0,0,0,0,0.0,0.0,0.01,14.40455745736614,26.09037385070368,26.09037385070368,0.053318921975663,0.033865221725905,0.0727726222254211,0.1762304441527677,0.1410604462905754,0.2157154871862651,0.1515616618715494,0.1901989691802719,0.036225165442152,0.0628601128251654,4,1,1,1,1,0.0,14.40455745736614,0.5,2,0.0011795669997809,8.188845809891533e-05,0.0,2.091229908056294,0.004,2.087229908056294,13.45954450900788,21.147653298332127,14.40455745736614,4,4,1.0,4.211356338477108,0.7737765449140905,bos_scaling,pbqs,4,small,5,3,2,20,5,1.0,15.0,0.7,0.7,0.2,0.1,0.7,0.3,0.0014974200021242
controlled_bos,4,5.0,reference,2,HDS,NonSharable,HDS-NonSharable,3.913894632621464,15.655578530485856,1,5.0,downstream_reserved,1,idle_only,1,1,1,0.0,19.56947316310732,19.56947316310732,5.0,20,5,4,4,1.0,0.0080624959991837,0,1,4,4.0,"{""4"":1}",4,1.0,0,0,4,1,4,5,5,51,224,0.0077548979970742,0.0,0,0,0,4,7.2164496600635185e-16,3.8857805861880484e-16,0.025,6.126661255942999,27.55523617877608,35.90207130491242,0.0227861329714343,0.015465462604831,0.0301068033380375,0.0735954148533907,0.1518773192415942,0.1831862063771322,0.1672759233451388,0.3094360614354142,0.0463383211595889,0.1449761782839541,8,1,1,1,1,0.0,6.126661255942999,0.0,4,0.0080624959991837,0.0013159689531329,0.0077548979970742,2.212418894302086,0.008,2.204418894302086,0.0,17.662899564813774,6.126661255942999,4,4,1.0,13.44281190716432,0.3130723655603094,bos_scaling,hds_full,4,small,5,3,2,20,5,1.0,15.0,0.7,0.7,0.2,0.1,0.7,0.3,0.0084629329976451
controlled_bos,4,5.0,reference,2,HDS,Sharable,HDS-Sharable,3.913894632621464,15.655578530485856,1,5.0,downstream_reserved,1,idle_only,1,1,1,0.0,19.56947316310732,19.56947316310732,5.0,20,5,4,4,1.0,0.1138892700000724,0,1,4,4.0,"{""4"":1}",4,1.0,0,0,4,1,4,5,5,81,279,0.1134841880011663,0.0,0,0,0,4,8.881784197001252e-16,8.881784197001252e-16,0.015,8.560722277103608,27.55523617877608,41.37142687818058,0.0311519720484879,0.0226582159157352,0.0396457281812406,0.123490359664775,0.168225506076391,0.1964844122378776,0.1425427614490536,0.2411804444456382,0.0450691803986534,0.1113636899406304,6,1,1,1,1,0.0,8.560722277103608,0.0,2,0.1138892700000724,0.0133036987199875,0.1134841880011663,2.216418894302086,0.012,2.204418894302086,6.728361202628814,14.818843159773005,8.560722277103608,4,4,1.0,11.00875088600371,0.4374528739609821,bos_scaling,hds_full,4,small,5,3,2,20,5,1.0,15.0,0.7,0.7,0.2,0.1,0.7,0.3,0.1144712969980901
controlled_bos,4,5.0,reference,2,PBQS,NonSharable,PBQS-NonSharable,3.913894632621464,15.655578530485856,1,5.0,downstream_reserved,1,queue_aware,1,1,1,0.0,19.56947316310732,19.56947316310732,5.0,20,5,4,4,1.0,0.0010386859976279,0,1,4,4.0,"{""4"":1}",0,0.0,0,0,4,0,0,0,0,0,0,0.0,0.0,0,0,0,0,0.0,0.0,0.025,8.360986713315654,27.55523617877608,32.51457695637925,0.0261383372377533,0.0203498290062836,0.031926845469223,0.0810501243995236,0.1770116564424565,0.4390081042334693,0.1368598256049641,0.2267447603724444,0.0335500715625612,0.1062338650906373,8,1,1,1,1,0.0,8.360986713315654,0.0,4,0.0010386859976279,0.0001242300739425,0.0,2.212418894302086,0.008,2.204418894302086,0.1571594372255051,19.452029855885662,8.360986713315654,4,4,1.0,11.208486449791664,0.4272463874540025,bos_scaling,pbqs,4,small,5,3,2,20,5,1.0,15.0,0.7,0.7,0.2,0.1,0.7,0.3,0.001336170000286
controlled_bos,4,5.0,reference,2,PBQS,Sharable,PBQS-Sharable,3.913894632621464,15.655578530485856,1,5.0,downstream_reserved,1,queue_aware,1,1,1,0.0,19.56947316310732,19.56947316310732,5.0,20,5,4,4,1.0,0.0011659970004984,0,1,4,4.0,"{""4"":1}",0,0.0,0,2,2,0,0,0,0,0,0,0.0,0.0,0,0,0,0,0.0,0.0,0.01,13.961306281337514,27.55523617877608,27.55523617877608,0.0692417240951161,0.0539575770393024,0.0845258711509297,0.1792418293035512,0.2318876584410835,0.3432960113606735,0.1816288593222497,0.2153719290226902,0.0394737220479289,0.0682854170035356,4,1,1,1,1,0.0,13.961306281337514,0.5,2,0.0011659970004984,8.351632555021636e-05,0.0,2.208418894302086,0.004,2.204418894302086,12.120653409591116,21.50901951642615,13.961306281337514,4,4,1.0,5.6081668817698045,0.7134226948765074,bos_scaling,pbqs,4,small,5,3,2,20,5,1.0,15.0,0.7,0.7,0.2,0.1,0.7,0.3,0.0014705700014019
controlled_bos,4,5.0,reference,3,HDS,NonSharable,HDS-NonSharable,3.4861615649929094,13.944646259971638,1,5.0,downstream_reserved,1,idle_only,1,1,1,0.0,17.430807824964546,17.430807824964546,5.0,20,5,4,4,1.0,0.0109794700001657,0,1,4,4.0,"{""4"":1}",4,1.0,0,0,4,1,4,5,5,51,224,0.0106504299983498,9.127101135386872e-16,0,0,0,4,0.0,0.0,0.025,5.265724547209287,29.29157309732372,36.484883788892304,0.0191573544548091,0.0133388778483142,0.0249758310613039,0.0493658828444617,0.1679438935119716,0.342470375282652,0.1357981555615449,0.3150230057775905,0.0569929245204929,0.1644456201946864,8,1,1,1,1,0.0,5.265724547209287,0.0,4,0.0109794700001657,0.0020850824804317,0.0106504299983498,2.3513258477858976,0.008,2.3433258477858976,0.0619780313602945,11.847811882670827,5.265724547209287,4,4,1.0,12.165083277755258,0.3020929724018684,bos_scaling,hds_full,4,small,5,3,2,20,5,1.0,15.0,0.7,0.7,0.2,0.1,0.7,0.3,0.0113773929988383
controlled_bos,4,5.0,reference,3,HDS,Sharable,HDS-Sharable,3.4861615649929094,13.944646259971638,1,5.0,downstream_reserved,1,idle_only,1,1,1,0.0,17.430807824964546,17.430807824964546,5.0,20,5,4,4,1.0,0.1246170160011388,0,1,4,4.0,"{""4"":1}",4,1.0,0,0,4,1,4,5,5,81,279,0.1242474760001641,0.0,0,0,0,4,0.0,0.0,0.02,6.408301140408314,29.29157309732372,44.015584720469526,0.0186123145156621,0.0129166084316056,0.0243080205997186,0.0528704313684959,0.1136478600825645,0.1428017924592813,0.073281585155737,0.1048996189151895,0.0480064428708762,0.1467051697418235,8,1,1,1,1,0.0,6.408301140408314,0.0,3,0.1246170160011388,0.0194461860126003,0.1242474760001641,2.3553258477858976,0.012,2.3433258477858976,2.400221205622467,9.516677646329274,6.408301140408314,4,4,1.0,11.022506684556232,0.3676422346433246,bos_scaling,hds_full,4,small,5,3,2,20,5,1.0,15.0,0.7,0.7,0.2,0.1,0.7,0.3,0.1250722339973435
controlled_bos,4,5.0,reference,3,PBQS,NonSharable,PBQS-NonSharable,3.4861615649929094,13.944646259971638,1,5.0,downstream_reserved,1,queue_aware,1,1,1,0.0,17.430807824964546,17.430807824964546,5.0,20,5,4,3,0.75,0.000997875999019,0,2,4,2.5,"{""1"":1,""4"":1}",0,0.0,0,1,3,0,0,0,0,0,0,0.0,0.0,0,0,0,0,0.0,0.0,0.015,8.463408121587959,29.29157309732372,29.29157309732372,0.0410717433682517,0.0273901100140204,0.0547533767224829,0.084863483122951,0.1941778745904174,0.2747757376680801,0.1940827238951929,0.3068209810677226,0.0461462217529264,0.1267908933504468,6,1,1,1,1,0.0,8.463408121587959,0.25,3,0.0012716429991996,0.0001502518820941,0.0,2.3473258477858976,0.004,2.3433258477858976,3.5565352597308184,15.27542696213119,8.463408121587959,4,4,1.0,8.967399703376588,0.4855430801931392,bos_scaling,pbqs,4,small,5,3,2,20,5,1.0,15.0,0.7,0.7,0.2,0.1,0.7,0.3,0.0015618659999745
controlled_bos,4,5.0,reference,3,PBQS,Sharable,PBQS-Sharable,3.4861615649929094,13.944646259971638,1,5.0,downstream_reserved,1,queue_aware,1,1,1,0.0,17.430807824964546,17.430807824964546,5.0,20,5,4,4,1.0,0.0011447350007074,0,1,4,4.0,"{""4"":1}",0,0.0,0,1,3,0,0,0,0,0,0,0.0,0.0,0,0,0,0,0.0,0.0,0.015,12.051867736849095,29.29157309732372,29.29157309732372,0.0410717433682517,0.0273901100140204,0.0547533767224829,0.084863483122951,0.1363611546960842,0.3037261640936052,0.1362943352466577,0.3336978926360096,0.0324061229754604,0.0780070713592245,6,1,1,1,1,0.0,12.051867736849095,0.25,3,0.0011447350007074,9.498403282400504e-05,0.0,2.3473258477858976,0.004,2.3433258477858976,6.78614318963981,15.275426962131188,12.051867736849095,4,4,1.0,5.378940088115449,0.6914118873818523,bos_scaling,pbqs,4,small,5,3,2,20,5,1.0,15.0,0.7,0.7,0.2,0.1,0.7,0.3,0.0014547959981427
controlled_bos,4,5.0,reference,4,HDS,NonSharable,HDS-NonSharable,3.756902307445116,15.027609229780465,1,5.0,downstream_reserved,1,idle_only,1,1,1,0.0,18.78451153722558,18.78451153722558,5.0,20,5,4,4,1.0,0.0084440640021057,0,1,4,4.0,"{""4"":1}",4,1.0,0,0,4,1,4,5,5,51,224,0.0081475430015416,0.0,0,0,0,4,3.8857805861880484e-16,2.7755575615628914e-16,0.025,7.231902457187531,23.99326031955916,29.37571739932161,0.0187194501537076,0.0100997254827726,0.0273391748246425,0.0632373577240308,0.0782566022117902,0.1343362386544477,0.1044113358835785,0.2113825312597383,0.0339212346581837,0.1278689857016459,8,1,1,1,1,0.0,7.231902457187531,0.0,4,0.0084440640021057,0.0011676130938012,0.0081475430015416,1.9274608255647323,0.008,1.9194608255647323,0.249210741841534,15.176965853767404,7.231902457187531,4,4,1.0,11.55260908003805,0.3849928406632213,bos_scaling,hds_full,4,small,5,3,2,20,5,1.0,15.0,0.7,0.7,0.2,0.1,0.7,0.3,0.0088828890002332
controlled_bos,4,5.0,reference,4,HDS,Sharable,HDS-Sharable,3.756902307445116,15.027609229780465,1,5.0,downstream_reserved,1,idle_only,1,1,1,0.0,18.78451153722558,18.78451153722558,5.0,20,5,4,4,1.0,0.1832020389992976,0,1,4,4.0,"{""4"":1}",4,1.0,0,0,4,1,4,5,5,81,279,0.1827819530008128,0.0,0,0,0,4,3.6637359812630166e-15,3.552713678800501e-15,0.015,8.893134161591519,23.99326031955916,39.551440838934965,0.0232828670596872,0.013341233586149,0.0332245005332254,0.0879102508732166,0.0742726373129678,0.1214857405226164,0.0605352291492012,0.0717223416240009,0.0383053231961654,0.1110576178414245,6,1,1,1,1,0.0,8.893134161591519,0.0,2,0.1832020389992976,0.0206003907812981,0.1827819530008128,1.9354608255647323,0.016,1.9194608255647323,6.458753767931876,10.549230104786,8.893134161591519,4,4,1.0,9.89137737563406,0.4734290877869167,bos_scaling,hds_full,4,small,5,3,2,20,5,1.0,15.0,0.7,0.7,0.2,0.1,0.7,0.3,0.1836702159998822
controlled_bos,4,5.0,reference,4,PBQS,NonSharable,PBQS-NonSharable,3.756902307445116,15.027609229780465,1,5.0,downstream_reserved,1,queue_aware,1,1,1,0.0,18.78451153722558,18.78451153722558,5.0,20,5,4,4,1.0,0.0010773739995784,0,1,4,4.0,"{""4"":1}",0,0.0,0,0,4,0,0,0,0,0,0,0.0,0.0,0,0,0,0,0.0,0.0,0.025,7.857281867995028,23.99326031955916,32.42834011974251,0.0251435331927605,0.0148062599677239,0.0354808064177972,0.0741061777169817,0.139415800754916,0.3900286141680353,0.164100918294341,0.3667106447956628,0.0316098731302294,0.117691594552631,8,1,1,1,1,0.0,7.857281867995028,0.0,4,0.0010773739995784,0.0001371179012893,0.0,1.9274608255647323,0.008,1.9194608255647323,0.1322515464194296,17.78548265207563,7.857281867995028,4,4,1.0,10.927229669230552,0.4182851309401429,bos_scaling,pbqs,4,small,5,3,2,20,5,1.0,15.0,0.7,0.7,0.2,0.1,0.7,0.3,0.0015151870029512
controlled_bos,4,5.0,reference,4,PBQS,Sharable,PBQS-Sharable,3.756902307445116,15.027609229780465,1,5.0,downstream_reserved,1,queue_aware,1,1,1,0.0,18.78451153722558,18.78451153722558,5.0,20,5,4,4,1.0,0.0012215290007588,0,1,4,4.0,"{""4"":1}",0,0.0,0,2,2,0,0,0,0,0,0,0.0,0.0,0,0,0,0,0.0,0.0,0.01,17.131739438356465,23.99326031955916,23.99326031955916,0.0651887557142881,0.0380183335323556,0.0923591778962207,0.1574150708714534,0.1331505198377085,0.2522543593603874,0.1617334507600028,0.2978501552586915,0.0280103026384353,0.0576503220052066,4,1,1,1,1,0.0,17.131739438356465,0.5,2,0.0012215290007588,7.130210012557133e-05,0.0,1.9234608255647323,0.004,1.9194608255647323,21.608477591631967,18.889808504574415,17.131739438356465,4,4,1.0,1.6527720988691144,0.9120141029169808,bos_scaling,pbqs,4,small,5,3,2,20,5,1.0,15.0,0.7,0.7,0.2,0.1,0.7,0.3,0.0015247510018525
controlled_bos,4,5.0,reference,5,HDS,NonSharable,HDS-NonSharable,2.7454095922487074,10.98163836899483,1,5.0,downstream_reserved,1,idle_only,1,1,1,0.0,13.727047961243535,13.727047961243535,5.0,20,5,4,4,1.0,0.0082032059981429,0,1,4,4.0,"{""4"":1}",4,1.0,0,0,4,1,4,5,5,51,224,0.0079345049998664,0.0,0,0,0,4,0.0,0.0,0.025,4.574926264145652,24.200375274919114,32.23208279176292,0.0194020810405109,0.0115245170577634,0.0272796450232584,0.0463460517777174,0.1605874144115713,0.2994557884155036,0.1798510469264258,0.2920472595661321,0.0546534404774123,0.1277625565161982,8,1,1,1,1,0.0,4.574926264145652,0.0,4,0.0082032059981429,0.0017930793906849,0.0079345049998664,1.9440300219935287,0.008,1.9360300219935287,0.1653128519758535,11.12305242665218,4.574926264145652,4,4,1.0,9.152121697097886,0.3332782312018095,bos_scaling,hds_full,4,small,5,3,2,20,5,1.0,15.0,0.7,0.7,0.2,0.1,0.7,0.3,0.0086127460017451
controlled_bos,4,5.0,reference,5,HDS,Sharable,HDS-Sharable,2.7454095922487074,10.98163836899483,1,5.0,downstream_reserved,1,idle_only,1,1,1,0.0,13.727047961243535,13.727047961243535,5.0,20,5,4,4,1.0,0.0594924340002762,0,1,4,4.0,"{""4"":1}",4,1.0,0,0,4,1,4,5,5,81,279,0.0591586169975926,0.0,0,0,0,4,1.3322676295501878e-15,8.881784197001252e-16,0.02,5.472590998844673,24.200375274919114,33.83566873976655,0.0207088612374581,0.0128852273548469,0.0285324951200694,0.0498961708856366,0.145656264816619,0.2503362943917699,0.1292585949341878,0.2097213117154853,0.0459817015865359,0.106805766318686,8,1,1,1,1,0.0,5.472590998844673,0.0,3,0.0594924340002762,0.0108709812249509,0.0591586169975926,1.9480300219935287,0.012,1.9360300219935287,2.555054519213426,8.981310759414605,5.472590998844673,4,4,1.0,8.254456962398864,0.3986720971832977,bos_scaling,hds_full,4,small,5,3,2,20,5,1.0,15.0,0.7,0.7,0.2,0.1,0.7,0.3,0.0599807319995306
controlled_bos,4,5.0,reference,5,PBQS,NonSharable,PBQS-NonSharable,2.7454095922487074,10.98163836899483,1,5.0,downstream_reserved,1,queue_aware,1,1,1,0.0,13.727047961243535,13.727047961243535,5.0,20,5,4,3,0.75,0.0009878710006887,0,2,4,2.5,"{""1"":1,""4"":1}",0,0.0,0,1,3,0,0,0,0,0,0,0.0,0.0,0,0,0,0,0.0,0.0,0.015,7.083898970694856,24.200375274919114,24.200375274919114,0.0411495072080081,0.0249703372940289,0.0573286771219873,0.076684490882034,0.2114965563229616,0.3380725031692842,0.2427844215134141,0.3777252204085954,0.0455500101945418,0.1522957176122581,6,1,1,1,1,0.0,7.083898970694856,0.25,3,0.0012639419983315,0.0001784246223104,0.0,1.9400300219935287,0.004,1.9360300219935287,1.949027967252894,13.803208358766136,7.083898970694856,4,4,1.0,6.643148990548681,0.5160540700881417,bos_scaling,pbqs,4,small,5,3,2,20,5,1.0,15.0,0.7,0.7,0.2,0.1,0.7,0.3,0.0015519010012212
controlled_bos,4,5.0,reference,5,PBQS,Sharable,PBQS-Sharable,2.7454095922487074,10.98163836899483,1,5.0,downstream_reserved,1,queue_aware,1,1,1,0.0,13.727047961243535,13.727047961243535,5.0,20,5,4,4,1.0,0.0011181150002812,0,1,4,4.0,"{""4"":1}",0,0.0,0,1,3,0,0,0,0,0,0,0.0,0.0,0,0,0,0,0.0,0.0,0.015,10.180081330227926,24.200375274919114,24.200375274919114,0.0411495072080081,0.0249703372940289,0.0573286771219873,0.076684490882034,0.1471717355727835,0.2754803428924164,0.1689436712605432,0.3409956109911875,0.0316963745048027,0.0574164642127924,6,1,1,1,1,0.0,10.180081330227926,0.25,3,0.0011181150002812,0.0001098336019144,0.0,1.9400300219935287,0.004,1.9360300219935287,5.767311119912489,13.803208358766136,10.180081330227926,4,4,1.0,3.5469666310156107,0.7416074715386738,bos_scaling,pbqs,4,small,5,3,2,20,5,1.0,15.0,0.7,0.7,0.2,0.1,0.7,0.3,0.0014586719989893
controlled_bos,5,5.0,reference,1,HDS,NonSharable,HDS-NonSharable,3.7231827591686497,14.8927310366746,1,5.0,downstream_reserved,1,idle_only,1,1,1,0.0,18.615913795843248,18.615913795843248,5.0,20,5,5,5,1.0,0.0146674320021702,0,1,5,5.0,"{""5"":1}",5,1.0,0,0,5,1,5,5,5,60,264,0.0142889189992274,0.0,0,0,0,5,3.3306690738754696e-16,3.3306690738754696e-16,0.035,7.9828587785649585,31.1976302648832,40.802236549508336,0.013671661754337,0.0099378106514831,0.017405512857191,0.0641259029989549,0.0981587150474382,0.2839256769648225,0.0718295474303088,0.1224736227847202,0.0322271424665003,0.1115850311067872,10,1,1,1,1,0.0,7.9828587785649585,0.0,5,0.0146674320021702,0.0018373658371051,0.0142889189992274,2.510810421190656,0.015,2.495810421190656,0.4606761036442262,19.23777089968648,7.9828587785649585,5,5,1.0,10.63305501727829,0.4288190666389663,bos_scaling,hds_full,5,small,5,3,2,20,5,1.0,15.0,0.7,0.7,0.2,0.1,0.7,0.3,0.015356829000666
controlled_bos,5,5.0,reference,1,HDS,Sharable,HDS-Sharable,3.7231827591686497,14.8927310366746,1,5.0,downstream_reserved,1,idle_only,1,1,1,0.0,18.615913795843248,18.615913795843248,5.0,20,5,5,5,1.0,0.5681259569973918,0,1,5,5.0,"{""5"":1}",5,1.0,0,0,5,1,5,5,5,110,359,0.5675466539978515,0.0,0,0,0,5,2.273736754432321e-13,2.273736754432321e-13,0.02,7.933924760939204,31.1976302648832,44.7032188701199,0.0254002371351005,0.0170726904771594,0.0337277837930415,0.1041708615924949,0.1597899222426505,0.3916455251650824,0.1492886305710448,0.2220896212394625,0.0410240708175733,0.1173619125031958,8,1,1,1,1,0.0,7.933924760939204,0.0,3,0.5681259569973918,0.0716071772944489,0.5675466539978515,2.508810421190656,0.013,2.495810421190656,3.113315361808576,18.75075508664908,7.933924760939204,5,5,1.0,10.681989034904044,0.4261904544654032,bos_scaling,hds_full,5,small,5,3,2,20,5,1.0,15.0,0.7,0.7,0.2,0.1,0.7,0.3,0.5688338709987875
controlled_bos,5,5.0,reference,1,PBQS,NonSharable,PBQS-NonSharable,3.7231827591686497,14.8927310366746,1,5.0,downstream_reserved,1,queue_aware,1,1,1,0.0,18.615913795843248,18.615913795843248,5.0,20,5,5,4,0.8,0.0013028399989707,0,2,5,3.0,"{""1"":1,""5"":1}",0,0.0,0,1,4,0,0,0,0,0,0,0.0,0.0,0,0,0,0,0.0,0.0,0.025,9.933788085071049,31.1976302648832,36.30488667906272,0.0224119265976046,0.0145826607114772,0.0302411924837321,0.0933572966178719,0.1061858873508905,0.2281645796556592,0.1109549720742903,0.1773786928017378,0.0319197023680764,0.1297173063625462,8,1,1,1,1,0.0,9.933788085071049,0.2,4,0.0015822559980733,0.0001592802246759,0.0,2.504810421190656,0.009,2.495810421190656,6.014050299351943,22.40575118828928,9.933788085071049,5,5,1.0,8.6821257107722,0.5336180750519572,bos_scaling,pbqs,5,small,5,3,2,20,5,1.0,15.0,0.7,0.7,0.2,0.1,0.7,0.3,0.0019596780002757
controlled_bos,5,5.0,reference,1,PBQS,Sharable,PBQS-Sharable,3.7231827591686497,14.8927310366746,1,5.0,downstream_reserved,1,queue_aware,1,1,1,0.0,18.615913795843248,18.615913795843248,5.0,20,5,5,5,1.0,0.0016841579999891,0,1,5,5.0,"{""5"":1}",0,0.0,0,2,3,0,0,0,0,0,0,0.0,0.0,0,0,0,0,0.0,0.0,0.015,14.40455745736614,31.1976302648832,31.1976302648832,0.0391604740082401,0.0260320545543207,0.0522888934621596,0.1314658282124801,0.1084325761400268,0.2005255492254404,0.1089007287108713,0.1901989691802719,0.0288775552295124,0.0606228628143581,6,1,1,1,1,0.0,14.40455745736614,0.4,3,0.0016841579999891,0.0001169184131462,0.0,2.500810421190656,0.005,2.495810421190656,13.491771105335046,23.66384907824642,14.40455745736614,5,5,1.0,4.211356338477108,0.7737765449140905,bos_scaling,pbqs,5,small,5,3,2,20,5,1.0,15.0,0.7,0.7,0.2,0.1,0.7,0.3,0.0021307729984982
controlled_bos,5,5.0,reference,2,HDS,NonSharable,HDS-NonSharable,3.913894632621464,15.655578530485856,1,5.0,downstream_reserved,1,idle_only,1,1,1,0.0,19.56947316310732,19.56947316310732,5.0,20,5,5,5,1.0,0.0128763749999052,0,1,5,5.0,"{""5"":1}",5,1.0,0,0,5,1,5,5,5,60,264,0.0124696900020353,0.0,0,0,0,5,1.1102230246251563e-15,7.771561172376097e-16,0.035,8.360986713315654,30.353430378949,40.78212672982033,0.0203819010977015,0.017144199848162,0.0236196023472411,0.0675602596804995,0.1611054756438701,0.4390081042334693,0.0965745747853214,0.1793601589911116,0.0300407605853836,0.114585030833248,10,1,1,1,1,0.0,8.360986713315654,0.0,5,0.0128763749999052,0.001540054474599,0.0124696900020353,2.44327443031592,0.015,2.42827443031592,0.2854560796583487,20.26807790414987,8.360986713315654,5,5,1.0,11.208486449791664,0.4272463874540025,bos_scaling,hds_full,5,small,5,3,2,20,5,1.0,15.0,0.7,0.7,0.2,0.1,0.7,0.3,0.0134091889995033
controlled_bos,5,5.0,reference,2,HDS,Sharable,HDS-Sharable,3.913894632621464,15.655578530485856,1,5.0,downstream_reserved,1,idle_only,1,1,1,0.0,19.56947316310732,19.56947316310732,5.0,20,5,5,5,1.0,0.5199967640000978,0,1,5,5.0,"{""5"":1}",5,1.0,0,0,5,1,5,5,5,110,359,0.5195730939994974,0.0,0,0,0,5,1.609823385706477e-14,1.5987211554602254e-14,0.02,8.016006846553118,30.353430378949,44.16962107835349,0.0314780715880789,0.0238968917324679,0.03905925144369,0.1026608200726554,0.1886657913639074,0.3242141130859306,0.1480176972493191,0.3266741899403472,0.0395895987321112,0.1189312384064586,8,1,1,1,1,0.0,8.016006846553118,0.0,3,0.5199967640000978,0.0648698003824305,0.5195730939994974,2.44127443031592,0.013,2.4282744303159203,6.22091666409389,18.478947613077985,8.016006846553118,5,5,1.0,11.5534663165542,0.4096179176486478,bos_scaling,hds_full,5,small,5,3,2,20,5,1.0,15.0,0.7,0.7,0.2,0.1,0.7,0.3,0.5205301780006266
controlled_bos,5,5.0,reference,2,PBQS,NonSharable,PBQS-NonSharable,3.913894632621464,15.655578530485856,1,5.0,downstream_reserved,1,queue_aware,1,1,1,0.0,19.56947316310732,19.56947316310732,5.0,20,5,5,4,0.8,0.0012287999998079,0,2,5,3.0,"{""1"":1,""5"":1}",0,0.0,0,1,4,0,0,0,0,0,0,0.0,0.0,0,0,0,0,0.0,0.0,0.025,11.912850156311618,30.353430378949,35.312771156552174,0.0326296112791237,0.0258724128428168,0.0393868097154307,0.0963005596216276,0.1590035860858866,0.4471907232604101,0.1195374594675075,0.1871977020083595,0.025895872148081,0.0923749588110437,8,1,1,1,1,0.0,11.912850156311618,0.2,4,0.0014947559975553,0.0001254742549383,0.0,2.43727443031592,0.009,2.4282744303159203,5.628059943677821,23.112134309190644,11.912850156311618,5,5,1.0,7.6566230067957,0.6087465951188668,bos_scaling,pbqs,5,small,5,3,2,20,5,1.0,15.0,0.7,0.7,0.2,0.1,0.7,0.3,0.0018379069988441
controlled_bos,5,5.0,reference,2,PBQS,Sharable,PBQS-Sharable,3.913894632621464,15.655578530485856,1,5.0,downstream_reserved,1,queue_aware,1,1,1,0.0,19.56947316310732,19.56947316310732,5.0,20,5,5,5,1.0,0.0014228479994926,0,1,5,5.0,"{""5"":1}",0,0.0,0,2,3,0,0,0,0,0,0,0.0,0.0,0,0,0,0,0.0,0.0,0.015,13.961306281337514,30.353430378949,30.353430378949003,0.0569799394656947,0.0451760244204235,0.0687838545109659,0.1398284664985062,0.1941481270165028,0.3432960113606735,0.1478024759106775,0.2153719290226902,0.0289881474481828,0.0682854170035356,6,1,1,1,1,0.0,13.961306281337514,0.4,3,0.0014228479994926,0.0001019136727481,0.0,2.43327443031592,0.005,2.4282744303159203,12.157924301606684,25.16912396973113,13.961306281337514,5,5,1.0,5.6081668817698045,0.7134226948765074,bos_scaling,pbqs,5,small,5,3,2,20,5,1.0,15.0,0.7,0.7,0.2,0.1,0.7,0.3,0.0017697950024739
controlled_bos,5,5.0,reference,3,HDS,NonSharable,HDS-NonSharable,3.4861615649929094,13.944646259971638,1,5.0,downstream_reserved,1,idle_only,1,1,1,0.0,17.430807824964546,17.430807824964546,5.0,20,5,5,4,0.8,0.013854511998943,0,2,5,3.0,"{""1"":1,""5"":1}",4,0.8,0,1,4,1,5,5,5,60,264,0.0135411449991806,0.0,0,0,0,4,0.0,0.0,0.025,5.265724547209287,37.09308488626976,44.28639557783834,0.0239300848820181,0.0141271601250338,0.0337330096390025,0.06231952291367,0.1791714406850011,0.342470375282652,0.1981626400155857,0.3150230057775905,0.0718085718620931,0.2855231855268403,8,1,1,1,1,0.0,5.265724547209287,0.2,4,0.0139134799974272,0.0026422726583374,0.0135411449991806,2.9764467909015804,0.009,2.9674467909015805,0.0619780313602945,14.956685499280816,5.265724547209287,5,5,1.0,12.165083277755258,0.3020929724018684,bos_scaling,hds_full,5,small,5,3,2,20,5,1.0,15.0,0.7,0.7,0.2,0.1,0.7,0.3,0.0143598739996377
controlled_bos,5,5.0,reference,3,HDS,Sharable,HDS-Sharable,3.4861615649929094,13.944646259971638,1,5.0,downstream_reserved,1,idle_only,1,1,1,0.0,17.430807824964546,17.430807824964546,5.0,20,5,5,5,1.0,0.2234605310004553,0,1,5,5.0,"{""5"":1}",5,1.0,0,0,5,1,5,5,5,110,359,0.2230110310010786,0.0,0,0,0,5,4.440892098500626e-15,4.440892098500626e-15,0.02,7.85727136923242,37.09308488626976,52.08790736678438,0.026929649585517,0.0171662737333425,0.0366930254376915,0.0744569371720879,0.1525765596488018,0.33149938067912,0.1283100150602707,0.296674584908608,0.0491170093544718,0.1189996201330729,8,1,1,1,1,0.0,7.85727136923242,0.0,3,0.2234605310004553,0.0284399660517624,0.2230110310010786,2.9804467909015804,0.013,2.9674467909015805,4.22292026421157,13.402248690975822,7.85727136923242,5,5,1.0,9.573536455732128,0.4507692040514136,bos_scaling,hds_full,5,small,5,3,2,20,5,1.0,15.0,0.7,0.7,0.2,0.1,0.7,0.3,0.2239532639978279
controlled_bos,5,5.0,reference,3,PBQS,NonSharable,PBQS-NonSharable,3.4861615649929094,13.944646259971638,1,5.0,downstream_reserved,1,queue_aware,1,1,1,0.0,17.430807824964546,17.430807824964546,5.0,20,5,5,4,0.8,0.0012127760019211,0,2,5,3.0,"{""1"":1,""5"":1}",0,0.0,0,1,4,0,0,0,0,0,0,0.0,0.0,0,0,0,0,0.0,0.0,0.025,8.463408121587959,37.09308488626976,42.69763184758178,0.0276276242598636,0.0158868050669477,0.0393684434527796,0.0710476015996648,0.1348661783694076,0.2747757376680801,0.1669889011134937,0.3068209810677226,0.0444898072283156,0.177645509377135,8,1,1,1,1,0.0,8.463408121587959,0.2,4,0.0014703090018883,0.0001737254047973,0.0,2.9764467909015804,0.009,2.9674467909015805,4.887411454552439,17.051424383919557,8.463408121587959,5,5,1.0,8.967399703376588,0.4855430801931392,bos_scaling,pbqs,5,small,5,3,2,20,5,1.0,15.0,0.7,0.7,0.2,0.1,0.7,0.3,0.0018213319999631
controlled_bos,5,5.0,reference,3,PBQS,Sharable,PBQS-Sharable,3.4861615649929094,13.944646259971638,1,5.0,downstream_reserved,1,queue_aware,1,1,1,0.0,17.430807824964546,17.430807824964546,5.0,20,5,5,5,1.0,0.0013875360018573,0,1,5,5.0,"{""5"":1}",0,0.0,0,2,3,0,0,0,0,0,0,0.0,0.0,0,0,0,0,0.0,0.0,0.015,12.051867736849095,37.09308488626976,37.09308488626976,0.0490262940802668,0.0287039138085531,0.0693486743519805,0.1021350032152287,0.1429019025198379,0.3037261640936052,0.172625544520234,0.3336978926360096,0.041037163363325,0.0780070713592245,6,1,1,1,1,0.0,12.051867736849095,0.4,3,0.0013875360018573,0.0001151303708399,0.0,2.9724467909015804,0.005,2.9674467909015805,9.947154833426136,18.384300578741176,12.051867736849095,5,5,1.0,5.378940088115449,0.6914118873818523,bos_scaling,pbqs,5,small,5,3,2,20,5,1.0,15.0,0.7,0.7,0.2,0.1,0.7,0.3,0.0017285439971601
controlled_bos,5,5.0,reference,4,HDS,NonSharable,HDS-NonSharable,3.756902307445116,15.027609229780465,1,5.0,downstream_reserved,1,idle_only,1,1,1,0.0,18.78451153722558,18.78451153722558,5.0,20,5,5,5,1.0,0.0095405069987464,0,1,5,5.0,"{""5"":1}",5,1.0,0,0,5,1,5,5,5,60,264,0.009178748998238,0.0,0,0,0,5,3.8857805861880484e-16,2.7755575615628914e-16,0.035,7.231902457187531,28.97273808058956,39.334672921382406,0.0166399187375843,0.0080702570214737,0.0252095804536948,0.0625238116117719,0.067577559898402,0.1343362386544477,0.0917781821223357,0.2113825312597383,0.033196168496265,0.1190728688134418,10,1,1,1,1,0.0,7.231902457187531,0.0,5,0.0095405069987464,0.001319225066326,0.009178748998238,2.3328190464471645,0.015,2.3178190464471644,0.3823766274437014,18.7571434835316,7.231902457187531,5,5,1.0,11.55260908003805,0.3849928406632213,bos_scaling,hds_full,5,small,5,3,2,20,5,1.0,15.0,0.7,0.7,0.2,0.1,0.7,0.3,0.0100938619980297
controlled_bos,5,5.0,reference,4,HDS,Sharable,HDS-Sharable,3.756902307445116,15.027609229780465,1,5.0,downstream_reserved,1,idle_only,1,1,1,0.0,18.78451153722558,18.78451153722558,5.0,20,5,5,5,1.0,0.9779523230026824,0,1,5,5.0,"{""5"":1}",5,1.0,0,0,5,1,5,5,5,110,359,0.977472028000193,0.0,0,0,0,5,2.886579864025407e-15,2.886579864025407e-15,0.015,9.949226298326492,28.97273808058956,44.53091859996536,0.0385376539893886,0.0173366814104509,0.0597386265683263,0.1475798780359533,0.1025312724586642,0.1085902518238679,0.174031983391243,0.283954820269955,0.0409124692609343,0.0992690552527361,6,1,1,1,1,0.0,9.949226298326492,0.0,2,0.9779523230026824,0.0982943088918561,0.977472028000193,2.3348190464471643,0.017,2.3178190464471644,8.84826658584754,17.709585364314396,9.949226298326492,5,5,1.0,8.835285238899088,0.5296505197172652,bos_scaling,hds_full,5,small,5,3,2,20,5,1.0,15.0,0.7,0.7,0.2,0.1,0.7,0.3,0.9784614409982167
controlled_bos,5,5.0,reference,4,PBQS,NonSharable,PBQS-NonSharable,3.756902307445116,15.027609229780465,1,5.0,downstream_reserved,1,queue_aware,1,1,1,0.0,18.78451153722558,18.78451153722558,5.0,20,5,5,4,0.8,0.0012473369970393,0,2,5,3.0,"{""1"":1,""5"":1}",0,0.0,0,1,4,0,0,0,0,0,0,0.0,0.0,0,0,0,0,0.0,0.0,0.025,10.146488967888262,28.97273808058956,31.301366677868327,0.0338360630830258,0.0171287944004641,0.0505433317655876,0.1030166477084241,0.1248527244280587,0.3257490187682734,0.1804012722760429,0.327227313100018,0.0287839478589566,0.1026940933727978,8,1,1,1,1,0.0,10.146488967888262,0.2,4,0.0015485349940718,0.0001526178167613,0.0,2.3268190464471643,0.009,2.3178190464471644,5.8161141112144215,24.723995450021796,10.146488967888262,5,5,1.0,8.638022569337318,0.540151866487494,bos_scaling,pbqs,5,small,5,3,2,20,5,1.0,15.0,0.7,0.7,0.2,0.1,0.7,0.3,0.0019000390020664
controlled_bos,5,5.0,reference,4,PBQS,Sharable,PBQS-Sharable,3.756902307445116,15.027609229780465,1,5.0,downstream_reserved,1,queue_aware,1,1,1,0.0,18.78451153722558,18.78451153722558,5.0,20,5,5,5,1.0,0.0014508410022244,0,1,5,5.0,"{""5"":1}",0,0.0,0,2,3,0,0,0,0,0,0,0.0,0.0,0,0,0,0,0.0,0.0,0.015,17.688959828084098,28.97273808058956,28.97273808058956,0.0587139574058935,0.0293410035125389,0.0880869112992481,0.1447231320227934,0.0995231052510685,0.2300434864604665,0.149393031849271,0.3369482889569513,0.0218386597155668,0.048681402463763,6,1,1,1,1,0.0,17.688959828084098,0.4,3,0.0014508410022244,8.201957697484468e-05,0.0,2.3228190464471643,0.005,2.3178190464471644,22.29222490393385,26.050163764102816,17.688959828084098,5,5,1.0,1.095551709141482,0.9416779240189234,bos_scaling,pbqs,5,small,5,3,2,20,5,1.0,15.0,0.7,0.7,0.2,0.1,0.7,0.3,0.0018087530006596
controlled_bos,5,5.0,reference,5,HDS,NonSharable,HDS-NonSharable,2.7454095922487074,10.98163836899483,1,5.0,downstream_reserved,1,idle_only,1,1,1,0.0,13.727047961243535,13.727047961243535,5.0,20,5,5,5,1.0,0.0111689420009497,0,1,5,5.0,"{""5"":1}",5,1.0,0,0,5,1,5,5,5,60,264,0.0107763870000781,0.0,0,0,0,5,0.0,0.0,0.035,4.574926264145652,27.17598417391193,38.18330058974856,0.0150280842016928,0.008978998012584,0.0210771703908016,0.0459471208276119,0.1353295841189769,0.2994557884155036,0.1475340005571133,0.2920472595661321,0.0494464202181429,0.1702721917785672,10,1,1,1,1,0.0,4.574926264145652,0.0,5,0.0111689420009497,0.0024413381453778,0.0107763870000781,2.1890787339129547,0.015,2.1740787339129546,0.4645172777785875,13.784136248283588,4.574926264145652,5,5,1.0,9.152121697097886,0.3332782312018095,bos_scaling,hds_full,5,small,5,3,2,20,5,1.0,15.0,0.7,0.7,0.2,0.1,0.7,0.3,0.0116849510013707
controlled_bos,5,5.0,reference,5,HDS,Sharable,HDS-Sharable,2.7454095922487074,10.98163836899483,1,5.0,downstream_reserved,1,idle_only,1,1,1,0.0,13.727047961243535,13.727047961243535,5.0,20,5,5,5,1.0,0.4774040560005232,0,1,5,5.0,"{""5"":1}",5,1.0,0,0,5,1,5,5,5,110,359,0.476965032001317,0.0,0,0,0,5,0.0,0.0,0.02,6.034601200964142,27.17598417391193,39.37657379600371,0.027905292524124,0.0178477253154219,0.037962859732826,0.076227956745374,0.2134372861024472,0.3437859639939206,0.1989154530330094,0.3538375285907945,0.0470553764705848,0.1440267163981834,8,1,1,1,1,0.0,6.034601200964142,0.0,3,0.4774040560005232,0.079111119376745,0.476965032001317,2.1910787339129545,0.017,2.1740787339129546,4.229147295616523,13.72103221416732,6.034601200964142,5,5,1.0,7.692446760279395,0.4396139081033316,bos_scaling,hds_full,5,small,5,3,2,20,5,1.0,15.0,0.7,0.7,0.2,0.1,0.7,0.3,0.4779123029984475
controlled_bos,5,5.0,reference,5,PBQS,NonSharable,PBQS-NonSharable,2.7454095922487074,10.98163836899483,1,5.0,downstream_reserved,1,queue_aware,1,1,1,0.0,13.727047961243535,13.727047961243535,5.0,20,5,5,3,0.6,0.0012271179984963,0,2,5,3.5,"{""2"":1,""5"":1}",0,0.0,0,2,3,0,0,0,0,0,0,0.0,0.0,0,0,0,0,0.0,0.0,0.015,8.84112427575668,27.17598417391193,27.17598417391193,0.046606963347538,0.0284572711602093,0.0647566555348667,0.1062520889001608,0.1931243376246319,0.3896110081848214,0.2197344597194606,0.3713314319924856,0.0409842056677963,0.1154542663600861,6,1,1,1,1,0.0,8.84112427575668,0.4,3,0.0017181990006065,0.0001943416863077,0.0,2.1790787339129545,0.005,2.1740787339129546,1.462809929445924,19.12537600202895,8.84112427575668,5,5,1.0,4.885923685486857,0.6440659565493178,bos_scaling,pbqs,5,small,5,3,2,20,5,1.0,15.0,0.7,0.7,0.2,0.1,0.7,0.3,0.0020493310003075
controlled_bos,5,5.0,reference,5,PBQS,Sharable,PBQS-Sharable,2.7454095922487074,10.98163836899483,1,5.0,downstream_reserved,1,queue_aware,1,1,1,0.0,13.727047961243535,13.727047961243535,5.0,20,5,5,5,1.0,0.0014424679975491,0,1,5,5.0,"{""5"":1}",0,0.0,0,2,3,0,0,0,0,0,0,0.0,0.0,0,0,0,0,0.0,0.0,0.015,11.218575847067251,27.17598417391193,27.17598417391193,0.046606963347538,0.0284572711602093,0.0647566555348667,0.1062520889001608,0.1521972390157632,0.2408736477733254,0.1731681179972465,0.2499235616321389,0.0322987926980841,0.061651210053764,6,1,1,1,1,0.0,11.218575847067251,0.4,3,0.0014424679975491,0.000128578530574,0.0,2.1790787339129545,0.005,2.1740787339129546,9.826096564988896,19.12537600202895,11.218575847067251,5,5,1.0,2.5084721141762856,0.8172606287048303,bos_scaling,pbqs,5,small,5,3,2,20,5,1.0,15.0,0.7,0.7,0.2,0.1,0.7,0.3,0.0018001410026045
controlled_bos,6,5.0,reference,1,HDS,NonSharable,HDS-NonSharable,3.7231827591686497,14.8927310366746,1,5.0,downstream_reserved,1,idle_only,1,1,1,0.0,18.615913795843248,18.615913795843248,5.0,20,5,6,5,0.8333333333333334,0.0144195430002582,0,2,6,3.5,"{""1"":1,""6"":1}",5,0.8333333333333334,0,1,5,1,6,5,5,69,304,0.0140208490010991,0.0,0,0,0,5,2.220446049250313e-16,1.1102230246251563e-16,0.035,10.281352136123251,34.36693200702182,46.63689503392614,0.0138225805998662,0.0090044256256458,0.0186407355740867,0.0678229484563898,0.0605905761405214,0.135726558741876,0.0569151753346489,0.1682409909901076,0.0276959122406897,0.0971091149353162,10,1,1,1,1,0.0,10.281352136123251,0.1666666666666666,5,0.0144954960014729,0.0014098822615503,0.0140208490010991,2.765354560561746,0.016,2.7493545605617458,0.2956154519178746,20.346884536916964,10.281352136123251,6,6,1.0,8.334561659719995,0.5522883404423037,bos_scaling,hds_full,6,small,5,3,2,20,5,1.0,15.0,0.7,0.7,0.2,0.1,0.7,0.3,0.0150742579971847
controlled_bos,6,5.0,reference,1,HDS,Sharable,HDS-Sharable,3.7231827591686497,14.8927310366746,1,5.0,downstream_reserved,1,idle_only,1,1,1,0.0,18.615913795843248,18.615913795843248,5.0,20,5,6,6,1.0,1.338032227999065,0,1,6,6.0,"{""6"":1}",6,1.0,0,0,6,1,6,5,5,144,449,1.3374589149971143,0.0,0,0,0,6,2.273736754432321e-13,2.273736754432321e-13,0.015,10.218348079767608,34.36693200702182,34.36693200702182,0.0432826866570636,0.0284224766333378,0.0581428966807893,0.1460857790558301,0.1668908305616319,0.2639188385431325,0.1707014565179453,0.2460375750349793,0.0448434283620572,0.0911243751271255,6,1,1,1,1,0.0,10.218348079767608,0.0,3,1.338032227999065,0.1309440838728499,1.3374589149971143,2.755354560561746,0.006,2.749354560561746,6.6656608042867,26.29544023004943,10.218348079767608,6,6,1.0,8.397565716075642,0.5489039212272924,bos_scaling,hds_full,6,small,5,3,2,20,5,1.0,15.0,0.7,0.7,0.2,0.1,0.7,0.3,1.3386660420001135
controlled_bos,6,5.0,reference,1,PBQS,NonSharable,PBQS-NonSharable,3.7231827591686497,14.8927310366746,1,5.0,downstream_reserved,1,queue_aware,1,1,1,0.0,18.615913795843248,18.615913795843248,5.0,20,5,6,4,0.6666666666666666,0.0013859540013072,0,2,6,4.0,"{""2"":1,""6"":1}",0,0.0,0,2,4,0,0,0,0,0,0,0.0,0.0,0,0,0,0,0.0,0.0,0.025,10.516474975040683,34.36693200702182,37.53623374916045,0.0247329481995911,0.0163363593562975,0.0331295370428846,0.1040818527256163,0.1139483245267495,0.2155226526186702,0.1134376765772099,0.2390627646978861,0.0329805017969925,0.1115790500672416,8,1,1,1,1,0.0,10.516474975040683,0.3333333333333333,4,0.0019044860018766,0.0001810954722372,0.0,2.759354560561746,0.01,2.749354560561746,10.483739910541004,24.97964465414793,10.516474975040683,6,6,1.0,8.099438820802563,0.5649185471297633,bos_scaling,pbqs,6,small,5,3,2,20,5,1.0,15.0,0.7,0.7,0.2,0.1,0.7,0.3,0.0022952179970161
controlled_bos,6,5.0,reference,1,PBQS,Sharable,PBQS-Sharable,3.7231827591686497,14.8927310366746,1,5.0,downstream_reserved,1,queue_aware,1,1,1,0.0,18.615913795843248,18.615913795843248,5.0,20,5,6,6,1.0,0.0016591810017416,0,1,6,6.0,"{""6"":1}",0,0.0,0,3,3,0,0,0,0,0,0,0.0,0.0,0,0,0,0,0.0,0.0,0.015,14.40455745736614,34.36693200702182,34.36693200702182,0.0432826866570636,0.0284224766333378,0.0581428966807893,0.1460857790558301,0.1183895168628175,0.1872195355548829,0.1210927101083341,0.1901989691802719,0.0318111654210729,0.0565120016686902,6,1,1,1,1,0.0,14.40455745736614,0.5,3,0.0016591810017416,0.0001151844481618,0.0,2.755354560561746,0.006,2.749354560561746,16.05867963719582,26.29544023004943,14.40455745736614,6,6,1.0,4.211356338477108,0.7737765449140905,bos_scaling,pbqs,6,small,5,3,2,20,5,1.0,15.0,0.7,0.7,0.2,0.1,0.7,0.3,0.0020777650024683
controlled_bos,6,5.0,reference,2,HDS,NonSharable,HDS-NonSharable,3.913894632621464,15.655578530485856,1,5.0,downstream_reserved,1,idle_only,1,1,1,0.0,19.56947316310732,19.56947316310732,5.0,20,5,6,5,0.8333333333333334,0.0130746300019382,0,2,6,3.5,"{""1"":1,""6"":1}",5,0.8333333333333334,0,1,5,1,6,5,5,69,304,0.0127204829987022,0.0,0,0,0,5,4.996003610813204e-16,3.3306690738754696e-16,0.035,7.075856422243768,36.52029090433407,55.29582238134173,0.0196943886665346,0.0137284882685094,0.0256602890645598,0.0656598615128853,0.1238795518133646,0.2341448231978943,0.1144508544510919,0.211935886871392,0.0434128017988909,0.2128255863643728,10,1,1,1,1,0.0,7.075856422243768,0.1666666666666666,5,0.0131551400045282,0.0018591586967725,0.0127204829987022,2.941623272346725,0.02,2.921623272346725,0.2854560796583487,19.697958453865617,7.075856422243768,6,6,1.0,12.493616740863551,0.3615762347441874,bos_scaling,hds_full,6,small,5,3,2,20,5,1.0,15.0,0.7,0.7,0.2,0.1,0.7,0.3,0.014570597999409
controlled_bos,6,5.0,reference,2,HDS,Sharable,HDS-Sharable,3.913894632621464,15.655578530485856,1,5.0,downstream_reserved,1,idle_only,1,1,1,0.0,19.56947316310732,19.56947316310732,5.0,20,5,6,6,1.0,0.4126140379994467,0,1,6,6.0,"{""6"":1}",6,1.0,0,0,6,1,6,5,5,144,449,0.4121108680010366,0.0,0,0,0,6,1.1102230246251563e-16,1.1102230246251563e-16,0.02,9.454896138202084,36.52029090433407,49.826466808073576,0.0395838673443625,0.0263630207891288,0.0528047138995962,0.1252334158828132,0.1841906179251915,0.2748737280936612,0.2012369278220368,0.3045920193812595,0.0400331298635562,0.0939428547436046,8,1,1,1,1,0.0,9.454896138202084,0.0,3,0.4126140379994467,0.043640250719656,0.4121108680010366,2.9356232723467253,0.014,2.921623272346725,8.827218488660918,22.542014858906388,9.454896138202084,6,6,1.0,10.114577024905234,0.4831451546701116,bos_scaling,hds_full,6,small,5,3,2,20,5,1.0,15.0,0.7,0.7,0.2,0.1,0.7,0.3,0.4131538719993841
controlled_bos,6,5.0,reference,2,PBQS,NonSharable,PBQS-NonSharable,3.913894632621464,15.655578530485856,1,5.0,downstream_reserved,1,queue_aware,1,1,1,0.0,19.56947316310732,19.56947316310732,5.0,20,5,6,4,0.6666666666666666,0.0013525840004149,0,2,6,4.0,"{""2"":1,""6"":1}",0,0.0,0,2,4,0,0,0,0,0,0,0.0,0.0,0,0,0,0,0.0,0.0,0.025,11.912850156311618,36.52029090433407,41.47963168193724,0.0365776505421021,0.0272079848421929,0.0459473162420113,0.1099505617104948,0.1674119769108262,0.4471907232604101,0.1401890240820786,0.2417461707305396,0.0310725179083047,0.0923749588110437,8,1,1,1,1,0.0,11.912850156311618,0.3333333333333333,4,0.002449608000461,0.0002056273661062,0.0,2.9316232723467253,0.01,2.921623272346725,8.706948712287913,26.388134810518764,11.912850156311618,6,6,1.0,7.6566230067957,0.6087465951188668,bos_scaling,pbqs,6,small,5,3,2,20,5,1.0,15.0,0.7,0.7,0.2,0.1,0.7,0.3,0.0028411610001057
controlled_bos,6,5.0,reference,2,PBQS,Sharable,PBQS-Sharable,3.913894632621464,15.655578530485856,1,5.0,downstream_reserved,1,queue_aware,1,1,1,0.0,19.56947316310732,19.56947316310732,5.0,20,5,6,6,1.0,0.0016196319993468,0,1,6,6.0,"{""6"":1}",0,0.0,0,3,3,0,0,0,0,0,0,0.0,0.0,0,0,0,0,0.0,0.0,0.015,13.961306281337514,36.52029090433407,36.52029090433407,0.063560004903992,0.0474019777527171,0.079718032055267,0.1580284692836625,0.2037143665392432,0.3432960113606735,0.1712977935921979,0.2153719290226902,0.0348776255061957,0.0682854170035356,6,1,1,1,1,0.0,13.961306281337514,0.5,3,0.0016196319993468,0.0001160086288997,0.0,2.9276232723467253,0.006,2.921623272346725,15.609820124397976,28.44512447105925,13.961306281337514,6,6,1.0,5.6081668817698045,0.7134226948765074,bos_scaling,pbqs,6,small,5,3,2,20,5,1.0,15.0,0.7,0.7,0.2,0.1,0.7,0.3,0.0020356820023152
controlled_bos,6,5.0,reference,3,HDS,NonSharable,HDS-NonSharable,3.4861615649929094,13.944646259971638,1,5.0,downstream_reserved,1,idle_only,1,1,1,0.0,17.430807824964546,17.430807824964546,5.0,20,5,6,4,0.6666666666666666,0.0176603190011519,0,2,6,4.0,"{""2"":1,""6"":1}",4,0.6666666666666666,1,1,5,1,6,5,5,69,304,0.0172643000005336,0.0,0,0,0,4,2.220446049250313e-16,2.220446049250313e-16,0.035,8.362380307153039,43.08304704986367,59.23937225429815,0.0235844925088615,0.0161816900631891,0.0309872949545339,0.0680316797137239,0.1486400951837711,0.3339210659325076,0.1323439031367186,0.2787546890192706,0.0427616806971312,0.1860265159994887,10,1,1,1,1,0.0,8.362380307153039,0.1666666666666666,5,0.017868309001642,0.0021367491486075,0.0172643000005336,3.4626437639890937,0.016,3.4466437639890937,0.0619780313602945,20.40950391411717,8.362380307153039,6,6,1.0,9.068427517811507,0.4797471460373953,bos_scaling,hds_full,6,small,5,3,2,20,5,1.0,15.0,0.7,0.7,0.2,0.1,0.7,0.3,0.0185425229974498
controlled_bos,6,5.0,reference,3,HDS,Sharable,HDS-Sharable,3.4861615649929094,13.944646259971638,1,5.0,downstream_reserved,1,idle_only,1,1,1,0.0,17.430807824964546,17.430807824964546,5.0,20,5,6,6,1.0,0.3672585710010025,0,1,6,6.0,"{""6"":1}",6,1.0,0,0,6,1,6,5,5,144,449,0.3668127659984748,0.0,0,0,0,6,7.993605777301127e-15,7.993605777301127e-15,0.02,7.879852615747483,43.08304704986367,58.07786953037829,0.0392651258906992,0.028801169341249,0.0497290824401495,0.1077841948680791,0.2702622988304476,0.4138150062753131,0.1941164336957673,0.2958244063249138,0.0565778720388998,0.122660783952061,8,1,1,1,1,0.0,7.879852615747483,0.0,3,0.3672585710010025,0.0466072893631354,0.3668127659984748,3.460643763989094,0.014,3.446643763989094,5.623669521593122,19.40115507625424,7.879852615747483,6,6,1.0,9.550955209217063,0.4520646831102052,bos_scaling,hds_full,6,small,5,3,2,20,5,1.0,15.0,0.7,0.7,0.2,0.1,0.7,0.3,0.3677866170000925
controlled_bos,6,5.0,reference,3,PBQS,NonSharable,PBQS-NonSharable,3.4861615649929094,13.944646259971638,1,5.0,downstream_reserved,1,queue_aware,1,1,1,0.0,17.430807824964546,17.430807824964546,5.0,20,5,6,4,0.6666666666666666,0.0014364599992404,0,2,6,4.0,"{""2"":1,""6"":1}",0,0.0,0,2,4,0,0,0,0,0,0,0.0,0.0,0,0,0,0,0.0,0.0,0.025,9.97546490380812,43.08304704986367,50.88455883880971,0.0368977922787013,0.0261361236330972,0.0476594609243054,0.0951198756488108,0.1950213848229907,0.3268821344245601,0.1668174843938659,0.304255176921099,0.043971081700677,0.1351783349869027,8,1,1,1,1,0.0,9.97546490380812,0.3333333333333333,4,0.0019093939990852,0.0001914090237895,0.0,3.456643763989094,0.01,3.446643763989094,8.456766811954065,22.8287701557146,9.97546490380812,6,6,1.0,7.4553429211564275,0.5722893054630076,bos_scaling,pbqs,6,small,5,3,2,20,5,1.0,15.0,0.7,0.7,0.2,0.1,0.7,0.3,0.0022954079977353
controlled_bos,6,5.0,reference,3,PBQS,Sharable,PBQS-Sharable,3.4861615649929094,13.944646259971638,1,5.0,downstream_reserved,1,queue_aware,1,1,1,0.0,17.430807824964546,17.430807824964546,5.0,20,5,6,5,0.8333333333333334,0.0020164230008958,0,2,6,3.5,"{""1"":1,""6"":1}",0,0.0,0,3,3,0,0,0,0,0,0,0.0,0.0,0,0,0,0,0.0,0.0,0.015,14.462314506866376,43.08304704986367,43.08304704986367,0.0654735958205098,0.0442171079524284,0.0867300836885911,0.1354622609112199,0.1834441144179315,0.3538793291532304,0.1799091362189925,0.2877186788713191,0.039719826799423,0.0969465065393453,6,1,1,1,1,0.0,14.462314506866376,0.5,3,0.0024001550009415,0.0001659592591353,0.0,3.452643763989094,0.006,3.446643763989094,21.20154199430812,24.383206964019596,14.462314506866376,6,6,1.0,2.9684933180981705,0.8296984656186347,bos_scaling,pbqs,6,small,5,3,2,20,5,1.0,15.0,0.7,0.7,0.2,0.1,0.7,0.3,0.0028811800002586
controlled_bos,6,5.0,reference,4,HDS,NonSharable,HDS-NonSharable,3.756902307445116,15.027609229780465,1,5.0,downstream_reserved,1,idle_only,1,1,1,0.0,18.78451153722558,18.78451153722558,5.0,20,5,6,5,0.8333333333333334,0.0135609140015731,0,2,6,3.5,"{""1"":1,""6"":1}",5,0.8333333333333334,0,1,5,1,6,5,5,69,304,0.0131625319991144,0.0,0,0,0,5,1.1102230246251563e-16,1.1102230246251563e-16,0.035,9.985249389501028,34.47667707288825,44.8386119136811,0.0217467469705025,0.0091139905721462,0.0343795033688587,0.0769075289887587,0.0577239403096455,0.1213941279042989,0.1050417052523932,0.1970463823867966,0.0284522652738608,0.1035583813635394,10,1,1,1,1,0.0,9.985249389501028,0.1666666666666666,5,0.0136178190005011,0.0013637935788383,0.0131625319991144,2.77413416583106,0.016,2.75813416583106,0.3823766274437014,23.072258696627618,9.985249389501028,6,6,1.0,8.799262147724553,0.5315682214953044,bos_scaling,hds_full,6,small,5,3,2,20,5,1.0,15.0,0.7,0.7,0.2,0.1,0.7,0.3,0.0141528259991901
controlled_bos,6,5.0,reference,4,HDS,Sharable,HDS-Sharable,3.756902307445116,15.027609229780465,1,5.0,downstream_reserved,1,idle_only,1,1,1,0.0,18.78451153722558,18.78451153722558,5.0,20,5,6,6,1.0,1.0712661990000925,0,1,6,6.0,"{""6"":1}",6,1.0,0,0,6,1,6,5,5,144,449,1.070797890999529,0.0,0,0,0,6,1.3322676295501878e-14,1.0658141036401504e-14,0.02,8.893134161591519,34.47667707288825,50.03485759226406,0.0378401898996482,0.014829044771515,0.0608513350277815,0.12235944765228,0.0929024462744311,0.1214857405226164,0.2019779486092975,0.2683273747814501,0.0405172062740785,0.1110576178414245,8,1,1,1,1,0.0,8.893134161591519,0.0,3,1.0712661990000925,0.1204599165530162,1.070797890999529,2.77613416583106,0.018,2.75813416583106,8.824922933276623,22.02470057741041,8.893134161591519,6,6,1.0,9.89137737563406,0.4734290877869167,bos_scaling,hds_full,6,small,5,3,2,20,5,1.0,15.0,0.7,0.7,0.2,0.1,0.7,0.3,1.071794766001403
controlled_bos,6,5.0,reference,4,PBQS,NonSharable,PBQS-NonSharable,3.756902307445116,15.027609229780465,1,5.0,downstream_reserved,1,queue_aware,1,1,1,0.0,18.78451153722558,18.78451153722558,5.0,20,5,6,5,0.8333333333333334,0.0015481150003324,0,2,6,3.5,"{""1"":1,""6"":1}",0,0.0,0,1,5,0,0,0,0,0,0,0.0,0.0,0,0,0,0,0.0,0.0,0.035,10.146488967888262,34.47667707288825,42.30924466246572,0.0267220306043347,0.0127567199185249,0.0406873412901445,0.0896051768552326,0.1020423755110712,0.3257490187682734,0.1490657226598156,0.327227313100018,0.0278006975168944,0.1408036077272226,10,1,1,1,1,0.0,10.146488967888262,0.1666666666666666,5,0.0018139610037906,0.0001787772114601,0.0,2.77413416583106,0.016,2.75813416583106,5.925936344245671,26.8815530565698,10.146488967888262,6,6,1.0,8.638022569337318,0.540151866487494,bos_scaling,pbqs,6,small,5,3,2,20,5,1.0,15.0,0.7,0.7,0.2,0.1,0.7,0.3,0.0030639630022051
controlled_bos,6,5.0,reference,4,PBQS,Sharable,PBQS-Sharable,3.756902307445116,15.027609229780465,1,5.0,downstream_reserved,1,queue_aware,1,1,1,0.0,18.78451153722558,18.78451153722558,5.0,20,5,6,6,1.0,0.0016192410002986,0,1,6,6.0,"{""6"":1}",0,0.0,0,3,3,0,0,0,0,0,0,0.0,0.0,0,0,0,0,0.0,0.0,0.015,17.688959828084098,34.47667707288825,34.47667707288825,0.0706298899493693,0.0317763817974414,0.1094833981012971,0.1686959943177712,0.1077837773603554,0.2300434864604665,0.1856808978572179,0.3369482889569513,0.0259873408106608,0.0495528743611698,6,1,1,1,1,0.0,17.688959828084098,0.5,3,0.0016192410002986,9.153963918940192e-05,0.0,2.76413416583106,0.006,2.75813416583106,28.998543043737943,30.36527897719883,17.688959828084098,6,6,1.0,1.095551709141482,0.9416779240189234,bos_scaling,pbqs,6,small,5,3,2,20,5,1.0,15.0,0.7,0.7,0.2,0.1,0.7,0.3,0.0020013799985463
controlled_bos,6,5.0,reference,5,HDS,NonSharable,HDS-NonSharable,3.988773418401713,15.95509367360685,1,5.0,downstream_reserved,1,idle_only,1,1,1,0.0,19.943867092008563,19.943867092008563,5.0,20,5,6,5,0.8333333333333334,0.011547607002285,0,2,6,3.5,"{""1"":1,""6"":1}",5,0.8333333333333334,0,1,5,1,6,5,5,69,304,0.0111468700015393,0.0,0,0,0,5,0.0,0.0,0.035,7.791889338941069,33.33842636278373,42.476477450648346,0.0229922857368004,0.015613975660507,0.0303705958130938,0.0680092202042942,0.1418466049703964,0.3073543980215962,0.1402520428162076,0.3434041711405488,0.0351670615242337,0.1384577514266042,10,1,1,1,1,0.0,7.791889338941069,0.1666666666666666,5,0.011606465002842,0.0014895572175078,0.0111468700015393,2.6830741090226984,0.016,2.6670741090226984,0.5768953370652947,20.402766061288283,7.791889338941069,6,6,1.0,12.151977753067497,0.3906909980393547,bos_scaling,hds_full,6,small,5,3,2,20,5,1.0,15.0,0.7,0.7,0.2,0.1,0.7,0.3,0.0121303939995414
controlled_bos,6,5.0,reference,5,HDS,Sharable,HDS-Sharable,3.988773418401713,15.95509367360685,1,5.0,downstream_reserved,1,idle_only,1,1,1,0.0,19.943867092008563,19.943867092008563,5.0,20,5,6,6,1.0,1.461870680002903,0,1,6,6.0,"{""6"":1}",6,1.0,0,0,6,1,6,5,5,144,449,1.4614126279993798,0.0,0,0,0,6,2.609024107869118e-15,2.609024107869118e-15,0.02,8.200836376910761,33.33842636278373,48.04814153463551,0.0349211538651141,0.0242574966563215,0.0455848110739068,0.1080217774146846,0.1797442428260881,0.2529755619845485,0.1575350843092911,0.2603720251012427,0.0424461558310977,0.1214158359191646,8,1,1,1,1,0.0,8.200836376910761,0.0,3,1.461870680002903,0.1782587303069186,1.4614126279993798,2.6850741090226986,0.018,2.667074109022699,7.271859070149241,19.44391993464323,8.200836376910761,6,6,1.0,11.743030715097802,0.4111958999263893,bos_scaling,hds_full,6,small,5,3,2,20,5,1.0,15.0,0.7,0.7,0.2,0.1,0.7,0.3,1.4624495019997994
controlled_bos,6,5.0,reference,5,PBQS,NonSharable,PBQS-NonSharable,3.988773418401713,15.95509367360685,1,5.0,downstream_reserved,1,queue_aware,1,1,1,0.0,19.943867092008563,19.943867092008563,5.0,20,5,6,5,0.8333333333333334,0.0014632890015491,0,2,6,3.5,"{""1"":1,""6"":1}",0,0.0,0,1,5,0,0,0,0,0,0,0.0,0.0,0,0,0,0,0.0,0.0,0.035,9.488156808961712,33.33842636278373,41.885699345763705,0.0241422728263915,0.0180266290810683,0.0302579165717147,0.0779413127184465,0.1485269909002221,0.4025049728820583,0.1143052855027204,0.2433000712298417,0.0288301758493584,0.1665461175585467,10,1,1,1,1,0.0,9.488156808961712,0.1666666666666666,5,0.0017211830017913,0.0001814033048195,0.0,2.6830741090226984,0.016,2.6670741090226984,6.128678512361369,23.38239381553397,9.488156808961712,6,6,1.0,10.455710283046852,0.475743082582193,bos_scaling,pbqs,6,small,5,3,2,20,5,1.0,15.0,0.7,0.7,0.2,0.1,0.7,0.3,0.0021285900002112
controlled_bos,6,5.0,reference,5,PBQS,Sharable,PBQS-Sharable,3.988773418401713,15.95509367360685,1,5.0,downstream_reserved,1,queue_aware,1,1,1,0.0,19.943867092008563,19.943867092008563,5.0,20,5,6,6,1.0,0.0016512689981027,0,1,6,6.0,"{""6"":1}",0,0.0,0,3,3,0,0,0,0,0,0,0.0,0.0,0,0,0,0,0.0,0.0,0.015,17.944651032722696,33.33842636278373,33.33842636278373,0.066147826230394,0.0478948824550041,0.0844007700057839,0.1500129097989468,0.1601420357553884,0.3512568908190444,0.141101830041514,0.2919718720620141,0.0247713009683609,0.0537013669886668,6,1,1,1,1,0.0,17.944651032722696,0.5,3,0.0016512689981027,9.202012316046738e-05,0.0,2.6730741090226986,0.006,2.667074109022699,26.393920278766103,27.00232376381043,17.944651032722696,6,6,1.0,1.9992160592858677,0.8997578528746341,bos_scaling,pbqs,6,small,5,3,2,20,5,1.0,15.0,0.7,0.7,0.2,0.1,0.7,0.3,0.0020280000026104
controlled_bos,7,5.0,reference,1,HDS,NonSharable,HDS-NonSharable,3.7231827591686497,14.8927310366746,1,5.0,downstream_reserved,1,idle_only,1,1,1,0.0,18.615913795843248,18.615913795843248,5.0,20,5,7,5,0.7142857142857143,0.0104739369999151,0,3,7,3.333333333333333,"{""1"":1,""2"":1,""7"":1}",5,0.7142857142857143,0,2,5,1,7,5,5,78,344,0.0101106359979894,0.0,0,0,0,5,2.220446049250313e-16,1.1102230246251563e-16,0.035,10.824771610923571,44.04863429696533,56.31859732386964,0.0219726610995385,0.0140038075391703,0.0299415146599068,0.0906997678885165,0.0963439384822612,0.271644340977377,0.09790485371901,0.2887099107179727,0.0334607562926995,0.092234094368303,10,1,1,1,1,0.0,10.824771610923571,0.2857142857142857,5,0.0106152769985783,0.0009806467406542,0.0101106359979894,3.540890743757226,0.017,3.523890743757226,0.2956154519178746,27.20993036655497,10.824771610923571,7,7,1.0,7.791142184919675,0.5814794658826062,bos_scaling,hds_full,7,small,5,3,2,20,5,1.0,15.0,0.7,0.7,0.2,0.1,0.7,0.3,0.0111824330015224
controlled_bos,7,5.0,reference,1,HDS,Sharable,HDS-Sharable,3.7231827591686497,14.8927310366746,1,5.0,downstream_reserved,1,idle_only,1,1,1,0.0,18.615913795843248,18.615913795843248,5.0,20,5,7,7,1.0,0.2789203600004839,0,1,7,7.0,"{""7"":1}",7,1.0,0,0,7,1,7,5,5,183,549,0.2783660149980278,0.0,0,0,0,7,2.1627144519698052e-13,2.1627144519698052e-13,0.02,10.218348079767608,44.04863429696533,59.48789906600827,0.0369063271808837,0.0236102549139166,0.0502023994478508,0.1438563043925192,0.1595756519541296,0.2877654908137391,0.157820214327923,0.3058438429514985,0.0446183281465457,0.097707868090158,8,1,1,1,1,0.0,10.218348079767608,0.0,3,0.2789203600004839,0.0272960323746211,0.2783660149980278,3.5428907437572263,0.019,3.523890743757226,9.803911897997772,25.894134790653467,10.218348079767608,7,7,1.0,8.397565716075642,0.5489039212272924,bos_scaling,hds_full,7,small,5,3,2,20,5,1.0,15.0,0.7,0.7,0.2,0.1,0.7,0.3,0.2796318900000187
controlled_bos,7,5.0,reference,1,PBQS,NonSharable,PBQS-NonSharable,3.7231827591686497,14.8927310366746,1,5.0,downstream_reserved,1,queue_aware,1,1,1,0.0,18.615913795843248,18.615913795843248,5.0,20,5,7,4,0.5714285714285714,0.0015321719984058,0,2,7,5.0,"{""3"":1,""7"":1}",0,0.0,0,3,4,0,0,0,0,0,0,0.0,0.0,0,0,0,0,0.0,0.0,0.025,13.551847137817258,44.04863429696533,47.217936039103954,0.0361430608991323,0.0233354940352319,0.0489506277630327,0.1326778770157747,0.1271612487012609,0.2081814790247723,0.1318089977544009,0.2001798469613088,0.032737651199868,0.1030287369184899,8,1,1,1,1,0.0,13.551847137817258,0.4285714285714285,4,0.0022763209999538,0.0001679712718719,0.0,3.5348907437572263,0.011,3.523890743757226,15.618786016900978,31.842690483785933,13.551847137817258,7,7,1.0,5.06406665802599,0.7279710943248595,bos_scaling,pbqs,7,small,5,3,2,20,5,1.0,15.0,0.7,0.7,0.2,0.1,0.7,0.3,0.0026942420008708
controlled_bos,7,5.0,reference,1,PBQS,Sharable,PBQS-Sharable,3.7231827591686497,14.8927310366746,1,5.0,downstream_reserved,1,queue_aware,1,1,1,0.0,18.615913795843248,18.615913795843248,5.0,20,5,7,6,0.8571428571428571,0.0019345599976077,0,2,7,4.0,"{""1"":1,""7"":1}",0,0.0,0,4,3,0,0,0,0,0,0,0.0,0.0,0,0,0,0,0.0,0.0,0.015,16.26974866227664,44.04863429696533,44.04863429696533,0.0622995411562989,0.0400877010982284,0.0845113812143694,0.184213811442708,0.147836461141566,0.1775369647955933,0.155831628936566,0.2146183871478693,0.0360985984572274,0.072003203500931,6,1,1,1,1,0.0,16.26974866227664,0.5714285714285714,3,0.0022528739973495,0.0001384701167863,0.0,3.5308907437572263,0.007,3.523890743757226,28.53311693723697,33.15848605968744,16.26974866227664,7,7,1.0,2.346165133566608,0.8739699184634985,bos_scaling,pbqs,7,small,5,3,2,20,5,1.0,15.0,0.7,0.7,0.2,0.1,0.7,0.3,0.0026740020002762
controlled_bos,7,5.0,reference,2,HDS,NonSharable,HDS-NonSharable,3.913894632621464,15.655578530485856,1,5.0,downstream_reserved,1,idle_only,1,1,1,0.0,19.56947316310732,19.56947316310732,5.0,20,5,7,5,0.7142857142857143,0.0223657860005914,0,3,7,3.333333333333333,"{""1"":1,""2"":1,""7"":1}",5,0.7142857142857143,0,2,5,1,7,5,5,78,344,0.0218551760008267,0.0,0,0,0,5,1.6653345369377348e-16,1.6653345369377348e-16,0.035,7.891258267921627,44.46100980234292,72.016245981119,0.0274188178363553,0.0197078689810236,0.035129766691687,0.0831520515630903,0.1687583255998175,0.3779376491861388,0.138771757771919,0.3470174415580723,0.0478671784064228,0.2683456408510226,10,1,1,1,1,0.0,7.891258267921627,0.2857142857142857,5,0.0225690480037883,0.00286000625471,0.0218551760008267,3.583880784187433,0.027,3.556880784187433,0.2854560796583487,24.94561546892709,7.891258267921627,7,7,1.0,11.678214895185691,0.403243265781848,bos_scaling,hds_full,7,small,5,3,2,20,5,1.0,15.0,0.7,0.7,0.2,0.1,0.7,0.3,0.0232850249994953
controlled_bos,7,5.0,reference,2,HDS,Sharable,HDS-Sharable,3.913894632621464,15.655578530485856,1,5.0,downstream_reserved,1,idle_only,1,1,1,0.0,19.56947316310732,19.56947316310732,5.0,20,5,7,6,0.8571428571428571,7.171678314000019,0,2,7,4.0,"{""1"":1,""7"":1}",6,0.8571428571428571,1,0,7,1,7,5,5,183,549,7.17120745200009,0.0,0,0,0,6,1.1657341758564144e-15,8.881784197001252e-16,0.025,11.117751528816914,44.46100980234292,57.68790035338716,0.0433357506266008,0.0325175051981997,0.054153996055002,0.1207042788954434,0.1995794185314988,0.330151372516285,0.152473582271247,0.3348231181589797,0.0411807178266011,0.1354521449945009,8,1,1,1,1,0.0,11.117751528816914,0.0,4,7.171822930002236,0.6450785405136158,7.17120745200009,3.575880784187433,0.019,3.556880784187433,9.478043454399106,28.969026934906417,11.117751528816914,7,7,1.0,8.451721634290404,0.5681170584487821,bos_scaling,hds_full,7,small,5,3,2,20,5,1.0,15.0,0.7,0.7,0.2,0.1,0.7,0.3,7.172374380003021
controlled_bos,7,5.0,reference,2,PBQS,NonSharable,PBQS-NonSharable,3.913894632621464,15.655578530485856,1,5.0,downstream_reserved,1,queue_aware,1,1,1,0.0,19.56947316310732,19.56947316310732,5.0,20,5,7,4,0.5714285714285714,0.0016537720002816,0,2,7,5.0,"{""3"":1,""7"":1}",0,0.0,0,3,4,0,0,0,0,0,0,0.0,0.0,0,0,0,0,0.0,0.0,0.025,12.346521668225376,44.46100980234292,49.42035057994608,0.0506763373896276,0.0371493301718562,0.064203344607399,0.1401797315274986,0.2219211830394937,0.3757478320228586,0.1907137867996668,0.3124279854192925,0.0364126391935981,0.1214821015800143,8,1,1,1,1,0.0,12.346521668225376,0.4285714285714285,4,0.0023534840001957,0.0001906191932787,0.0,3.567880784187433,0.011,3.556880784187433,13.300514213842648,33.64313556659968,12.346521668225376,7,7,1.0,7.222951494881943,0.6309072076350647,bos_scaling,pbqs,7,small,5,3,2,20,5,1.0,15.0,0.7,0.7,0.2,0.1,0.7,0.3,0.0027915070022572
controlled_bos,7,5.0,reference,2,PBQS,Sharable,PBQS-Sharable,3.913894632621464,15.655578530485856,1,5.0,downstream_reserved,1,queue_aware,1,1,1,0.0,19.56947316310732,19.56947316310732,5.0,20,5,7,6,0.8571428571428571,0.0023797629983164,0,2,7,4.0,"{""1"":1,""7"":1}",0,0.0,0,4,3,0,0,0,0,0,0,0.0,0.0,0,0,0,0,0.0,0.0,0.015,17.24087279790402,44.46100980234292,44.46100980234292,0.0870578163165345,0.0639708866354892,0.1101447459975797,0.1983340290396676,0.2226252257133974,0.3012337264162234,0.191657488496122,0.2314818681894421,0.0343841910430026,0.0818440149979207,6,1,1,1,1,0.0,17.24087279790402,0.5714285714285714,3,0.0027785059974121,0.0001611580823071,0.0,3.563880784187433,0.007,3.556880784187433,28.51431543620812,35.70012522714017,17.24087279790402,7,7,1.0,2.3286003652032967,0.88100853069498,bos_scaling,pbqs,7,small,5,3,2,20,5,1.0,15.0,0.7,0.7,0.2,0.1,0.7,0.3,0.0033237600000575
controlled_bos,7,5.0,reference,3,HDS,NonSharable,HDS-NonSharable,3.6465298593341817,14.586119437336723,1,4.999999999999999,downstream_reserved,1,idle_only,1,1,1,0.0,18.232649296670907,18.232649296670907,4.999999999999999,20,5,7,4,0.5714285714285714,0.0167925470013869,0,3,7,3.6666666666666665,"{""1"":1,""3"":1,""7"":1}",5,0.7142857142857143,0,2,5,2,7,1,5,78,344,0.0164932109983055,0.0,0,0,0,5,2.220446049250313e-16,2.220446049250313e-16,0.035,11.43994711796349,51.77011556874321,67.92644077317769,0.0274041631142634,0.0179720270621757,0.0368362991663511,0.0918719017882782,0.1217989295199679,0.2440898473658893,0.1182145522451796,0.2221922570905105,0.0373328635446981,0.1902363122263126,10,1,1,1,1,0.0,11.43994711796349,0.2857142857142857,5,0.0205005990028439,0.0017920186860525,0.0199424079983145,4.1586092454994565,0.017,4.141609245499456,0.0619780313602945,27.561570536483465,11.43994711796349,7,7,1.0,6.792702178707417,0.6274429421539033,bos_scaling,hds_full,7,small,5,3,2,20,5,1.0,15.0,0.7,0.7,0.2,0.1,0.7,0.3,0.0211077630010549
controlled_bos,7,5.0,reference,3,HDS,Sharable,HDS-Sharable,3.6465298593341817,14.586119437336723,1,4.999999999999999,downstream_reserved,1,idle_only,1,1,1,0.0,18.232649296670907,18.232649296670907,4.999999999999999,20,5,7,6,0.8571428571428571,0.3537019879986474,0,2,7,4.0,"{""1"":1,""7"":1}",6,0.8571428571428571,1,0,7,1,7,5,5,183,549,0.3532151830004295,0.0,0,0,0,6,1.7763568394002505e-15,8.881784197001252e-16,0.025,10.587588059693338,51.77011556874321,60.45718408762274,0.0419579269160872,0.0277835006707476,0.0561323531614267,0.1164968344800114,0.1923730119267288,0.3079833897247919,0.187938080128798,0.3472401133839553,0.0497174825124012,0.1469344271077713,8,1,1,1,1,0.0,10.587588059693338,0.0,4,0.3538784299962572,0.0334238948475397,0.3532151830004295,4.152609245499456,0.011,4.141609245499456,7.148189124851815,27.95924027520274,10.587588059693338,7,7,1.0,7.645061236977568,0.5806938908009668,bos_scaling,hds_full,7,small,5,3,2,20,5,1.0,15.0,0.7,0.7,0.2,0.1,0.7,0.3,0.3544606369978282
controlled_bos,7,5.0,reference,3,PBQS,NonSharable,PBQS-NonSharable,3.6465298593341817,14.586119437336723,1,4.999999999999999,downstream_reserved,1,queue_aware,1,1,1,0.0,18.232649296670907,18.232649296670907,4.999999999999999,20,5,7,3,0.4285714285714285,0.0018766140019579,0,3,7,4.0,"{""1"":1,""4"":1,""7"":1}",0,0.0,0,4,3,0,0,0,0,0,0,0.0,0.0,0,0,0,0,0.0,0.0,0.015,13.607659966859924,51.77011556874321,51.77011556874321,0.0743861605664475,0.0483945609500638,0.1003777601828312,0.1751959643688104,0.2133852303831396,0.264093965131414,0.2212968881364417,0.2701739525579056,0.0507264444632156,0.1295475436542863,6,1,1,1,1,0.0,13.607659966859924,0.5714285714285714,3,0.0030810580028628,0.0002264208548983,0.0,4.148609245499457,0.007,4.141609245499457,5.925739676364666,31.535273586385884,13.607659966859924,7,7,1.0,4.624989329810981,0.7463347616379888,bos_scaling,pbqs,7,small,5,3,2,20,5,1.0,15.0,0.7,0.7,0.2,0.1,0.7,0.3,0.0035118590021738
controlled_bos,7,5.0,reference,3,PBQS,Sharable,PBQS-Sharable,3.6465298593341817,14.586119437336723,1,4.999999999999999,downstream_reserved,1,queue_aware,1,1,1,0.0,18.232649296670907,18.232649296670907,4.999999999999999,20,5,7,6,0.8571428571428571,0.0017908369991346,0,2,7,4.0,"{""1"":1,""7"":1}",0,0.0,0,4,3,0,0,0,0,0,0,0.0,0.0,0,0,0,0,0.0,0.0,0.015,14.944297879455236,51.77011556874321,51.77011556874321,0.0743861605664475,0.0483945609500638,0.1003777601828312,0.1751959643688104,0.1942997710849751,0.2685133039756256,0.2015037996281368,0.2691115299329847,0.0461894036876896,0.1062089226178578,6,1,1,1,1,0.0,14.944297879455236,0.5714285714285714,3,0.0021544789997278,0.0001441672949178,0.0,4.148609245499457,0.007,4.141609245499457,26.933068305642003,31.535273586385884,14.944297879455236,7,7,1.0,3.2883514172156723,0.8196448928672099,bos_scaling,pbqs,7,small,5,3,2,20,5,1.0,15.0,0.7,0.7,0.2,0.1,0.7,0.3,0.0026672019994293
controlled_bos,7,5.0,reference,4,HDS,NonSharable,HDS-NonSharable,3.756902307445116,15.027609229780465,1,5.0,downstream_reserved,1,idle_only,1,1,1,0.0,18.78451153722558,18.78451153722558,5.0,20,5,7,5,0.7142857142857143,0.0146362959967518,0,3,7,3.333333333333333,"{""1"":1,""2"":1,""7"":1}",5,0.7142857142857143,0,2,5,1,7,5,5,78,344,0.0142594149983779,0.0,0,0,0,5,5.551115123125784e-16,5.551115123125784e-16,0.035,10.134239085349572,39.921781182167805,59.18442217139315,0.0294749334884436,0.0124261480239229,0.0465237189529642,0.0974305216228147,0.0753240771612512,0.1240340974851395,0.1449041869499986,0.2354662568212709,0.0330349777056966,0.1871412383959347,10,1,1,1,1,0.0,10.134239085349572,0.2857142857142857,5,0.0147751919939764,0.0014579478409322,0.0142594149983779,3.214742494573424,0.021,3.1937424945734243,0.3810222116551931,29.229156486844424,10.134239085349572,7,7,1.0,8.650272451876008,0.5394997397332575,bos_scaling,hds_full,7,small,5,3,2,20,5,1.0,15.0,0.7,0.7,0.2,0.1,0.7,0.3,0.0153449910030758
controlled_bos,7,5.0,reference,4,HDS,Sharable,HDS-Sharable,3.756902307445116,15.027609229780465,1,5.0,downstream_reserved,1,idle_only,1,1,1,0.0,18.78451153722558,18.78451153722558,5.0,20,5,7,7,1.0,7.393801032001647,0,1,7,7.0,"{""7"":1}",7,1.0,0,0,7,1,7,5,5,183,549,7.393290402000275,0.0,0,0,0,7,7.771561172376097e-16,4.440892098500626e-16,0.02,11.443834400280217,39.921781182167805,53.07797096848858,0.0510057057703318,0.021652341214564,0.0803590703260997,0.1611517445847899,0.1101941442592047,0.123510287348441,0.2074015339995256,0.3018552644665715,0.0360346005704085,0.0793029075719171,8,1,1,1,1,0.0,11.443834400280217,0.0,3,7.393801032001647,0.6460947243190274,7.393290402000275,3.212742494573424,0.019,3.193742494573424,13.564849613776984,29.0073140252622,11.443834400280217,7,7,1.0,7.340677136945365,0.6092165014566271,bos_scaling,hds_full,7,small,5,3,2,20,5,1.0,15.0,0.7,0.7,0.2,0.1,0.7,0.3,7.394359904003068
controlled_bos,7,5.0,reference,4,PBQS,NonSharable,PBQS-NonSharable,3.756902307445116,15.027609229780465,1,5.0,downstream_reserved,1,queue_aware,1,1,1,0.0,18.78451153722558,18.78451153722558,5.0,20,5,7,5,0.7142857142857143,0.001586321999639,0,2,7,4.5,"{""2"":1,""7"":1}",0,0.0,0,2,5,0,0,0,0,0,0,0.0,0.0,0,0,0,0,0.0,0.0,0.035,12.175978671703088,39.921781182167805,50.09750462178116,0.0371272802357499,0.017606973434437,0.0566475870370628,0.1103321175137341,0.1163057399115938,0.2876920980097462,0.1817182863783089,0.3947964136558203,0.0268984397098342,0.112872081920875,10,1,1,1,1,0.0,12.175978671703088,0.2857142857142857,5,0.0020785849992535,0.0001707119448298,0.0,3.210742494573424,0.017,3.1937424945734243,11.336687549281717,33.09963525412023,12.175978671703088,7,7,1.0,6.608532865522491,0.6481924561931647,bos_scaling,pbqs,7,small,5,3,2,20,5,1.0,15.0,0.7,0.7,0.2,0.1,0.7,0.3,0.0025655709978309
controlled_bos,7,5.0,reference,4,PBQS,Sharable,PBQS-Sharable,3.756902307445116,15.027609229780465,1,5.0,downstream_reserved,1,queue_aware,1,1,1,0.0,18.78451153722558,18.78451153722558,5.0,20,5,7,7,1.0,0.0018939709989354,0,1,7,7.0,"{""7"":1}",0,0.0,0,4,3,0,0,0,0,0,0,0.0,0.0,0,0,0,0,0.0,0.0,0.015,17.890696594458507,39.921781182167805,39.921781182167805,0.0945465370799086,0.0445745802321585,0.1445184939276587,0.2095965055727869,0.1494896970505837,0.3160148108675393,0.2423357187317494,0.3760139798468399,0.0297523583250028,0.0520311207207546,6,1,1,1,1,0.0,17.890696594458507,0.5714285714285714,3,0.0018939709989354,0.0001058634575202,0.0,3.200742494573424,0.007,3.193742494573424,33.68403334422274,37.72737100310164,17.890696594458507,7,7,1.0,0.8938149427670723,0.952417450887888,bos_scaling,pbqs,7,small,5,3,2,20,5,1.0,15.0,0.7,0.7,0.2,0.1,0.7,0.3,0.0023089590031304
controlled_bos,7,5.0,reference,5,HDS,NonSharable,HDS-NonSharable,3.988773418401713,15.95509367360685,1,5.0,downstream_reserved,1,idle_only,1,1,1,0.0,19.943867092008563,19.943867092008563,5.0,20,5,7,5,0.7142857142857143,0.0156653890007874,0,3,7,3.333333333333333,"{""1"":1,""2"":1,""7"":1}",5,0.7142857142857143,0,2,5,1,7,5,5,78,344,0.0152597939995757,0.0,0,0,0,5,0.0,0.0,0.035,7.791889338941069,41.26231701174143,58.32425874856374,0.0247290108835041,0.0169876532226498,0.0324703685443584,0.0720649812071885,0.1492510296356264,0.3073543980215962,0.1430816022104988,0.3434041711405488,0.0441161410962883,0.1600510412981578,10,1,1,1,1,0.0,7.791889338941069,0.2857142857142857,5,0.0158067699994717,0.0020286183891851,0.0152597939995757,3.321985360939314,0.021,3.3009853609393143,0.5768953370652947,21.61949436215656,7.791889338941069,7,7,1.0,12.151977753067497,0.3906909980393547,bos_scaling,hds_full,7,small,5,3,2,20,5,1.0,15.0,0.7,0.7,0.2,0.1,0.7,0.3,0.016388605999964
controlled_bos,7,5.0,reference,5,HDS,Sharable,HDS-Sharable,3.988773418401713,15.95509367360685,1,5.0,downstream_reserved,1,idle_only,1,1,1,0.0,19.943867092008563,19.943867092008563,5.0,20,5,7,6,0.8571428571428571,4.365042999001162,0,2,7,4.0,"{""1"":1,""7"":1}",6,0.8571428571428571,1,0,7,1,7,5,5,183,549,4.364596252999036,0.0,0,0,0,6,1.4432899320127037e-15,1.3322676295501878e-15,0.025,11.471756871602814,41.26231701174143,49.29402452858523,0.0392639028647128,0.0291255413283484,0.0494022644010773,0.1114817684726375,0.1791140121931059,0.4244126020912897,0.1440410151104549,0.2541624005613393,0.0366687406595538,0.1013081518789716,8,1,1,1,1,0.0,11.471756871602814,0.0,4,4.365195215999847,0.3805167129025765,4.364596252999036,3.3119853609393144,0.011,3.3009853609393143,7.62082382703521,26.75562443343302,11.471756871602814,7,7,1.0,8.47211022040575,0.5752022322791905,bos_scaling,hds_full,7,small,5,3,2,20,5,1.0,15.0,0.7,0.7,0.2,0.1,0.7,0.3,4.365761850000126
controlled_bos,7,5.0,reference,5,PBQS,NonSharable,PBQS-NonSharable,3.988773418401713,15.95509367360685,1,5.0,downstream_reserved,1,queue_aware,1,1,1,0.0,19.943867092008563,19.943867092008563,5.0,20,5,7,5,0.7142857142857143,0.0015296479978132,0,2,7,4.5,"{""2"":1,""7"":1}",0,0.0,0,2,5,0,0,0,0,0,0,0.0,0.0,0,0,0,0,0.0,0.0,0.035,10.746785418559467,41.26231701174143,49.8095899947214,0.0276157231197989,0.0207739842053539,0.0344574620342439,0.086052834724235,0.1526061186289473,0.4329349665089588,0.1173306559365726,0.2489830396573234,0.0313522919977943,0.146667741281934,10,1,1,1,1,0.0,10.746785418559467,0.2857142857142857,5,0.0019767439953284,0.0001839381655387,0.0,3.317985360939314,0.017,3.3009853609393143,9.394747642760455,25.81585041727052,10.746785418559467,7,7,1.0,9.197081673449096,0.5388516363943112,bos_scaling,pbqs,7,small,5,3,2,20,5,1.0,15.0,0.7,0.7,0.2,0.1,0.7,0.3,0.0024359579983865
controlled_bos,7,5.0,reference,5,PBQS,Sharable,PBQS-Sharable,3.988773418401713,15.95509367360685,1,5.0,downstream_reserved,1,queue_aware,1,1,1,0.0,19.943867092008563,19.943867092008563,5.0,20,5,7,6,0.8571428571428571,0.001822804002586,0,2,7,4.0,"{""1"":1,""7"":1}",0,0.0,0,4,3,0,0,0,0,0,0,0.0,0.0,0,0,0,0,0.0,0.0,0.015,19.13195200766477,41.26231701174143,41.26231701174143,0.074252543581678,0.0543053777450038,0.0941997094183521,0.1635321131419276,0.1703079049850669,0.3461979515713921,0.1477105567387162,0.302103636800144,0.0287563039360964,0.0809199482285924,6,1,1,1,1,0.0,19.13195200766477,0.5714285714285714,3,0.0020924950003973,0.0001093717462577,0.0,3.3079853609393144,0.007,3.3009853609393143,40.69767216525857,29.43578036554698,19.13195200766477,7,7,1.0,0.8119150843437914,0.9592899872127044,bos_scaling,pbqs,7,small,5,3,2,20,5,1.0,15.0,0.7,0.7,0.2,0.1,0.7,0.3,0.0025088860020332
controlled_bos,8,5.0,reference,1,HDS,NonSharable,HDS-NonSharable,3.7231827591686497,14.8927310366746,1,5.0,downstream_reserved,1,idle_only,1,1,1,0.0,18.615913795843248,18.615913795843248,5.0,20,5,8,5,0.625,0.0145517499986453,0,4,8,3.5,"{""1"":1,""2"":1,""3"":1,""8"":1}",5,0.625,0,3,5,2,8,0,5,87,384,0.0140393270012282,0.0,0,0,0,5,2.220446049250313e-16,1.1102230246251563e-16,0.035,10.864449930367968,52.50572170448824,64.77568473139254,0.0240696146907144,0.0149183688320072,0.0332208605494216,0.096853866950652,0.1030631358183938,0.2706522621325535,0.1102246516062895,0.2876555062945872,0.0395659004194858,0.1476684551648424,10,1,1,1,1,0.0,10.864449930367968,0.375,5,0.0147941019931749,0.0013616982072716,0.0140393270012282,4.218457736359059,0.018,4.200457736359059,0.2956154519178746,29.056160085195614,10.864449930367968,8,8,1.0,7.75146386547528,0.5836108852627956,bos_scaling,hds_full,8,small,5,3,2,20,5,1.0,15.0,0.7,0.7,0.2,0.1,0.7,0.3,0.0156070619996171
controlled_bos,8,5.0,reference,1,HDS,Sharable,HDS-Sharable,3.7231827591686497,14.8927310366746,1,5.0,downstream_reserved,1,idle_only,1,1,1,0.0,18.615913795843248,18.615913795843248,5.0,20,5,8,7,0.875,0.4445071070003905,0,2,8,4.5,"{""1"":1,""8"":1}",7,0.875,1,0,8,1,8,5,5,227,659,0.4439169790020969,0.0,0,0,0,7,2.7755575615628914e-16,1.1102230246251563e-16,0.025,9.674928604967288,52.50572170448824,67.94498647353117,0.0324607967723532,0.020168589741105,0.0447530038036013,0.1155848521220588,0.1363295438286801,0.2170290334341335,0.1428085031562753,0.2452900382958677,0.055865681689519,0.1689146642649953,8,1,1,1,1,0.0,9.674928604967288,0.0,4,0.4446575709989702,0.0459597780153824,0.4439169790020969,4.220457736359059,0.02,4.200457736359059,9.723742771261778,27.740364509294118,9.674928604967288,8,8,1.0,8.94098519087596,0.5197127957869898,bos_scaling,hds_full,8,small,5,3,2,20,5,1.0,15.0,0.7,0.7,0.2,0.1,0.7,0.3,0.4454439719993388
controlled_bos,8,5.0,reference,1,PBQS,NonSharable,PBQS-NonSharable,3.7231827591686497,14.8927310366746,1,5.0,downstream_reserved,1,queue_aware,1,1,1,0.0,18.615913795843248,18.615913795843248,5.0,20,5,8,4,0.5,0.0024367589976463,0,3,8,4.333333333333333,"{""1"":1,""4"":1,""8"":1}",0,0.0,0,4,4,0,0,0,0,0,0,0.0,0.0,0,0,0,0,0.0,0.0,0.025,15.396456526130471,52.50572170448824,55.67502344662686,0.0390787959267785,0.0246158798452036,0.0535417120083534,0.140370500843444,0.1181634707254662,0.2081881190142609,0.1271994659831166,0.1761968204493809,0.0343083174943876,0.1299413549302096,8,1,1,1,1,0.0,15.396456526130471,0.5,4,0.0043082159936602,0.000279818670377,0.0,4.212457736359059,0.012,4.200457736359059,21.90548525458338,33.68892020242658,15.396456526130471,8,8,1.0,3.219457269712777,0.8270588645274212,bos_scaling,pbqs,8,small,5,3,2,20,5,1.0,15.0,0.7,0.7,0.2,0.1,0.7,0.3,0.0048343490016122
controlled_bos,8,5.0,reference,1,PBQS,Sharable,PBQS-Sharable,3.7231827591686497,14.8927310366746,1,5.0,downstream_reserved,1,queue_aware,1,1,1,0.0,18.615913795843248,18.615913795843248,5.0,20,5,8,6,0.75,0.0027699749989551,0,2,8,5.0,"{""2"":1,""8"":1}",0,0.0,0,5,3,0,0,0,0,0,0,0.0,0.0,0,0,0,0,0.0,0.0,0.015,18.11181600306353,52.50572170448824,52.50572170448824,0.0671924328690426,0.0422216774481813,0.0921631882899039,0.1944706432129338,0.139870052040192,0.1594805178563643,0.1526570084540086,0.2308134012232686,0.0386530146548949,0.0980509492889184,6,1,1,1,1,0.0,18.11181600306353,0.625,3,0.0046397890000662,0.0002561746982898,0.0,4.208457736359059,0.008,4.200457736359059,38.01145696180356,35.00471577832809,18.11181600306353,8,8,1.0,0.5040977927797137,0.9729211362757668,bos_scaling,pbqs,8,small,5,3,2,20,5,1.0,15.0,0.7,0.7,0.2,0.1,0.7,0.3,0.0052462519997789
controlled_bos,8,5.0,reference,2,HDS,NonSharable,HDS-NonSharable,3.913894632621464,15.655578530485856,1,5.0,downstream_reserved,1,idle_only,1,1,1,0.0,19.56947316310732,19.56947316310732,5.0,20,5,8,5,0.625,0.0127456010013702,0,4,8,3.5,"{""1"":1,""2"":1,""3"":1,""8"":1}",5,0.625,0,3,5,2,8,0,5,87,384,0.0123285589979786,0.0,0,0,0,5,1.6653345369377348e-16,1.6653345369377348e-16,0.035,8.452272990022161,52.19782501055718,78.9140753855737,0.0305361658634563,0.0213487790075715,0.0397235527193412,0.089339892255991,0.1617953142348705,0.2022320283519516,0.1413956422491413,0.2938504101963998,0.0519334386031608,0.2381772530793973,10,1,1,1,1,0.0,8.452272990022161,0.375,5,0.0130264200015517,0.0015411736011046,0.0123285589979786,4.203826000844575,0.028,4.175826000844575,0.2854560796583487,26.8019676767973,8.452272990022161,8,8,1.0,11.117200173085156,0.4319111158268951,bos_scaling,hds_full,8,small,5,3,2,20,5,1.0,15.0,0.7,0.7,0.2,0.1,0.7,0.3,0.0136228560004383
controlled_bos,8,5.0,reference,2,HDS,Sharable,HDS-Sharable,3.913894632621464,15.655578530485856,1,5.0,downstream_reserved,1,idle_only,1,1,1,0.0,19.56947316310732,19.56947316310732,5.0,20,5,8,6,0.75,4.794790681997256,0,3,8,3.6666666666666665,"{""1"":1,""2"":1,""8"":1}",7,0.875,1,0,8,2,8,2,5,227,659,4.794229867002287,0.0,0,0,0,7,1.054711873393899e-15,8.881784197001252e-16,0.035,11.293646850280089,52.19782501055718,69.32436483846193,0.0372634226896141,0.0259946327200826,0.0485322126591457,0.1110772345979985,0.172921622048728,0.4107777418012569,0.1631493438648816,0.3415547646280113,0.0381881811663063,0.179102795013548,10,1,1,1,1,0.0,11.293646850280089,0.0,5,4.800432842999726,0.4250560431576335,4.799549739000213,4.193826000844574,0.018,4.175826000844574,10.406304918874891,33.323170379399585,11.293646850280089,8,8,1.0,8.27582631282723,0.5771053086687613,bos_scaling,hds_full,8,small,5,3,2,20,5,1.0,15.0,0.7,0.7,0.2,0.1,0.7,0.3,4.801217332998931
controlled_bos,8,5.0,reference,2,PBQS,NonSharable,PBQS-NonSharable,3.913894632621464,15.655578530485856,1,5.0,downstream_reserved,1,queue_aware,1,1,1,0.0,19.56947316310732,19.56947316310732,5.0,20,5,8,4,0.5,0.0017260300010093,0,3,8,4.333333333333333,"{""1"":1,""4"":1,""8"":1}",0,0.0,0,4,4,0,0,0,0,0,0,0.0,0.0,0,0,0,0,0.0,0.0,0.025,15.567447469861357,52.19782501055718,57.15716578816035,0.0588054820415553,0.0428470645417115,0.0747638995413991,0.1546651850478787,0.2034556261651978,0.3220399449131681,0.1766938810297398,0.2477862153835584,0.0338486827659658,0.1257489407793277,8,1,1,1,1,0.0,15.567447469861357,0.5,4,0.0028185160008433,0.0001810519037433,0.0,4.187826000844575,0.012,4.175826000844575,18.95899163106945,37.11964441149091,15.567447469861357,8,8,1.0,4.002025693245962,0.7954965031562197,bos_scaling,pbqs,8,small,5,3,2,20,5,1.0,15.0,0.7,0.7,0.2,0.1,0.7,0.3,0.0032939750017249
controlled_bos,8,5.0,reference,2,PBQS,Sharable,PBQS-Sharable,3.913894632621464,15.655578530485856,1,5.0,downstream_reserved,1,queue_aware,1,1,1,0.0,19.56947316310732,19.56947316310732,5.0,20,5,8,6,0.75,0.0019849159980367,0,2,8,5.0,"{""2"":1,""8"":1}",0,0.0,0,5,3,0,0,0,0,0,0,0.0,0.0,0,0,0,0,0.0,0.0,0.015,17.5224438664821,52.19782501055718,52.19782501055718,0.100606390736414,0.0734671105852481,0.12774567088758,0.217647967066841,0.2515646030144691,0.3710772949407026,0.2187120789673734,0.262004360839764,0.039718831770496,0.0830703703519693,6,1,1,1,1,0.0,17.5224438664821,0.625,3,0.0025348549970658,0.0001446633252976,0.0,4.183826000844574,0.008,4.175826000844574,35.26142015722039,39.17663407203139,17.5224438664821,8,8,1.0,2.047029296625219,0.8953968111679005,bos_scaling,pbqs,8,small,5,3,2,20,5,1.0,15.0,0.7,0.7,0.2,0.1,0.7,0.3,0.0029808990002493
controlled_bos,8,5.0,reference,3,HDS,NonSharable,HDS-NonSharable,3.6465298593341817,14.586119437336723,1,4.999999999999999,downstream_reserved,1,idle_only,1,1,1,0.0,18.232649296670907,18.232649296670907,4.999999999999999,20,5,8,4,0.5,0.0161504009993223,0,4,8,3.75,"{""1"":1,""2"":1,""4"":1,""8"":1}",5,0.625,0,3,5,2,8,1,5,87,384,0.0158628030003455,4.608696839324137e-16,0,0,0,5,3.3306690738754696e-16,3.3306690738754696e-16,0.035,11.43994711796349,56.43812979420466,78.92180740224168,0.029834566111018,0.0172023883443956,0.0424667438776404,0.1034837874101023,0.1041781760498906,0.232382090542614,0.133245803864498,0.2653060200263103,0.0410396984880157,0.2042914317729084,10,1,1,1,1,0.0,11.43994711796349,0.375,5,0.0192112799995811,0.0016793154550002,0.0184933700002147,4.537050383536372,0.022,4.515050383536372,0.168512208611574,31.04513622303069,11.43994711796349,8,8,1.0,6.792702178707417,0.6274429421539033,bos_scaling,hds_full,8,small,5,3,2,20,5,1.0,15.0,0.7,0.7,0.2,0.1,0.7,0.3,0.0198816370029817
controlled_bos,8,5.0,reference,3,HDS,Sharable,HDS-Sharable,3.6465298593341817,14.586119437336723,1,4.999999999999999,downstream_reserved,1,idle_only,1,1,1,0.0,18.232649296670907,18.232649296670907,4.999999999999999,20,5,8,6,0.75,9.22297185899879,0,3,8,3.6666666666666665,"{""1"":1,""2"":1,""8"":1}",7,0.875,1,0,8,2,8,2,5,227,659,9.222481960998266,0.0,0,0,0,7,1.1102230246251563e-16,1.1102230246251563e-16,0.035,9.246271326921256,56.43812979420466,76.98652323011423,0.0285939416762704,0.0188798185723219,0.038308064780219,0.0907496473792539,0.1517529589998048,0.3886648736279994,0.1318003758652081,0.3214702506575931,0.0506089142917436,0.2130871741004706,10,1,1,1,1,0.0,9.246271326921256,0.0,5,9.227198133001366,0.9979372015761256,9.22643658999732,4.537050383536372,0.022,4.515050383536372,8.83021122040435,27.2248942137762,9.246271326921256,8,8,1.0,8.986377969749652,0.5071271418909773,bos_scaling,hds_full,8,small,5,3,2,20,5,1.0,15.0,0.7,0.7,0.2,0.1,0.7,0.3,9.227863453997998
controlled_bos,8,5.0,reference,3,PBQS,NonSharable,PBQS-NonSharable,3.6465298593341817,14.586119437336723,1,4.999999999999999,downstream_reserved,1,queue_aware,1,1,1,0.0,18.232649296670907,18.232649296670907,4.999999999999999,20,5,8,4,0.5,0.0016483549989061,0,3,8,4.333333333333333,"{""1"":1,""4"":1,""8"":1}",0,0.0,0,4,4,0,0,0,0,0,0,0.0,0.0,0,0,0,0,0.0,0.0,0.025,13.607659966859924,56.43812979420466,61.10614401966611,0.0481909793367019,0.0307801700606393,0.0656017886127644,0.1426189275184154,0.1648434781669544,0.264093965131414,0.1696758646933429,0.2701739525579056,0.0418183077438273,0.1498677070317305,8,1,1,1,1,0.0,13.607659966859924,0.5,4,0.0028214929989189,0.0002073459364644,0.0,4.5270503835363725,0.012,4.515050383536373,16.08405985914553,34.2285426044197,13.607659966859924,8,8,1.0,4.624989329810981,0.7463347616379888,bos_scaling,pbqs,8,small,5,3,2,20,5,1.0,15.0,0.7,0.7,0.2,0.1,0.7,0.3,0.003301125998405
controlled_bos,8,5.0,reference,3,PBQS,Sharable,PBQS-Sharable,3.6465298593341817,14.586119437336723,1,4.999999999999999,downstream_reserved,1,queue_aware,1,1,1,0.0,18.232649296670907,18.232649296670907,4.999999999999999,20,5,8,6,0.75,0.0019749210005102,0,2,8,5.0,"{""2"":1,""8"":1}",0,0.0,0,5,3,0,0,0,0,0,0,0.0,0.0,0,0,0,0,0.0,0.0,0.015,16.456354661675398,56.43812979420466,56.438129794204656,0.0862504372225588,0.0542060059187341,0.1182948685263836,0.2051211756802973,0.1976355287661823,0.2640707802987999,0.2156520158171048,0.2557851371400451,0.0457275267048389,0.0838618313620756,6,1,1,1,1,0.0,16.456354661675398,0.625,3,0.0024592820009274,0.0001494426956326,0.0,4.523050383536373,0.008,4.515050383536373,34.1885387253988,36.92181162245352,16.456354661675398,8,8,1.0,1.7762946349955089,0.902576163996099,bos_scaling,pbqs,8,small,5,3,2,20,5,1.0,15.0,0.7,0.7,0.2,0.1,0.7,0.3,0.0029138789977878
controlled_bos,8,5.0,reference,4,HDS,NonSharable,HDS-NonSharable,3.756902307445116,15.027609229780465,1,5.0,downstream_reserved,1,idle_only,1,1,1,0.0,18.78451153722558,18.78451153722558,5.0,20,5,8,5,0.625,0.0185023029989679,0,4,8,3.5,"{""1"":1,""2"":1,""3"":1,""8"":1}",5,0.625,0,3,5,2,8,0,5,87,384,0.0181232780014397,0.0,0,0,0,5,0.0,0.0,0.035,10.134239085349572,46.79208050384742,72.92502081475239,0.03136641274084,0.0139781854750125,0.0487546400066676,0.1060845004650313,0.0817562890319971,0.1240340974851395,0.1472156255164865,0.2354662568212709,0.0390007570327486,0.239937673720702,10,1,1,1,1,0.0,10.134239085349572,0.375,5,0.0187592359980044,0.0018510749391262,0.0181232780014397,3.771366440307793,0.028,3.743366440307793,0.3810222116551931,31.82535013950939,10.134239085349572,8,8,1.0,8.650272451876008,0.5394997397332575,bos_scaling,hds_full,8,small,5,3,2,20,5,1.0,15.0,0.7,0.7,0.2,0.1,0.7,0.3,0.0193943710000894
controlled_bos,8,5.0,reference,4,HDS,Sharable,HDS-Sharable,3.756902307445116,15.027609229780465,1,5.0,downstream_reserved,1,idle_only,1,1,1,0.0,18.78451153722558,18.78451153722558,5.0,20,5,8,7,0.875,15.055699111999274,0,2,8,4.5,"{""1"":1,""8"":1}",7,0.875,1,0,8,1,8,5,5,227,659,15.055112066998843,0.0174741582102061,1,0,1,7,1.2079226507921706e-13,1.1901590823981678e-13,0.025,10.186858756772326,46.79208050384742,59.48264394191904,0.048699264583227,0.0243084030178266,0.0730901261486274,0.1429190404740805,0.1540026606214173,0.249764902619128,0.2142078301659584,0.3526129234089815,0.0471795457217889,0.1326203142485148,8,1,1,1,1,0.0,10.186858756772326,0.0,4,15.055833873000664,1.477966292895874,15.055112066998843,3.763366440307793,0.02,3.743366440307793,13.418790569126475,34.300569713779325,10.186858756772326,8,8,1.0,8.597652780453254,0.5423009662287389,bos_scaling,hds_full,8,small,5,3,2,20,5,1.0,15.0,0.7,0.7,0.2,0.1,0.7,0.3,15.056470449999324
controlled_bos,8,5.0,reference,4,PBQS,NonSharable,PBQS-NonSharable,3.756902307445116,15.027609229780465,1,5.0,downstream_reserved,1,queue_aware,1,1,1,0.0,18.78451153722558,18.78451153722558,5.0,20,5,8,5,0.625,0.0018060900001728,0,2,8,5.5,"{""3"":1,""8"":1}",0,0.0,0,3,5,0,0,0,0,0,0,0.0,0.0,0,0,0,0,0.0,0.0,0.035,13.014185658820836,46.79208050384742,56.96780394346078,0.0409102387405428,0.0207110483366162,0.0611094291444695,0.1276400751981672,0.1288500521126881,0.3356549792307772,0.184413793581093,0.3902543401257373,0.0293892551412336,0.1170032481082571,10,1,1,1,1,0.0,13.014185658820836,0.375,5,0.0024734739999985,0.0001900598366154,0.0,3.7613664403077935,0.018,3.7433664403077938,16.499156910691532,38.29202255945016,13.014185658820836,8,8,1.0,5.770325878404744,0.692814696460454,bos_scaling,pbqs,8,small,5,3,2,20,5,1.0,15.0,0.7,0.7,0.2,0.1,0.7,0.3,0.0029473899994627
controlled_bos,8,5.0,reference,4,PBQS,Sharable,PBQS-Sharable,3.756902307445116,15.027609229780465,1,5.0,downstream_reserved,1,queue_aware,1,1,1,0.0,18.78451153722558,18.78451153722558,5.0,20,5,8,7,0.875,0.0020063579977431,0,2,8,4.5,"{""1"":1,""8"":1}",0,0.0,0,5,3,0,0,0,0,0,0,0.0,0.0,0,0,0,0,0.0,0.0,0.015,17.890696594458507,46.79208050384742,46.792080503847416,0.1033734402577589,0.0518174216705766,0.1549294588449412,0.2384431017135086,0.1737800025739409,0.3160148108675393,0.2597933367663212,0.3760139798468399,0.0348725609103008,0.0781070972450932,6,1,1,1,1,0.0,17.890696594458507,0.625,3,0.0023070959978213,0.000128955068107,0.0,3.751366440307793,0.008,3.743366440307793,42.72188684091622,42.91975830843156,17.890696594458507,8,8,1.0,0.8938149427670723,0.952417450887888,bos_scaling,pbqs,8,small,5,3,2,20,5,1.0,15.0,0.7,0.7,0.2,0.1,0.7,0.3,0.0027972460011369
controlled_bos,8,5.0,reference,5,HDS,NonSharable,HDS-NonSharable,3.988773418401713,15.95509367360685,1,5.0,downstream_reserved,1,idle_only,1,1,1,0.0,19.943867092008563,19.943867092008563,5.0,20,5,8,5,0.625,0.0141116640006657,0,4,8,3.5,"{""1"":1,""2"":1,""3"":1,""8"":1}",5,0.625,0,3,5,2,8,0,5,87,384,0.0137032970014843,0.0,0,0,0,5,0.0,0.0,0.035,6.551646730932413,45.61773971220221,62.78749831691064,0.0247272111545855,0.0170265500746823,0.0324278722344887,0.0789479875798918,0.1709766698769341,0.3852279292863056,0.1555469824018354,0.309788301055474,0.0577988618942969,0.1771993992453624,10,1,1,1,1,0.0,6.551646730932413,0.375,5,0.0143744750021141,0.0021940247379712,0.0137032970014843,3.673419176976177,0.024,3.649419176976177,0.5776342406343958,23.684396273967565,6.551646730932413,8,8,1.0,13.39222036107615,0.3285043317179763,bos_scaling,hds_full,8,small,5,3,2,20,5,1.0,15.0,0.7,0.7,0.2,0.1,0.7,0.3,0.0150518250011373
controlled_bos,8,5.0,reference,5,HDS,Sharable,HDS-Sharable,3.988773418401713,15.95509367360685,1,5.0,downstream_reserved,1,idle_only,1,1,1,0.0,19.943867092008563,19.943867092008563,5.0,20,5,8,7,0.875,15.057747836999624,0,2,8,4.5,"{""1"":1,""8"":1}",7,0.875,1,0,8,1,8,5,5,227,659,15.0571927710007,0.020272267700135,1,0,1,7,1.7763568394002505e-15,1.3322676295501878e-15,0.025,8.200836376910761,45.61773971220221,60.32745488405399,0.0356534419612844,0.0248412868235565,0.0464655970990123,0.1058571086643186,0.1845161257550671,0.2529755619845485,0.1638680598861661,0.2603720251012427,0.0574194009795932,0.1816954438925869,8,1,1,1,1,0.0,8.200836376910761,0.0,4,15.057882097000402,1.8361398039101808,15.0571927710007,3.669419176976177,0.02,3.649419176976177,10.03704991489772,25.405706079436467,8.200836376910761,8,8,1.0,11.743030715097802,0.4111958999263893,bos_scaling,hds_full,8,small,5,3,2,20,5,1.0,15.0,0.7,0.7,0.2,0.1,0.7,0.3,15.05849577099798
controlled_bos,8,5.0,reference,5,PBQS,NonSharable,PBQS-NonSharable,3.988773418401713,15.95509367360685,1,5.0,downstream_reserved,1,queue_aware,1,1,1,0.0,19.943867092008563,19.943867092008563,5.0,20,5,8,5,0.625,0.0017986579987336,0,2,8,5.5,"{""3"":1,""8"":1}",0,0.0,0,3,5,0,0,0,0,0,0,0.0,0.0,0,0,0,0,0.0,0.0,0.035,11.245382114023537,45.61773971220221,51.57674836066661,0.0308166988054812,0.0229724197395472,0.0386609778714152,0.0968606782327925,0.1662334191122522,0.4329562246145471,0.1313625564783003,0.2683032814286294,0.0328765284156368,0.1106652035254449,10,1,1,1,1,0.0,11.245382114023537,0.375,5,0.0024438489963358,0.0002173202272324,0.0,3.6674191769761766,0.018,3.649419176976177,11.911438752286587,29.05820346983775,11.245382114023537,8,8,1.0,8.698484977985029,0.56385163730506,bos_scaling,pbqs,8,small,5,3,2,20,5,1.0,15.0,0.7,0.7,0.2,0.1,0.7,0.3,0.0029112260017427
controlled_bos,8,5.0,reference,5,PBQS,Sharable,PBQS-Sharable,3.988773418401713,15.95509367360685,1,5.0,downstream_reserved,1,queue_aware,1,1,1,0.0,19.943867092008563,19.943867092008563,5.0,20,5,8,7,0.875,0.0020689709999714,0,2,8,4.5,"{""1"":1,""8"":1}",0,0.0,0,5,3,0,0,0,0,0,0,0.0,0.0,0,0,0,0,0.0,0.0,0.015,19.13195200766477,45.61773971220221,45.61773971220221,0.0790086910123824,0.0569536982858362,0.1010636837389287,0.183133943936687,0.1786133425267398,0.3461979515713921,0.1584736628522378,0.302103636800144,0.0317916608431985,0.0809199482285924,6,1,1,1,1,0.0,19.13195200766477,0.625,3,0.0023413169983541,0.0001223773192309,0.0,3.657419176976177,0.008,3.649419176976177,49.54890825514717,32.96410990860367,19.13195200766477,8,8,1.0,0.8119150843437914,0.9592899872127044,bos_scaling,pbqs,8,small,5,3,2,20,5,1.0,15.0,0.7,0.7,0.2,0.1,0.7,0.3,0.0027971559975412
controlled_bos,9,5.0,reference,1,HDS,NonSharable,HDS-NonSharable,3.7231827591686497,14.8927310366746,1,5.0,downstream_reserved,1,idle_only,1,1,1,0.0,18.615913795843248,18.615913795843248,5.0,20,5,9,5,0.5555555555555556,0.0154967769994982,0,5,9,3.8,"{""1"":1,""2"":1,""3"":1,""4"":1,""9"":1}",5,0.5555555555555556,0,4,5,3,9,0,5,96,424,0.01509550999981,0.0,0,0,0,5,2.220446049250313e-16,1.1102230246251563e-16,0.035,10.363972933345847,61.39084980532503,82.05914502328653,0.029177604478462,0.0200265903447607,0.0383286186121632,0.107371379454919,0.1467660756861317,0.2937820048867632,0.129171441599136,0.301546411345486,0.0489832844877064,0.2131174290251506,10,1,1,1,1,0.0,10.363972933345847,0.4444444444444444,5,0.0159074290022545,0.0015348775131467,0.01509550999981,4.934267984426002,0.023,4.9112679844260025,0.2956154519178746,32.211413836475714,10.363972933345847,9,9,1.0,8.2519408624974,0.5567265215667265,bos_scaling,hds_full,9,small,5,3,2,20,5,1.0,15.0,0.7,0.7,0.2,0.1,0.7,0.3,0.0166744419984752
controlled_bos,9,5.0,reference,1,HDS,Sharable,HDS-Sharable,3.7231827591686497,14.8927310366746,1,5.0,downstream_reserved,1,idle_only,1,1,1,0.0,18.615913795843248,18.615913795843248,5.0,20,5,9,7,0.7777777777777778,0.9893271910004842,0,3,9,4.0,"{""1"":1,""2"":1,""9"":1}",8,0.8888888888888888,1,0,9,2,9,2,5,276,779,0.988708441000199,0.0,0,0,0,8,2.334243909274392e-13,2.291500322826323e-13,0.035,9.674928604967288,61.39084980532503,86.51181686431148,0.0257133307249667,0.0176750291780303,0.0337516322719031,0.1037303048246513,0.1265934849697591,0.2504210246096752,0.1035998165372491,0.1787863190237447,0.0528400356181768,0.2282627239675797,10,1,1,1,1,0.0,9.674928604967288,0.0,5,0.9952156100007414,0.1028654216104271,0.9942654160004168,4.938267984426003,0.027,4.9112679844260025,9.723742771261778,31.1190914473954,9.674928604967288,9,9,1.0,8.94098519087596,0.5197127957869898,bos_scaling,hds_full,9,small,5,3,2,20,5,1.0,15.0,0.7,0.7,0.2,0.1,0.7,0.3,0.9961300819995812
controlled_bos,9,5.0,reference,1,PBQS,NonSharable,PBQS-NonSharable,3.7231827591686497,14.8927310366746,1,5.0,downstream_reserved,1,queue_aware,1,1,1,0.0,18.615913795843248,18.615913795843248,5.0,20,5,9,4,0.4444444444444444,0.0022125050018075,0,3,9,5.0,"{""1"":1,""5"":1,""9"":1}",0,0.0,0,5,4,0,0,0,0,0,0,0.0,0.0,0,0,0,0,0.0,0.0,0.025,15.396456526130471,61.39084980532503,71.31027830851285,0.0443327338210806,0.0313380532057797,0.0573274144363816,0.1569862937010507,0.1476114031448607,0.2081881190142609,0.1243196049535751,0.1883565801505717,0.0405176298518879,0.1509379256647561,8,1,1,1,1,0.0,15.396456526130471,0.5555555555555556,4,0.003566662002413,0.000231654731487,0.0,4.928267984426003,0.017,4.9112679844260025,18.843614066869428,37.676710488252176,15.396456526130471,9,9,1.0,3.219457269712777,0.8270588645274212,bos_scaling,pbqs,9,small,5,3,2,20,5,1.0,15.0,0.7,0.7,0.2,0.1,0.7,0.3,0.0043100980001327
controlled_bos,9,5.0,reference,1,PBQS,Sharable,PBQS-Sharable,3.7231827591686497,14.8927310366746,1,5.0,downstream_reserved,1,queue_aware,1,1,1,0.0,18.615913795843248,18.615913795843248,5.0,20,5,9,6,0.6666666666666666,0.0028288619978411,0,2,9,6.0,"{""3"":1,""9"":1}",0,0.0,0,6,3,0,0,0,0,0,0,0.0,0.0,0,0,0,0,0.0,0.0,0.015,18.11181600306353,61.39084980532503,61.39084980532503,0.0825973038563273,0.0556817081941889,0.1095128995184658,0.2323053646180465,0.184459829488453,0.2648301506547272,0.1813946754427201,0.2308134012232686,0.045193958680485,0.0980509492889184,6,1,1,1,1,0.0,18.11181600306353,0.6666666666666666,3,0.0039218599995365,0.0002165359894818,0.0,4.920267984426003,0.009,4.9112679844260025,38.93369287635026,41.81496563124838,18.11181600306353,9,9,1.0,0.5040977927797137,0.9729211362757668,bos_scaling,pbqs,9,small,5,3,2,20,5,1.0,15.0,0.7,0.7,0.2,0.1,0.7,0.3,0.004534692998277
controlled_bos,9,5.0,reference,2,HDS,NonSharable,HDS-NonSharable,3.913894632621464,15.655578530485856,1,5.0,downstream_reserved,1,idle_only,1,1,1,0.0,19.56947316310732,19.56947316310732,5.0,20,5,9,5,0.5555555555555556,0.016126766000525,0,5,9,3.8,"{""1"":1,""2"":1,""3"":1,""4"":1,""9"":1}",5,0.5555555555555556,0,4,5,3,9,0,5,96,424,0.0157344910003303,0.0,0,0,0,5,1.6653345369377348e-16,1.6653345369377348e-16,0.035,8.628168311485336,58.38360897957621,86.32630254600858,0.0338684719380901,0.0237127558355704,0.0440241880406098,0.1032462692647823,0.1785798844130904,0.3012113876807958,0.1535701235221,0.3034969241001306,0.0567238617770428,0.3065460668808194,10,1,1,1,1,0.0,8.628168311485336,0.4444444444444444,5,0.0164662009956373,0.0019084237118692,0.0157344910003303,4.6996887183660965,0.029,4.670688718366097,0.2653256473596768,30.97388077943471,8.628168311485336,9,9,1.0,10.941304851621982,0.4408993660468742,bos_scaling,hds_full,9,small,5,3,2,20,5,1.0,15.0,0.7,0.7,0.2,0.1,0.7,0.3,0.0171610860015789
controlled_bos,9,5.0,reference,2,HDS,Sharable,HDS-Sharable,3.913894632621464,15.655578530485856,1,5.0,downstream_reserved,1,idle_only,1,1,1,0.0,19.56947316310732,19.56947316310732,5.0,20,5,9,7,0.7777777777777778,3.720391116999963,0,3,9,4.0,"{""1"":1,""2"":1,""9"":1}",8,0.8888888888888888,1,0,9,2,9,2,5,276,779,3.719878413998231,0.0,0,0,0,8,1.3322676295501878e-15,8.881784197001252e-16,0.035,11.117751528816914,58.38360897957621,81.18377784817264,0.0365854050831455,0.0252908849402598,0.0478799252260313,0.1092377631027422,0.1564760250706663,0.3042949098064464,0.1446718387547834,0.3348231181589797,0.0436517227133183,0.1922794536093139,10,1,1,1,1,0.0,11.117751528816914,0.0,5,3.7253770519964746,0.3350836760778829,3.724585223000759,4.697688718366097,0.027,4.670688718366097,13.154257365898646,32.77132893082268,11.117751528816914,9,9,1.0,8.451721634290404,0.5681170584487821,bos_scaling,hds_full,9,small,5,3,2,20,5,1.0,15.0,0.7,0.7,0.2,0.1,0.7,0.3,3.726063324000279
controlled_bos,9,5.0,reference,2,PBQS,NonSharable,PBQS-NonSharable,3.913894632621464,15.655578530485856,1,5.0,downstream_reserved,1,queue_aware,1,1,1,0.0,19.56947316310732,19.56947316310732,5.0,20,5,9,4,0.4444444444444444,0.0018219529993075,0,3,9,5.0,"{""1"":1,""5"":1,""9"":1}",0,0.0,0,5,4,0,0,0,0,0,0,0.0,0.0,0,0,0,0,0.0,0.0,0.025,15.666739308903452,58.38360897957621,72.3062081568095,0.0594061382200788,0.0433077649159824,0.0755045115241751,0.1648054295486779,0.1955343784846742,0.3070922109028129,0.1638214138655977,0.2705114368388405,0.0381546330213899,0.140976485067554,8,1,1,1,1,0.0,15.666739308903452,0.5555555555555556,4,0.0031924739996611,0.0002037739913018,0.0,4.687688718366096,0.017,4.670688718366096,20.26242032549081,39.55330309168271,15.666739308903452,9,9,1.0,3.9027338542038654,0.8005703157322925,bos_scaling,pbqs,9,small,5,3,2,20,5,1.0,15.0,0.7,0.7,0.2,0.1,0.7,0.3,0.0037161239997658
controlled_bos,9,5.0,reference,2,PBQS,Sharable,PBQS-Sharable,3.913894632621464,15.655578530485856,1,5.0,downstream_reserved,1,queue_aware,1,1,1,0.0,19.56947316310732,19.56947316310732,5.0,20,5,9,6,0.6666666666666666,0.0022807070017734,0,2,9,6.0,"{""3"":1,""9"":1}",0,0.0,0,6,3,0,0,0,0,0,0,0.0,0.0,0,0,0,0,0.0,0.0,0.015,18.781213068957744,58.38360897957621,58.38360897957621,0.1109626444170615,0.0803883297511189,0.1415369590830041,0.2411471164234735,0.2568151358145901,0.3434089101192311,0.2260827752126535,0.3486345310839285,0.0414482343003886,0.0973120197267346,6,1,1,1,1,0.0,18.781213068957744,0.6666666666666666,3,0.0031017500004963,0.0001651517390867,0.0,4.679688718366096,0.009,4.670688718366096,45.8585401344015,43.40648095622524,18.781213068957744,9,9,1.0,0.7882600941495745,0.9597199123563728,bos_scaling,pbqs,9,small,5,3,2,20,5,1.0,15.0,0.7,0.7,0.2,0.1,0.7,0.3,0.0035873820015694
controlled_bos,9,5.0,reference,3,HDS,NonSharable,HDS-NonSharable,3.6465298593341817,14.586119437336723,1,4.999999999999999,downstream_reserved,1,idle_only,1,1,1,0.0,18.232649296670907,18.232649296670907,4.999999999999999,20,5,9,4,0.4444444444444444,0.011651802000415,0,5,9,4.0,"{""1"":1,""2"":1,""3"":1,""5"":1,""9"":1}",5,0.5555555555555556,0,4,5,3,9,0,5,96,424,0.0113596470000629,0.0,0,0,0,5,7.771561172376097e-16,4.440892098500626e-16,0.035,13.170184166733469,65.4158140842327,86.12978787097242,0.0336049137304598,0.0211005246648651,0.0461093027960545,0.1108445722160126,0.1100821316016228,0.2378771957177461,0.1152330119488372,0.2107609375375385,0.0409939363693166,0.1321751739465202,10,1,1,1,1,0.0,13.170184166733469,0.4444444444444444,5,0.0157003120002627,0.0011921102849814,0.0149353319975489,5.256265126738616,0.023,5.233265126738616,0.2294902399718683,33.25337166480378,13.170184166733469,9,9,1.0,5.062465129937438,0.7223406731756864,bos_scaling,hds_full,9,small,5,3,2,20,5,1.0,15.0,0.7,0.7,0.2,0.1,0.7,0.3,0.016363087001082
controlled_bos,9,5.0,reference,3,HDS,Sharable,HDS-Sharable,3.6465298593341817,14.586119437336723,1,4.999999999999999,downstream_reserved,1,idle_only,1,1,1,0.0,18.232649296670907,18.232649296670907,4.999999999999999,20,5,9,6,0.6666666666666666,9.47987307999938,0,3,9,4.333333333333333,"{""1"":1,""3"":1,""9"":1}",8,0.8888888888888888,1,0,9,2,9,2,5,276,779,9.479378112999257,0.0,0,0,0,8,2.203792703880936e-14,1.5099033134902132e-14,0.035,8.580625060336994,65.4158140842327,90.27387758470886,0.034702001609581,0.0229007955248445,0.0465032076943174,0.1082101483573523,0.1953978950516594,0.3800190821420209,0.180242346985287,0.3464084656085363,0.0633069222410364,0.3033491710334821,10,1,1,1,1,0.0,8.580625060336994,0.0,5,9.485425908998875,1.105446962464801,9.484585488000448,5.256265126738616,0.023,5.233265126738616,9.976144843718394,32.4630445072057,8.580625060336994,9,9,1.0,9.652024236333911,0.470618664392548,bos_scaling,hds_full,9,small,5,3,2,20,5,1.0,15.0,0.7,0.7,0.2,0.1,0.7,0.3,9.486104690000502
controlled_bos,9,5.0,reference,3,PBQS,NonSharable,PBQS-NonSharable,3.6465298593341817,14.586119437336723,1,4.999999999999999,downstream_reserved,1,queue_aware,1,1,1,0.0,18.232649296670907,18.232649296670907,4.999999999999999,20,5,9,4,0.4444444444444444,0.001854240999819,0,3,9,5.0,"{""1"":1,""5"":1,""9"":1}",0,0.0,0,5,4,0,0,0,0,0,0,0.0,0.0,0,0,0,0,0.0,0.0,0.025,14.035154044968207,65.4158140842327,75.68837527100617,0.0563868289680081,0.0372164953283163,0.0755571626077,0.1582726206682894,0.190648105070395,0.2608070810016497,0.1866168750387745,0.2865435500906586,0.0473404638025549,0.1798859876260493,8,1,1,1,1,0.0,14.035154044968207,0.5555555555555556,4,0.0034355950010649,0.0002447849870444,0.0,5.250265126738616,0.017,5.233265126738615,17.75171858388304,37.98542896038947,14.035154044968207,9,9,1.0,4.197495251702698,0.7697813859410373,bos_scaling,pbqs,9,small,5,3,2,20,5,1.0,15.0,0.7,0.7,0.2,0.1,0.7,0.3,0.0039845039973442
controlled_bos,9,5.0,reference,3,PBQS,Sharable,PBQS-Sharable,3.6465298593341817,14.586119437336723,1,4.999999999999999,downstream_reserved,1,queue_aware,1,1,1,0.0,18.232649296670907,18.232649296670907,4.999999999999999,20,5,9,6,0.6666666666666666,0.0023622780026926,0,2,9,6.0,"{""3"":1,""9"":1}",0,0.0,0,6,3,0,0,0,0,0,0,0.0,0.0,0,0,0,0,0.0,0.0,0.015,17.438405772916724,65.4158140842327,65.4158140842327,0.10289044025523,0.0671591200618359,0.138621760448624,0.233397634295805,0.2310731414432605,0.2698943764427668,0.2384766628103958,0.3230927580423998,0.0500166624067809,0.0933312836369635,6,1,1,1,1,0.0,17.438405772916724,0.6666666666666666,3,0.0032361590056098,0.0001855765399515,0.0,5.242265126738616,0.009,5.233265126738615,35.866712719751575,42.0115741732449,17.438405772916724,9,9,1.0,0.794243523754183,0.9564383918743392,bos_scaling,pbqs,9,small,5,3,2,20,5,1.0,15.0,0.7,0.7,0.2,0.1,0.7,0.3,0.0037294139983714
controlled_bos,9,5.0,reference,4,HDS,NonSharable,HDS-NonSharable,3.756902307445116,15.027609229780465,1,5.0,downstream_reserved,1,idle_only,1,1,1,0.0,18.78451153722558,18.78451153722558,5.0,20,5,9,5,0.5555555555555556,0.0163018160019419,0,5,9,3.8,"{""1"":1,""2"":1,""3"":1,""4"":1,""9"":1}",5,0.5555555555555556,0,4,5,3,9,0,5,96,424,0.0159623699983058,0.0,0,0,0,5,5.551115123125783e-17,5.551115123125783e-17,0.035,8.900550898436515,51.84216331095447,74.51950158270648,0.0299918243504761,0.0144695685098017,0.0455140801911504,0.1022458411842285,0.0950376147829142,0.1592211241549704,0.1359195575155655,0.2163555755321482,0.0486350993376238,0.258979343503204,10,1,1,1,1,0.0,8.900550898436515,0.4444444444444444,5,0.0166503460059175,0.0018707095994296,0.0159623699983058,4.1763730648763575,0.029,4.147373064876358,0.3823766274437014,30.67375235526857,8.900550898436515,9,9,1.0,9.883960638789064,0.4738239203504518,bos_scaling,hds_full,9,small,5,3,2,20,5,1.0,15.0,0.7,0.7,0.2,0.1,0.7,0.3,0.0173106680013006
controlled_bos,9,5.0,reference,4,HDS,Sharable,HDS-Sharable,3.756902307445116,15.027609229780465,1,5.0,downstream_reserved,1,idle_only,1,1,1,0.0,18.78451153722558,18.78451153722558,5.0,20,5,9,7,0.7777777777777778,15.05581652100227,0,3,9,4.0,"{""1"":1,""2"":1,""9"":1}",8,0.8888888888888888,1,0,9,2,9,2,5,276,779,15.05515380399811,0.0303966668023676,1,0,1,8,6.394884621840903e-14,6.394884621840903e-14,0.035,9.909752532693672,51.84216331095447,72.84544793960983,0.0317595222893119,0.0153813552581823,0.0481376893204416,0.1074079596290544,0.0969521947967471,0.1757944554569186,0.1415367544381968,0.2888740808910691,0.0435469940108846,0.1913805664042437,10,1,1,1,1,0.0,9.909752532693672,0.0,5,15.060730169003364,1.5197887252296047,15.05978029399921,4.174373064876357,0.027,4.147373064876357,12.441599424277086,32.22238788871633,9.909752532693672,9,9,1.0,8.874759004531906,0.5275491200852016,bos_scaling,hds_full,9,small,5,3,2,20,5,1.0,15.0,0.7,0.7,0.2,0.1,0.7,0.3,15.06142647500019
controlled_bos,9,5.0,reference,4,PBQS,NonSharable,PBQS-NonSharable,3.756902307445116,15.027609229780465,1,5.0,downstream_reserved,1,queue_aware,1,1,1,0.0,18.78451153722558,18.78451153722558,5.0,20,5,9,5,0.5555555555555556,0.001966108000488,0,2,9,6.5,"{""4"":1,""9"":1}",0,0.0,0,4,5,0,0,0,0,0,0,0.0,0.0,0,0,0,0,0.0,0.0,0.035,13.014185658820836,51.84216331095447,67.06796955767487,0.0415245398974879,0.0212415830333223,0.0618074967616535,0.1298471651865415,0.1305622189624484,0.3356549792307772,0.1849770028492399,0.3902543401257373,0.0328040464979576,0.1434278325763071,10,1,1,1,1,0.0,13.014185658820836,0.4444444444444444,5,0.0028112459986004,0.0002160139767711,0.0,4.170373064876357,0.023,4.147373064876358,18.1281615832865,38.95414955596246,13.014185658820836,9,9,1.0,5.770325878404744,0.692814696460454,bos_scaling,pbqs,9,small,5,3,2,20,5,1.0,15.0,0.7,0.7,0.2,0.1,0.7,0.3,0.0033345650008413
controlled_bos,9,5.0,reference,4,PBQS,Sharable,PBQS-Sharable,3.756902307445116,15.027609229780465,1,5.0,downstream_reserved,1,queue_aware,1,1,1,0.0,18.78451153722558,18.78451153722558,5.0,20,5,9,7,0.7777777777777778,0.0022999450011411,0,2,9,5.5,"{""2"":1,""9"":1}",0,0.0,0,6,3,0,0,0,0,0,0,0.0,0.0,0,0,0,0,0.0,0.0,0.015,17.890696594458507,51.84216331095447,51.84216331095447,0.1062401789901692,0.0542932502552052,0.1581871077251331,0.245800068341423,0.1820831848616408,0.3160148108675393,0.2652559226354499,0.3760139798468399,0.0386362174606528,0.0973290680838874,6,1,1,1,1,0.0,17.890696594458507,0.6666666666666666,3,0.0028240049978194,0.0001578476826158,0.0,4.156373064876357,0.009,4.147373064876357,52.98552933765109,44.24401230145615,17.890696594458507,9,9,1.0,0.8938149427670723,0.952417450887888,bos_scaling,pbqs,9,small,5,3,2,20,5,1.0,15.0,0.7,0.7,0.2,0.1,0.7,0.3,0.0033191129987244
controlled_bos,9,5.0,reference,5,HDS,NonSharable,HDS-NonSharable,3.988773418401713,15.95509367360685,1,5.0,downstream_reserved,1,idle_only,1,1,1,0.0,19.943867092008563,19.943867092008563,5.0,20,5,9,5,0.5555555555555556,0.0203171249995648,0,5,9,3.8,"{""1"":1,""2"":1,""3"":1,""4"":1,""9"":1}",5,0.5555555555555556,0,4,5,3,9,0,5,96,424,0.0198416769999312,0.0,0,0,0,5,0.0,0.0,0.035,6.846697396709855,53.36078208932878,78.15193546913254,0.024918517312536,0.0175205266440929,0.0323165079809792,0.0803551993686513,0.1673302750818977,0.2537849042918643,0.1422399887570824,0.2190343970369841,0.0652459358921195,0.363294079722093,10,1,1,1,1,0.0,6.846697396709855,0.4444444444444444,5,0.0207505710022815,0.0030307416554225,0.0198416769999312,4.297862567146302,0.029,4.268862567146302,0.5776342406343958,24.10655981059541,6.846697396709855,9,9,1.0,13.097169695298708,0.3432983866731293,bos_scaling,hds_full,9,small,5,3,2,20,5,1.0,15.0,0.7,0.7,0.2,0.1,0.7,0.3,0.0215620689996285
controlled_bos,9,5.0,reference,5,HDS,Sharable,HDS-Sharable,3.988773418401713,15.95509367360685,1,5.0,downstream_reserved,1,idle_only,1,1,1,0.0,19.943867092008563,19.943867092008563,5.0,20,5,9,7,0.7777777777777778,5.893688458996621,0,3,9,4.0,"{""1"":1,""2"":1,""9"":1}",8,0.8888888888888888,1,0,9,2,9,2,5,276,779,5.89296932799698,0.0,0,0,0,8,1.3322676295501878e-14,1.2878587085651816e-14,0.035,8.200836376910761,53.36078208932878,76.10220477802436,0.0227152588535296,0.0161492398658038,0.0292812778412553,0.07916410660981,0.1186315126916402,0.1706703752964065,0.091549777480656,0.1474260583519072,0.0542724393476128,0.2524803385988387,10,1,1,1,1,0.0,8.200836376910761,0.0,5,5.898633422995772,0.7192721756531101,5.897569407996343,4.295862567146302,0.027,4.268862567146302,8.587306729286839,23.74923198294301,8.200836376910761,9,9,1.0,11.743030715097802,0.4111958999263893,bos_scaling,hds_full,9,small,5,3,2,20,5,1.0,15.0,0.7,0.7,0.2,0.1,0.7,0.3,5.899324672001967
controlled_bos,9,5.0,reference,5,PBQS,NonSharable,PBQS-NonSharable,3.988773418401713,15.95509367360685,1,5.0,downstream_reserved,1,queue_aware,1,1,1,0.0,19.943867092008563,19.943867092008563,5.0,20,5,9,5,0.5555555555555556,0.0018512870010454,0,3,9,4.666666666666667,"{""1"":1,""4"":1,""9"":1}",0,0.0,0,4,5,0,0,0,0,0,0,0.0,0.0,0,0,0,0,0.0,0.0,0.035,12.321044570415165,53.36078208932878,59.319790737793184,0.0318420871754462,0.0238476585304206,0.0398365158204718,0.1002729510181941,0.1576877971155492,0.4249930634270872,0.1239014052915173,0.2566789054588994,0.0350338367146136,0.1446989832707096,10,1,1,1,1,0.0,12.321044570415165,0.4444444444444444,5,0.0028813700009777,0.0002338576071623,0.0,4.287862567146302,0.019,4.268862567146302,19.946616429673558,30.081885305458243,12.321044570415165,9,9,1.0,7.622822521593399,0.6177861351348537,bos_scaling,pbqs,9,small,5,3,2,20,5,1.0,15.0,0.7,0.7,0.2,0.1,0.7,0.3,0.0034693169982347
controlled_bos,9,5.0,reference,5,PBQS,Sharable,PBQS-Sharable,3.988773418401713,15.95509367360685,1,5.0,downstream_reserved,1,queue_aware,1,1,1,0.0,19.943867092008563,19.943867092008563,5.0,20,5,9,7,0.7777777777777778,0.002995019996888,0,2,9,5.5,"{""2"":1,""9"":1}",0,0.0,0,6,3,0,0,0,0,0,0,0.0,0.0,0,0,0,0,0.0,0.0,0.015,19.13195200766477,53.36078208932878,53.36078208932878,0.081401263875634,0.0589959221312075,0.1038066056200605,0.1888210652456897,0.1850179911832485,0.3461979515713921,0.1627747219601108,0.302103636800144,0.0371878987695216,0.0809199482285924,6,1,1,1,1,0.0,19.13195200766477,0.6666666666666666,3,0.0036975759976485,0.0001932670537834,0.0,4.277862567146302,0.009,4.268862567146302,58.05245994056271,33.98779174422416,19.13195200766477,9,9,1.0,0.8119150843437914,0.9592899872127044,bos_scaling,pbqs,9,small,5,3,2,20,5,1.0,15.0,0.7,0.7,0.2,0.1,0.7,0.3,0.0043551349990593
controlled_bos,10,5.0,reference,1,HDS,NonSharable,HDS-NonSharable,3.7231827591686497,14.8927310366746,1,5.0,downstream_reserved,1,idle_only,1,1,1,0.0,18.615913795843248,18.615913795843248,5.0,20,5,10,5,0.5,0.0170742259979306,0,6,10,4.166666666666667,"{""1"":1,""2"":1,""3"":1,""4"":1,""5"":1,""10"":1}",5,0.5,0,5,5,4,10,0,5,105,464,0.0166463890018349,0.0,0,0,0,5,1.1102230246251563e-16,1.1102230246251563e-16,0.035,9.937075370391788,68.85987613687662,98.10971263076782,0.0298707920345943,0.0215699522180836,0.0381716318511049,0.1128511922885794,0.1580217600197023,0.2959108028144119,0.1241859735756734,0.3145008696063631,0.0577915389472872,0.2778935777391778,10,1,1,1,1,0.0,9.937075370391788,0.5,5,0.0177125769951089,0.0017824738501918,0.0166463890018349,5.53879009095013,0.03,5.5087900909501295,0.2956154519178746,33.85535768657384,9.937075370391788,10,10,1.0,8.678838425451461,0.533794659739488,bos_scaling,hds_full,10,small,5,3,2,20,5,1.0,15.0,0.7,0.7,0.2,0.1,0.7,0.3,0.0184752329987532
controlled_bos,10,5.0,reference,1,HDS,Sharable,HDS-Sharable,3.7231827591686497,14.8927310366746,1,5.0,downstream_reserved,1,idle_only,1,1,1,0.0,18.615913795843248,18.615913795843248,5.0,20,5,10,7,0.7,2.7060511370000317,0,6,10,3.0,"{""1"":3,""2"":1,""3"":1,""10"":1}",9,0.9,0,1,9,3,10,1,5,330,909,2.705450952998945,0.0,0,0,0,9,2.7755575615628914e-16,1.1102230246251563e-16,0.035,12.605914239996128,68.85987613687662,92.88068218184928,0.0304815585309352,0.0217180820081154,0.0392450350537549,0.120648527374375,0.1260470651133226,0.2464943097708429,0.1041527405125457,0.2698312282735678,0.0452244591766448,0.1711135469643655,10,1,1,1,1,0.0,12.605914239996128,0.1,5,2.715169614999468,0.2153885520167002,2.714128455001628,5.53679009095013,0.028,5.50879009095013,9.291037891286264,36.19455821231253,12.605914239996128,10,10,1.0,6.00999955584712,0.6771579616366136,bos_scaling,hds_full,10,small,5,3,2,20,5,1.0,15.0,0.7,0.7,0.2,0.1,0.7,0.3,2.716070497001056
controlled_bos,10,5.0,reference,1,PBQS,NonSharable,PBQS-NonSharable,3.7231827591686497,14.8927310366746,1,5.0,downstream_reserved,1,queue_aware,1,1,1,0.0,18.615913795843248,18.615913795843248,5.0,20,5,10,4,0.4,0.0019615210003394,0,3,10,6.0,"{""2"":1,""6"":1,""10"":1}",0,0.0,0,6,4,0,0,0,0,0,0,0.0,0.0,0,0,0,0,0.0,0.0,0.025,15.494938894130389,68.85987613687662,78.46448242150176,0.0496934740886803,0.0365450301795104,0.0628419179978502,0.1746911424864401,0.1727590611027165,0.2540537331978108,0.1393705990873826,0.2376773296482787,0.045060091712777,0.1319604774467946,8,1,1,1,1,0.0,15.494938894130389,0.6,4,0.0038488110003527,0.0002483914926447,0.0,5.52679009095013,0.018,5.50879009095013,24.811306306184825,41.92587419674563,15.494938894130389,10,10,1.0,3.120974901712861,0.8323490892824319,bos_scaling,pbqs,10,small,5,3,2,20,5,1.0,15.0,0.7,0.7,0.2,0.1,0.7,0.3,0.0043915599999309
controlled_bos,10,5.0,reference,1,PBQS,Sharable,PBQS-Sharable,3.7231827591686497,14.8927310366746,1,5.0,downstream_reserved,1,queue_aware,1,1,1,0.0,18.615913795843248,18.615913795843248,5.0,20,5,10,6,0.6,0.0023834099993109,0,2,10,7.0,"{""4"":1,""10"":1}",0,0.0,0,7,3,0,0,0,0,0,0,0.0,0.0,0,0,0,0,0.0,0.0,0.015,18.11181600306353,68.85987613687662,68.85987613687662,0.0900823867292542,0.0637522133333775,0.1164125601251308,0.2575108465294755,0.2111954317201351,0.2648301506547272,0.1928231163105458,0.2308134012232686,0.0506924143702499,0.0980509492889184,6,1,1,1,1,0.0,18.11181600306353,0.7,3,0.003589865998947,0.0001982057458147,0.0,5.51879009095013,0.01,5.50879009095013,40.92284227763414,46.35195237530558,18.11181600306353,10,10,1.0,0.5040977927797137,0.9729211362757668,bos_scaling,pbqs,10,small,5,3,2,20,5,1.0,15.0,0.7,0.7,0.2,0.1,0.7,0.3,0.0041299699987575
controlled_bos,10,5.0,reference,2,HDS,NonSharable,HDS-NonSharable,3.913894632621464,15.655578530485856,1,5.0,downstream_reserved,1,idle_only,1,1,1,0.0,19.56947316310732,19.56947316310732,5.0,20,5,10,5,0.5,0.0354312029994616,0,6,10,4.166666666666667,"{""1"":1,""2"":1,""3"":1,""4"":1,""5"":1,""10"":1}",5,0.5,0,5,5,4,10,0,5,105,464,0.0350318679993506,0.0,0,0,0,5,1.6653345369377348e-16,1.6653345369377348e-16,0.035,12.09519584515746,65.20617230698258,91.62459407468498,0.0401027033007523,0.0299401913897476,0.0502652152117571,0.1218624514936252,0.1793624273193676,0.3365974870077661,0.1287469181236802,0.2234835972592704,0.0448760088566351,0.1972309811008415,10,1,1,1,1,0.0,12.09519584515746,0.5,5,0.0358913690033659,0.0029674070153841,0.0350318679993506,5.246493784558607,0.03,5.216493784558606,0.2653256473596768,36.55873544808759,12.09519584515746,10,10,1.0,7.474277317949857,0.618064459086181,bos_scaling,hds_full,10,small,5,3,2,20,5,1.0,15.0,0.7,0.7,0.2,0.1,0.7,0.3,0.0366619659980642
controlled_bos,10,5.0,reference,2,HDS,Sharable,HDS-Sharable,3.913894632621464,15.655578530485856,1,5.0,downstream_reserved,1,idle_only,1,1,1,0.0,19.56947316310732,19.56947316310732,5.0,20,5,10,7,0.7,15.085932283996954,0,6,10,3.0,"{""1"":3,""2"":1,""3"":1,""10"":1}",9,0.9,0,1,9,3,10,1,5,330,909,15.085401704000104,0.0412324036027648,1,0,1,9,2.7583491046812014e-13,1.4299672557172016e-13,0.035,10.221310494574118,65.20617230698258,96.78604587734743,0.0396927254206122,0.0278847926529546,0.0515006581882698,0.1141381820796141,0.1869078770152616,0.3199027415972931,0.1612341439793738,0.3027254789808107,0.053507158167485,0.2587663354591944,10,1,1,1,1,0.0,10.221310494574118,0.1,5,15.094684607996896,1.4767856446597294,15.093716376002703,5.248493784558606,0.032,5.216493784558606,13.055864105220191,34.24145462388425,10.221310494574118,10,10,1.0,9.3481626685332,0.522308925201088,bos_scaling,hds_full,10,small,5,3,2,20,5,1.0,15.0,0.7,0.7,0.2,0.1,0.7,0.3,15.095435815997917
controlled_bos,10,5.0,reference,2,PBQS,NonSharable,PBQS-NonSharable,3.913894632621464,15.655578530485856,1,5.0,downstream_reserved,1,queue_aware,1,1,1,0.0,19.56947316310732,19.56947316310732,5.0,20,5,10,4,0.4,0.002024084002187,0,3,10,6.0,"{""2"":1,""6"":1,""10"":1}",0,0.0,0,6,4,0,0,0,0,0,0,0.0,0.0,0,0,0,0,0.0,0.0,0.025,15.948310377481532,65.20617230698258,78.21451960340798,0.0672880777871575,0.0487574736658682,0.0858186819084469,0.1792928842965367,0.2182936730121443,0.3837260611502672,0.1856157968495136,0.3274395855370076,0.0417016006476339,0.1347382887778907,8,1,1,1,1,0.0,15.948310377481532,0.6,4,0.0037016729984316,0.0002321043992006,0.0,5.234493784558606,0.018,5.216493784558606,26.886856301954136,43.03029223116882,15.948310377481532,10,10,1.0,3.621162785625786,0.8149585962052132,bos_scaling,pbqs,10,small,5,3,2,20,5,1.0,15.0,0.7,0.7,0.2,0.1,0.7,0.3,0.0042339649990026
controlled_bos,10,5.0,reference,2,PBQS,Sharable,PBQS-Sharable,3.913894632621464,15.655578530485856,1,5.0,downstream_reserved,1,queue_aware,1,1,1,0.0,19.56947316310732,19.56947316310732,5.0,20,5,10,6,0.6,0.0023743460005789,0,2,10,7.0,"{""4"":1,""10"":1}",0,0.0,0,7,3,0,0,0,0,0,0,0.0,0.0,0,0,0,0,0.0,0.0,0.015,19.06374472672561,65.20617230698258,65.20617230698258,0.1236872018874445,0.0890578016343125,0.1583166021405764,0.2604663910572569,0.2802947781066174,0.3933145563041241,0.249137728830314,0.371064101470103,0.0456057109042657,0.0927333014012571,6,1,1,1,1,0.0,19.06374472672561,0.7,3,0.003393364000658,0.0001780009147888,0.0,5.226493784558606,0.01,5.216493784558606,49.575065205236925,46.88395039030625,19.06374472672561,10,10,1.0,0.505728436381709,0.9741572789330316,bos_scaling,pbqs,10,small,5,3,2,20,5,1.0,15.0,0.7,0.7,0.2,0.1,0.7,0.3,0.0039268670007004
controlled_bos,10,5.0,reference,3,HDS,NonSharable,HDS-NonSharable,3.6465298593341817,14.586119437336723,1,4.999999999999999,downstream_reserved,1,idle_only,1,1,1,0.0,18.232649296670907,18.232649296670907,4.999999999999999,20,5,10,4,0.4,0.0177356610001879,0,6,10,4.333333333333333,"{""1"":1,""2"":1,""3"":1,""4"":1,""6"":1,""10"":1}",5,0.5,0,5,5,4,10,0,5,105,464,0.0174245989983319,0.0,0,0,0,5,7.771561172376097e-16,4.440892098500626e-16,0.035,10.613695159594888,73.92999023241957,103.33103253803884,0.0383135836059443,0.0220216285963634,0.0546055386155251,0.1179208438291942,0.1403448636435076,0.2951739643508281,0.1679302119322654,0.3497303903277062,0.057940306976682,0.2787868579267152,10,1,1,1,1,0.0,10.613695159594888,0.5,5,0.0220060509964241,0.0020733637687465,0.0211477339980774,5.9423992185935655,0.028,5.914399218593566,0.2294902399718683,35.37625314875826,10.613695159594888,10,10,1.0,7.618954137076018,0.5821257781518805,bos_scaling,hds_full,10,small,5,3,2,20,5,1.0,15.0,0.7,0.7,0.2,0.1,0.7,0.3,0.0227950459993735
controlled_bos,10,5.0,reference,3,HDS,Sharable,HDS-Sharable,3.6465298593341817,14.586119437336723,1,4.999999999999999,downstream_reserved,1,idle_only,1,1,1,0.0,18.232649296670907,18.232649296670907,4.999999999999999,20,5,10,6,0.6,8.853405242000008,0,6,10,3.1666666666666665,"{""1"":3,""2"":1,""4"":1,""10"":1}",9,0.9,0,1,9,3,10,1,5,330,909,8.852931115998217,0.0,0,0,0,9,4.440892098500626e-16,4.440892098500626e-16,0.035,10.814241701532923,73.92999023241957,107.3022298810826,0.0380112541986737,0.0238089317403403,0.052213576657007,0.1177083396825817,0.1585666238461379,0.2800806300162587,0.1485588095702004,0.2661216298265086,0.0571595984849003,0.2787004569511133,10,1,1,1,1,0.0,10.814241701532923,0.1,5,8.862974183000915,0.8195650169114108,8.861975674997666,5.944399218593565,0.03,5.914399218593565,9.976144843718394,35.312501904774514,10.814241701532923,10,10,1.0,7.418407595137982,0.593125087066063,bos_scaling,hds_full,10,small,5,3,2,20,5,1.0,15.0,0.7,0.7,0.2,0.1,0.7,0.3,8.863758689996757
controlled_bos,10,5.0,reference,3,PBQS,NonSharable,PBQS-NonSharable,3.6465298593341817,14.586119437336723,1,4.999999999999999,downstream_reserved,1,queue_aware,1,1,1,0.0,18.232649296670907,18.232649296670907,4.999999999999999,20,5,10,4,0.4,0.0020284809979784,0,3,10,6.333333333333333,"{""3"":1,""6"":1,""10"":1}",0,0.0,0,6,4,0,0,0,0,0,0,0.0,0.0,0,0,0,0,0.0,0.0,0.025,16.723103457535732,73.92999023241957,78.59800445788102,0.0674408884057641,0.0410948199498887,0.0937869568616395,0.1875717497931196,0.1803931159072463,0.3028239306365066,0.2012685796753864,0.2954130283299696,0.0444874313215117,0.1175828341486414,8,1,1,1,1,0.0,16.723103457535732,0.6,4,0.0038222939983825,0.0002285636758803,0.0,5.928399218593565,0.014,5.914399218593565,26.688381087459096,45.01721995034872,16.723103457535732,10,10,1.0,1.5095458391351748,0.9172064457242204,bos_scaling,pbqs,10,small,5,3,2,20,5,1.0,15.0,0.7,0.7,0.2,0.1,0.7,0.3,0.0043490360003488
controlled_bos,10,5.0,reference,3,PBQS,Sharable,PBQS-Sharable,3.6465298593341817,14.586119437336723,1,4.999999999999999,downstream_reserved,1,queue_aware,1,1,1,0.0,18.232649296670907,18.232649296670907,4.999999999999999,20,5,10,5,0.5,0.0023374810007226,0,3,10,5.333333333333333,"{""1"":1,""5"":1,""10"":1}",0,0.0,0,7,3,0,0,0,0,0,0,0.0,0.0,0,0,0,0,0.0,0.0,0.015,18.05317149606522,73.92999023241957,73.92999023241957,0.1183336190043292,0.071397089067483,0.1652701489411755,0.2650582720465696,0.2372893507926108,0.2899619901865294,0.2746389723997198,0.321540097087223,0.0546016639410849,0.1146479539611775,6,1,1,1,1,0.0,18.05317149606522,0.7,3,0.0038018820014258,0.0002105935792087,0.0,5.924399218593566,0.01,5.914399218593566,40.980883510972376,47.710488968382535,18.05317149606522,10,10,1.0,0.1794778006056852,0.9901562412743574,bos_scaling,pbqs,10,small,5,3,2,20,5,1.0,15.0,0.7,0.7,0.2,0.1,0.7,0.3,0.0043308790009177
controlled_bos,10,5.0,reference,4,HDS,NonSharable,HDS-NonSharable,4.039905132074078,16.159620528296312,1,5.0,downstream_reserved,1,idle_only,1,1,1,0.0,20.19952566037039,20.19952566037039,5.0,20,5,10,5,0.5,0.0168122969989781,0,6,10,4.166666666666667,"{""1"":1,""2"":1,""3"":1,""4"":1,""5"":1,""10"":1}",5,0.5,0,5,5,4,10,0,5,105,464,0.0164608829982171,0.0,0,0,0,5,5.551115123125783e-17,5.551115123125783e-17,0.035,10.44530423112906,57.895797369915,79.75647037894794,0.035122523756176,0.0174283761229169,0.0528166713894352,0.1242014068917864,0.105361047311949,0.1667811211286661,0.1366148981542222,0.2740629273591196,0.0460163635956241,0.2110325818267963,10,1,1,1,1,0.0,10.44530423112906,0.5,5,0.0172615250012313,0.0016525631632431,0.0164608829982171,4.6616637895932,0.03,4.631663789593199,0.3823766274437014,37.26042206753593,10.44530423112906,10,10,1.0,9.75422142924133,0.5171064116432094,bos_scaling,hds_full,10,small,5,3,2,20,5,1.0,15.0,0.7,0.7,0.2,0.1,0.7,0.3,0.0179267760031507
controlled_bos,10,5.0,reference,4,HDS,Sharable,HDS-Sharable,4.039905132074078,16.159620528296312,1,5.0,downstream_reserved,1,idle_only,1,1,1,0.0,20.19952566037039,20.19952566037039,5.0,20,5,10,7,0.7,15.059201182000834,0,6,10,3.0,"{""1"":3,""2"":1,""3"":1,""10"":1}",9,0.9,0,1,9,3,10,1,5,330,909,15.05862999099918,0.0357767936732211,1,0,1,9,5.119504820072507e-11,3.440270290866465e-11,0.035,12.135804804523596,57.895797369915,87.94269174843468,0.0394580460470491,0.0192441154810627,0.0596719766130354,0.1292986136959044,0.1095363162000235,0.2259465979964866,0.1591035072466279,0.4185006695776642,0.0401459896817499,0.2061000198151265,10,1,1,1,1,0.0,12.135804804523596,0.1,5,15.068057419997784,1.2416199553886365,15.067055917996186,4.6656637895932,0.034,4.6316637895932,12.574155370765116,38.78958410877133,12.135804804523596,10,10,1.0,8.063720855846796,0.600796524065559,bos_scaling,hds_full,10,small,5,3,2,20,5,1.0,15.0,0.7,0.7,0.2,0.1,0.7,0.3,15.068824181002128
controlled_bos,10,5.0,reference,4,PBQS,NonSharable,PBQS-NonSharable,4.039905132074078,16.159620528296312,1,5.0,downstream_reserved,1,queue_aware,1,1,1,0.0,20.19952566037039,20.19952566037039,5.0,20,5,10,5,0.5,0.0020292509980208,0,3,10,5.333333333333333,"{""1"":1,""5"":1,""10"":1}",0,0.0,0,5,5,0,0,0,0,0,0,0.0,0.0,0,0,0,0,0.0,0.0,0.035,17.358642240504857,57.895797369915,70.25398653533121,0.0471322534030053,0.024355511412183,0.0699089953938276,0.155521638267678,0.1136809672317914,0.2516484962645292,0.1545783334244445,0.2925829316711147,0.0272517241692916,0.1320855420905939,10,1,1,1,1,0.0,17.358642240504857,0.5,5,0.0032584910004516,0.0001877157761134,0.0,4.655663789593199,0.024,4.631663789593199,29.87319454787833,46.65649148030342,17.358642240504857,10,10,1.0,2.840883419865534,0.8593589043806565,bos_scaling,pbqs,10,small,5,3,2,20,5,1.0,15.0,0.7,0.7,0.2,0.1,0.7,0.3,0.0038051560004532
controlled_bos,10,5.0,reference,4,PBQS,Sharable,PBQS-Sharable,4.039905132074078,16.159620528296312,1,5.0,downstream_reserved,1,queue_aware,1,1,1,0.0,20.19952566037039,20.19952566037039,5.0,20,5,10,7,0.7,0.0024958769972727,0,2,10,6.5,"{""3"":1,""10"":1}",0,0.0,0,7,3,0,0,0,0,0,0,0.0,0.0,0,0,0,0,0.0,0.0,0.015,20.095095368246447,57.895797369915,57.895797369915,0.1213565397055853,0.060858177677991,0.1818549017331797,0.2901386912258941,0.1817105414911053,0.2476915571914605,0.2714914735172747,0.3222884336404221,0.0384145459768256,0.0707005368833302,6,1,1,1,1,0.0,20.095095368246447,0.7,3,0.0032625889980408,0.0001623574776955,0.0,4.6416637895932,0.01,4.6316637895932,59.91303392294249,52.22496442066093,20.095095368246447,10,10,1.0,0.1044302921239435,0.9948300621569136,bos_scaling,pbqs,10,small,5,3,2,20,5,1.0,15.0,0.7,0.7,0.2,0.1,0.7,0.3,0.0037736400008725
controlled_bos,10,5.0,reference,5,HDS,NonSharable,HDS-NonSharable,3.988773418401713,15.95509367360685,1,5.0,downstream_reserved,1,idle_only,1,1,1,0.0,19.943867092008563,19.943867092008563,5.0,20,5,10,5,0.5,0.018373511997197,0,6,10,4.166666666666667,"{""1"":1,""2"":1,""3"":1,""4"":1,""5"":1,""10"":1}",5,0.5,0,5,5,4,10,0,5,105,464,0.0180046220011718,0.0,0,0,0,5,0.0,0.0,0.035,8.382566396375442,61.329923601518594,86.12107698132236,0.028769241886035,0.0196076378695111,0.0379308459025589,0.0910570385050684,0.1575862378257197,0.2072859744112122,0.1443085919320075,0.3000400501187928,0.0608969004691351,0.2967306803497405,10,1,1,1,1,0.0,8.382566396375442,0.5,5,0.018828199001291,0.0022461139120153,0.0180046220011718,4.936393888121487,0.03,4.906393888121487,0.5776342406343958,27.31711155152052,8.382566396375442,10,10,1.0,11.561300695633122,0.42030797526395,bos_scaling,hds_full,10,small,5,3,2,20,5,1.0,15.0,0.7,0.7,0.2,0.1,0.7,0.3,0.019519098001183
controlled_bos,10,5.0,reference,5,HDS,Sharable,HDS-Sharable,3.988773418401713,15.95509367360685,1,5.0,downstream_reserved,1,idle_only,1,1,1,0.0,19.943867092008563,19.943867092008563,5.0,20,5,10,7,0.7,7.300529219999589,0,4,10,4.0,"{""1"":1,""2"":1,""3"":1,""10"":1}",9,0.9,0,1,9,3,10,1,5,330,909,7.299978180002654,0.0,0,0,0,9,1.2900791546144322e-13,1.2878587085651816e-13,0.035,10.454302281464525,61.329923601518594,85.25466327950991,0.0312980193122504,0.0224840694506167,0.040111969173884,0.1056539446056816,0.1610253305888327,0.3653070474021964,0.1310454659713533,0.237587700646912,0.0487626210558671,0.2568627744626783,10,1,1,1,1,0.0,10.454302281464525,0.1,5,7.3096290420035075,0.6991981717386802,7.308651345996623,4.930393888121487,0.024,4.906393888121487,11.007387449181698,31.696183381704486,10.454302281464525,10,10,1.0,9.48956481054404,0.5241863191945119,bos_scaling,hds_full,10,small,5,3,2,20,5,1.0,15.0,0.7,0.7,0.2,0.1,0.7,0.3,7.310347241000272
controlled_bos,10,5.0,reference,5,PBQS,NonSharable,PBQS-NonSharable,3.988773418401713,15.95509367360685,1,5.0,downstream_reserved,1,queue_aware,1,1,1,0.0,19.943867092008563,19.943867092008563,5.0,20,5,10,5,0.5,0.0019938990008085,0,3,10,5.666666666666667,"{""2"":1,""5"":1,""10"":1}",0,0.0,0,5,5,0,0,0,0,0,0,0.0,0.0,0,0,0,0,0.0,0.0,0.035,12.69870854988682,61.329923601518594,67.28893224998299,0.0356928117489452,0.0259347697558389,0.0454508537420514,0.1109747901546111,0.1668040266524014,0.3697712247919389,0.1387855247418773,0.2779692354679314,0.0390123604919915,0.151876091047593,10,1,1,1,1,0.0,12.69870854988682,0.5,5,0.0033439399994676,0.0002633291398358,0.0,4.926393888121488,0.02,4.906393888121488,25.744025814082597,33.292437046383355,12.69870854988682,10,10,1.0,7.245158542121743,0.6367224817184601,bos_scaling,pbqs,10,small,5,3,2,20,5,1.0,15.0,0.7,0.7,0.2,0.1,0.7,0.3,0.0038760119969083
controlled_bos,10,5.0,reference,5,PBQS,Sharable,PBQS-Sharable,3.988773418401713,15.95509367360685,1,5.0,downstream_reserved,1,queue_aware,1,1,1,0.0,19.943867092008563,19.943867092008563,5.0,20,5,10,7,0.7,0.0024549260015191,0,2,10,6.5,"{""3"":1,""10"":1}",0,0.0,0,7,3,0,0,0,0,0,0,0.0,0.0,0,0,0,0,0.0,0.0,0.015,19.13195200766477,61.329923601518594,61.329923601518594,0.090386287880465,0.0638658483238501,0.1169067274370798,0.2066574638063848,0.2002906393396674,0.3461979515713921,0.1833164656542791,0.302103636800144,0.0427417084445596,0.0809199482285924,6,1,1,1,1,0.0,19.13195200766477,0.7,3,0.0031622489987057,0.0001652862707077,0.0,4.916393888121488,0.01,4.906393888121488,56.407148830349705,37.19834348514927,19.13195200766477,10,10,1.0,0.8119150843437914,0.9592899872127044,bos_scaling,pbqs,10,small,5,3,2,20,5,1.0,15.0,0.7,0.7,0.2,0.1,0.7,0.3,0.0036714180023409
controlled_bos,11,5.0,reference,1,HDS,NonSharable,HDS-NonSharable,3.7231827591686497,14.8927310366746,1,5.0,downstream_reserved,1,idle_only,1,1,1,0.0,18.615913795843248,18.615913795843248,5.0,20,5,11,5,0.4545454545454545,0.0241785059988615,0,7,11,4.571428571428571,"{""1"":1,""2"":1,""3"":1,""4"":1,""5"":1,""6"":1,""11"":1}",5,0.4545454545454545,0,6,5,5,11,0,5,114,504,0.0238171080018219,0.0,0,0,0,5,0.0,0.0,0.035,13.31558637761631,73.41682437747278,100.17215928359302,0.0325431579757421,0.0234675154032332,0.0416188005482509,0.1281230324031712,0.1308587352749629,0.2450927047844544,0.1025717679912456,0.1737459532213784,0.0457162640593866,0.1973121123271507,10,1,1,1,1,0.0,13.31558637761631,0.5454545454545454,5,0.0247277149974252,0.0018570503991467,0.0238171080018219,5.904345950197822,0.031,5.873345950197822,0.4678983994735542,38.43690972095138,13.31558637761631,11,11,1.0,5.300327418226939,0.7152797613722056,bos_scaling,hds_full,11,small,5,3,2,20,5,1.0,15.0,0.7,0.7,0.2,0.1,0.7,0.3,0.0255017660019802
controlled_bos,11,5.0,reference,1,HDS,Sharable,HDS-Sharable,3.7231827591686497,14.8927310366746,1,5.0,downstream_reserved,1,idle_only,1,1,1,0.0,18.615913795843248,18.615913795843248,5.0,20,5,11,7,0.6363636363636364,12.907338731998609,0,7,11,3.571428571428572,"{""1"":1,""2"":3,""3"":1,""4"":1,""11"":1}",9,0.8181818181818182,0,2,9,5,11,0,5,389,1049,12.906795331997271,0.0,0,0,0,9,2.280398092580072e-13,2.2648549702353198e-13,0.035,10.838491254571588,73.41682437747278,108.15460011576894,0.0300730762701334,0.0201727779061068,0.0399733746341601,0.117635949463033,0.1224638962200218,0.1957610109276944,0.1148558782461074,0.2261112662580041,0.0567537308618452,0.3034465654649834,10,1,1,1,1,0.0,10.838491254571588,0.1818181818181818,5,12.919183150996105,1.1919724662366542,12.917984945997889,5.904345950197822,0.031,5.873345950197822,10.761556465656646,35.29078483890992,10.838491254571588,11,11,1.0,7.77742254127166,0.582216450582819,bos_scaling,hds_full,11,small,5,3,2,20,5,1.0,15.0,0.7,0.7,0.2,0.1,0.7,0.3,12.920098742997652
controlled_bos,11,5.0,reference,1,PBQS,NonSharable,PBQS-NonSharable,3.7231827591686497,14.8927310366746,1,5.0,downstream_reserved,1,queue_aware,1,1,1,0.0,18.615913795843248,18.615913795843248,5.0,20,5,11,4,0.3636363636363636,0.0022467759990831,0,3,11,7.0,"{""3"":1,""7"":1,""11"":1}",0,0.0,0,7,4,0,0,0,0,0,0,0.0,0.0,0,0,0,0,0.0,0.0,0.025,15.76384052231582,73.41682437747278,83.02143066209793,0.0535110023776875,0.0387752404457502,0.0682467643096249,0.1839038583658291,0.180422839290694,0.2786870921026373,0.1498505805006622,0.2376443922170367,0.0471822110231604,0.1254205518248502,8,1,1,1,1,0.0,15.76384052231582,0.6363636363636364,4,0.0043232379975961,0.0002742503003297,0.0,5.892345950197822,0.019,5.873345950197822,29.28370662888878,44.13692600779899,15.76384052231582,11,11,1.0,2.852073273527429,0.8467938074485353,bos_scaling,pbqs,11,small,5,3,2,20,5,1.0,15.0,0.7,0.7,0.2,0.1,0.7,0.3,0.0049138079994008
controlled_bos,11,5.0,reference,1,PBQS,Sharable,PBQS-Sharable,3.7231827591686497,14.8927310366746,1,5.0,downstream_reserved,1,queue_aware,1,1,1,0.0,18.615913795843248,18.615913795843248,5.0,20,5,11,6,0.5454545454545454,0.0027147929977218,0,3,11,5.666666666666667,"{""1"":1,""5"":1,""11"":1}",0,0.0,0,8,3,0,0,0,0,0,0,0.0,0.0,0,0,0,0,0.0,0.0,0.015,18.48080047333,73.41682437747278,73.41682437747278,0.0964449338775996,0.0674692304437773,0.1254206373114219,0.2697944677019941,0.2190464548583059,0.2641419900637228,0.2035961118011402,0.2328099462019657,0.0529679974150629,0.1098631200027465,6,1,1,1,1,0.0,18.48080047333,0.7272727272727273,3,0.0042246609955327,0.000228597294886,0.0,5.884345950197822,0.011,5.873345950197822,45.15100413990423,48.56300418635894,18.48080047333,11,11,1.0,0.1351133225132521,0.9927420526333002,bos_scaling,pbqs,11,small,5,3,2,20,5,1.0,15.0,0.7,0.7,0.2,0.1,0.7,0.3,0.0047988860023906
controlled_bos,11,5.0,reference,2,HDS,NonSharable,HDS-NonSharable,3.913894632621464,15.655578530485856,1,5.0,downstream_reserved,1,idle_only,1,1,1,0.0,19.56947316310732,19.56947316310732,5.0,20,5,11,5,0.4545454545454545,0.0270900770010484,0,7,11,4.571428571428571,"{""1"":1,""2"":1,""3"":1,""4"":1,""5"":1,""6"":1,""11"":1}",5,0.4545454545454545,0,6,5,5,11,0,5,114,504,0.0265143500000704,0.0,0,0,0,5,1.6653345369377348e-16,1.6653345369377348e-16,0.035,12.09519584515746,71.51870617591312,104.24966181254608,0.042550522804254,0.0319290442176182,0.0531720013908897,0.1319731359554655,0.1862686254363673,0.3365974870077661,0.1312703377748893,0.2234835972592704,0.0494687660767531,0.2362349065733021,10,1,1,1,1,0.0,12.09519584515746,0.5454545454545454,5,0.0278006440057652,0.0022984864703034,0.0265143500000704,5.75649649407305,0.035,5.72149649407305,0.2653256473596768,39.59194078663965,12.09519584515746,11,11,1.0,7.474277317949857,0.618064459086181,bos_scaling,hds_full,11,small,5,3,2,20,5,1.0,15.0,0.7,0.7,0.2,0.1,0.7,0.3,0.0287060130031022
controlled_bos,11,5.0,reference,2,HDS,Sharable,HDS-Sharable,3.913894632621464,15.655578530485856,1,5.0,downstream_reserved,1,idle_only,1,1,1,0.0,19.56947316310732,19.56947316310732,5.0,20,5,11,7,0.6363636363636364,15.0630481900007,0,7,11,3.4285714285714284,"{""1"":2,""2"":2,""3"":1,""4"":1,""11"":1}",9,0.8181818181818182,0,2,9,4,11,0,5,389,1049,15.062539252001445,0.0186386475518394,1,0,1,9,0.0,0.0,0.035,11.752312494028192,71.51870617591312,104.322780110041,0.0441123266543972,0.0310686775041663,0.0571559758046282,0.1391038085809749,0.1824789206086823,0.3797635182062609,0.1600163852358947,0.3293290960113187,0.0509170351672212,0.2671486085691283,10,1,1,1,1,0.0,11.752312494028192,0.1818181818181818,5,15.07381383200118,1.2826253420048837,15.07264731500618,5.75249649407305,0.031,5.72149649407305,17.886358046993255,41.73114257429249,11.752312494028192,11,11,1.0,7.817160669079126,0.6005431212212621,bos_scaling,hds_full,11,small,5,3,2,20,5,1.0,15.0,0.7,0.7,0.2,0.1,0.7,0.3,15.07458556200072
controlled_bos,11,5.0,reference,2,PBQS,NonSharable,PBQS-NonSharable,3.913894632621464,15.655578530485856,1,5.0,downstream_reserved,1,queue_aware,1,1,1,0.0,19.56947316310732,19.56947316310732,5.0,20,5,11,4,0.3636363636363636,0.0021018799998273,0,3,11,6.666666666666667,"{""2"":1,""7"":1,""11"":1}",0,0.0,0,6,5,0,0,0,0,0,0,0.0,0.0,0,0,0,0,0.0,0.0,0.035,16.064177940594398,71.51870617591312,86.60881927676058,0.0499344726700926,0.0369791445428648,0.0628898007973204,0.1551250590622553,0.1798578275294742,0.4124506533635988,0.1433001245960262,0.2669001269156294,0.0363679823548048,0.1510323685983415,10,1,1,1,1,0.0,16.064177940594398,0.5454545454545454,5,0.0044302280002739,0.0002757830507516,0.0,5.74649649407305,0.025,5.721496494073049,23.995011086793248,46.53751771867661,16.064177940594398,11,11,1.0,3.5052952225129204,0.8208794282146973,bos_scaling,pbqs,11,small,5,3,2,20,5,1.0,15.0,0.7,0.7,0.2,0.1,0.7,0.3,0.0050572710024425
controlled_bos,11,5.0,reference,2,PBQS,Sharable,PBQS-Sharable,3.913894632621464,15.655578530485856,1,5.0,downstream_reserved,1,queue_aware,1,1,1,0.0,19.56947316310732,19.56947316310732,5.0,20,5,11,6,0.5454545454545454,0.0033399439998902,0,2,11,8.0,"{""5"":1,""11"":1}",0,0.0,0,7,4,0,0,0,0,0,0,0.0,0.0,0,0,0,0,0.0,0.0,0.025,18.09961810557352,71.51870617591312,77.6855667012982,0.0790921961107821,0.0583356828989373,0.099848709322627,0.2138015034031096,0.2403439794728285,0.3486159259530056,0.2017760515866282,0.3223877390703475,0.0398546487598202,0.1034435958065448,8,1,1,1,1,0.0,18.09961810557352,0.6363636363636364,4,0.004968399000063,0.0002745029741004,0.0,5.73649649407305,0.015,5.72149649407305,47.77189055741951,51.31236081674632,18.09961810557352,11,11,1.0,1.469855057533799,0.924890412466249,bos_scaling,pbqs,11,small,5,3,2,20,5,1.0,15.0,0.7,0.7,0.2,0.1,0.7,0.3,0.0056314859975827
controlled_bos,11,5.0,reference,3,HDS,NonSharable,HDS-NonSharable,3.6465298593341817,14.586119437336723,1,4.999999999999999,downstream_reserved,1,idle_only,1,1,1,0.0,18.232649296670907,18.232649296670907,4.999999999999999,20,5,11,5,0.4545454545454545,0.0235926839995954,0,7,11,4.571428571428571,"{""1"":1,""2"":1,""3"":1,""4"":1,""5"":1,""6"":1,""11"":1}",5,0.4545454545454545,0,6,5,5,11,0,5,114,504,0.0231024829990929,0.0,0,0,0,5,3.3306690738754696e-16,3.3306690738754696e-16,0.035,10.61669515959489,77.14526756289894,109.76158719899756,0.0417995251033303,0.0231272178639824,0.0604718323426782,0.1279153757312265,0.1446789538624852,0.2950905559191324,0.1736845726425377,0.3496315656788667,0.0605890238480404,0.2866649828681064,10,1,1,1,1,0.0,10.61669515959489,0.5454545454545454,5,0.0242234540019126,0.0022816378955762,0.0231024829990929,6.208621405031916,0.037,6.171621405031916,0.4254360298992991,38.37461271936796,10.61669515959489,11,11,1.0,7.615954137076017,0.5822903181455582,bos_scaling,hds_full,11,small,5,3,2,20,5,1.0,15.0,0.7,0.7,0.2,0.1,0.7,0.3,0.0250006900023436
controlled_bos,11,5.0,reference,3,HDS,Sharable,HDS-Sharable,3.6465298593341817,14.586119437336723,1,4.999999999999999,downstream_reserved,1,idle_only,1,1,1,0.0,18.232649296670907,18.232649296670907,4.999999999999999,20,5,11,7,0.6363636363636364,15.069542376000754,0,7,11,3.4285714285714284,"{""1"":2,""2"":2,""3"":1,""4"":1,""11"":1}",9,0.8181818181818182,0,2,9,4,11,0,5,389,1049,15.068942062000133,0.0299224442390967,1,0,1,9,3.552713678800501e-15,1.7763568394002505e-15,0.035,10.91085495962299,77.14526756289894,109.42311447747475,0.042520565633894,0.0264448786881946,0.0585962525795933,0.1272082457758203,0.1790911546573576,0.3293693198293802,0.156367310847522,0.2724260538805842,0.0589307089512506,0.3075883684331492,10,1,1,1,1,0.0,10.91085495962299,0.1818181818181818,5,15.079956983998272,1.3821058972741895,15.078787063001071,6.206621405031915,0.035,6.171621405031915,14.779763630335587,38.1624737327461,10.91085495962299,11,11,1.0,7.321794337047917,0.5984240020245,bos_scaling,hds_full,11,small,5,3,2,20,5,1.0,15.0,0.7,0.7,0.2,0.1,0.7,0.3,15.080975021002814
controlled_bos,11,5.0,reference,3,PBQS,NonSharable,PBQS-NonSharable,3.6465298593341817,14.586119437336723,1,4.999999999999999,downstream_reserved,1,queue_aware,1,1,1,0.0,18.232649296670907,18.232649296670907,4.999999999999999,20,5,11,4,0.3636363636363636,0.0022540470017702,0,4,11,5.75,"{""1"":1,""4"":1,""7"":1,""11"":1}",0,0.0,0,7,4,0,0,0,0,0,0,0.0,0.0,0,0,0,0,0.0,0.0,0.025,17.75317990592443,77.14526756289894,80.3605448933783,0.075880489498938,0.0443860784151563,0.1073749005827197,0.2112868689124676,0.1842437502419042,0.3337577523556243,0.2137968226795645,0.3173641368414213,0.0436354476811759,0.1445925364800816,8,1,1,1,1,0.0,17.75317990592443,0.6363636363636364,4,0.0047551410025334,0.0002678472830068,0.0,6.186621405031915,0.015,6.171621405031916,35.54707459874016,50.70884853899223,17.75317990592443,11,11,1.0,0.4794693907464769,0.9737027031593252,bos_scaling,pbqs,11,small,5,3,2,20,5,1.0,15.0,0.7,0.7,0.2,0.1,0.7,0.3,0.0053594910023093
controlled_bos,11,5.0,reference,3,PBQS,Sharable,PBQS-Sharable,3.6465298593341817,14.586119437336723,1,4.999999999999999,downstream_reserved,1,queue_aware,1,1,1,0.0,18.232649296670907,18.232649296670907,4.999999999999999,20,5,11,6,0.5454545454545454,0.0026527100017119,0,3,11,5.666666666666667,"{""1"":1,""5"":1,""11"":1}",0,0.0,0,7,4,0,0,0,0,0,0,0.0,0.0,0,0,0,0,0.0,0.0,0.025,18.05317149606522,77.14526756289894,82.74981452421096,0.0789726554069821,0.0445983601716388,0.1133469506423254,0.2182263829782512,0.1825050043372779,0.254202567326014,0.231953108207034,0.3592458107946481,0.0430426987723273,0.1384888270395903,8,1,1,1,1,0.0,18.05317149606522,0.6363636363636364,4,0.0041621180025686,0.0002305477463323,0.0,6.186621405031915,0.015,6.171621405031916,47.84908467141963,52.37433191478031,18.05317149606522,11,11,1.0,0.1794778006056852,0.9901562412743574,bos_scaling,pbqs,11,small,5,3,2,20,5,1.0,15.0,0.7,0.7,0.2,0.1,0.7,0.3,0.005020415999752
controlled_bos,11,5.0,reference,4,HDS,NonSharable,HDS-NonSharable,4.039905132074078,16.159620528296312,1,5.0,downstream_reserved,1,idle_only,1,1,1,0.0,20.19952566037039,20.19952566037039,5.0,20,5,11,5,0.4545454545454545,0.0233350900016375,0,7,11,4.571428571428571,"{""1"":1,""2"":1,""3"":1,""4"":1,""5"":1,""6"":1,""11"":1}",5,0.4545454545454545,0,6,5,5,11,0,5,114,504,0.0229170370002975,0.0,0,0,0,5,5.551115123125783e-17,5.551115123125783e-17,0.035,11.398694811539832,65.51786401419353,87.37853702322647,0.0386954035091304,0.0206639248971167,0.056726882121144,0.1358374578326246,0.1203922302514121,0.1605306730757687,0.1395960722491154,0.2409774198939352,0.0475169709756977,0.2403214809754922,10,1,1,1,1,0.0,11.398694811539832,0.5454545454545454,5,0.0239353119977749,0.0020998291816308,0.0229170370002975,5.272429121135483,0.031,5.241429121135483,0.3823766274437014,40.75123734978739,11.398694811539832,11,11,1.0,8.800830848830557,0.564305073455414,bos_scaling,hds_full,11,small,5,3,2,20,5,1.0,15.0,0.7,0.7,0.2,0.1,0.7,0.3,0.0247180689984816
controlled_bos,11,5.0,reference,4,HDS,Sharable,HDS-Sharable,4.039905132074078,16.159620528296312,1,5.0,downstream_reserved,1,idle_only,1,1,1,0.0,20.19952566037039,20.19952566037039,5.0,20,5,11,7,0.6363636363636364,15.08312518800085,0,7,11,3.2857142857142856,"{""1"":3,""2"":1,""3"":1,""4"":1,""11"":1}",9,0.8181818181818182,0,2,9,3,11,1,5,389,1049,15.082532865999385,0.0382724956984599,1,0,1,9,1.759703494030873e-14,1.709743457922741e-14,0.035,12.135804804523596,65.51786401419353,94.75174523680842,0.0419101781327796,0.0211483709004614,0.0626719853650978,0.1387977253413195,0.1181095534927874,0.2259465979964866,0.1671234949438159,0.4185006695776642,0.0451169103253498,0.2544212038076858,10,1,1,1,1,0.0,12.135804804523596,0.1818181818181818,5,15.094188674003815,1.2437731915709036,15.093025050999133,5.276429121135482,0.035,5.241429121135482,12.567516407737198,41.639317602395856,12.135804804523596,11,11,1.0,8.063720855846796,0.600796524065559,bos_scaling,hds_full,11,small,5,3,2,20,5,1.0,15.0,0.7,0.7,0.2,0.1,0.7,0.3,15.094967052998982
controlled_bos,11,5.0,reference,4,PBQS,NonSharable,PBQS-NonSharable,4.039905132074078,16.159620528296312,1,5.0,downstream_reserved,1,queue_aware,1,1,1,0.0,20.19952566037039,20.19952566037039,5.0,20,5,11,5,0.4545454545454545,0.0021544190021813,0,3,11,6.333333333333333,"{""2"":1,""6"":1,""11"":1}",0,0.0,0,6,5,0,0,0,0,0,0,0.0,0.0,0,0,0,0,0.0,0.0,0.035,18.5335435357451,65.51786401419353,77.87605317960976,0.0507051331559596,0.0275910601863829,0.0738192061255364,0.1671576892085163,0.1211389140146832,0.248679928652547,0.1536402811091299,0.2740351528978549,0.0288142125878904,0.1259903102356807,10,1,1,1,1,0.0,18.5335435357451,0.5454545454545454,5,0.0037995980019331,0.0002050119554636,0.0,5.266429121135483,0.025,5.241429121135482,38.20521387277883,50.14730676255489,18.5335435357451,11,11,1.0,1.665982124625291,0.9175237006731404,bos_scaling,pbqs,11,small,5,3,2,20,5,1.0,15.0,0.7,0.7,0.2,0.1,0.7,0.3,0.0044499659998109
controlled_bos,11,5.0,reference,4,PBQS,Sharable,PBQS-Sharable,4.039905132074078,16.159620528296312,1,5.0,downstream_reserved,1,queue_aware,1,1,1,0.0,20.19952566037039,20.19952566037039,5.0,20,5,11,7,0.6363636363636364,0.0026192409968643,0,2,11,7.5,"{""4"":1,""11"":1}",0,0.0,0,7,4,0,0,0,0,0,0,0.0,0.0,0,0,0,0,0.0,0.0,0.025,20.095095368246447,65.51786401419353,73.95294381437688,0.0768839863845326,0.0406436014454561,0.113124371323609,0.2275477243767233,0.1509437899462039,0.2476915571914605,0.2090570249515563,0.3222884336404221,0.0330236661126145,0.0905778892882447,8,1,1,1,1,0.0,20.095095368246447,0.6363636363636364,4,0.0036782879979,0.0001830440677436,0.0,5.256429121135483,0.015,5.241429121135483,59.870812693401234,54.61145385041361,20.095095368246447,11,11,1.0,0.1044302921239435,0.9948300621569136,bos_scaling,pbqs,11,small,5,3,2,20,5,1.0,15.0,0.7,0.7,0.2,0.1,0.7,0.3,0.0042462830024305
controlled_bos,11,5.0,reference,5,HDS,NonSharable,HDS-NonSharable,3.988773418401713,15.95509367360685,1,5.0,downstream_reserved,1,idle_only,1,1,1,0.0,19.943867092008563,19.943867092008563,5.0,20,5,11,5,0.4545454545454545,0.016568023002037,0,7,11,4.571428571428571,"{""1"":1,""2"":1,""3"":1,""4"":1,""5"":1,""6"":1,""11"":1}",5,0.4545454545454545,0,6,5,5,11,0,5,114,504,0.0162248919987177,0.0,0,0,0,5,0.0,0.0,0.035,9.42125070516311,66.09240070761967,92.97291816839407,0.0316193773754962,0.0225769775657118,0.0406617771852806,0.1082908931643191,0.1512634929842889,0.2228779725130692,0.1366504339457182,0.2636394804311622,0.0584045194050539,0.330476555755342,10,1,1,1,1,0.0,9.42125070516311,0.5454545454545454,5,0.0171553990003303,0.001820925855516,0.0162248919987177,5.318392056609574,0.031,5.287392056609575,0.5420709341629539,32.48726794929576,9.42125070516311,11,11,1.0,10.522616386845453,0.4723883618808396,bos_scaling,hds_full,11,small,5,3,2,20,5,1.0,15.0,0.7,0.7,0.2,0.1,0.7,0.3,0.0178845529990212
controlled_bos,11,5.0,reference,5,HDS,Sharable,HDS-Sharable,3.988773418401713,15.95509367360685,1,5.0,downstream_reserved,1,idle_only,1,1,1,0.0,19.943867092008563,19.943867092008563,5.0,20,5,11,8,0.7272727272727273,5.639759745001356,0,4,11,4.25,"{""1"":1,""2"":1,""3"":1,""11"":1}",10,0.9090909090909092,0,1,10,3,11,1,5,389,1049,5.639134904999082,0.0,0,0,0,10,1.1102230246251563e-16,1.1102230246251563e-16,0.035,12.416524225896357,66.09240070761967,90.017140385611,0.036464666386467,0.0289131792960149,0.044016153476919,0.1264824951258113,0.1790720710168266,0.3921192513989642,0.1235421947961957,0.2348233057896785,0.0441249892027491,0.2140539313841404,10,1,1,1,1,0.0,12.416524225896357,0.0909090909090909,5,5.648863241000072,0.4549472250228124,5.647827037995739,5.312392056609574,0.025,5.287392056609574,16.793348350551053,37.9447485377434,12.416524225896357,11,11,1.0,7.527342866112207,0.6225735544974431,bos_scaling,hds_full,11,small,5,3,2,20,5,1.0,15.0,0.7,0.7,0.2,0.1,0.7,0.3,5.649645647001307
controlled_bos,11,5.0,reference,5,PBQS,NonSharable,PBQS-NonSharable,3.988773418401713,15.95509367360685,1,5.0,downstream_reserved,1,queue_aware,1,1,1,0.0,19.943867092008563,19.943867092008563,5.0,20,5,11,5,0.4545454545454545,0.0021335070014174,0,3,11,6.333333333333333,"{""2"":1,""6"":1,""11"":1}",0,0.0,0,6,5,0,0,0,0,0,0,0.0,0.0,0,0,0,0,0.0,0.0,0.035,13.0164863520184,66.09240070761967,78.59548620357383,0.0389724532388526,0.0308104991836625,0.0471344072940427,0.1247578495048364,0.1891843118956295,0.330022087395003,0.1354556262330006,0.2522176299313815,0.0413891782688483,0.1598254181602694,10,1,1,1,1,0.0,13.0164863520184,0.5454545454545454,5,0.0037963229988235,0.0002916549747877,0.0,5.312392056609574,0.025,5.287392056609574,26.1164933542646,37.42735485145093,13.0164863520184,11,11,1.0,6.927380739990163,0.652656091818525,bos_scaling,pbqs,11,small,5,3,2,20,5,1.0,15.0,0.7,0.7,0.2,0.1,0.7,0.3,0.004380824000691
controlled_bos,11,5.0,reference,5,PBQS,Sharable,PBQS-Sharable,3.988773418401713,15.95509367360685,1,5.0,downstream_reserved,1,queue_aware,1,1,1,0.0,19.943867092008563,19.943867092008563,5.0,20,5,11,7,0.6363636363636364,0.0026935020032397,0,3,11,5.333333333333333,"{""1"":1,""4"":1,""11"":1}",0,0.0,0,7,4,0,0,0,0,0,0,0.0,0.0,0,0,0,0,0.0,0.0,0.025,19.87139884137302,66.09240070761967,73.71379548271501,0.060297363535362,0.0467864956678195,0.0738082314029044,0.178522459759148,0.175577519041865,0.3435412030394879,0.1367360659947952,0.2759595697227713,0.033643600392105,0.0953742963234655,8,1,1,1,1,0.0,19.87139884137302,0.6363636363636364,4,0.0039481310086557,0.0001986841007103,0.0,5.302392056609574,0.015,5.287392056609575,58.30252295346487,42.845390342195536,19.87139884137302,11,11,1.0,0.0724682506355449,0.9963663892112186,bos_scaling,pbqs,11,small,5,3,2,20,5,1.0,15.0,0.7,0.7,0.2,0.1,0.7,0.3,0.0045245080000313
controlled_bos,12,5.0,reference,1,HDS,NonSharable,HDS-NonSharable,3.7231827591686497,14.8927310366746,1,5.0,downstream_reserved,1,idle_only,1,1,1,0.0,18.615913795843248,18.615913795843248,5.0,20,5,12,5,0.4166666666666667,0.0161433300017961,0,8,12,5.0,"{""1"":1,""2"":1,""3"":1,""4"":1,""5"":1,""6"":1,""7"":1,""12"":1}",5,0.4166666666666667,0,7,5,6,12,0,5,123,544,0.0157613110022794,0.0,0,0,0,5,2.220446049250313e-16,1.1102230246251563e-16,0.035,10.27591504049824,78.0008714522457,112.82281609688114,0.0358971799875933,0.0266226729471786,0.0451716870280079,0.1323042690640347,0.1903725584128927,0.2837101779289708,0.1380899917736981,0.3098401010752263,0.0634361538378452,0.3052925083169539,10,1,1,1,1,0.0,10.27591504049824,0.5833333333333334,5,0.0168416300075477,0.0016389421225432,0.0157613110022794,6.278069716179656,0.038,6.240069716179656,0.43888708045901,39.69128071921041,10.27591504049824,12,12,1.0,8.33999875534501,0.5519962733600943,bos_scaling,hds_full,12,small,5,3,2,20,5,1.0,15.0,0.7,0.7,0.2,0.1,0.7,0.3,0.0176756719993136
controlled_bos,12,5.0,reference,1,HDS,Sharable,HDS-Sharable,3.7231827591686497,14.8927310366746,1,5.0,downstream_reserved,1,idle_only,1,1,1,0.0,18.615913795843248,18.615913795843248,5.0,20,5,12,8,0.6666666666666666,3.544789736999519,0,7,12,3.7142857142857135,"{""1"":1,""2"":3,""3"":1,""4"":1,""12"":1}",10,0.8333333333333334,0,2,10,5,12,0,5,453,1199,3.5442119560029823,0.0,0,0,0,10,4.566347300283269e-13,2.353672812205332e-13,0.035,13.90671961879,78.0008714522457,112.73864719054188,0.0355613012660426,0.0245479780742816,0.0465746244578035,0.1328325675221993,0.1218720682351416,0.1642948474944785,0.109451902837172,0.2092421627199734,0.0468692265376465,0.2402360555852459,10,1,1,1,1,0.0,13.90671961879,0.1666666666666666,5,3.556689107994316,0.2557532765087686,3.555434519006667,6.272069716179657,0.032,6.240069716179657,17.860133978984873,39.8497702566598,13.90671961879,12,12,1.0,4.709194177053247,0.7470339501623195,bos_scaling,hds_full,12,small,5,3,2,20,5,1.0,15.0,0.7,0.7,0.2,0.1,0.7,0.3,3.55760611200094
controlled_bos,12,5.0,reference,1,PBQS,NonSharable,PBQS-NonSharable,3.7231827591686497,14.8927310366746,1,5.0,downstream_reserved,1,queue_aware,1,1,1,0.0,18.615913795843248,18.615913795843248,5.0,20,5,12,4,0.3333333333333333,0.0023577310021209,0,3,12,8.0,"{""4"":1,""8"":1,""12"":1}",0,0.0,0,8,4,0,0,0,0,0,0,0.0,0.0,0,0,0,0,0.0,0.0,0.025,16.077625784100025,78.0008714522457,94.12461047235286,0.0595743438708296,0.0445797731736193,0.07456891456804,0.1988129120011841,0.203230802364449,0.3172817442211668,0.1565646312393213,0.2366555896052188,0.0495180360728323,0.157607867760624,8,1,1,1,1,0.0,16.077625784100025,0.6666666666666666,4,0.0047597990014764,0.0002960511126079,0.0,6.264069716179657,0.024,6.240069716179657,31.4540648906987,47.71509888028418,16.077625784100025,12,12,1.0,2.538288011743223,0.8636495613602381,bos_scaling,pbqs,12,small,5,3,2,20,5,1.0,15.0,0.7,0.7,0.2,0.1,0.7,0.3,0.005384819000028
controlled_bos,12,5.0,reference,1,PBQS,Sharable,PBQS-Sharable,3.7231827591686497,14.8927310366746,1,5.0,downstream_reserved,1,queue_aware,1,1,1,0.0,18.615913795843248,18.615913795843248,5.0,20,5,12,6,0.5,0.0028141109978605,0,3,12,6.333333333333333,"{""1"":1,""6"":1,""12"":1}",0,0.0,0,8,4,0,0,0,0,0,0,0.0,0.0,0,0,0,0,0.0,0.0,0.025,17.69378696158739,78.0008714522457,91.8800374925108,0.0621285594558264,0.0445653796853925,0.0796917392262603,0.2134524995433128,0.1845760620879262,0.3506238133532832,0.1612641164088674,0.2618996259745766,0.044868172216961,0.1187477734106517,8,1,1,1,1,0.0,17.69378696158739,0.6666666666666666,4,0.0046355929989658,0.0002619898730005,0.0,6.260069716179657,0.02,6.240069716179657,42.533002628670445,51.228599890395074,17.69378696158739,12,12,1.0,0.9221268342558596,0.9504656690846,bos_scaling,pbqs,12,small,5,3,2,20,5,1.0,15.0,0.7,0.7,0.2,0.1,0.7,0.3,0.0052635780011769
controlled_bos,12,5.0,reference,2,HDS,NonSharable,HDS-NonSharable,3.913894632621464,15.655578530485856,1,5.0,downstream_reserved,1,idle_only,1,1,1,0.0,19.56947316310732,19.56947316310732,5.0,20,5,12,5,0.4166666666666667,0.0233858950014109,0,8,12,5.0,"{""1"":1,""2"":1,""3"":1,""4"":1,""5"":1,""6"":1,""7"":1,""12"":1}",5,0.4166666666666667,0,7,5,6,12,0,5,123,544,0.0229710879975755,0.0,0,0,0,5,1.6653345369377348e-16,1.6653345369377348e-16,0.035,12.542869201277457,80.66202918890468,122.17268952730603,0.0494548293485862,0.0339565322082558,0.0649531264889167,0.1498006017400096,0.1894429486252146,0.3245838301440736,0.1570673801650605,0.3020761087627271,0.0540948606649629,0.2765690106252145,10,1,1,1,1,0.0,12.542869201277457,0.5833333333333334,5,0.0242237250022299,0.0019312746241316,0.0229710879975755,6.496962335112374,0.044,6.452962335112375,0.2653256473596768,44.94018052200288,12.542869201277457,12,12,1.0,7.026603961829862,0.6409405657850551,bos_scaling,hds_full,12,small,5,3,2,20,5,1.0,15.0,0.7,0.7,0.2,0.1,0.7,0.3,0.0251054560030752
controlled_bos,12,5.0,reference,2,HDS,Sharable,HDS-Sharable,3.913894632621464,15.655578530485856,1,5.0,downstream_reserved,1,idle_only,1,1,1,0.0,19.56947316310732,19.56947316310732,5.0,20,5,12,7,0.5833333333333334,11.25430586800212,0,8,12,4.0,"{""1"":1,""2"":2,""3"":2,""4"":1,""5"":1,""12"":1}",9,0.75,0,3,9,6,12,0,5,453,1199,11.253669229998197,0.0,0,0,0,9,1.054711873393899e-15,1.054711873393899e-15,0.035,14.518683667126288,80.66202918890468,113.8297214342557,0.0510835720798953,0.0337647918553529,0.0684023523044376,0.1580542601783442,0.1619980774545088,0.3074038695324046,0.1531539465711482,0.2665791567912095,0.0462735054162451,0.2165537245575073,10,1,1,1,1,0.0,14.518683667126288,0.25,5,11.271406373998616,0.7763380367270987,11.26998643999832,6.484962335112375,0.032,6.452962335112375,17.886358046993255,47.41627805350326,14.518683667126288,12,12,1.0,5.05078949598103,0.7419046770506393,bos_scaling,hds_full,12,small,5,3,2,20,5,1.0,15.0,0.7,0.7,0.2,0.1,0.7,0.3,11.272254826999417
controlled_bos,12,5.0,reference,2,PBQS,NonSharable,PBQS-NonSharable,3.913894632621464,15.655578530485856,1,5.0,downstream_reserved,1,queue_aware,1,1,1,0.0,19.56947316310732,19.56947316310732,5.0,20,5,12,4,0.3333333333333333,0.0024079760005406,0,4,12,6.25,"{""1"":1,""4"":1,""8"":1,""12"":1}",0,0.0,0,8,4,0,0,0,0,0,0,0.0,0.0,0,0,0,0,0.0,0.0,0.025,18.991663065974205,80.66202918890468,88.92957896234576,0.0866761441510862,0.0587803394440047,0.1145719488581676,0.2317993163004157,0.2229837380263679,0.3308454177711582,0.2113459016307178,0.3664402633554663,0.0429076610527308,0.1184206092830573,8,1,1,1,1,0.0,18.991663065974205,0.6666666666666666,4,0.005230119004409,0.0002753902586751,0.0,6.472962335112374,0.02,6.452962335112375,41.02587090828663,55.631835912099774,18.991663065974205,12,12,1.0,0.5778100971331135,0.970473906358276,bos_scaling,pbqs,12,small,5,3,2,20,5,1.0,15.0,0.7,0.7,0.2,0.1,0.7,0.3,0.0058569119973981
controlled_bos,12,5.0,reference,2,PBQS,Sharable,PBQS-Sharable,3.913894632621464,15.655578530485856,1,5.0,downstream_reserved,1,queue_aware,1,1,1,0.0,19.56947316310732,19.56947316310732,5.0,20,5,12,6,0.5,0.0027502749981067,0,3,12,6.666666666666667,"{""2"":1,""6"":1,""12"":1}",0,0.0,0,8,4,0,0,0,0,0,0,0.0,0.0,0,0,0,0,0.0,0.0,0.035,19.528881113932076,80.66202918890468,95.22140772452532,0.0861347913470342,0.0579624556677755,0.1143071270262928,0.2367873141846121,0.2121381185533936,0.3231017224416826,0.2046420989565679,0.3558201827312017,0.042049499181949,0.1123388119816542,8,1,1,1,1,0.0,19.528881113932076,0.6666666666666666,4,0.0047264679997169,0.0002420245160049,0.0,6.472962335112374,0.02,6.452962335112375,47.65278179172089,56.828955404306924,19.528881113932076,12,12,1.0,0.0405920491752453,0.9979257464502534,bos_scaling,pbqs,12,small,5,3,2,20,5,1.0,15.0,0.7,0.7,0.2,0.1,0.7,0.3,0.0053595720019075
controlled_bos,12,5.0,reference,3,HDS,NonSharable,HDS-NonSharable,3.6465298593341817,14.586119437336723,1,4.999999999999999,downstream_reserved,1,idle_only,1,1,1,0.0,18.232649296670907,18.232649296670907,4.999999999999999,20,5,12,5,0.4166666666666667,0.0380566380008531,0,8,12,5.0,"{""1"":1,""2"":1,""3"":1,""4"":1,""5"":1,""6"":1,""7"":1,""12"":1}",5,0.4166666666666667,0,7,5,6,12,0,5,123,544,0.0375427220023993,0.0,0,0,0,5,3.3306690738754696e-16,3.3306690738754696e-16,0.035,12.130434550272954,81.40495456578064,122.86719566322763,0.046930151498657,0.0280675629169891,0.0657927400803248,0.1443577806371734,0.1494363506978402,0.2582666320555123,0.1708401847550817,0.3306472409233756,0.05642085009962,0.2922671242210922,10,1,1,1,1,0.0,12.130434550272954,0.5833333333333334,5,0.038878672006831,0.0032050518755699,0.0375427220023993,6.554396365262451,0.042,6.512396365262451,0.3650774065855902,43.30733419115205,12.130434550272954,12,12,1.0,6.102214746397953,0.6653138747361221,bos_scaling,hds_full,12,small,5,3,2,20,5,1.0,15.0,0.7,0.7,0.2,0.1,0.7,0.3,0.039796117998776
controlled_bos,12,5.0,reference,3,HDS,Sharable,HDS-Sharable,3.6465298593341817,14.586119437336723,1,4.999999999999999,downstream_reserved,1,idle_only,1,1,1,0.0,18.232649296670907,18.232649296670907,4.999999999999999,20,5,12,7,0.5833333333333334,15.045111464998628,0,7,12,3.7142857142857135,"{""1"":2,""2"":2,""3"":1,""5"":1,""12"":1}",10,0.8333333333333334,0,2,10,4,12,0,5,453,1199,15.044505713001854,0.0245176152322331,1,0,1,10,6.217248937900877e-15,4.884981308350689e-15,0.035,15.742175673523828,81.40495456578064,119.71219230453546,0.0492308793646836,0.0322143621704135,0.0662473965589537,0.1484426651708126,0.1483419208331405,0.2660797038913699,0.1337669566506564,0.2663087270527809,0.0433158313602157,0.2328719215553182,10,1,1,1,1,0.0,15.742175673523828,0.1666666666666666,5,15.07396826400145,0.95755304581906,15.072424193000188,6.554396365262451,0.042,6.512396365262451,20.11925187499545,44.53279955124378,15.742175673523828,12,12,1.0,2.4904736231470803,0.8634058285977225,bos_scaling,hds_full,12,small,5,3,2,20,5,1.0,15.0,0.7,0.7,0.2,0.1,0.7,0.3,15.07505230699826
controlled_bos,12,5.0,reference,3,PBQS,NonSharable,PBQS-NonSharable,3.6465298593341817,14.586119437336723,1,4.999999999999999,downstream_reserved,1,queue_aware,1,1,1,0.0,18.232649296670907,18.232649296670907,4.999999999999999,20,5,12,4,0.3333333333333333,0.0024509399991075,0,4,12,6.25,"{""1"":1,""4"":1,""8"":1,""12"":1}",0,0.0,0,8,4,0,0,0,0,0,0,0.0,0.0,0,0,0,0,0.0,0.0,0.025,18.0509842520062,81.40495456578064,96.3726010194026,0.080212464304847,0.0489196093795351,0.1115053192301589,0.2297519627521907,0.1855148001065074,0.2938934239789794,0.2140207772232716,0.3556613723005469,0.0459264259797518,0.1589342514721729,8,1,1,1,1,0.0,18.0509842520062,0.6666666666666666,4,0.0051826970011461,0.0002871143716481,0.0,6.532396365262451,0.02,6.512396365262451,38.06749718580363,55.14047106052578,18.0509842520062,12,12,1.0,0.1816650446647081,0.9900362782331432,bos_scaling,pbqs,12,small,5,3,2,20,5,1.0,15.0,0.7,0.7,0.2,0.1,0.7,0.3,0.005841418998898
controlled_bos,12,5.0,reference,3,PBQS,Sharable,PBQS-Sharable,3.6465298593341817,14.586119437336723,1,4.999999999999999,downstream_reserved,1,queue_aware,1,1,1,0.0,18.232649296670907,18.232649296670907,4.999999999999999,20,5,12,6,0.5,0.0028304549996391,0,4,12,5.25,"{""1"":1,""2"":1,""6"":1,""12"":1}",0,0.0,0,8,4,0,0,0,0,0,0,0.0,0.0,0,0,0,0,0.0,0.0,0.035,18.050774122127518,81.40495456578064,104.9502003299866,0.0825783262248657,0.0514573138816193,0.113699338568112,0.2344206670329221,0.2013329991906617,0.3574828680540632,0.2219997974159056,0.3586958673820318,0.0464021534896527,0.1684480495611968,8,1,1,1,1,0.0,18.050774122127518,0.6666666666666666,4,0.0050118840008508,0.0002776547956858,0.0,6.536396365262451,0.024,6.512396365262451,42.579997684124265,56.26096008790131,18.050774122127518,12,12,1.0,0.1818751745433928,0.990024753310173,bos_scaling,pbqs,12,small,5,3,2,20,5,1.0,15.0,0.7,0.7,0.2,0.1,0.7,0.3,0.0056971940030052
controlled_bos,12,5.0,reference,4,HDS,NonSharable,HDS-NonSharable,4.039905132074078,16.159620528296312,1,5.0,downstream_reserved,1,idle_only,1,1,1,0.0,20.19952566037039,20.19952566037039,5.0,20,5,12,5,0.4166666666666667,0.0240033049994963,0,8,12,5.0,"{""1"":1,""2"":1,""3"":1,""4"":1,""5"":1,""6"":1,""7"":1,""12"":1}",5,0.4166666666666667,0,7,5,6,12,0,5,123,544,0.0235988630010979,0.0,0,0,0,5,5.551115123125783e-17,5.551115123125783e-17,0.035,10.759618496157067,68.90881149417712,97.7612657374259,0.0411042441456432,0.0227925221914637,0.0594159660998227,0.1371386681188755,0.1503065117052658,0.3113539186852929,0.1585144882764237,0.3321672980894811,0.0533803736213466,0.3185623914352317,10,1,1,1,1,0.0,10.759618496157067,0.5833333333333334,5,0.024685752003279,0.0022942962161805,0.0235988630010979,5.548704919534169,0.036,5.512704919534169,0.4127860499506643,41.14160043566267,10.759618496157067,12,12,1.0,9.439907164213322,0.5326668891669297,bos_scaling,hds_full,12,small,5,3,2,20,5,1.0,15.0,0.7,0.7,0.2,0.1,0.7,0.3,0.025485452999419
controlled_bos,12,5.0,reference,4,HDS,Sharable,HDS-Sharable,4.039905132074078,16.159620528296312,1,5.0,downstream_reserved,1,idle_only,1,1,1,0.0,20.19952566037039,20.19952566037039,5.0,20,5,12,8,0.6666666666666666,15.075265299998136,0,8,12,3.25,"{""1"":3,""2"":2,""3"":1,""4"":1,""12"":1}",10,0.8333333333333334,0,2,10,4,12,0,5,453,1199,15.074627229001637,0.0502438346780256,1,0,1,10,5.551115123125783e-17,5.551115123125783e-17,0.035,13.429898731836074,68.90881149417712,97.73971339805992,0.0454950292246406,0.0244947050303124,0.0664953534189688,0.144010847725733,0.1363908840793867,0.2613730731277819,0.1657414126771157,0.4195274336668259,0.0427654165489007,0.2286241645354652,10,1,1,1,1,0.0,13.429898731836074,0.1666666666666666,5,15.085340172998258,1.1232653703663378,15.08414182800334,5.548704919534169,0.036,5.512704919534169,15.059585626217158,43.2032543177199,13.429898731836074,12,12,1.0,6.769626928534317,0.664862084270835,bos_scaling,hds_full,12,small,5,3,2,20,5,1.0,15.0,0.7,0.7,0.2,0.1,0.7,0.3,15.086214243998256
controlled_bos,12,5.0,reference,4,PBQS,NonSharable,PBQS-NonSharable,4.039905132074078,16.159620528296312,1,5.0,downstream_reserved,1,queue_aware,1,1,1,0.0,20.19952566037039,20.19952566037039,5.0,20,5,12,5,0.4166666666666667,0.0024019060001592,0,3,12,7.333333333333333,"{""3"":1,""7"":1,""12"":1}",0,0.0,0,7,5,0,0,0,0,0,0,0.0,0.0,0,0,0,0,0.0,0.0,0.035,18.5335435357451,68.90881149417712,79.60786533246986,0.0521191398398719,0.0283986999541292,0.0758395797256146,0.1717502320206926,0.1253737104861344,0.248679928652547,0.1571578050277307,0.2898544914205615,0.0302062977834931,0.1189252375004171,10,1,1,1,1,0.0,18.5335435357451,0.5833333333333334,5,0.0047820600011618,0.0002580218937592,0.0,5.538704919534169,0.026,5.512704919534169,45.95397839709761,51.5250696062078,18.5335435357451,12,12,1.0,1.665982124625291,0.9175237006731404,bos_scaling,pbqs,12,small,5,3,2,20,5,1.0,15.0,0.7,0.7,0.2,0.1,0.7,0.3,0.0054254000024229
controlled_bos,12,5.0,reference,4,PBQS,Sharable,PBQS-Sharable,4.039905132074078,16.159620528296312,1,5.0,downstream_reserved,1,queue_aware,1,1,1,0.0,20.19952566037039,20.19952566037039,5.0,20,5,12,8,0.6666666666666666,0.0030290510003396,0,2,12,8.0,"{""4"":1,""12"":1}",0,0.0,0,8,4,0,0,0,0,0,0,0.0,0.0,0,0,0,0,0.0,0.0,0.025,19.878632608152586,68.90881149417712,77.34389129436046,0.0791231618600407,0.0414194956443685,0.1168268280757129,0.2335113564362285,0.1555148173453392,0.250388724505656,0.2183179833117617,0.3479083732937301,0.0350890933240492,0.0915642116528308,8,1,1,1,1,0.0,19.878632608152586,0.6666666666666666,4,0.0040802969997457,0.0002052604462377,0.0,5.528704919534169,0.016,5.512704919534169,75.97626658819782,56.04272554469484,19.878632608152586,12,12,1.0,0.320893052217805,0.9841138322942222,bos_scaling,pbqs,12,small,5,3,2,20,5,1.0,15.0,0.7,0.7,0.2,0.1,0.7,0.3,0.0051323629995749
controlled_bos,12,5.0,reference,5,HDS,NonSharable,HDS-NonSharable,3.988773418401713,15.95509367360685,1,5.0,downstream_reserved,1,idle_only,1,1,1,0.0,19.943867092008563,19.943867092008563,5.0,20,5,12,5,0.4166666666666667,0.0175710770017758,0,8,12,5.0,"{""1"":1,""2"":1,""3"":1,""4"":1,""5"":1,""6"":1,""7"":1,""12"":1}",5,0.4166666666666667,0,7,5,6,12,0,5,123,544,0.0171895290004613,0.0,0,0,0,5,0.0,0.0,0.035,8.113323383442806,70.00395158486825,107.23805844324566,0.0332704156923806,0.0240208264454089,0.0425200049393523,0.1068932732703927,0.1969839939857628,0.2665769785257932,0.1718327555162028,0.3061401011069944,0.0726975704394226,0.4243033894937361,10,1,1,1,1,0.0,8.113323383442806,0.5833333333333334,5,0.0182879140047589,0.002254059543846,0.0171895290004613,5.640316126789459,0.04,5.600316126789459,0.7339839412433233,32.067981981117825,8.113323383442806,12,12,1.0,11.830543708565758,0.4068079347908303,bos_scaling,hds_full,12,small,5,3,2,20,5,1.0,15.0,0.7,0.7,0.2,0.1,0.7,0.3,0.0190866330012795
controlled_bos,12,5.0,reference,5,HDS,Sharable,HDS-Sharable,3.988773418401713,15.95509367360685,1,5.0,downstream_reserved,1,idle_only,1,1,1,0.0,19.943867092008563,19.943867092008563,5.0,20,5,12,9,0.75,1.6602675020003517,0,4,12,4.5,"{""1"":1,""2"":1,""3"":1,""12"":1}",11,0.9166666666666666,0,1,11,3,12,1,5,453,1199,1.6596264779982448,0.0,0,0,0,11,4.2532644073389757e-13,2.176037128265307e-13,0.035,15.75524020607796,70.00395158486825,93.51837852111107,0.0399864909154218,0.0312117257358966,0.048761256094947,0.136956449595338,0.158946999373835,0.3553458541753843,0.1176032005270501,0.2698647489781364,0.0367397225720898,0.1761624784078991,10,1,1,1,1,0.0,15.75524020607796,0.0833333333333333,5,1.669232963999093,0.1059477952837016,1.6681643829979294,5.626316126789459,0.026,5.600316126789459,24.252559423458663,41.08693487860141,15.75524020607796,12,12,1.0,4.188626885930603,0.7899792017963773,bos_scaling,hds_full,12,small,5,3,2,20,5,1.0,15.0,0.7,0.7,0.2,0.1,0.7,0.3,1.6700518920006289
controlled_bos,12,5.0,reference,5,PBQS,NonSharable,PBQS-NonSharable,3.988773418401713,15.95509367360685,1,5.0,downstream_reserved,1,queue_aware,1,1,1,0.0,19.943867092008563,19.943867092008563,5.0,20,5,12,5,0.4166666666666667,0.0022954390005907,0,3,12,7.333333333333333,"{""3"":1,""7"":1,""12"":1}",0,0.0,0,7,5,0,0,0,0,0,0,0.0,0.0,0,0,0,0,0.0,0.0,0.035,13.0164863520184,70.00395158486825,82.50703708082239,0.0395514862053262,0.0310205326173971,0.0480824397932553,0.1283030118639587,0.190539732087882,0.330022087395003,0.1385146211022846,0.2711830375402935,0.0437932377186656,0.1598254181602694,10,1,1,1,1,0.0,13.0164863520184,0.5833333333333334,5,0.0043367100006435,0.0003331705564283,0.0,5.626316126789459,0.026,5.600316126789459,31.576389025305957,38.49090355918763,13.0164863520184,12,12,1.0,6.927380739990163,0.652656091818525,bos_scaling,pbqs,12,small,5,3,2,20,5,1.0,15.0,0.7,0.7,0.2,0.1,0.7,0.3,0.0050178220008092
controlled_bos,12,5.0,reference,5,PBQS,Sharable,PBQS-Sharable,3.988773418401713,15.95509367360685,1,5.0,downstream_reserved,1,queue_aware,1,1,1,0.0,19.943867092008563,19.943867092008563,5.0,20,5,12,8,0.6666666666666666,0.0030318450008053,0,3,12,5.666666666666667,"{""1"":1,""4"":1,""12"":1}",0,0.0,0,8,4,0,0,0,0,0,0,0.0,0.0,0,0,0,0,0.0,0.0,0.025,19.87139884137302,70.00395158486825,77.62534635996357,0.061108009688425,0.0470805424750479,0.0751354769018021,0.1829539127080509,0.1766873307223701,0.3435412030394879,0.1392407566109905,0.2759595697227713,0.0356120329662147,0.0953742963234655,8,1,1,1,1,0.0,19.87139884137302,0.6666666666666666,4,0.004371318998892,0.0002199804368976,0.0,5.616316126789459,0.016,5.600316126789459,62.55660554919364,43.90893904993224,19.87139884137302,12,12,1.0,0.0724682506355449,0.9963663892112186,bos_scaling,pbqs,12,small,5,3,2,20,5,1.0,15.0,0.7,0.7,0.2,0.1,0.7,0.3,0.0049932149995584
controlled_bos,13,5.0,reference,1,HDS,NonSharable,HDS-NonSharable,3.7231827591686497,14.8927310366746,1,5.0,downstream_reserved,1,idle_only,1,1,1,0.0,18.615913795843248,18.615913795843248,5.0,20,5,13,5,0.3846153846153846,0.0263698489980015,0,9,13,5.444444444444445,"{""1"":1,""2"":1,""3"":1,""4"":1,""5"":1,""6"":1,""7"":1,""8"":1,""13"":1}",5,0.3846153846153846,0,8,5,7,13,0,5,132,584,0.0259224330002325,0.0,0,0,0,5,1.054711873393899e-15,9.992007221626409e-16,0.035,10.315593359942634,82.1797327309169,120.99641884535374,0.0380461832306645,0.0272181337266261,0.0488742327347028,0.1345404779455981,0.1922319986368166,0.2997276556246984,0.1551585496302316,0.2885987935411474,0.0667427637669805,0.3656773377665377,10,1,1,1,1,0.0,10.315593359942634,0.6153846153846154,5,0.0272295009999652,0.0026396446670438,0.0259224330002325,6.619378618473352,0.045,6.574378618473352,0.43888708045901,40.36214338367943,10.315593359942634,13,13,1.0,8.300320435900614,0.5541276927402836,bos_scaling,hds_full,13,small,5,3,2,20,5,1.0,15.0,0.7,0.7,0.2,0.1,0.7,0.3,0.0281649719981942
controlled_bos,13,5.0,reference,1,HDS,Sharable,HDS-Sharable,3.7231827591686497,14.8927310366746,1,5.0,downstream_reserved,1,idle_only,1,1,1,0.0,18.615913795843248,18.615913795843248,5.0,20,5,13,8,0.6153846153846154,15.054629349000606,0,9,13,3.888888888888889,"{""1"":1,""2"":3,""3"":2,""4"":1,""5"":1,""13"":1}",10,0.7692307692307693,0,3,10,7,13,0,5,522,1359,15.05403300100079,0.0447101016828815,1,0,1,10,4.550804177938518e-13,2.273736754432321e-13,0.035,15.40143667442517,82.1797327309169,116.9762636856788,0.0380197080089336,0.0259008978014252,0.050138518216442,0.1462868751049178,0.1179770069858725,0.1910509391737349,0.1099558127602395,0.215877557364281,0.0444942313562913,0.2426523856862069,10,1,1,1,1,0.0,15.40143667442517,0.2307692307692307,5,15.077235642998858,0.9789499487431154,15.075764132998302,6.607378618473352,0.033,6.574378618473352,13.717269129525258,43.88606253147535,15.40143667442517,13,13,1.0,3.214477121418078,0.827326385549989,bos_scaling,hds_full,13,small,5,3,2,20,5,1.0,15.0,0.7,0.7,0.2,0.1,0.7,0.3,15.078237614998216
controlled_bos,13,5.0,reference,1,PBQS,NonSharable,PBQS-NonSharable,3.7231827591686497,14.8927310366746,1,5.0,downstream_reserved,1,queue_aware,1,1,1,0.0,18.615913795843248,18.615913795843248,5.0,20,5,13,4,0.3076923076923077,0.0024987309989228,0,4,13,7.0,"{""1"":1,""5"":1,""9"":1,""13"":1}",0,0.0,0,9,4,0,0,0,0,0,0,0.0,0.0,0,0,0,0,0.0,0.0,0.025,17.332566433827743,82.1797327309169,98.30347175102406,0.0623922439351759,0.0461895453668565,0.0785949425034954,0.2042479579699161,0.1954818240937524,0.2943093956217954,0.1539393262883205,0.219520866913417,0.0483437389106968,0.1635289357567413,8,1,1,1,1,0.0,17.332566433827743,0.6923076923076923,4,0.0054471219991683,0.0003142709430807,0.0,6.599378618473352,0.025,6.574378618473352,40.38833623313406,49.019509912779874,17.332566433827743,13,13,1.0,1.2833473620155047,0.931061812162986,bos_scaling,pbqs,13,small,5,3,2,20,5,1.0,15.0,0.7,0.7,0.2,0.1,0.7,0.3,0.0061614860023837
controlled_bos,13,5.0,reference,1,PBQS,Sharable,PBQS-Sharable,3.7231827591686497,14.8927310366746,1,5.0,downstream_reserved,1,queue_aware,1,1,1,0.0,18.615913795843248,18.615913795843248,5.0,20,5,13,6,0.4615384615384615,0.0030580339989683,0,3,13,7.0,"{""1"":1,""7"":1,""13"":1}",0,0.0,0,9,4,0,0,0,0,0,0,0.0,0.0,0,0,0,0,0.0,0.0,0.025,18.107376201973995,82.1797327309169,96.058898771182,0.0649464595201727,0.0461751518786297,0.0837177671617156,0.2188875455120448,0.1870277834574449,0.3426152407689002,0.1659185148834088,0.2559175959909861,0.0461511642563836,0.1326262624952119,8,1,1,1,1,0.0,18.107376201973995,0.6923076923076923,4,0.0094023709971224,0.000519256400941,0.0,6.595378618473352,0.021,6.574378618473352,51.61572080246892,52.53301092289077,18.107376201973995,13,13,1.0,0.5085375938692529,0.9726826413440524,bos_scaling,pbqs,13,small,5,3,2,20,5,1.0,15.0,0.7,0.7,0.2,0.1,0.7,0.3,0.0101227249979274
controlled_bos,13,5.0,reference,2,HDS,NonSharable,HDS-NonSharable,3.913894632621464,15.655578530485856,1,5.0,downstream_reserved,1,idle_only,1,1,1,0.0,19.56947316310732,19.56947316310732,5.0,20,5,13,5,0.3846153846153846,0.0190335740007867,0,9,13,5.444444444444445,"{""1"":1,""2"":1,""3"":1,""4"":1,""5"":1,""6"":1,""7"":1,""8"":1,""13"":1}",5,0.3846153846153846,0,8,5,7,13,0,5,132,584,0.0186852059996454,0.0,0,0,0,5,1.6653345369377348e-16,1.6653345369377348e-16,0.035,15.006484395490316,84.33979456238374,124.41829052031632,0.054973561453623,0.0394798572151506,0.0704672656920954,0.1672932178661522,0.1959940003498623,0.3550009407329823,0.1424907156419431,0.2480581151248127,0.0470983832480987,0.2269942325734899,10,1,1,1,1,0.0,15.006484395490316,0.6153846153846154,5,0.0200038390030385,0.0013330130146305,0.0186852059996454,6.790183564990699,0.043,6.747183564990699,0.3711638206842834,50.18796535984568,15.006484395490316,13,13,1.0,4.562988767617002,0.7668312923099422,bos_scaling,hds_full,13,small,5,3,2,20,5,1.0,15.0,0.7,0.7,0.2,0.1,0.7,0.3,0.0208743059993139
controlled_bos,13,5.0,reference,2,HDS,Sharable,HDS-Sharable,3.913894632621464,15.655578530485856,1,5.0,downstream_reserved,1,idle_only,1,1,1,0.0,19.56947316310732,19.56947316310732,5.0,20,5,13,8,0.6153846153846154,1.6337213199985854,0,9,13,3.7777777777777777,"{""1"":2,""2"":2,""3"":2,""4"":1,""5"":1,""13"":1}",10,0.7692307692307693,0,3,10,6,13,0,5,522,1359,1.633148856999469,0.0,0,0,0,10,0.0,0.0,0.035,14.518683667126288,84.33979456238374,117.50748680773476,0.056405274657477,0.0368818434915245,0.0759287058234294,0.1731533992412882,0.1800322424960176,0.2772230958626092,0.1749263644462892,0.2931409348730352,0.0483000061419583,0.2180878361874676,10,1,1,1,1,0.0,14.518683667126288,0.2307692307692307,5,1.6464674519957043,0.1134033559615114,1.645119443001022,6.7801835649907,0.033,6.747183564990699,25.85210493627657,51.946019772386485,14.518683667126288,13,13,1.0,5.05078949598103,0.7419046770506393,bos_scaling,hds_full,13,small,5,3,2,20,5,1.0,15.0,0.7,0.7,0.2,0.1,0.7,0.3,1.6473355939997418
controlled_bos,13,5.0,reference,2,PBQS,NonSharable,PBQS-NonSharable,3.913894632621464,15.655578530485856,1,5.0,downstream_reserved,1,queue_aware,1,1,1,0.0,19.56947316310732,19.56947316310732,5.0,20,5,13,4,0.3076923076923077,0.0024550660018576,0,4,13,7.25,"{""2"":1,""5"":1,""9"":1,""13"":1}",0,0.0,0,9,4,0,0,0,0,0,0,0.0,0.0,0,0,0,0,0.0,0.0,0.025,19.474192919887557,84.33979456238374,94.76849091325508,0.0958138123800927,0.0646723018434742,0.1269553229167111,0.2497276674878958,0.2430926200795224,0.3850248546644501,0.2326216508978126,0.3632433619600138,0.0438440065520126,0.122064918229997,8,1,1,1,1,0.0,19.474192919887557,0.6923076923076923,4,0.005624515000818,0.0002888189011968,0.0,6.768183564990699,0.021,6.747183564990699,48.4393114452844,59.934640197095,19.474192919887557,13,13,1.0,0.095280243219765,0.9951311799543286,bos_scaling,pbqs,13,small,5,3,2,20,5,1.0,15.0,0.7,0.7,0.2,0.1,0.7,0.3,0.0062690760023542
controlled_bos,13,5.0,reference,2,PBQS,Sharable,PBQS-Sharable,3.913894632621464,15.655578530485856,1,5.0,downstream_reserved,1,queue_aware,1,1,1,0.0,19.56947316310732,19.56947316310732,5.0,20,5,13,6,0.4615384615384615,0.0030135370034258,0,3,13,7.333333333333333,"{""2"":1,""7"":1,""13"":1}",0,0.0,0,9,4,0,0,0,0,0,0,0.0,0.0,0,0,0,0,0.0,0.0,0.035,18.293470691700985,84.33979456238374,107.86422782356236,0.0883655183034742,0.0588972500404611,0.1178337865664872,0.2412110193578066,0.2232675975939039,0.3301003025283844,0.2149137334407989,0.2984060514412505,0.0473897158989247,0.1576474755976845,8,1,1,1,1,0.0,18.293470691700985,0.6923076923076923,4,0.0052351460035424,0.0002861756575212,0.0,6.776183564990699,0.029,6.747183564990699,49.2066658500459,57.89064464587359,18.293470691700985,13,13,1.0,1.2760024714063365,0.9347962788384168,bos_scaling,pbqs,13,small,5,3,2,20,5,1.0,15.0,0.7,0.7,0.2,0.1,0.7,0.3,0.0059122549973835
controlled_bos,13,5.0,reference,3,HDS,NonSharable,HDS-NonSharable,3.6465298593341817,14.586119437336723,1,4.999999999999999,downstream_reserved,1,idle_only,1,1,1,0.0,18.232649296670907,18.232649296670907,4.999999999999999,20,5,13,5,0.3846153846153846,0.0215659959976619,0,9,13,5.444444444444445,"{""1"":1,""2"":1,""3"":1,""4"":1,""5"":1,""6"":1,""7"":1,""8"":1,""13"":1}",5,0.3846153846153846,0,8,5,7,13,0,5,132,584,0.0211965559974487,0.0,0,0,0,5,3.3306690738754696e-16,3.3306690738754696e-16,0.035,12.65207974334722,86.89206872814577,134.5426395053441,0.0509567263722349,0.0326318382482515,0.0692816144962182,0.152731928568243,0.1790922700244077,0.3170817638465077,0.1686594423403355,0.3170146566107734,0.0579554524885515,0.3235418049686744,10,1,1,1,1,0.0,12.65207974334722,0.6153846153846154,5,0.0224124959931941,0.0017714475760381,0.0211965559974487,6.998365498251662,0.047,6.951365498251662,0.4445651979740161,45.81957857047293,12.65207974334722,13,13,1.0,5.580569553323686,0.6939243736595844,bos_scaling,hds_full,13,small,5,3,2,20,5,1.0,15.0,0.7,0.7,0.2,0.1,0.7,0.3,0.0232787860004464
controlled_bos,13,5.0,reference,3,HDS,Sharable,HDS-Sharable,3.6465298593341817,14.586119437336723,1,4.999999999999999,downstream_reserved,1,idle_only,1,1,1,0.0,18.232649296670907,18.232649296670907,4.999999999999999,20,5,13,7,0.5384615384615384,15.326448558000266,0,9,13,4.0,"{""1"":1,""2"":3,""3"":2,""4"":1,""6"":1,""13"":1}",10,0.7692307692307693,0,3,10,7,13,0,5,522,1359,15.32579129000078,0.0497253222345002,1,0,1,10,7.494005416219807e-15,6.605826996519682e-15,0.035,14.191669820076948,86.89206872814577,134.99609069383231,0.0504801911450759,0.0321356340323802,0.0688247482577717,0.154032688859162,0.1552578363575644,0.2579307159963793,0.1479961887544247,0.2833833450962187,0.051693689093574,0.3042734247264635,10,1,1,1,1,0.0,14.191669820076948,0.2307692307692307,5,15.33985966799446,1.080905902016771,15.33830708899768,6.998365498251662,0.047,6.951365498251662,17.387953831234217,46.209806657748615,14.191669820076948,13,13,1.0,4.040979476593959,0.7783657541566491,bos_scaling,hds_full,13,small,5,3,2,20,5,1.0,15.0,0.7,0.7,0.2,0.1,0.7,0.3,15.341015040998172
controlled_bos,13,5.0,reference,3,PBQS,NonSharable,PBQS-NonSharable,3.6465298593341817,14.586119437336723,1,4.999999999999999,downstream_reserved,1,queue_aware,1,1,1,0.0,18.232649296670907,18.232649296670907,4.999999999999999,20,5,13,4,0.3076923076923077,0.0025459809985477,0,4,13,7.0,"{""1"":1,""5"":1,""9"":1,""13"":1}",0,0.0,0,9,4,0,0,0,0,0,0,0.0,0.0,0,0,0,0,0.0,0.0,0.025,18.0509842520062,86.89206872814577,107.46426214307976,0.084787820927585,0.0516486288795165,0.1179270129756535,0.2369368066393233,0.1940790750323755,0.31705243174847,0.2238702184168201,0.3556613723005469,0.0492766969533826,0.1827780133574936,8,1,1,1,1,0.0,18.0509842520062,0.6923076923076923,4,0.0055556730003445,0.0003077767352063,0.0,6.976365498251662,0.025,6.951365498251661,38.07376234012633,56.8648335934376,18.0509842520062,13,13,1.0,0.1816650446647081,0.9900362782331432,bos_scaling,pbqs,13,small,5,3,2,20,5,1.0,15.0,0.7,0.7,0.2,0.1,0.7,0.3,0.0063777880022826
controlled_bos,13,5.0,reference,3,PBQS,Sharable,PBQS-Sharable,3.6465298593341817,14.586119437336723,1,4.999999999999999,downstream_reserved,1,queue_aware,1,1,1,0.0,18.232649296670907,18.232649296670907,4.999999999999999,20,5,13,6,0.4615384615384615,0.0032394039990322,0,4,13,5.75,"{""1"":1,""2"":1,""7"":1,""13"":1}",0,0.0,0,9,4,0,0,0,0,0,0,0.0,0.0,0,0,0,0,0.0,0.0,0.035,18.050774122127518,86.89206872814577,109.50078175650114,0.0871707042273631,0.0551139863273679,0.1192274221273583,0.2414908583017606,0.2156788962953222,0.3574828680540632,0.228600563598958,0.3785873595562229,0.0493900923183639,0.1599224597140246,8,1,1,1,1,0.0,18.050774122127518,0.6923076923076923,4,0.005721158999222,0.0003169481242474,0.0,6.976365498251662,0.025,6.951365498251661,53.63229863744191,57.95780599242256,18.050774122127518,13,13,1.0,0.1818751745433928,0.990024753310173,bos_scaling,pbqs,13,small,5,3,2,20,5,1.0,15.0,0.7,0.7,0.2,0.1,0.7,0.3,0.0064742610011307
controlled_bos,13,5.0,reference,4,HDS,NonSharable,HDS-NonSharable,4.039905132074078,16.159620528296312,1,5.0,downstream_reserved,1,idle_only,1,1,1,0.0,20.19952566037039,20.19952566037039,5.0,20,5,13,5,0.3846153846153846,0.0220359559971257,0,9,13,5.444444444444445,"{""1"":1,""2"":1,""3"":1,""4"":1,""5"":1,""6"":1,""7"":1,""8"":1,""13"":1}",5,0.3846153846153846,0,8,5,7,13,0,5,132,584,0.0216623289998096,0.0,0,0,0,5,5.551115123125783e-17,5.551115123125783e-17,0.035,11.326878683548442,78.09430738481032,115.31919439872536,0.0417583620560959,0.0230063395491574,0.0605103845630343,0.1408275193326138,0.1399436482387869,0.2285855101675264,0.153527932686293,0.3395289413796495,0.0577859432396219,0.2954835791111792,10,1,1,1,1,0.0,11.326878683548442,0.6153846153846154,5,0.0228678050007147,0.0020188973184579,0.0216623289998096,6.290544590784826,0.043,6.247544590784826,0.4127860499506643,42.24825579978416,11.326878683548442,13,13,1.0,8.87264697682195,0.5607497361074539,bos_scaling,hds_full,13,small,5,3,2,20,5,1.0,15.0,0.7,0.7,0.2,0.1,0.7,0.3,0.0237650300005043
controlled_bos,13,5.0,reference,4,HDS,Sharable,HDS-Sharable,4.039905132074078,16.159620528296312,1,5.0,downstream_reserved,1,idle_only,1,1,1,0.0,20.19952566037039,20.19952566037039,5.0,20,5,13,8,0.6153846153846154,15.108896199999435,0,7,13,4.285714285714286,"{""1"":1,""2"":2,""3"":1,""4"":1,""5"":1,""13"":1}",10,0.7692307692307693,0,3,10,5,13,0,5,522,1359,15.10819869199986,0.0546300970665275,1,0,1,10,4.551914400963142e-15,4.440892098500626e-15,0.035,15.00043043734336,78.09430738481032,118.05434388391964,0.0511650375731783,0.0259620460855365,0.0763680290608202,0.165069819144139,0.1304991718667219,0.2522424527936539,0.1936297195465876,0.3756032850461583,0.0437802429084213,0.246763844784444,10,1,1,1,1,0.0,15.00043043734336,0.2307692307692307,5,15.12291921200449,1.0081656839897204,15.121471077000024,6.286544590784826,0.039,6.247544590784826,19.542079926026005,49.52094574324171,15.00043043734336,13,13,1.0,5.199095223027031,0.7426130043624154,bos_scaling,hds_full,13,small,5,3,2,20,5,1.0,15.0,0.7,0.7,0.2,0.1,0.7,0.3,15.123834516001809
controlled_bos,13,5.0,reference,4,PBQS,NonSharable,PBQS-NonSharable,4.039905132074078,16.159620528296312,1,5.0,downstream_reserved,1,queue_aware,1,1,1,0.0,20.19952566037039,20.19952566037039,5.0,20,5,13,5,0.3846153846153846,0.0025011750003613,0,3,13,8.333333333333334,"{""4"":1,""8"":1,""13"":1}",0,0.0,0,8,5,0,0,0,0,0,0,0.0,0.0,0,0,0,0,0.0,0.0,0.035,18.5335435357451,78.09430738481032,93.84344403021012,0.0529539759403799,0.0292742839329544,0.0766336679478054,0.1770190682139046,0.128139862402026,0.2675606017368556,0.157770886674465,0.2977143495588124,0.034389201782463,0.1374804828889277,10,1,1,1,1,0.0,18.5335435357451,0.6153846153846154,5,0.0047749410005053,0.0002576377793753,0.0,6.278544590784826,0.031,6.247544590784826,46.0853946879356,53.105720464171405,18.5335435357451,13,13,1.0,1.665982124625291,0.9175237006731404,bos_scaling,pbqs,13,small,5,3,2,20,5,1.0,15.0,0.7,0.7,0.2,0.1,0.7,0.3,0.0054416240018326
controlled_bos,13,5.0,reference,4,PBQS,Sharable,PBQS-Sharable,4.039905132074078,16.159620528296312,1,5.0,downstream_reserved,1,queue_aware,1,1,1,0.0,20.19952566037039,20.19952566037039,5.0,20,5,13,8,0.6153846153846154,0.00306686699696,0,3,13,6.333333333333333,"{""1"":1,""5"":1,""13"":1}",0,0.0,0,9,4,0,0,0,0,0,0,0.0,0.0,0,0,0,0,0.0,0.0,0.025,19.878632608152586,78.09430738481032,87.27980327544354,0.0810695270332125,0.0428048521624588,0.1193342019039663,0.2427851680184649,0.1596414280351568,0.250388724505656,0.2236399173395762,0.3479083732937301,0.0397476318071641,0.0983863311045867,8,1,1,1,1,0.0,19.878632608152586,0.6923076923076923,4,0.0046919070009607,0.0002360276530809,0.0,6.264544590784826,0.017,6.247544590784826,84.30528922999154,58.26844032443158,19.878632608152586,13,13,1.0,0.320893052217805,0.9841138322942222,bos_scaling,pbqs,13,small,5,3,2,20,5,1.0,15.0,0.7,0.7,0.2,0.1,0.7,0.3,0.0053459209993889
controlled_bos,13,5.0,reference,5,HDS,NonSharable,HDS-NonSharable,3.988773418401713,15.95509367360685,1,5.0,downstream_reserved,1,idle_only,1,1,1,0.0,19.943867092008563,19.943867092008563,5.0,20,5,13,5,0.3846153846153846,0.0198488690002704,0,9,13,5.444444444444445,"{""1"":1,""2"":1,""3"":1,""4"":1,""5"":1,""6"":1,""7"":1,""8"":1,""13"":1}",5,0.3846153846153846,0,8,5,7,13,0,5,132,584,0.01941294900098,0.0,0,0,0,5,0.0,0.0,0.035,9.53901765124862,76.25051005764817,104.3667382365836,0.0389135280770636,0.0290818896733151,0.048745166480812,0.1231171160550401,0.1970376431491606,0.2603083032417516,0.1653842409555439,0.3013784259552426,0.0663063101598876,0.2654415974863469,10,1,1,1,1,0.0,9.53901765124862,0.6153846153846154,5,0.0206428429992229,0.0021640428557673,0.01941294900098,6.137040804611853,0.037,6.1000408046118535,0.7339839412433233,36.93513481651205,9.53901765124862,13,13,1.0,10.404849440759945,0.4782932822025709,bos_scaling,hds_full,13,small,5,3,2,20,5,1.0,15.0,0.7,0.7,0.2,0.1,0.7,0.3,0.0215581840020604
controlled_bos,13,5.0,reference,5,HDS,Sharable,HDS-Sharable,3.988773418401713,15.95509367360685,1,5.0,downstream_reserved,1,idle_only,1,1,1,0.0,19.943867092008563,19.943867092008563,5.0,20,5,13,9,0.6923076923076923,15.102694335000706,0,6,13,4.166666666666667,"{""1"":1,""2"":2,""3"":1,""4"":1,""13"":1}",11,0.8461538461538461,0,2,11,4,13,0,5,522,1359,15.10196685200208,0.0558451092103754,1,0,1,11,4.722888746755416e-13,2.295941214924824e-13,0.035,11.412374293610949,76.25051005764817,109.1115864461411,0.0394894168067599,0.0311843065484272,0.0477945270650925,0.128040192598,0.1879056914059452,0.3346394186554046,0.1321137177828092,0.2087323183586489,0.0557546506276261,0.2833999046921595,10,1,1,1,1,0.0,11.412374293610949,0.1538461538461538,5,15.115866129999633,1.3245154549883655,15.114330373002304,6.141040804611854,0.041,6.1000408046118535,20.019058541882508,38.41205777940001,11.412374293610949,13,13,1.0,8.531492798397617,0.5722247466332065,bos_scaling,hds_full,13,small,5,3,2,20,5,1.0,15.0,0.7,0.7,0.2,0.1,0.7,0.3,15.117064084999583
controlled_bos,13,5.0,reference,5,PBQS,NonSharable,PBQS-NonSharable,3.988773418401713,15.95509367360685,1,5.0,downstream_reserved,1,queue_aware,1,1,1,0.0,19.943867092008563,19.943867092008563,5.0,20,5,13,5,0.3846153846153846,0.0024234289994637,0,3,13,8.0,"{""3"":1,""8"":1,""13"":1}",0,0.0,0,8,5,0,0,0,0,0,0,0.0,0.0,0,0,0,0,0.0,0.0,0.035,16.06895306182228,76.25051005764817,96.74104143472051,0.044802146720466,0.037420043295814,0.052184250145118,0.1506206145061625,0.1823487131440311,0.3286030683430652,0.1139075978377525,0.2065095898846638,0.0389817869996197,0.152959414683978,10,1,1,1,1,0.0,16.06895306182228,0.6153846153846154,5,0.0046270009988802,0.0002879466372873,0.0,6.133040804611854,0.033,6.1000408046118535,37.58962201548688,45.186184351848766,16.06895306182228,13,13,1.0,3.8749140301862814,0.8057089925283875,bos_scaling,pbqs,13,small,5,3,2,20,5,1.0,15.0,0.7,0.7,0.2,0.1,0.7,0.3,0.005322946999513
controlled_bos,13,5.0,reference,5,PBQS,Sharable,PBQS-Sharable,3.988773418401713,15.95509367360685,1,5.0,downstream_reserved,1,queue_aware,1,1,1,0.0,19.943867092008563,19.943867092008563,5.0,20,5,13,9,0.6923076923076923,0.0031575320026604,0,3,13,6.0,"{""1"":1,""4"":1,""13"":1}",0,0.0,0,10,3,0,0,0,0,0,0,0.0,0.0,0,0,0,0,0.0,0.0,0.015,19.816518058942883,76.25051005764817,76.25051005764817,0.1238424425846102,0.0991540301598575,0.148530855009363,0.2889891365894863,0.3002163039892194,0.4299647775914169,0.2248591622921364,0.2493870027171852,0.0513043444065845,0.1052170310113194,6,1,1,1,1,0.0,19.816518058942883,0.7692307692307693,3,0.0043245900014881,0.0002182315777486,0.0,6.113040804611853,0.013,6.1000408046118535,88.50766545445394,52.018044586107536,19.816518058942883,13,13,1.0,0.1273490330656805,0.993614626868592,bos_scaling,pbqs,13,small,5,3,2,20,5,1.0,15.0,0.7,0.7,0.2,0.1,0.7,0.3,0.004983300997992
controlled_bos,14,5.0,reference,1,HDS,NonSharable,HDS-NonSharable,3.7231827591686497,14.8927310366746,1,5.0,downstream_reserved,1,idle_only,1,1,1,0.0,18.615913795843248,18.615913795843248,5.0,20,5,14,5,0.3571428571428571,0.0268061189999571,0,10,14,5.9,"{""1"":1,""2"":1,""3"":1,""4"":1,""5"":1,""6"":1,""7"":1,""8"":1,""9"":1,""14"":1}",5,0.3571428571428571,0,9,5,8,14,0,5,141,624,0.0262695100027485,0.0,0,0,0,5,1.6653345369377348e-16,1.1102230246251563e-16,0.035,10.315593359942634,89.74289582668048,136.1227450368809,0.0414649033464716,0.0298638783213079,0.0530659283716352,0.1420665944606554,0.2030041635622139,0.2997276556246984,0.1594251780879509,0.2885987935411474,0.0731947275969206,0.4017135275272434,10,1,1,1,1,0.0,10.315593359942634,0.6428571428571429,5,0.0280452929910097,0.0027187280471829,0.0262695100027485,7.229431666134438,0.05,7.179431666134438,0.43888708045901,42.619978338196624,10.315593359942634,14,14,1.0,8.300320435900614,0.5541276927402836,bos_scaling,hds_full,14,small,5,3,2,20,5,1.0,15.0,0.7,0.7,0.2,0.1,0.7,0.3,0.029196638999565
controlled_bos,14,5.0,reference,1,HDS,Sharable,HDS-Sharable,3.7231827591686497,14.8927310366746,1,5.0,downstream_reserved,1,idle_only,1,1,1,0.0,18.615913795843248,18.615913795843248,5.0,20,5,14,8,0.5714285714285714,15.164875063001093,0,10,14,4.6,"{""1"":1,""2"":1,""3"":2,""4"":3,""5"":1,""6"":1,""14"":1}",10,0.7142857142857143,0,4,10,8,14,0,5,596,1529,15.164263681999728,0.044755007968043,1,0,1,10,8.104628079763643e-15,2.664535259100376e-15,0.035,16.35822286423551,89.74289582668048,123.64550246968304,0.0424869049203287,0.0290039230425255,0.0559698867981319,0.1568900411510428,0.1213917950034787,0.2166668002839919,0.1135824024565318,0.2309898371112495,0.0455468334250907,0.2365907798336701,10,1,1,1,1,0.0,16.35822286423551,0.2857142857142857,5,15.179474662996654,0.9279415489676456,15.177724847999343,7.213431666134438,0.034,7.179431666134438,13.717269129525258,47.06701234531287,16.35822286423551,14,14,1.0,2.257690931607737,0.8787225297470029,bos_scaling,hds_full,14,small,5,3,2,20,5,1.0,15.0,0.7,0.7,0.2,0.1,0.7,0.3,15.180514191997643
controlled_bos,14,5.0,reference,1,PBQS,NonSharable,PBQS-NonSharable,3.7231827591686497,14.8927310366746,1,5.0,downstream_reserved,1,queue_aware,1,1,1,0.0,18.615913795843248,18.615913795843248,5.0,20,5,14,4,0.2857142857142857,0.0026422839982842,0,4,14,8.0,"{""2"":1,""6"":1,""10"":1,""14"":1}",0,0.0,0,10,4,0,0,0,0,0,0,0.0,0.0,0,0,0,0,0.0,0.0,0.025,18.037027223995647,89.74289582668048,102.83162607200693,0.071478479422076,0.0528365772256186,0.0901203816185334,0.2228667492780882,0.2139038521407332,0.3000707530982449,0.171559563100856,0.2418562414108181,0.0504804742602383,0.1399090011375603,8,1,1,1,1,0.0,18.037027223995647,0.7142857142857143,4,0.0064678210001147,0.0003585857536163,0.0,7.205431666134438,0.026,7.179431666134438,45.93390755323309,53.48801982674117,18.037027223995647,14,14,1.0,0.5788865718476011,0.9689036714396012,bos_scaling,pbqs,14,small,5,3,2,20,5,1.0,15.0,0.7,0.7,0.2,0.1,0.7,0.3,0.0071871229993121
controlled_bos,14,5.0,reference,1,PBQS,Sharable,PBQS-Sharable,3.7231827591686497,14.8927310366746,1,5.0,downstream_reserved,1,queue_aware,1,1,1,0.0,18.615913795843248,18.615913795843248,5.0,20,5,14,6,0.4285714285714285,0.0033511510009702,0,4,14,6.5,"{""1"":1,""3"":1,""8"":1,""14"":1}",0,0.0,0,10,4,0,0,0,0,0,0,0.0,0.0,0,0,0,0,0.0,0.0,0.025,18.107376201973995,89.74289582668048,111.18522496270914,0.0697326676823027,0.0498791943111842,0.0895861410534211,0.2282951911558665,0.1946987783973773,0.3426152407689002,0.1689568349923565,0.2559175959909861,0.0507456893341986,0.1636502093072445,8,1,1,1,1,0.0,18.107376201973995,0.7142857142857143,4,0.0064866299981076,0.0003582313597372,0.0,7.205431666134438,0.026,7.179431666134438,55.61400557577362,54.79084587740796,18.107376201973995,14,14,1.0,0.5085375938692529,0.9726826413440524,bos_scaling,pbqs,14,small,5,3,2,20,5,1.0,15.0,0.7,0.7,0.2,0.1,0.7,0.3,0.0073018240000237
controlled_bos,14,5.0,reference,2,HDS,NonSharable,HDS-NonSharable,3.913894632621464,15.655578530485856,1,5.0,downstream_reserved,1,idle_only,1,1,1,0.0,19.56947316310732,19.56947316310732,5.0,20,5,14,5,0.3571428571428571,0.0220702759979758,0,10,14,5.9,"{""1"":1,""2"":1,""3"":1,""4"":1,""5"":1,""6"":1,""7"":1,""8"":1,""9"":1,""14"":1}",5,0.3571428571428571,0,9,5,8,14,0,5,141,624,0.0216475170018384,0.0,0,0,0,5,1.6653345369377348e-16,1.6653345369377348e-16,0.035,16.150398875999752,92.56189817157473,140.37720933772158,0.0583432652386299,0.0425868311755009,0.074099699301759,0.1767765084862901,0.1929797975214774,0.329856625733902,0.1344883606936291,0.2304884394729731,0.0482184644654671,0.2420143130281338,10,1,1,1,1,0.0,16.150398875999752,0.6428571428571429,5,0.0230068909950205,0.0014245401102266,0.0216475170018384,7.454951853725978,0.05,7.404951853725978,0.3711638206842834,53.03295254588705,16.150398875999752,14,14,1.0,3.4190742871075663,0.8252853176674546,bos_scaling,hds_full,14,small,5,3,2,20,5,1.0,15.0,0.7,0.7,0.2,0.1,0.7,0.3,0.0238925599987851
controlled_bos,14,5.0,reference,2,HDS,Sharable,HDS-Sharable,3.913894632621464,15.655578530485856,1,5.0,downstream_reserved,1,idle_only,1,1,1,0.0,19.56947316310732,19.56947316310732,5.0,20,5,14,8,0.5714285714285714,2.4840214930009097,0,10,14,4.3,"{""1"":1,""2"":3,""3"":1,""4"":2,""5"":1,""6"":1,""14"":1}",10,0.7142857142857143,0,4,10,8,14,0,5,596,1529,2.4834403959976044,0.0,0,0,0,10,1.2340128918708617e-13,1.1585177261963508e-13,0.035,17.888669126367923,92.56189817157473,133.5880757148936,0.0618208820779278,0.0399057369144414,0.0837360272414142,0.1863602952460062,0.1553431844737939,0.2249979808792997,0.1610131392446915,0.3034757007114566,0.0432293829096198,0.2069081373581704,10,1,1,1,1,0.0,17.888669126367923,0.2857142857142857,5,2.499248157997499,0.1397112406933394,2.4977121079973585,7.442951853725978,0.038,7.4049518537259775,25.85210493627657,55.90808857380186,17.888669126367923,14,14,1.0,1.6808040367393955,0.914110920476486,bos_scaling,hds_full,14,small,5,3,2,20,5,1.0,15.0,0.7,0.7,0.2,0.1,0.7,0.3,2.500169969996932
controlled_bos,14,5.0,reference,2,PBQS,NonSharable,PBQS-NonSharable,3.913894632621464,15.655578530485856,1,5.0,downstream_reserved,1,queue_aware,1,1,1,0.0,19.56947316310732,19.56947316310732,5.0,20,5,14,4,0.2857142857142857,0.0026525599969318,0,4,14,8.0,"{""2"":1,""6"":1,""10"":1,""14"":1}",0,0.0,0,10,4,0,0,0,0,0,0,0.0,0.0,0,0,0,0,0.0,0.0,0.025,19.54627458063896,92.56189817157473,117.20646156665336,0.0972560594285611,0.0677591410679223,0.1267529777891999,0.2545133877346707,0.2461519365942261,0.391770857224767,0.2161693325939046,0.359250881381922,0.0486160951638366,0.1525379557189137,8,1,1,1,1,0.0,19.54627458063896,0.7142857142857143,4,0.0061789899918949,0.000316121108726,0.0,7.434951853725978,0.03,7.4049518537259775,40.978537707119656,61.08321305632098,19.54627458063896,14,14,1.0,0.0231985824683569,0.9988145525290844,bos_scaling,pbqs,14,small,5,3,2,20,5,1.0,15.0,0.7,0.7,0.2,0.1,0.7,0.3,0.0068952580004406
controlled_bos,14,5.0,reference,2,PBQS,Sharable,PBQS-Sharable,3.913894632621464,15.655578530485856,1,5.0,downstream_reserved,1,queue_aware,1,1,1,0.0,19.56947316310732,19.56947316310732,5.0,20,5,14,6,0.4285714285714285,0.0035428060000413,0,5,14,6.0,"{""1"":1,""3"":1,""4"":1,""8"":1,""14"":1}",0,0.0,0,10,4,0,0,0,0,0,0,0.0,0.0,0,0,0,0,0.0,0.0,0.035,18.630817985242317,92.56189817157473,124.86603613452178,0.0938631899186713,0.0645256684377358,0.1232007113996068,0.2519439271389214,0.2387220826189052,0.373169336102174,0.2142787102605554,0.3244946306202088,0.0514160527163904,0.197228803602467,8,1,1,1,1,0.0,18.630817985242317,0.7142857142857143,4,0.0072756460031087,0.0003905167238964,0.0,7.438951853725978,0.034,7.404951853725978,53.94045718799257,60.46654251334113,18.630817985242317,14,14,1.0,0.9386551778650052,0.9520347241828372,bos_scaling,pbqs,14,small,5,3,2,20,5,1.0,15.0,0.7,0.7,0.2,0.1,0.7,0.3,0.008029508000618
controlled_bos,14,5.0,reference,3,HDS,NonSharable,HDS-NonSharable,3.6465298593341817,14.586119437336723,1,4.999999999999999,downstream_reserved,1,idle_only,1,1,1,0.0,18.232649296670907,18.232649296670907,4.999999999999999,20,5,14,5,0.3571428571428571,0.0200689160010369,0,10,14,5.9,"{""1"":1,""2"":1,""3"":1,""4"":1,""5"":1,""6"":1,""7"":1,""8"":1,""9"":1,""14"":1}",5,0.3571428571428571,0,9,5,8,14,0,5,141,624,0.0196962410009291,0.0,0,0,0,5,9.992007221626409e-16,6.661338147750939e-16,0.035,16.979755915561476,93.42717833989606,139.70150821842705,0.0575802885715864,0.0344811380686859,0.0806794390744868,0.1766779990434934,0.1398090250486285,0.2534118230073551,0.1522245918588437,0.2566043596112947,0.0461983608317407,0.2764559880784573,10,1,1,1,1,0.0,16.979755915561476,0.6428571428571429,5,0.0210476430002017,0.0012395727656433,0.0196962410009291,7.522174267191684,0.048,7.474174267191684,0.4445651979740161,53.003399713048026,16.979755915561476,14,14,1.0,1.2528933811094305,0.931282976997852,bos_scaling,hds_full,14,small,5,3,2,20,5,1.0,15.0,0.7,0.7,0.2,0.1,0.7,0.3,0.0219838570010324
controlled_bos,14,5.0,reference,3,HDS,Sharable,HDS-Sharable,3.6465298593341817,14.586119437336723,1,4.999999999999999,downstream_reserved,1,idle_only,1,1,1,0.0,18.232649296670907,18.232649296670907,4.999999999999999,20,5,14,8,0.5714285714285714,6.9425016150016745,0,8,14,4.375,"{""1"":1,""2"":2,""3"":2,""4"":1,""6"":1,""14"":1}",11,0.7857142857142857,0,3,11,6,14,0,5,596,1529,6.941815302998293,0.0,0,0,0,11,1.27675647831893e-15,8.881784197001252e-16,0.035,15.25970621615398,93.42717833989606,135.51775650176296,0.0608202470363187,0.0358435167908662,0.0857969772817711,0.1796917188094328,0.1668172901270069,0.2963619218842207,0.1940322723389091,0.3284008168692608,0.0511864303404345,0.2429502287373435,10,1,1,1,1,0.0,15.25970621615398,0.2142857142857142,5,6.954761681994569,0.4557598674234129,6.953350971998589,7.518174267191684,0.044,7.474174267191684,28.294833480074136,53.90751564282984,15.25970621615398,14,14,1.0,2.972943080516925,0.8369439881093005,bos_scaling,hds_full,14,small,5,3,2,20,5,1.0,15.0,0.7,0.7,0.2,0.1,0.7,0.3,6.955759468000906
controlled_bos,14,5.0,reference,3,PBQS,NonSharable,PBQS-NonSharable,3.6465298593341817,14.586119437336723,1,4.999999999999999,downstream_reserved,1,queue_aware,1,1,1,0.0,18.232649296670907,18.232649296670907,4.999999999999999,20,5,14,4,0.2857142857142857,0.0026233360003971,0,5,14,6.6,"{""1"":1,""2"":1,""6"":1,""10"":1,""14"":1}",0,0.0,0,10,4,0,0,0,0,0,0,0.0,0.0,0,0,0,0,0.0,0.0,0.025,18.04858687806849,93.42717833989606,119.21253342844784,0.0915030635708102,0.0566421259491161,0.1263640011925043,0.2507731643296366,0.2165745080217468,0.2898903747980318,0.2277815243209779,0.3593370647427021,0.0531929255721462,0.2017270929889901,8,1,1,1,1,0.0,18.04858687806849,0.7142857142857143,4,0.0065651850018184,0.0003637506385497,0.0,7.504174267191684,0.03,7.4741742671916835,40.73331739843456,60.1855594391128,18.04858687806849,14,14,1.0,0.1840624186024158,0.9899047902689588,bos_scaling,pbqs,14,small,5,3,2,20,5,1.0,15.0,0.7,0.7,0.2,0.1,0.7,0.3,0.0073340519993507
controlled_bos,14,5.0,reference,3,PBQS,Sharable,PBQS-Sharable,3.6465298593341817,14.586119437336723,1,4.999999999999999,downstream_reserved,1,queue_aware,1,1,1,0.0,18.232649296670907,18.232649296670907,4.999999999999999,20,5,14,7,0.5,0.0032267749993479,0,5,14,5.8,"{""1"":1,""3"":1,""4"":1,""7"":1,""14"":1}",0,0.0,0,10,4,0,0,0,0,0,0,0.0,0.0,0,0,0,0,0.0,0.0,0.025,18.08095107898871,93.42717833989606,130.973714414654,0.0918077972416246,0.0563841491730843,0.127231445310165,0.2540383558180784,0.2145817119548812,0.2715703906641057,0.2305222016772718,0.3650799237804067,0.0537481858796154,0.2240692784106227,8,1,1,1,1,0.0,18.08095107898871,0.7142857142857143,4,0.0066700629977276,0.0003689000080022,0.0,7.508174267191684,0.034,7.474174267191684,62.006756406747456,60.96920539633883,18.08095107898871,14,14,1.0,0.1516982176821955,0.9916798587405564,bos_scaling,pbqs,14,small,5,3,2,20,5,1.0,15.0,0.7,0.7,0.2,0.1,0.7,0.3,0.0074374860014359
controlled_bos,14,5.0,reference,4,HDS,NonSharable,HDS-NonSharable,4.039905132074078,16.159620528296312,1,5.0,downstream_reserved,1,idle_only,1,1,1,0.0,20.19952566037039,20.19952566037039,5.0,20,5,14,5,0.3571428571428571,0.0238357849993917,0,10,14,5.9,"{""1"":1,""2"":1,""3"":1,""4"":1,""5"":1,""6"":1,""7"":1,""8"":1,""9"":1,""14"":1}",5,0.3571428571428571,0,9,5,8,14,0,5,141,624,0.0234686990006594,0.0,0,0,0,5,5.551115123125783e-17,5.551115123125783e-17,0.035,12.959888695949134,87.42930961051496,131.66773331902755,0.0435350235766611,0.0271104698876112,0.0599595772657111,0.1565214130020896,0.1393396003287357,0.2507489899243996,0.121725062020101,0.2111625069022041,0.0566999634866165,0.2981290458166693,10,1,1,1,1,0.0,12.959888695949134,0.6428571428571429,5,0.0250263189918769,0.0019310597165621,0.0234686990006594,7.0443447688411975,0.05,6.994344768841198,0.4127860499506643,46.9564239006269,12.959888695949134,14,14,1.0,7.239636964421257,0.6415937143204923,bos_scaling,hds_full,14,small,5,3,2,20,5,1.0,15.0,0.7,0.7,0.2,0.1,0.7,0.3,0.0260352509976655
controlled_bos,14,5.0,reference,4,HDS,Sharable,HDS-Sharable,4.039905132074078,16.159620528296312,1,5.0,downstream_reserved,1,idle_only,1,1,1,0.0,20.19952566037039,20.19952566037039,5.0,20,5,14,8,0.5714285714285714,15.069800795001356,0,9,14,4.333333333333333,"{""1"":2,""2"":1,""3"":2,""4"":1,""5"":1,""6"":1,""14"":1}",10,0.7142857142857143,0,4,10,6,14,0,5,596,1529,15.069163386000582,0.0550406044869155,1,0,1,10,9.769962616701378e-15,9.769962616701378e-15,0.035,15.00043043734336,87.42930961051496,136.7243483353289,0.0538894761018913,0.0294908489138774,0.0782881032899052,0.1753100619696681,0.1403795362608897,0.2522424527936539,0.1949737329393768,0.3756032850461583,0.0492566203983429,0.2835680662072119,10,1,1,1,1,0.0,15.00043043734336,0.2857142857142857,5,15.084810395001114,1.0056251690916609,15.08331136400011,7.040344768841197,0.046,6.994344768841197,19.542079926026005,52.59301859090045,15.00043043734336,14,14,1.0,5.199095223027031,0.7426130043624154,bos_scaling,hds_full,14,small,5,3,2,20,5,1.0,15.0,0.7,0.7,0.2,0.1,0.7,0.3,15.08572262600137
controlled_bos,14,5.0,reference,4,PBQS,NonSharable,PBQS-NonSharable,4.039905132074078,16.159620528296312,1,5.0,downstream_reserved,1,queue_aware,1,1,1,0.0,20.19952566037039,20.19952566037039,5.0,20,5,14,5,0.3571428571428571,0.0026548239984549,0,4,14,7.25,"{""1"":1,""5"":1,""9"":1,""14"":1}",0,0.0,0,9,5,0,0,0,0,0,0,0.0,0.0,0,0,0,0,0.0,0.0,0.035,19.89456083042874,87.42930961051496,103.6323024411064,0.0564637400382918,0.0363405575110061,0.0765869225655775,0.1925147851648438,0.1492275590826517,0.3327205377415021,0.1407245507297716,0.2399214539847305,0.0358086251423545,0.1475115890679708,10,1,1,1,1,0.0,19.89456083042874,0.6428571428571429,5,0.0053991820022929,0.0002713898561678,0.0,7.026344768841197,0.032,6.994344768841197,61.00684257041009,57.75443554945317,19.89456083042874,14,14,1.0,0.3049648299416496,0.9849023766662024,bos_scaling,pbqs,14,small,5,3,2,20,5,1.0,15.0,0.7,0.7,0.2,0.1,0.7,0.3,0.0061254219981492
controlled_bos,14,5.0,reference,4,PBQS,Sharable,PBQS-Sharable,4.039905132074078,16.159620528296312,1,5.0,downstream_reserved,1,queue_aware,1,1,1,0.0,20.19952566037039,20.19952566037039,5.0,20,5,14,8,0.5714285714285714,0.0032650620014464,0,3,14,7.333333333333333,"{""2"":1,""6"":1,""14"":1}",0,0.0,0,10,4,0,0,0,0,0,0,0.0,0.0,0,0,0,0,0.0,0.0,0.025,19.94915478461028,87.42930961051496,102.73468873237792,0.0861323109475162,0.0510958572779416,0.1211687646170909,0.2576393976742636,0.1872594160405031,0.2495035763375628,0.2213047687225937,0.3466784838093166,0.0445932915370074,0.1180612936922052,8,1,1,1,1,0.0,19.94915478461028,0.7142857142857143,4,0.0051602349994936,0.0002586693549279,0.0,7.016344768841197,0.022,6.994344768841197,87.08687667999376,61.83345544182325,19.94915478461028,14,14,1.0,0.2503708757601117,0.9876051111313312,bos_scaling,pbqs,14,small,5,3,2,20,5,1.0,15.0,0.7,0.7,0.2,0.1,0.7,0.3,0.005858303997229
controlled_bos,14,5.0,reference,5,HDS,NonSharable,HDS-NonSharable,3.988773418401713,15.95509367360685,1,5.0,downstream_reserved,1,idle_only,1,1,1,0.0,19.943867092008563,19.943867092008563,5.0,20,5,14,5,0.3571428571428571,0.0164945530013937,0,10,14,5.9,"{""1"":1,""2"":1,""3"":1,""4"":1,""5"":1,""6"":1,""7"":1,""8"":1,""9"":1,""14"":1}",5,0.3571428571428571,0,9,5,8,14,0,5,141,624,0.0161509509998722,0.0,0,0,0,5,0.0,0.0,0.035,11.017786835719267,79.40395146882811,109.47314742086913,0.0425783942707461,0.0331172134458498,0.0520395750956424,0.1327637538058355,0.2105242436387344,0.3855841221072806,0.1556221051826802,0.3188812976446749,0.0598384211223685,0.3061436659634003,10,1,1,1,1,0.0,11.017786835719267,0.6428571428571429,5,0.0174318800054606,0.0015821580382139,0.0161509509998722,6.396316117506249,0.044,6.352316117506249,0.9185335629467818,39.82912614175065,11.017786835719267,14,14,1.0,8.926080256289296,0.5524398445341654,bos_scaling,hds_full,14,small,5,3,2,20,5,1.0,15.0,0.7,0.7,0.2,0.1,0.7,0.3,0.0183108580022235
controlled_bos,14,5.0,reference,5,HDS,Sharable,HDS-Sharable,3.988773418401713,15.95509367360685,1,5.0,downstream_reserved,1,idle_only,1,1,1,0.0,19.943867092008563,19.943867092008563,5.0,20,5,14,10,0.7142857142857143,15.214906983997937,0,6,14,4.166666666666667,"{""1"":2,""2"":1,""3"":1,""4"":1,""14"":1}",12,0.8571428571428571,0,2,12,3,14,1,5,596,1529,15.214149797000571,0.0539189122319721,1,0,1,12,9.287015600989434e-13,2.3447910280083306e-13,0.035,17.30696194155301,79.40395146882811,110.95008592191478,0.0472863348056227,0.0388569116145151,0.0557157579967302,0.1589024542237464,0.1758086265914216,0.4028472094186382,0.1146827867167834,0.2015263843801273,0.0381620137343312,0.187380826992312,10,1,1,1,1,0.0,17.30696194155301,0.1428571428571428,5,15.22587547799776,0.8797543745353319,15.224567119999849,6.386316117506249,0.034,6.352316117506249,29.727844122786745,47.67073626712393,17.30696194155301,14,14,1.0,2.6369051504555543,0.8677836580894508,bos_scaling,hds_full,14,small,5,3,2,20,5,1.0,15.0,0.7,0.7,0.2,0.1,0.7,0.3,15.226765884999622
controlled_bos,14,5.0,reference,5,PBQS,NonSharable,PBQS-NonSharable,3.988773418401713,15.95509367360685,1,5.0,downstream_reserved,1,queue_aware,1,1,1,0.0,19.943867092008563,19.943867092008563,5.0,20,5,14,5,0.3571428571428571,0.0027807309998024,0,4,14,7.0,"{""1"":1,""4"":1,""9"":1,""14"":1}",0,0.0,0,9,5,0,0,0,0,0,0,0.0,0.0,0,0,0,0,0.0,0.0,0.035,17.120292253336757,79.40395146882811,99.13637337983184,0.046333686048365,0.0383403589547889,0.0543270131419412,0.1553204791581467,0.1739238752602829,0.3298955116984963,0.109971129602923,0.208247372370634,0.0380260768710034,0.1697826931334766,10,1,1,1,1,0.0,17.120292253336757,0.6428571428571429,5,0.0058919039947795,0.0003441473958267,0.0,6.386316117506249,0.034,6.352316117506249,49.790166635615606,46.596143747444025,17.120292253336757,14,14,1.0,2.8235748386718065,0.8584239041683545,bos_scaling,pbqs,14,small,5,3,2,20,5,1.0,15.0,0.7,0.7,0.2,0.1,0.7,0.3,0.0066382859986333
controlled_bos,14,5.0,reference,5,PBQS,Sharable,PBQS-Sharable,3.988773418401713,15.95509367360685,1,5.0,downstream_reserved,1,queue_aware,1,1,1,0.0,19.943867092008563,19.943867092008563,5.0,20,5,14,9,0.6428571428571429,0.0035030159997404,0,3,14,6.666666666666667,"{""1"":1,""5"":1,""14"":1}",0,0.0,0,11,3,0,0,0,0,0,0,0.0,0.0,0,0,0,0,0.0,0.0,0.015,19.91332746540021,79.40395146882811,79.40395146882811,0.1296385491930341,0.1029587585563597,0.1563183398297085,0.2987467481642298,0.3102206561969693,0.4095512425056398,0.2354980704776456,0.2528776593419171,0.053166370851745,0.101787771957606,6,1,1,1,1,0.0,19.91332746540021,0.7857142857142857,3,0.0051067450003756,0.0002564486025376,0.0,6.366316117506249,0.014,6.352316117506248,105.04573659799132,53.77441466956137,19.91332746540021,14,14,1.0,0.0305396266083519,0.9984687209121752,bos_scaling,pbqs,14,small,5,3,2,20,5,1.0,15.0,0.7,0.7,0.2,0.1,0.7,0.3,0.0058731959979922
controlled_bos,15,5.0,reference,1,HDS,NonSharable,HDS-NonSharable,3.7231827591686497,14.8927310366746,1,5.0,downstream_reserved,1,idle_only,1,1,1,0.0,18.615913795843248,18.615913795843248,5.0,20,5,15,5,0.3333333333333333,0.0164632170017284,0,11,15,6.363636363636363,"{""1"":1,""2"":1,""3"":1,""4"":1,""5"":1,""6"":1,""7"":1,""8"":1,""9"":1,""10"":1,""15"":1}",5,0.3333333333333333,0,10,5,9,15,0,5,150,664,0.016089089000161,0.0,0,0,0,5,1.6653345369377348e-16,1.1102230246251563e-16,0.035,15.614079735174606,93.76904515675628,139.17642866039523,0.044521228009817,0.0294683735961935,0.0595740824234405,0.1566355070347597,0.1168184875624711,0.1773273564957419,0.1216718263890663,0.2039115086376756,0.0503698124638894,0.2324370065092258,10,1,1,1,1,0.0,15.614079735174606,0.6666666666666666,5,0.0175669290038058,0.0011250697640688,0.016089089000161,7.550523612540504,0.049,7.501523612540503,0.4161974170032676,46.99065211042792,15.614079735174606,15,15,1.0,3.0018340606686422,0.8387490351755431,bos_scaling,hds_full,15,small,5,3,2,20,5,1.0,15.0,0.7,0.7,0.2,0.1,0.7,0.3,0.0185709049983415
controlled_bos,15,5.0,reference,1,HDS,Sharable,HDS-Sharable,3.7231827591686497,14.8927310366746,1,5.0,downstream_reserved,1,idle_only,1,1,1,0.0,18.615913795843248,18.615913795843248,5.0,20,5,15,9,0.6,15.1868582040006,0,11,15,4.454545454545454,"{""1"":1,""2"":2,""3"":2,""4"":3,""5"":1,""6"":1,""15"":1}",11,0.7333333333333333,0,4,11,9,15,0,5,675,1709,15.18620148699847,0.0492175445470978,1,0,1,11,0.0,0.0,0.035,12.82913399014239,93.76904515675628,136.06998399081604,0.0471565730590498,0.0335878844016504,0.0607252617164493,0.1600280596199537,0.1826367658667262,0.3184613374662431,0.154679597104849,0.2720024780728785,0.0611103690181816,0.3059713469370155,10,1,1,1,1,0.0,12.82913399014239,0.2666666666666666,5,15.2009188829943,1.1848749022868057,15.199141616994892,7.540523612540504,0.039,7.501523612540504,20.90455051801828,48.00841788598613,12.82913399014239,15,15,1.0,5.786779805700858,0.6891487643763697,bos_scaling,hds_full,15,small,5,3,2,20,5,1.0,15.0,0.7,0.7,0.2,0.1,0.7,0.3,15.2020035179994
controlled_bos,15,5.0,reference,1,PBQS,NonSharable,PBQS-NonSharable,3.7231827591686497,14.8927310366746,1,5.0,downstream_reserved,1,queue_aware,1,1,1,0.0,18.615913795843248,18.615913795843248,5.0,20,5,15,4,0.2666666666666666,0.0027500049982336,0,4,15,9.0,"{""3"":1,""7"":1,""11"":1,""15"":1}",0,0.0,0,11,4,0,0,0,0,0,0,0.0,0.0,0,0,0,0,0.0,0.0,0.025,18.037027223995647,93.76904515675628,111.5862516212422,0.0761389921778268,0.05731437264572,0.0949636117099335,0.2347219490362503,0.2265680760289058,0.3089966059953496,0.1737182161645965,0.2849445544115459,0.0529747860423964,0.1590228235035102,8,1,1,1,1,0.0,18.037027223995647,0.7333333333333333,4,0.0068308619920571,0.0003787132938941,0.0,7.532523612540504,0.031,7.501523612540504,41.678170974421,56.33326776870008,18.037027223995647,15,15,1.0,0.5788865718476011,0.9689036714396012,bos_scaling,pbqs,15,small,5,3,2,20,5,1.0,15.0,0.7,0.7,0.2,0.1,0.7,0.3,0.0076095620024716
controlled_bos,15,5.0,reference,1,PBQS,Sharable,PBQS-Sharable,3.7231827591686497,14.8927310366746,1,5.0,downstream_reserved,1,queue_aware,1,1,1,0.0,18.615913795843248,18.615913795843248,5.0,20,5,15,6,0.4,0.0033615259999351,0,4,15,7.25,"{""1"":1,""4"":1,""9"":1,""15"":1}",0,0.0,0,11,4,0,0,0,0,0,0,0.0,0.0,0,0,0,0,0.0,0.0,0.025,18.4982826058279,93.76904515675628,119.45350031481846,0.0773228663653765,0.0564708173008064,0.0981749154299467,0.2416412440776291,0.2157883877209933,0.3551083847203598,0.1807790524206334,0.2559809132280273,0.0520791539005957,0.169634323315482,8,1,1,1,1,0.0,18.4982826058279,0.7333333333333333,4,0.006560049001564,0.0003546301643968,0.0,7.532523612540504,0.031,7.501523612540504,64.74742121144224,57.99389857863101,18.4982826058279,15,15,1.0,0.1176311900153486,0.9936811487577036,bos_scaling,pbqs,15,small,5,3,2,20,5,1.0,15.0,0.7,0.7,0.2,0.1,0.7,0.3,0.0073335109991603
controlled_bos,15,5.0,reference,2,HDS,NonSharable,HDS-NonSharable,3.913894632621464,15.655578530485856,1,5.0,downstream_reserved,1,idle_only,1,1,1,0.0,19.56947316310732,19.56947316310732,5.0,20,5,15,5,0.3333333333333333,0.0280425900018599,0,11,15,6.363636363636363,"{""1"":1,""2"":1,""3"":1,""4"":1,""5"":1,""6"":1,""7"":1,""8"":1,""9"":1,""10"":1,""15"":1}",5,0.3333333333333333,0,10,5,9,15,0,5,150,664,0.0274425869974948,1.5825726006679227e-16,0,0,0,5,1.6653345369377348e-16,1.6653345369377348e-16,0.035,17.427701554719018,98.75115715505716,152.87900219013454,0.0638467338570148,0.0431584004150436,0.084535067298986,0.1911777418466474,0.1767978808139639,0.30568093335586,0.1445263652647455,0.2824099286418447,0.0478153433286719,0.2513462714903247,10,1,1,1,1,0.0,17.427701554719018,0.6666666666666666,5,0.0294699860096443,0.001690985235036,0.0274425869974948,7.9530925724045725,0.053,7.9000925724045725,0.3711638206842834,57.35332255399423,17.427701554719018,15,15,1.0,2.1417716083883,0.8905554794175041,bos_scaling,hds_full,15,small,5,3,2,20,5,1.0,15.0,0.7,0.7,0.2,0.1,0.7,0.3,0.0308205770015774
controlled_bos,15,5.0,reference,2,HDS,Sharable,HDS-Sharable,3.913894632621464,15.655578530485856,1,5.0,downstream_reserved,1,idle_only,1,1,1,0.0,19.56947316310732,19.56947316310732,5.0,20,5,15,8,0.5333333333333333,4.50441300500097,0,11,15,4.636363636363637,"{""1"":1,""2"":1,""3"":3,""4"":3,""5"":1,""7"":1,""15"":1}",11,0.7333333333333333,0,4,11,9,15,0,5,675,1709,4.503682498001581,0.0,0,0,0,11,8.881784197001252e-16,8.881784197001252e-16,0.035,17.888669126367923,98.75115715505716,145.96659368185846,0.0657965261388711,0.0411859479481481,0.090407104329594,0.1986162541571049,0.1583489342607597,0.2249979808792997,0.1649288195522132,0.3034757007114566,0.0462740744218778,0.2318194125466913,10,1,1,1,1,0.0,17.888669126367923,0.2666666666666666,5,4.526145298004849,0.2530174417130509,4.5239619970052445,7.9450925724045725,0.045,7.9000925724045725,27.646972079483884,59.58487624713149,17.888669126367923,15,15,1.0,1.6808040367393955,0.914110920476486,bos_scaling,hds_full,15,small,5,3,2,20,5,1.0,15.0,0.7,0.7,0.2,0.1,0.7,0.3,4.527325095001288
controlled_bos,15,5.0,reference,2,PBQS,NonSharable,PBQS-NonSharable,3.913894632621464,15.655578530485856,1,5.0,downstream_reserved,1,queue_aware,1,1,1,0.0,19.56947316310732,19.56947316310732,5.0,20,5,15,4,0.2666666666666666,0.0028163440001662,0,4,15,8.5,"{""2"":1,""6"":1,""11"":1,""15"":1}",0,0.0,0,10,5,0,0,0,0,0,0,0.0,0.0,0,0,0,0,0.0,0.0,0.035,19.12147969189634,98.75115715505716,130.6213017503679,0.0731182731691031,0.0477612266584141,0.0984753196797921,0.2121808896101025,0.1914672330797086,0.4295404747305518,0.185308405400928,0.315288552778048,0.0426486540820539,0.1902477916377803,10,1,1,1,1,0.0,19.12147969189634,0.6666666666666666,5,0.0063980580016504,0.0003346005698691,0.0,7.943092572404573,0.043,7.9000925724045725,38.3153516900899,63.65426688303076,19.12147969189634,15,15,1.0,0.4479934712109781,0.977107535421263,bos_scaling,pbqs,15,small,5,3,2,20,5,1.0,15.0,0.7,0.7,0.2,0.1,0.7,0.3,0.0072586290007166
controlled_bos,15,5.0,reference,2,PBQS,Sharable,PBQS-Sharable,3.913894632621464,15.655578530485856,1,5.0,downstream_reserved,1,queue_aware,1,1,1,0.0,19.56947316310732,19.56947316310732,5.0,20,5,15,6,0.4,0.0042022279994853,0,4,15,7.0,"{""1"":1,""3"":1,""9"":1,""15"":1}",0,0.0,0,10,5,0,0,0,0,0,0,0.0,0.0,0,0,0,0,0.0,0.0,0.045,19.291557900663584,98.75115715505716,132.3674457859069,0.0749609517494643,0.0487211643004696,0.1012007391984589,0.2181918972162712,0.1960489127612718,0.3318909431149286,0.1940584199840478,0.3783327585276527,0.0423450657718544,0.1795142375921065,10,1,1,1,1,0.0,19.291557900663584,0.6666666666666666,5,0.0073886639984266,0.0003829998612072,0.0,7.937092572404572,0.037,7.9000925724045725,63.06269322302021,65.45756916488138,19.291557900663584,15,15,1.0,0.2779152624437344,0.9857985312058546,bos_scaling,pbqs,15,small,5,3,2,20,5,1.0,15.0,0.7,0.7,0.2,0.1,0.7,0.3,0.0082746730004146
controlled_bos,15,5.0,reference,3,HDS,NonSharable,HDS-NonSharable,3.6465298593341817,14.586119437336723,1,4.999999999999999,downstream_reserved,1,idle_only,1,1,1,0.0,18.232649296670907,18.232649296670907,4.999999999999999,20,5,15,5,0.3333333333333333,0.0301608500012662,0,11,15,6.363636363636363,"{""1"":1,""2"":1,""3"":1,""4"":1,""5"":1,""6"":1,""7"":1,""8"":1,""9"":1,""10"":1,""15"":1}",5,0.3333333333333333,0,10,5,9,15,0,5,150,664,0.0296654420017148,0.0,0,0,0,5,3.3306690738754696e-16,3.3306690738754696e-16,0.035,16.979755915561476,96.68395099256728,142.95828087109828,0.0604406813568449,0.0352064990652844,0.0856748636484054,0.1872369669579413,0.143397434918433,0.2534118230073551,0.1645809433369178,0.2566043596112947,0.047732786965481,0.2239016655646595,10,1,1,1,1,0.0,16.979755915561476,0.6666666666666666,5,0.0316398220056726,0.0018633849722583,0.0296654420017148,7.783716079405382,0.049,7.734716079405381,0.5035296783741012,56.1710900873824,16.979755915561476,15,15,1.0,1.2528933811094305,0.931282976997852,bos_scaling,hds_full,15,small,5,3,2,20,5,1.0,15.0,0.7,0.7,0.2,0.1,0.7,0.3,0.0327965650030819
controlled_bos,15,5.0,reference,3,HDS,Sharable,HDS-Sharable,3.6465298593341817,14.586119437336723,1,4.999999999999999,downstream_reserved,1,idle_only,1,1,1,0.0,18.232649296670907,18.232649296670907,4.999999999999999,20,5,15,8,0.5333333333333333,15.418472288001794,0,11,15,4.545454545454546,"{""1"":1,""2"":2,""3"":2,""4"":3,""5"":1,""7"":1,""15"":1}",11,0.7333333333333333,0,4,11,9,15,0,5,675,1709,15.417804053002328,0.0796362361199912,1,0,1,11,1.3322676295501878e-15,1.3322676295501878e-15,0.035,15.242990468140649,96.68395099256728,154.35141787461944,0.0614063747778522,0.0378709448891506,0.0849418046665538,0.1870305729802382,0.1817605031919761,0.3268190705212903,0.179798341852662,0.3083645930925551,0.0537693429094006,0.3117268049886872,10,1,1,1,1,0.0,15.242990468140649,0.2666666666666666,5,15.462262618002567,1.014385113624536,15.460460736005189,7.785716079405382,0.051,7.734716079405381,27.7684397512414,56.10917189407149,15.242990468140649,15,15,1.0,2.989658828530258,0.8360271850851572,bos_scaling,hds_full,15,small,5,3,2,20,5,1.0,15.0,0.7,0.7,0.2,0.1,0.7,0.3,15.463314234999416
controlled_bos,15,5.0,reference,3,PBQS,NonSharable,PBQS-NonSharable,3.6465298593341817,14.586119437336723,1,4.999999999999999,downstream_reserved,1,queue_aware,1,1,1,0.0,18.232649296670907,18.232649296670907,4.999999999999999,20,5,15,4,0.2666666666666666,0.003646019998996,0,5,15,7.0,"{""1"":1,""2"":1,""6"":1,""11"":1,""15"":1}",0,0.0,0,10,5,0,0,0,0,0,0,0.0,0.0,0,0,0,0,0.0,0.0,0.035,18.04858687806849,96.68395099256728,125.72607873379027,0.0667895275146366,0.040821341890525,0.0927577131387481,0.2058980154209332,0.1741035827924719,0.2898903747980318,0.1836782960433456,0.3593370647427021,0.0441422542116924,0.2122839039397379,10,1,1,1,1,0.0,18.04858687806849,0.6666666666666666,5,0.0086420499974337,0.0004788214199713,0.0,7.771716079405381,0.037,7.734716079405381,44.27327962752749,61.76940462627999,18.04858687806849,15,15,1.0,0.1840624186024158,0.9899047902689588,bos_scaling,pbqs,15,small,5,3,2,20,5,1.0,15.0,0.7,0.7,0.2,0.1,0.7,0.3,0.0095208880011341
controlled_bos,15,5.0,reference,3,PBQS,Sharable,PBQS-Sharable,3.6465298593341817,14.586119437336723,1,4.999999999999999,downstream_reserved,1,queue_aware,1,1,1,0.0,18.232649296670907,18.232649296670907,4.999999999999999,20,5,15,8,0.5333333333333333,0.0044209539992152,0,5,15,6.0,"{""1"":1,""3"":1,""4"":1,""7"":1,""15"":1}",0,0.0,0,11,4,0,0,0,0,0,0,0.0,0.0,0,0,0,0,0.0,0.0,0.025,18.001786081356865,96.68395099256728,132.79817348603655,0.092325020712465,0.0551747739881866,0.1294752674367434,0.2597993729365571,0.2058520892833616,0.2648142802893937,0.2287893332912968,0.3458045602314961,0.0557141234701054,0.2176691509149508,8,1,1,1,1,0.0,18.001786081356865,0.7333333333333333,4,0.0078169209991756,0.0004342303015849,0.0,7.769716079405382,0.035,7.734716079405381,78.30374673118196,62.3518495047737,18.001786081356865,15,15,1.0,0.2308632153140415,0.9873379226706128,bos_scaling,pbqs,15,small,5,3,2,20,5,1.0,15.0,0.7,0.7,0.2,0.1,0.7,0.3,0.0087154389984789
controlled_bos,15,5.0,reference,4,HDS,NonSharable,HDS-NonSharable,4.039905132074078,16.159620528296312,1,5.0,downstream_reserved,1,idle_only,1,1,1,0.0,20.19952566037039,20.19952566037039,5.0,20,5,15,5,0.3333333333333333,0.0204000089979672,0,11,15,6.363636363636363,"{""1"":1,""2"":1,""3"":1,""4"":1,""5"":1,""6"":1,""7"":1,""8"":1,""9"":1,""10"":1,""15"":1}",5,0.3333333333333333,0,10,5,9,15,0,5,150,664,0.0199637900004745,0.0,0,0,0,5,5.551115123125783e-17,5.551115123125783e-17,0.035,14.517778852118372,90.94687027524972,132.5037323060155,0.0500969079302166,0.0330950245196896,0.0670987913407437,0.1707049367607918,0.1636500981340288,0.2824663324072958,0.1312694017994028,0.2402495630473633,0.0524061193917136,0.286667858801225,10,1,1,1,1,0.0,14.517778852118372,0.6666666666666666,5,0.0217737759921874,0.0014998007762744,0.0199637900004745,7.324749622019977,0.049,7.275749622019976,0.5551540748715638,51.21148102823755,14.517778852118372,15,15,1.0,5.681746808252019,0.7187188004419786,bos_scaling,hds_full,15,small,5,3,2,20,5,1.0,15.0,0.7,0.7,0.2,0.1,0.7,0.3,0.0229287149995798
controlled_bos,15,5.0,reference,4,HDS,Sharable,HDS-Sharable,4.039905132074078,16.159620528296312,1,5.0,downstream_reserved,1,idle_only,1,1,1,0.0,20.19952566037039,20.19952566037039,5.0,20,5,15,9,0.6,15.213764518000971,0,10,15,4.3,"{""1"":2,""2"":2,""3"":1,""4"":2,""5"":1,""6"":1,""15"":1}",11,0.7333333333333333,0,4,11,7,15,0,5,675,1709,15.2130443749993,0.0654885454282122,1,0,1,11,8.659739592076221e-15,8.659739592076221e-15,0.035,18.094142341809096,90.94687027524972,140.24190900006366,0.0592000807079483,0.033872840842521,0.0845273205733755,0.1882200411946086,0.1367205332964523,0.2536600733435842,0.1761198173294253,0.2963611716905274,0.042390016541959,0.2397670950343805,10,1,1,1,1,0.0,18.094142341809096,0.2666666666666666,5,15.228764523999416,0.841640583804361,15.227022189999843,7.322749622019977,0.047,7.275749622019977,25.84493235082666,56.466012358382585,18.094142341809096,15,15,1.0,2.1053833185612945,0.8957706555113885,bos_scaling,hds_full,15,small,5,3,2,20,5,1.0,15.0,0.7,0.7,0.2,0.1,0.7,0.3,15.229787428997952
controlled_bos,15,5.0,reference,4,PBQS,NonSharable,PBQS-NonSharable,4.039905132074078,16.159620528296312,1,5.0,downstream_reserved,1,queue_aware,1,1,1,0.0,20.19952566037039,20.19952566037039,5.0,20,5,15,5,0.3333333333333333,0.0027641960004984,0,4,15,8.25,"{""2"":1,""6"":1,""10"":1,""15"":1}",0,0.0,0,10,5,0,0,0,0,0,0,0.0,0.0,0,0,0,0,0.0,0.0,0.035,18.931780961338607,90.94687027524972,112.19399542604091,0.0619083579620626,0.040713173478391,0.0831035424457342,0.2041291310385904,0.1761969837621567,0.4025219758409318,0.1627997576078269,0.2675021886839849,0.0393292455603175,0.1362744866082347,10,1,1,1,1,0.0,18.931780961338607,0.6666666666666666,5,0.0060491270050988,0.0003195223427448,0.0,7.308749622019977,0.033,7.275749622019976,68.6187357306459,61.23873931157712,18.931780961338607,15,15,1.0,1.267744699031784,0.937238887667596,bos_scaling,pbqs,15,small,5,3,2,20,5,1.0,15.0,0.7,0.7,0.2,0.1,0.7,0.3,0.0067948889991384
controlled_bos,15,5.0,reference,4,PBQS,Sharable,PBQS-Sharable,4.039905132074078,16.159620528296312,1,5.0,downstream_reserved,1,queue_aware,1,1,1,0.0,20.19952566037039,20.19952566037039,5.0,20,5,15,8,0.5333333333333333,0.003957012999308,0,4,15,6.5,"{""1"":1,""3"":1,""7"":1,""15"":1}",0,0.0,0,11,4,0,0,0,0,0,0,0.0,0.0,0,0,0,0,0.0,0.0,0.025,20.145495752468427,90.94687027524972,113.8743160413912,0.0910661415689279,0.0549657618361027,0.1271665213017532,0.2665043398674152,0.1956257026598206,0.2635299794613583,0.226491159303173,0.3545633269115484,0.0462831076472462,0.1395199542472264,8,1,1,1,1,0.0,20.145495752468427,0.7333333333333333,4,0.0065081129941972,0.0003230554896322,0.0,7.302749622019976,0.027,7.275749622019976,92.19761161251104,63.96104156817965,20.145495752468427,15,15,1.0,0.0540299079019632,0.9973251892737282,bos_scaling,pbqs,15,small,5,3,2,20,5,1.0,15.0,0.7,0.7,0.2,0.1,0.7,0.3,0.007348061997618
controlled_bos,15,5.0,reference,5,HDS,NonSharable,HDS-NonSharable,3.988773418401713,15.95509367360685,1,5.0,downstream_reserved,1,idle_only,1,1,1,0.0,19.943867092008563,19.943867092008563,5.0,20,5,15,5,0.3333333333333333,0.016522083999007,0,11,15,6.363636363636363,"{""1"":1,""2"":1,""3"":1,""4"":1,""5"":1,""6"":1,""7"":1,""8"":1,""9"":1,""10"":1,""15"":1}",5,0.3333333333333333,0,10,5,9,15,0,5,150,664,0.016164871998626,0.0,0,0,0,5,0.0,0.0,0.035,11.710608211436398,84.63964363212183,116.1929209508417,0.0425846136107677,0.0329148557916555,0.0522543714298799,0.1361262471679372,0.1929321548043014,0.3104919020079149,0.1407342005133797,0.3428645976237076,0.0599763699912731,0.2473686248972849,10,1,1,1,1,0.0,11.710608211436398,0.6666666666666666,5,0.0176020419930864,0.0015030852091778,0.016164871998626,6.816171490569746,0.045,6.771171490569746,0.9185335629467818,40.83787415038116,11.710608211436398,15,15,1.0,8.233258880572166,0.5871784121610396,bos_scaling,hds_full,15,small,5,3,2,20,5,1.0,15.0,0.7,0.7,0.2,0.1,0.7,0.3,0.0185141399997519
controlled_bos,15,5.0,reference,5,HDS,Sharable,HDS-Sharable,3.988773418401713,15.95509367360685,1,5.0,downstream_reserved,1,idle_only,1,1,1,0.0,19.943867092008563,19.943867092008563,5.0,20,5,15,10,0.6666666666666666,15.122633789000249,0,8,15,4.125,"{""1"":2,""2"":2,""3"":1,""4"":1,""5"":1,""15"":1}",12,0.8,0,3,12,5,15,0,5,675,1709,15.121925082999953,0.0679123940876227,1,0,1,12,4.711786516509164e-13,2.313704783318826e-13,0.035,15.400741107171289,84.63964363212183,123.92882046233504,0.0484928724112396,0.0392445612531917,0.0577411835692874,0.1626571813283868,0.1984901728548309,0.3677239796150193,0.1331990299774057,0.2799228663058944,0.0460074281874144,0.2445698566514603,10,1,1,1,1,0.0,15.400741107171289,0.2,5,15.135773264999443,0.98279512392761,15.134313602000477,6.812171490569746,0.041,6.7711714905697455,29.69073742328473,48.79715439851606,15.400741107171289,15,15,1.0,4.543125984837275,0.7722043591707604,bos_scaling,hds_full,15,small,5,3,2,20,5,1.0,15.0,0.7,0.7,0.2,0.1,0.7,0.3,15.136914123999304
controlled_bos,15,5.0,reference,5,PBQS,NonSharable,PBQS-NonSharable,3.988773418401713,15.95509367360685,1,5.0,downstream_reserved,1,queue_aware,1,1,1,0.0,19.943867092008563,19.943867092008563,5.0,20,5,15,5,0.3333333333333333,0.0027321180023136,0,4,15,7.75,"{""1"":1,""5"":1,""10"":1,""15"":1}",0,0.0,0,10,5,0,0,0,0,0,0,0.0,0.0,0,0,0,0,0.0,0.0,0.035,17.120292253336757,84.63964363212183,108.28361642037412,0.0477634013557276,0.0390606112720349,0.0564661914394204,0.1590087614759268,0.177200133148305,0.3298955116984963,0.114346871297223,0.208247372370634,0.0406553998604737,0.1808836797682254,10,1,1,1,1,0.0,17.120292253336757,0.6666666666666666,5,0.0056441640008415,0.0003296768488132,0.0,6.810171490569746,0.039,6.771171490569746,50.99547758174402,47.70262844277806,17.120292253336757,15,15,1.0,2.8235748386718065,0.8584239041683545,bos_scaling,pbqs,15,small,5,3,2,20,5,1.0,15.0,0.7,0.7,0.2,0.1,0.7,0.3,0.0064339409982494
controlled_bos,15,5.0,reference,5,PBQS,Sharable,PBQS-Sharable,3.988773418401713,15.95509367360685,1,5.0,downstream_reserved,1,queue_aware,1,1,1,0.0,19.943867092008563,19.943867092008563,5.0,20,5,15,9,0.6,0.003723183999682,0,3,15,7.333333333333333,"{""1"":1,""6"":1,""15"":1}",0,0.0,0,11,4,0,0,0,0,0,0,0.0,0.0,0,0,0,0,0.0,0.0,0.025,19.703980484211424,84.63964363212183,92.26103840721716,0.0790223389258393,0.0623968646715264,0.0956478131801522,0.2283798142490462,0.2364876775772027,0.4107630282364505,0.1794622778307726,0.2458803056578934,0.0433424013884214,0.1125145943089529,8,1,1,1,1,0.0,19.703980484211424,0.7333333333333333,4,0.005478717997903,0.0002780513309122,0.0,6.790171490569746,0.019,6.7711714905697455,102.73786915742392,54.8111554197711,19.703980484211424,15,15,1.0,0.2398866077971391,0.9879719110295684,bos_scaling,pbqs,15,small,5,3,2,20,5,1.0,15.0,0.7,0.7,0.2,0.1,0.7,0.3,0.0062337130002561
controlled_bos,16,5.0,reference,1,HDS,NonSharable,HDS-NonSharable,3.9205886934969154,15.682354773987663,1,5.000000000000001,downstream_reserved,1,idle_only,1,1,1,0.0,19.60294346748458,19.60294346748458,5.000000000000001,20,5,16,5,0.3125,0.0234429410011216,0,12,16,6.833333333333333,"{""1"":1,""2"":1,""3"":1,""4"":1,""5"":1,""6"":1,""7"":1,""8"":1,""9"":1,""10"":1,""11"":1,""16"":1}",5,0.3125,0,11,5,10,16,0,5,159,704,0.0229713580010866,0.0,0,0,0,5,1.6653345369377348e-16,1.1102230246251563e-16,0.035,16.13275305654933,102.47925870502142,152.47766041871728,0.0497642142473468,0.0320766937545883,0.0674517347401053,0.1781467849940138,0.1303320306272883,0.2073829337756834,0.1254157567140978,0.2072576303924731,0.0532973379061341,0.2712078424876207,10,1,1,1,1,0.0,16.13275305654933,0.6875,5,0.0248024870052177,0.0015373995323847,0.0229713580010866,8.250340696401715,0.052,8.198340696401715,0.4161974170032676,53.44403549820414,16.13275305654933,16,16,1.0,3.470190410935249,0.8229760537395184,bos_scaling,hds_full,16,small,5,3,2,20,5,1.0,15.0,0.7,0.7,0.2,0.1,0.7,0.3,0.0260075699989101
controlled_bos,16,5.0,reference,1,HDS,Sharable,HDS-Sharable,3.9205886934969154,15.682354773987663,1,5.000000000000001,downstream_reserved,1,idle_only,1,1,1,0.0,19.60294346748458,19.60294346748458,5.000000000000001,20,5,16,9,0.5625,15.106150783001794,0,12,16,5.083333333333333,"{""1"":1,""2"":1,""3"":2,""4"":2,""5"":3,""6"":1,""7"":1,""16"":1}",11,0.6875,0,5,11,10,16,0,5,759,1899,15.105393245001324,0.0455899614004206,1,0,1,11,2.1094237467877974e-15,8.881784197001252e-16,0.035,17.393949558351007,102.47925870502142,144.8389527555469,0.0554281448661897,0.0349825633677199,0.0758737263646595,0.1948003769950919,0.1419317693455065,0.2426137900951796,0.1519101689935016,0.3356085205142682,0.0490815396478318,0.255467611833353,10,1,1,1,1,0.0,17.393949558351007,0.3125,5,15.126388429995131,0.8696350635748971,15.123991821001256,8.238340696401714,0.04,8.198340696401715,20.90455051801828,58.44011309852759,17.393949558351007,16,16,1.0,2.2089939091335715,0.8873131520887344,bos_scaling,hds_full,16,small,5,3,2,20,5,1.0,15.0,0.7,0.7,0.2,0.1,0.7,0.3,15.12796346599862
controlled_bos,16,5.0,reference,1,PBQS,NonSharable,PBQS-NonSharable,3.9205886934969154,15.682354773987663,1,5.000000000000001,downstream_reserved,1,queue_aware,1,1,1,0.0,19.60294346748458,19.60294346748458,5.000000000000001,20,5,16,4,0.25,0.0029720960010308,0,4,16,9.75,"{""3"":1,""8"":1,""12"":1,""16"":1}",0,0.0,0,11,5,0,0,0,0,0,0,0.0,0.0,0,0,0,0,0.0,0.0,0.045,19.057219650625207,102.47925870502142,129.68194771253854,0.0613943200308086,0.041507663531408,0.0812809765302093,0.2083469150196401,0.1726860852569319,0.3864955022192004,0.15950651562867,0.3344246789366382,0.0441615427788058,0.1823421824316309,10,1,1,1,1,0.0,19.057219650625207,0.6875,5,0.0073344120028195,0.0003848626471899,0.0,8.236340696401713,0.038,8.198340696401713,50.91769552996757,62.50407450589204,19.057219650625207,16,16,1.0,0.5457238168593719,0.9721611288751322,bos_scaling,pbqs,16,small,5,3,2,20,5,1.0,15.0,0.7,0.7,0.2,0.1,0.7,0.3,0.0082326400006422
controlled_bos,16,5.0,reference,1,PBQS,Sharable,PBQS-Sharable,3.9205886934969154,15.682354773987663,1,5.000000000000001,downstream_reserved,1,queue_aware,1,1,1,0.0,19.60294346748458,19.60294346748458,5.000000000000001,20,5,16,6,0.375,0.0042069350020028,0,5,16,7.0,"{""1"":1,""3"":1,""5"":1,""10"":1,""16"":1}",0,0.0,0,12,4,0,0,0,0,0,0,0.0,0.0,0,0,0,0,0.0,0.0,0.025,19.4601892372712,102.47925870502142,137.97410383519207,0.0863560082855524,0.0558593985484454,0.1168526180226595,0.2647853822008285,0.198372744741592,0.3386414092750938,0.2055710594742822,0.310726604682471,0.0544849497223626,0.1919950081739043,8,1,1,1,1,0.0,19.4601892372712,0.75,4,0.0084678900020662,0.0004351391396466,0.0,8.238340696401714,0.04,8.198340696401715,66.75729712198631,63.54849172819885,19.4601892372712,16,16,1.0,0.1427542302133773,0.9927177145386272,bos_scaling,pbqs,16,small,5,3,2,20,5,1.0,15.0,0.7,0.7,0.2,0.1,0.7,0.3,0.0094180550004239
controlled_bos,16,5.0,reference,2,HDS,NonSharable,HDS-NonSharable,3.913894632621464,15.655578530485856,1,5.0,downstream_reserved,1,idle_only,1,1,1,0.0,19.56947316310732,19.56947316310732,5.0,20,5,16,5,0.3125,0.0283172740018926,0,12,16,6.833333333333333,"{""1"":1,""2"":1,""3"":1,""4"":1,""5"":1,""6"":1,""7"":1,""8"":1,""9"":1,""10"":1,""11"":1,""16"":1}",5,0.3125,0,11,5,10,16,0,5,159,704,0.0278805730013118,0.0,0,0,0,5,1.4988010832439613e-15,1.054711873393899e-15,0.035,17.427701554719018,106.2939389634924,167.96456580700504,0.065029950585574,0.0445301557474167,0.0855297454237312,0.1954882680211696,0.1801037512856825,0.30568093335586,0.1451256479800842,0.2824099286418447,0.0516240199752063,0.2833762028195297,10,1,1,1,1,0.0,17.427701554719018,0.6875,5,0.029772847006825,0.0017083633727227,0.0278805730013118,8.565515117079391,0.062,8.503515117079392,0.3711638206842834,58.646480406350896,17.427701554719018,16,16,1.0,2.1417716083883,0.8905554794175041,bos_scaling,hds_full,16,small,5,3,2,20,5,1.0,15.0,0.7,0.7,0.2,0.1,0.7,0.3,0.0308582430006936
controlled_bos,16,5.0,reference,2,HDS,Sharable,HDS-Sharable,3.913894632621464,15.655578530485856,1,5.0,downstream_reserved,1,idle_only,1,1,1,0.0,19.56947316310732,19.56947316310732,5.0,20,5,16,8,0.5,3.9994256520003546,0,12,16,5.166666666666667,"{""1"":1,""2"":1,""3"":1,""4"":4,""5"":2,""6"":1,""8"":1,""16"":1}",11,0.6875,0,5,11,10,16,0,5,759,1899,3.9987808520018007,0.0,0,0,0,11,4.440892098500626e-15,3.552713678800501e-15,0.035,17.237669171660897,106.2939389634924,153.19367200076107,0.0678371051791034,0.0446756889500458,0.090998521408161,0.2049973563551991,0.1831530457153616,0.2640562982029175,0.1700439593426354,0.2990764509051422,0.0515076191157812,0.241069255706241,10,1,1,1,1,0.0,17.237669171660897,0.3125,5,4.018577762995847,0.2331276765423991,4.016568511004152,8.549515117079391,0.046,8.503515117079392,27.646972079483884,61.49920690655976,17.237669171660897,16,16,1.0,2.331803991446421,0.8808448254068293,bos_scaling,hds_full,16,small,5,3,2,20,5,1.0,15.0,0.7,0.7,0.2,0.1,0.7,0.3,4.019612804000644
controlled_bos,16,5.0,reference,2,PBQS,NonSharable,PBQS-NonSharable,3.913894632621464,15.655578530485856,1,5.0,downstream_reserved,1,queue_aware,1,1,1,0.0,19.56947316310732,19.56947316310732,5.0,20,5,16,4,0.25,0.0029843940028513,0,4,16,9.5,"{""3"":1,""7"":1,""12"":1,""16"":1}",0,0.0,0,11,5,0,0,0,0,0,0,0.0,0.0,0,0,0,0,0.0,0.0,0.035,19.12147969189634,106.2939389634924,138.16408355880316,0.0754847066262214,0.0505047373231603,0.1004646759292825,0.220801941959147,0.2035193806933866,0.4295404747305518,0.1896779920555636,0.315288552778048,0.0458043855128727,0.1902477916377803,10,1,1,1,1,0.0,19.12147969189634,0.6875,5,0.0069548050014418,0.0003637168834998,0.0,8.547515117079392,0.044,8.503515117079392,47.54953053567312,66.2405825877441,19.12147969189634,16,16,1.0,0.4479934712109781,0.977107535421263,bos_scaling,pbqs,16,small,5,3,2,20,5,1.0,15.0,0.7,0.7,0.2,0.1,0.7,0.3,0.0077720039989799
controlled_bos,16,5.0,reference,2,PBQS,Sharable,PBQS-Sharable,3.913894632621464,15.655578530485856,1,5.0,downstream_reserved,1,queue_aware,1,1,1,0.0,19.56947316310732,19.56947316310732,5.0,20,5,16,6,0.375,0.0034898570011137,0,5,16,6.6,"{""1"":1,""2"":1,""4"":1,""10"":1,""16"":1}",0,0.0,0,11,5,0,0,0,0,0,0,0.0,0.0,0,0,0,0,0.0,0.0,0.055,19.291557900663584,106.2939389634924,147.45300940277738,0.0761441684780234,0.0500929196328427,0.1021954173232041,0.2225024233907934,0.1990353861324913,0.3318909431149286,0.1945998029228236,0.3783327585276527,0.0457857666346886,0.2084495929894188,10,1,1,1,1,0.0,19.291557900663584,0.6875,5,0.0079541449995304,0.0004123122165917,0.0,8.545515117079391,0.042,8.503515117079392,71.83167280296855,66.75072701723805,19.291557900663584,16,16,1.0,0.2779152624437344,0.9857985312058546,bos_scaling,pbqs,16,small,5,3,2,20,5,1.0,15.0,0.7,0.7,0.2,0.1,0.7,0.3,0.008854716001224
controlled_bos,16,5.0,reference,3,HDS,NonSharable,HDS-NonSharable,3.6465298593341817,14.586119437336723,1,4.999999999999999,downstream_reserved,1,idle_only,1,1,1,0.0,18.232649296670907,18.232649296670907,4.999999999999999,20,5,16,5,0.3125,0.0266558549992623,0,12,16,6.833333333333333,"{""1"":1,""2"":1,""3"":1,""4"":1,""5"":1,""6"":1,""7"":1,""8"":1,""9"":1,""10"":1,""11"":1,""16"":1}",5,0.3125,0,11,5,10,16,0,5,159,704,0.0262334559993178,0.0,0,0,0,5,3.3306690738754696e-16,3.3306690738754696e-16,0.035,13.72356713014326,101.80221754215596,154.46388809014775,0.0575281961308815,0.0325659256500605,0.0824904666117026,0.1863178359215176,0.1481500591261415,0.2115465288935532,0.1785307568950956,0.3133716506023782,0.0624143175497185,0.3123156315927267,10,1,1,1,1,0.0,13.72356713014326,0.6875,5,0.0279250679959659,0.0020348257658629,0.0262334559993178,8.200177403372479,0.056,8.14417740337248,0.5035296783741012,55.89535077645529,13.72356713014326,16,16,1.0,4.509082166527648,0.7526918829425979,bos_scaling,hds_full,16,small,5,3,2,20,5,1.0,15.0,0.7,0.7,0.2,0.1,0.7,0.3,0.0290262150010676
controlled_bos,16,5.0,reference,3,HDS,Sharable,HDS-Sharable,3.6465298593341817,14.586119437336723,1,4.999999999999999,downstream_reserved,1,idle_only,1,1,1,0.0,18.232649296670907,18.232649296670907,4.999999999999999,20,5,16,9,0.5625,15.151541232000454,0,12,16,4.333333333333333,"{""1"":1,""2"":4,""3"":1,""4"":3,""5"":1,""7"":1,""16"":1}",12,0.75,0,4,12,10,16,0,5,759,1899,15.150863283000945,0.1047695179283552,1,0,1,12,3.996802888650564e-15,2.664535259100376e-15,0.035,15.764160560358228,101.80221754215596,159.46968442420817,0.0639803060602728,0.0395136570739623,0.0884469550465832,0.2046081391828096,0.1845046826329602,0.3404550121944582,0.1831928009075819,0.332455906361534,0.0545891238894698,0.3055575506362474,10,1,1,1,1,0.0,15.764160560358228,0.25,5,15.197474454998884,0.9640522498366086,15.195622327999445,8.196177403372479,0.052,8.14417740337248,36.562598149104055,61.38244175484288,15.764160560358228,16,16,1.0,2.468488736312679,0.8646116263113008,bos_scaling,hds_full,16,small,5,3,2,20,5,1.0,15.0,0.7,0.7,0.2,0.1,0.7,0.3,15.198496496999724
controlled_bos,16,5.0,reference,3,PBQS,NonSharable,PBQS-NonSharable,3.6465298593341817,14.586119437336723,1,4.999999999999999,downstream_reserved,1,queue_aware,1,1,1,0.0,18.232649296670907,18.232649296670907,4.999999999999999,20,5,16,4,0.25,0.003079455000261,0,5,16,8.0,"{""2"":1,""3"":1,""7"":1,""12"":1,""16"":1}",0,0.0,0,11,5,0,0,0,0,0,0,0.0,0.0,0,0,0,0,0.0,0.0,0.035,18.111988253789608,101.80221754215596,138.1929533426616,0.0672340078302496,0.0405537489390281,0.093914266721471,0.2148708845998871,0.1678232656498238,0.2533770714938707,0.1816326340883527,0.3580791981886252,0.0465730386503071,0.225661010649659,10,1,1,1,1,0.0,18.111988253789608,0.6875,5,0.0075194189994363,0.0004151625373245,0.0,8.188177403372478,0.044,8.144177403372478,41.964467330688,64.46126537996615,18.111988253789608,16,16,1.0,0.1206610428812986,0.9933821442557264,bos_scaling,pbqs,16,small,5,3,2,20,5,1.0,15.0,0.7,0.7,0.2,0.1,0.7,0.3,0.0085691309977846
controlled_bos,16,5.0,reference,3,PBQS,Sharable,PBQS-Sharable,3.6465298593341817,14.586119437336723,1,4.999999999999999,downstream_reserved,1,queue_aware,1,1,1,0.0,18.232649296670907,18.232649296670907,4.999999999999999,20,5,16,8,0.5,0.0039944039999681,0,5,16,6.6,"{""1"":1,""3"":1,""5"":1,""8"":1,""16"":1}",0,0.0,0,11,5,0,0,0,0,0,0,0.0,0.0,0,0,0,0,0.0,0.0,0.035,18.001786081356865,101.80221754215596,143.03470658521397,0.0672334090072567,0.0402319089411106,0.0942349090734029,0.2166282814505313,0.1665979788266962,0.2648142802893937,0.1840537007275872,0.3458045602314961,0.0470733141557152,0.2318758018548743,10,1,1,1,1,0.0,18.001786081356865,0.6875,5,0.0099299550056457,0.0005516094325734,0.0,8.186177403372477,0.042,8.144177403372478,81.01388438147677,64.9884844351594,18.001786081356865,16,16,1.0,0.2308632153140415,0.9873379226706128,bos_scaling,pbqs,16,small,5,3,2,20,5,1.0,15.0,0.7,0.7,0.2,0.1,0.7,0.3,0.010858093999559
controlled_bos,16,5.0,reference,4,HDS,NonSharable,HDS-NonSharable,4.039905132074078,16.159620528296312,1,5.0,downstream_reserved,1,idle_only,1,1,1,0.0,20.19952566037039,20.19952566037039,5.0,20,5,16,5,0.3125,0.0182739629999559,0,12,16,6.833333333333333,"{""1"":1,""2"":1,""3"":1,""4"":1,""5"":1,""6"":1,""7"":1,""8"":1,""9"":1,""10"":1,""11"":1,""16"":1}",5,0.3125,0,11,5,10,16,0,5,159,704,0.017847087001428,0.0,0,0,0,5,5.551115123125783e-17,5.551115123125783e-17,0.035,13.731082679633891,94.38387416568918,142.51587088072063,0.0539444651030179,0.0329721489913202,0.0749167812147156,0.1767472200672503,0.1682420281352878,0.2986497017558863,0.1691390127148566,0.2800801086330259,0.0577941746629041,0.3410938517689203,10,1,1,1,1,0.0,13.731082679633891,0.6875,5,0.0198901090006984,0.0014485462992805,0.017847087001428,7.604709933255134,0.054,7.550709933255134,0.652956140917852,53.0241660201751,13.731082679633891,16,16,1.0,6.468442980736498,0.6797725308259596,bos_scaling,hds_full,16,small,5,3,2,20,5,1.0,15.0,0.7,0.7,0.2,0.1,0.7,0.3,0.0211753440016764
controlled_bos,16,5.0,reference,4,HDS,Sharable,HDS-Sharable,4.039905132074078,16.159620528296312,1,5.0,downstream_reserved,1,idle_only,1,1,1,0.0,20.19952566037039,20.19952566037039,5.0,20,5,16,9,0.5625,15.089680124998267,0,12,16,4.333333333333333,"{""1"":1,""2"":3,""3"":3,""4"":2,""5"":1,""7"":1,""16"":1}",12,0.75,0,4,12,10,16,0,5,759,1899,15.088989296000364,0.0602928371081861,1,0,1,12,5.551115123125783e-17,5.551115123125783e-17,0.035,14.413331207271051,94.38387416568918,149.73254694946365,0.0590649390821379,0.0336615092221106,0.0844683689421653,0.188615106583828,0.1663046906453729,0.3184386320906276,0.2098406969501353,0.3472201941080222,0.0554590691116074,0.3292363716482825,10,1,1,1,1,0.0,14.413331207271051,0.25,5,15.105785920004564,1.048042655981165,15.104007179998009,7.6027099332551344,0.052,7.550709933255135,25.659286070415305,56.58453197514842,14.413331207271051,16,16,1.0,5.786194453099339,0.7135480035330077,bos_scaling,hds_full,16,small,5,3,2,20,5,1.0,15.0,0.7,0.7,0.2,0.1,0.7,0.3,15.106801371999609
controlled_bos,16,5.0,reference,4,PBQS,NonSharable,PBQS-NonSharable,4.039905132074078,16.159620528296312,1,5.0,downstream_reserved,1,queue_aware,1,1,1,0.0,20.19952566037039,20.19952566037039,5.0,20,5,16,5,0.3125,0.0030461960013781,0,4,16,9.25,"{""3"":1,""7"":1,""11"":1,""16"":1}",0,0.0,0,11,5,0,0,0,0,0,0,0.0,0.0,0,0,0,0,0.0,0.0,0.035,20.163628430687872,94.38387416568918,121.4314982140373,0.0643392589131375,0.0409614990178331,0.0877170188084419,0.2155618163889796,0.1644943673335881,0.4022014112661726,0.1618398812642124,0.2711148071486213,0.038520303785309,0.147917812751473,10,1,1,1,1,0.0,20.163628430687872,0.6875,5,0.0069085760005691,0.0003426256352777,0.0,7.588709933255134,0.038,7.550709933255134,71.10230852253852,64.6685449166939,20.163628430687872,16,16,1.0,0.0358972296825186,0.9982228676907524,bos_scaling,pbqs,16,small,5,3,2,20,5,1.0,15.0,0.7,0.7,0.2,0.1,0.7,0.3,0.0077185849986562
controlled_bos,16,5.0,reference,4,PBQS,Sharable,PBQS-Sharable,4.039905132074078,16.159620528296312,1,5.0,downstream_reserved,1,queue_aware,1,1,1,0.0,20.19952566037039,20.19952566037039,5.0,20,5,16,8,0.5,0.0047233139994204,0,5,16,6.0,"{""1"":1,""2"":1,""3"":1,""8"":1,""16"":1}",0,0.0,0,12,4,0,0,0,0,0,0,0.0,0.0,0,0,0,0,0.0,0.0,0.025,19.983860316361564,94.38387416568918,130.01437648719863,0.0906800322029613,0.0525876983714414,0.1287723660344813,0.270883964306537,0.1806800108506397,0.2411805382161481,0.2237197611501821,0.329871243642669,0.0490130149266741,0.1819832548091337,8,1,1,1,1,0.0,19.983860316361564,0.75,4,0.0080893960039247,0.00040479646454,0.0,7.586709933255134,0.036,7.550709933255135,88.52545319417025,65.01215143356887,19.983860316361564,16,16,1.0,0.2156653440088263,0.9893232471081268,bos_scaling,pbqs,16,small,5,3,2,20,5,1.0,15.0,0.7,0.7,0.2,0.1,0.7,0.3,0.0089689859996724
controlled_bos,16,5.0,reference,5,HDS,NonSharable,HDS-NonSharable,3.988773418401713,15.95509367360685,1,5.0,downstream_reserved,1,idle_only,1,1,1,0.0,19.943867092008563,19.943867092008563,5.0,20,5,16,5,0.3125,0.0235342769992712,0,12,16,6.833333333333333,"{""1"":1,""2"":1,""3"":1,""4"":1,""5"":1,""6"":1,""7"":1,""8"":1,""9"":1,""10"":1,""11"":1,""16"":1}",5,0.3125,0,11,5,10,16,0,5,159,704,0.0230747919995337,1.964278776480948e-16,0,0,0,5,0.0,0.0,0.035,12.41191075066029,86.56986654245001,118.7522766973568,0.0456190264204698,0.0339333162579308,0.0573047365830087,0.1492413664852898,0.1846408247480391,0.2763496538368446,0.1490757800194027,0.2720484381270147,0.0578722224880091,0.3268954963132355,10,1,1,1,1,0.0,12.41191075066029,0.6875,5,0.0250870879972353,0.0020212107951147,0.0230747919995337,6.971589323396001,0.046,6.925589323396001,1.0435047693341597,44.77240994558695,12.41191075066029,16,16,1.0,7.531956341348273,0.6223422314939964,bos_scaling,hds_full,16,small,5,3,2,20,5,1.0,15.0,0.7,0.7,0.2,0.1,0.7,0.3,0.0263270550021843
controlled_bos,16,5.0,reference,5,HDS,Sharable,HDS-Sharable,3.988773418401713,15.95509367360685,1,5.0,downstream_reserved,1,idle_only,1,1,1,0.0,19.943867092008563,19.943867092008563,5.0,20,5,16,11,0.6875,15.146310742999049,0,10,16,3.9,"{""1"":2,""2"":3,""3"":2,""4"":1,""5"":1,""16"":1}",13,0.8125,0,3,13,7,16,0,5,759,1899,15.145502478000708,0.0830336639188253,1,0,1,13,5.393463453629009e-13,1.865174681370263e-13,0.035,15.401794912043648,86.56986654245001,127.05647714546237,0.0488889812028306,0.038166366562967,0.0596115958426942,0.1544179300305554,0.1834273078085466,0.3218841824322584,0.1311450674293365,0.2403309459774873,0.0470690737645861,0.2430071510010402,10,1,1,1,1,0.0,15.401794912043648,0.1875,5,15.162600830994052,0.9844697269106892,15.160711696997168,6.979589323396001,0.054,6.925589323396001,33.383391386766455,46.32537900916664,15.401794912043648,16,16,1.0,4.542072179964917,0.7722571977134309,bos_scaling,hds_full,16,small,5,3,2,20,5,1.0,15.0,0.7,0.7,0.2,0.1,0.7,0.3,15.164103989998694
controlled_bos,16,5.0,reference,5,PBQS,NonSharable,PBQS-NonSharable,3.988773418401713,15.95509367360685,1,5.0,downstream_reserved,1,queue_aware,1,1,1,0.0,19.943867092008563,19.943867092008563,5.0,20,5,16,5,0.3125,0.0028861880018666,0,4,16,8.75,"{""2"":1,""6"":1,""11"":1,""16"":1}",0,0.0,0,11,5,0,0,0,0,0,0,0.0,0.0,0,0,0,0,0.0,0.0,0.035,17.7667010143023,86.56986654245001,111.23929380791576,0.0518439631503715,0.0419321238716998,0.0617558024290432,0.1746384970434735,0.1857179447315327,0.3402014007134758,0.1225589722378144,0.2321593774814518,0.0400915439269547,0.1794635947562908,10,1,1,1,1,0.0,17.7667010143023,0.6875,5,0.0062873429997125,0.0003538835372223,0.0,6.965589323396001,0.04,6.925589323396001,64.81437946565929,52.39154911304207,17.7667010143023,16,16,1.0,2.177166077706264,0.8908353095384071,bos_scaling,pbqs,16,small,5,3,2,20,5,1.0,15.0,0.7,0.7,0.2,0.1,0.7,0.3,0.0071038089990906
controlled_bos,16,5.0,reference,5,PBQS,Sharable,PBQS-Sharable,3.988773418401713,15.95509367360685,1,5.0,downstream_reserved,1,queue_aware,1,1,1,0.0,19.943867092008563,19.943867092008563,5.0,20,5,16,10,0.625,0.0048546389989496,0,3,16,8.0,"{""2"":1,""6"":1,""16"":1}",0,0.0,0,12,4,0,0,0,0,0,0,0.0,0.0,0,0,0,0,0.0,0.0,0.035,19.703980484211424,86.56986654245001,105.84585457192048,0.0832530159735391,0.0648349560260035,0.1016710759210747,0.2440981183657507,0.2443220568191796,0.4107630282364505,0.1888037689945393,0.2744139239197777,0.0449134962432129,0.1238133440326479,8,1,1,1,1,0.0,19.703980484211424,0.75,4,0.0068358189964783,0.000346925790043,0.0,6.953589323396001,0.028,6.925589323396001,102.5999016875783,58.58354840778017,19.703980484211424,16,16,1.0,0.2398866077971391,0.9879719110295684,bos_scaling,pbqs,16,small,5,3,2,20,5,1.0,15.0,0.7,0.7,0.2,0.1,0.7,0.3,0.0077009679989714
controlled_bos,17,5.0,reference,1,HDS,NonSharable,HDS-NonSharable,3.9205886934969154,15.682354773987663,1,5.000000000000001,downstream_reserved,1,idle_only,1,1,1,0.0,19.60294346748458,19.60294346748458,5.000000000000001,20,5,17,5,0.2941176470588235,0.0280069569998886,0,13,17,7.3076923076923075,"{""1"":1,""2"":1,""3"":1,""4"":1,""5"":1,""6"":1,""7"":1,""8"":1,""9"":1,""10"":1,""11"":1,""12"":1,""17"":1}",5,0.2941176470588235,0,12,5,11,17,0,5,168,744,0.027452632002678,0.0,0,0,0,5,1.6653345369377348e-16,1.1102230246251563e-16,0.035,15.12247859968635,105.62514108250222,161.42371576762906,0.057102086433875,0.0352126470723061,0.078991525795444,0.1900013274829835,0.152413806617259,0.3300536291179461,0.1688636863254361,0.3269571644427789,0.058828979822565,0.2995672848632967,10,1,1,1,1,0.0,15.12247859968635,0.7058823529411765,5,0.0299037629956728,0.0019774379443521,0.027452632002678,8.513011286600179,0.063,8.450011286600178,0.6589967418505176,57.00039824489506,15.12247859968635,17,17,1.0,4.480464867798229,0.7714391782422889,bos_scaling,hds_full,17,small,5,3,2,20,5,1.0,15.0,0.7,0.7,0.2,0.1,0.7,0.3,0.0314458979992195
controlled_bos,17,5.0,reference,1,HDS,Sharable,HDS-Sharable,3.9205886934969154,15.682354773987663,1,5.000000000000001,downstream_reserved,1,idle_only,1,1,1,0.0,19.60294346748458,19.60294346748458,5.000000000000001,20,5,17,10,0.5882352941176471,15.138755572002992,0,13,17,4.846153846153846,"{""1"":2,""2"":1,""3"":2,""4"":2,""5"":3,""6"":1,""7"":1,""17"":1}",12,0.7058823529411765,0,5,12,10,17,0,5,848,2099,15.1380288390028,0.0635065058976523,1,0,1,12,7.017719738655614e-13,2.3092638912203256e-13,0.035,15.910667660619318,105.62514108250222,156.6362934648271,0.0584106775711677,0.0387758268195283,0.0780455283228071,0.1950743472573476,0.173081057046543,0.3545500140600682,0.1561283738350082,0.3248876661463381,0.0556739710400938,0.2822942677284222,10,1,1,1,1,0.0,15.910667660619318,0.2941176470588235,5,15.15816928199638,0.9527047893480012,15.155884389005225,8.497011286600179,0.047,8.450011286600178,29.898568282331773,58.52230417720428,15.910667660619318,17,17,1.0,3.692275806865261,0.811646867574268,bos_scaling,hds_full,17,small,5,3,2,20,5,1.0,15.0,0.7,0.7,0.2,0.1,0.7,0.3,15.15964474899738
controlled_bos,17,5.0,reference,1,PBQS,NonSharable,PBQS-NonSharable,3.9205886934969154,15.682354773987663,1,5.000000000000001,downstream_reserved,1,queue_aware,1,1,1,0.0,19.60294346748458,19.60294346748458,5.000000000000001,20,5,17,5,0.2941176470588235,0.0029718760015384,0,4,17,10.0,"{""3"":1,""8"":1,""12"":1,""17"":1}",0,0.0,0,12,5,0,0,0,0,0,0,0.0,0.0,0,0,0,0,0.0,0.0,0.035,19.057219650625207,105.62514108250222,135.97371246750015,0.0650648845807435,0.0438037356103945,0.0863260335510925,0.2194535471964857,0.1777463736455517,0.3864955022192004,0.1622862022613702,0.3344246789366382,0.0456142082478174,0.1881892602664062,10,1,1,1,1,0.0,19.057219650625207,0.7058823529411765,5,0.0079040120035642,0.0004147515822595,0.0,8.495011286600178,0.045,8.450011286600178,66.91881504693966,65.83606415894572,19.057219650625207,17,17,1.0,0.5457238168593719,0.9721611288751322,bos_scaling,pbqs,17,small,5,3,2,20,5,1.0,15.0,0.7,0.7,0.2,0.1,0.7,0.3,0.0089300889994774
controlled_bos,17,5.0,reference,1,PBQS,Sharable,PBQS-Sharable,3.9205886934969154,15.682354773987663,1,5.000000000000001,downstream_reserved,1,queue_aware,1,1,1,0.0,19.60294346748458,19.60294346748458,5.000000000000001,20,5,17,7,0.4117647058823529,0.006978651999816,0,5,17,7.8,"{""2"":1,""4"":1,""6"":1,""10"":1,""17"":1}",0,0.0,0,13,4,0,0,0,0,0,0,0.0,0.0,0,0,0,0,0.0,0.0,0.025,19.58951734402921,105.62514108250222,150.73009700724586,0.0915559043525451,0.0575644523066294,0.1255473563984608,0.2777350731756409,0.1945480363175968,0.3433041299391075,0.2130601592318153,0.3284666712244026,0.0562217203929965,0.2268366951928167,8,1,1,1,1,0.0,19.58951734402921,0.7647058823529411,4,0.0120006809993356,0.0006126072832005,0.0,8.495011286600178,0.045,8.450011286600178,92.56839003069918,66.65641756215382,19.58951734402921,17,17,1.0,0.0134261234553676,0.999315096557941,bos_scaling,pbqs,17,small,5,3,2,20,5,1.0,15.0,0.7,0.7,0.2,0.1,0.7,0.3,0.0131390969982021
controlled_bos,17,5.0,reference,2,HDS,NonSharable,HDS-NonSharable,3.913894632621464,15.655578530485856,1,5.0,downstream_reserved,1,idle_only,1,1,1,0.0,19.56947316310732,19.56947316310732,5.0,20,5,17,5,0.2941176470588235,0.0253416880004806,0,13,17,7.3076923076923075,"{""1"":1,""2"":1,""3"":1,""4"":1,""5"":1,""6"":1,""7"":1,""8"":1,""9"":1,""10"":1,""11"":1,""12"":1,""17"":1}",5,0.2941176470588235,0,12,5,11,17,0,5,168,744,0.0248345530017104,0.0,0,0,0,5,0.0,0.0,0.035,15.15888727994184,108.30552858585575,166.7643256874116,0.0660547754075214,0.0466633047852774,0.0854462460297654,0.1962907632759159,0.217484678455096,0.3514318682574386,0.1598242822297645,0.3564086186638691,0.0602426318966331,0.3151223688866864,10,1,1,1,1,0.0,15.15888727994184,0.7058823529411765,5,0.0269242969916376,0.0017761394022148,0.0248345530017104,8.727442286868461,0.063,8.66444228686846,0.5228149014133061,58.88722898277479,15.15888727994184,17,17,1.0,4.410585883165478,0.7746190790930241,bos_scaling,hds_full,17,small,5,3,2,20,5,1.0,15.0,0.7,0.7,0.2,0.1,0.7,0.3,0.0282066449981357
controlled_bos,17,5.0,reference,2,HDS,Sharable,HDS-Sharable,3.913894632621464,15.655578530485856,1,5.0,downstream_reserved,1,idle_only,1,1,1,0.0,19.56947316310732,19.56947316310732,5.0,20,5,17,8,0.4705882352941176,15.349496680999437,0,13,17,5.769230769230769,"{""1"":1,""2"":1,""3"":1,""4"":1,""5"":4,""6"":2,""7"":1,""9"":1,""17"":1}",11,0.6470588235294118,0,6,11,11,17,0,5,848,2099,15.348831931001769,0.0833702992257288,1,0,1,11,8.881784197001252e-16,8.881784197001252e-16,0.035,18.31724927381348,108.30552858585575,161.0294456638865,0.0709501004431375,0.0475753391567974,0.0943248617294776,0.21388100427806,0.1862584280874625,0.3468515170465888,0.1678929235976493,0.3339956794749364,0.0496047932070372,0.2425770267050121,10,1,1,1,1,0.0,18.31724927381348,0.3529411764705882,5,15.37585594200209,0.839419484451935,15.373620204001782,8.715442286868461,0.051,8.66444228686846,26.011388519195798,64.164301283418,18.31724927381348,17,17,1.0,1.252223889293841,0.9360113642888171,bos_scaling,hds_full,17,small,5,3,2,20,5,1.0,15.0,0.7,0.7,0.2,0.1,0.7,0.3,15.377062060000751
controlled_bos,17,5.0,reference,2,PBQS,NonSharable,PBQS-NonSharable,3.913894632621464,15.655578530485856,1,5.0,downstream_reserved,1,queue_aware,1,1,1,0.0,19.56947316310732,19.56947316310732,5.0,20,5,17,4,0.2352941176470588,0.0033122130007541,0,4,17,10.25,"{""3"":1,""8"":1,""13"":1,""17"":1}",0,0.0,0,12,5,0,0,0,0,0,0,0.0,0.0,0,0,0,0,0.0,0.0,0.035,19.12147969189634,108.30552858585575,142.1872628035299,0.0769400249277501,0.0518231358856302,0.10205691396987,0.2249241962439295,0.2064152203729488,0.4295404747305518,0.1905523228968768,0.315288552778048,0.0467301500960551,0.1953650169178116,10,1,1,1,1,0.0,19.12147969189634,0.7058823529411765,5,0.007718624001427,0.0004036624845878,0.0,8.715442286868461,0.051,8.66444228686846,48.08044282090896,67.47725887317887,19.12147969189634,17,17,1.0,0.4479934712109781,0.977107535421263,bos_scaling,pbqs,17,small,5,3,2,20,5,1.0,15.0,0.7,0.7,0.2,0.1,0.7,0.3,0.0088295089990424
controlled_bos,17,5.0,reference,2,PBQS,Sharable,PBQS-Sharable,3.913894632621464,15.655578530485856,1,5.0,downstream_reserved,1,queue_aware,1,1,1,0.0,19.56947316310732,19.56947316310732,5.0,20,5,17,7,0.4117647058823529,0.0037632740022672,0,6,17,6.833333333333333,"{""1"":1,""3"":1,""4"":1,""6"":1,""10"":1,""17"":1}",0,0.0,0,12,5,0,0,0,0,0,0,0.0,0.0,0,0,0,0,0.0,0.0,0.045,19.549814310491843,108.30552858585575,158.5356985438593,0.077158995543915,0.0511792910831948,0.1031387000046351,0.2302269001503169,0.1977430546375115,0.3275066066674271,0.1904444506193301,0.3434477827094709,0.0463752928930218,0.2359734892963929,10,1,1,1,1,0.0,19.549814310491843,0.7058823529411765,5,0.0091527080039668,0.0004681736541638,0.0,8.711442286868461,0.047,8.66444228686846,77.84751174032566,69.06807004509508,19.549814310491843,17,17,1.0,0.0196588526154748,0.9989954327103432,bos_scaling,pbqs,17,small,5,3,2,20,5,1.0,15.0,0.7,0.7,0.2,0.1,0.7,0.3,0.0102127190002647
controlled_bos,17,5.0,reference,3,HDS,NonSharable,HDS-NonSharable,3.693220396850029,14.772881587400116,1,5.000000000000001,downstream_reserved,1,idle_only,1,1,1,0.0,18.466101984250145,18.466101984250145,5.000000000000001,20,5,17,5,0.2941176470588235,0.0256352059986966,0,13,17,7.3076923076923075,"{""1"":1,""2"":1,""3"":1,""4"":1,""5"":1,""6"":1,""7"":1,""8"":1,""9"":1,""10"":1,""11"":1,""12"":1,""17"":1}",5,0.2941176470588235,0,12,5,11,17,0,5,168,744,0.0251611490020877,0.0,0,0,0,5,3.3306690738754696e-16,3.3306690738754696e-16,0.035,15.502478853003815,108.54117402383382,159.54505770426346,0.0652733087343372,0.035944932263762,0.0946016852049124,0.2085962002935526,0.1479217170252095,0.2091426905802371,0.1955216890713837,0.3329538141685449,0.0586443308683409,0.3069949047492104,10,1,1,1,1,0.0,15.502478853003815,0.7058823529411765,5,0.0270663350092945,0.0017459359413381,0.0251611490020877,8.740293921906705,0.057,8.683293921906705,0.5035296783741012,62.5788600880658,15.502478853003815,17,17,1.0,2.963623131246329,0.8395100853567243,bos_scaling,hds_full,17,small,5,3,2,20,5,1.0,15.0,0.7,0.7,0.2,0.1,0.7,0.3,0.0282387619990913
controlled_bos,17,5.0,reference,3,HDS,Sharable,HDS-Sharable,3.693220396850029,14.772881587400116,1,5.000000000000001,downstream_reserved,1,idle_only,1,1,1,0.0,18.466101984250145,18.466101984250145,5.000000000000001,20,5,17,9,0.5294117647058824,15.145287794999604,0,13,17,4.846153846153846,"{""1"":1,""2"":1,""3"":3,""4"":5,""6"":1,""8"":1,""17"":1}",13,0.7647058823529411,0,4,13,11,17,0,5,848,2099,15.144603303997428,0.1108496597395531,1,0,1,13,2.443045765687657e-13,2.398081733190338e-13,0.035,17.358514776844654,108.54117402383382,172.9475973875638,0.067420735919478,0.0414868573715262,0.0933546144674299,0.2167358349994649,0.1723324772953515,0.2851018451114623,0.1693354062093359,0.3069121125726398,0.0529915458037165,0.3032345331929503,10,1,1,1,1,0.0,17.358514776844654,0.2352941176470588,5,15.204661673986266,0.875919505179584,15.20261117699556,8.738293921906704,0.055,8.683293921906705,38.9577636410691,65.02075049983948,17.358514776844654,17,17,1.0,1.1075872074054909,0.9400205193088308,bos_scaling,hds_full,17,small,5,3,2,20,5,1.0,15.0,0.7,0.7,0.2,0.1,0.7,0.3,15.205763613001182
controlled_bos,17,5.0,reference,3,PBQS,NonSharable,PBQS-NonSharable,3.693220396850029,14.772881587400116,1,5.000000000000001,downstream_reserved,1,queue_aware,1,1,1,0.0,18.466101984250145,18.466101984250145,5.000000000000001,20,5,17,5,0.2941176470588235,0.0034107190003851,0,5,17,8.2,"{""2"":1,""3"":1,""7"":1,""12"":1,""17"":1}",0,0.0,0,12,5,0,0,0,0,0,0,0.0,0.0,0,0,0,0,0.0,0.0,0.035,18.239059899509503,108.54117402383382,144.4247811874994,0.0716117182761215,0.04139492899442,0.1018285075578229,0.2282633776666474,0.1633775476677045,0.2714782390164078,0.1953084376441701,0.3613472276147441,0.049182155377741,0.2232872764579584,10,1,1,1,1,0.0,18.239059899509503,0.7058823529411765,5,0.0077973420047783,0.000427507889537,0.0,8.734293921906705,0.051,8.683293921906705,52.94429984841079,68.47901329999424,18.239059899509503,17,17,1.0,0.2270420847406384,0.987704926305818,bos_scaling,pbqs,17,small,5,3,2,20,5,1.0,15.0,0.7,0.7,0.2,0.1,0.7,0.3,0.0087329349989886
controlled_bos,17,5.0,reference,3,PBQS,Sharable,PBQS-Sharable,3.693220396850029,14.772881587400116,1,5.000000000000001,downstream_reserved,1,queue_aware,1,1,1,0.0,18.466101984250145,18.466101984250145,5.000000000000001,20,5,17,7,0.4117647058823529,0.0037565940001513,0,6,17,7.166666666666667,"{""1"":1,""3"":1,""5"":1,""7"":1,""10"":1,""17"":1}",0,0.0,0,12,5,0,0,0,0,0,0,0.0,0.0,0,0,0,0,0.0,0.0,0.035,18.40639028560641,108.54117402383382,163.40469180521916,0.0710146548609593,0.0423753495265988,0.0996539601953198,0.2300858164555891,0.1686037195260156,0.2700612800114066,0.1848495554605458,0.3589774789544835,0.049559973045292,0.2734822871711148,10,1,1,1,1,0.0,18.40639028560641,0.7058823529411765,5,0.0097461030054546,0.0005294956183275,0.0,8.738293921906704,0.055,8.683293921906705,69.6062083546273,69.02574493667674,18.40639028560641,17,17,1.0,0.0597116986437384,0.9967664156358138,bos_scaling,pbqs,17,small,5,3,2,20,5,1.0,15.0,0.7,0.7,0.2,0.1,0.7,0.3,0.0107684360009443
controlled_bos,17,5.0,reference,4,HDS,NonSharable,HDS-NonSharable,4.039905132074078,16.159620528296312,1,5.0,downstream_reserved,1,idle_only,1,1,1,0.0,20.19952566037039,20.19952566037039,5.0,20,5,17,5,0.2941176470588235,0.0211165260006964,0,13,17,7.3076923076923075,"{""1"":1,""2"":1,""3"":1,""4"":1,""5"":1,""6"":1,""7"":1,""8"":1,""9"":1,""10"":1,""11"":1,""12"":1,""17"":1}",5,0.2941176470588235,0,12,5,11,17,0,5,168,744,0.0207166199979838,0.0,0,0,0,5,0.0,0.0,0.035,16.3344810814649,97.70070802563136,145.78182787420323,0.055345438873593,0.0305988511161649,0.080092026631021,0.1856683731987428,0.1220213183925172,0.1585088825027064,0.1607108546350394,0.2736749138771899,0.0502048737265648,0.2357416257804794,10,1,1,1,1,0.0,16.3344810814649,0.7058823529411765,5,0.0226123930078756,0.0013843349473485,0.0207166199979838,7.87105664205051,0.055,7.81605664205051,0.6598689685287082,55.70051195962287,16.3344810814649,17,17,1.0,3.86504457890549,0.8086566663053701,bos_scaling,hds_full,17,small,5,3,2,20,5,1.0,15.0,0.7,0.7,0.2,0.1,0.7,0.3,0.0236717509978916
controlled_bos,17,5.0,reference,4,HDS,Sharable,HDS-Sharable,4.039905132074078,16.159620528296312,1,5.0,downstream_reserved,1,idle_only,1,1,1,0.0,20.19952566037039,20.19952566037039,5.0,20,5,17,10,0.5882352941176471,15.19415464100166,0,13,17,4.307692307692308,"{""1"":1,""2"":3,""3"":4,""4"":2,""5"":1,""7"":1,""17"":1}",13,0.7647058823529411,0,4,13,11,17,0,5,848,2099,15.193412865002756,0.0641869982017366,1,0,1,13,1.3322676295501878e-15,8.881784197001252e-16,0.035,15.520792020998142,97.70070802563136,153.04938080940587,0.0605122399311255,0.0340890032560959,0.0869354766061552,0.1929937077520109,0.1567519288421478,0.3447408164561635,0.2015439665425848,0.3630105307609303,0.0532114985700941,0.3080514146339231,10,1,1,1,1,0.0,15.520792020998142,0.2352941176470588,5,15.2089728890096,0.979909586342844,15.207102661002864,7.86905664205051,0.053,7.81605664205051,29.60693994939079,57.89811232560329,15.520792020998142,17,17,1.0,4.678733639372249,0.7683740837265554,bos_scaling,hds_full,17,small,5,3,2,20,5,1.0,15.0,0.7,0.7,0.2,0.1,0.7,0.3,15.210102208002354
controlled_bos,17,5.0,reference,4,PBQS,NonSharable,PBQS-NonSharable,4.039905132074078,16.159620528296312,1,5.0,downstream_reserved,1,queue_aware,1,1,1,0.0,20.19952566037039,20.19952566037039,5.0,20,5,17,5,0.2941176470588235,0.0030913039990991,0,4,17,10.25,"{""4"":1,""8"":1,""12"":1,""17"":1}",0,0.0,0,12,5,0,0,0,0,0,0,0.0,0.0,0,0,0,0,0.0,0.0,0.035,20.163628430687872,97.70070802563136,128.0651659339217,0.0650629093376313,0.0411752460348258,0.0889505726404368,0.2177511169730711,0.164939593486438,0.4022014112661726,0.1624822416052825,0.2711148071486213,0.0399678675542916,0.1599487412732434,10,1,1,1,1,0.0,20.163628430687872,0.7058823529411765,5,0.0074978269985876,0.00037184909573,0.0,7.86105664205051,0.045,7.81605664205051,71.10230852253852,65.32533509192133,20.163628430687872,17,17,1.0,0.0358972296825186,0.9982228676907524,bos_scaling,pbqs,17,small,5,3,2,20,5,1.0,15.0,0.7,0.7,0.2,0.1,0.7,0.3,0.0083664789999602
controlled_bos,17,5.0,reference,4,PBQS,Sharable,PBQS-Sharable,4.039905132074078,16.159620528296312,1,5.0,downstream_reserved,1,queue_aware,1,1,1,0.0,20.19952566037039,20.19952566037039,5.0,20,5,17,8,0.4705882352941176,0.0039272780013561,0,6,17,6.0,"{""1"":1,""2"":1,""3"":1,""4"":1,""9"":1,""17"":1}",0,0.0,0,13,4,0,0,0,0,0,0,0.0,0.0,0,0,0,0,0.0,0.0,0.025,19.983860316361564,97.70070802563136,139.14865190811074,0.0926094626755857,0.051313260409394,0.1339056649417773,0.2716256492504419,0.1723824294579799,0.2384176281602373,0.2357159607195628,0.329871243642669,0.0509638782505372,0.2008311668687429,8,1,1,1,1,0.0,19.983860316361564,0.7647058823529411,4,0.0083168650016887,0.000416179100035,0.0,7.85305664205051,0.037,7.81605664205051,94.67057659888064,65.19015582010607,19.983860316361564,17,17,1.0,0.2156653440088263,0.9893232471081268,bos_scaling,pbqs,17,small,5,3,2,20,5,1.0,15.0,0.7,0.7,0.2,0.1,0.7,0.3,0.0092097849992569
controlled_bos,17,5.0,reference,5,HDS,NonSharable,HDS-NonSharable,3.988773418401713,15.95509367360685,1,5.0,downstream_reserved,1,idle_only,1,1,1,0.0,19.943867092008563,19.943867092008563,5.0,20,5,17,5,0.2941176470588235,0.0179822190002596,0,13,17,7.3076923076923075,"{""1"":1,""2"":1,""3"":1,""4"":1,""5"":1,""6"":1,""7"":1,""8"":1,""9"":1,""10"":1,""11"":1,""12"":1,""17"":1}",5,0.2941176470588235,0,12,5,11,17,0,5,168,744,0.0176004599998123,0.0,0,0,0,5,0.0,0.0,0.035,13.547146016385303,95.59046871252548,144.16277049686764,0.0504889447233498,0.0406155569730343,0.0603623324736652,0.164520617502675,0.209884111255294,0.304820694258457,0.141530567371024,0.2940738194415904,0.0593174082685566,0.3342082763949404,10,1,1,1,1,0.0,13.547146016385303,0.7058823529411765,5,0.0194655569976021,0.0014368751155452,0.0176004599998123,7.706237497002037,0.059,7.647237497002037,1.0435047693341597,49.3561852508025,13.547146016385303,17,17,1.0,6.39672107562326,0.6792637533075818,bos_scaling,hds_full,17,small,5,3,2,20,5,1.0,15.0,0.7,0.7,0.2,0.1,0.7,0.3,0.0205721249985799
controlled_bos,17,5.0,reference,5,HDS,Sharable,HDS-Sharable,3.988773418401713,15.95509367360685,1,5.0,downstream_reserved,1,idle_only,1,1,1,0.0,19.943867092008563,19.943867092008563,5.0,20,5,17,11,0.6470588235294118,15.071355285999744,0,10,17,4.8,"{""1"":1,""2"":2,""3"":1,""4"":3,""5"":1,""6"":1,""17"":1}",13,0.7647058823529411,0,4,13,8,17,0,5,848,2099,15.070563676999882,0.0873526240038755,1,0,1,13,2.7020052861814747e-12,4.618527782440651e-13,0.035,17.709427255968254,95.59046871252548,143.10089237066393,0.0536280160803145,0.0437922421447498,0.0634637900158793,0.1851964211689871,0.1831562922080249,0.358671832729129,0.1211384400128958,0.2411480316419615,0.0453279531305105,0.2486992715976065,10,1,1,1,1,0.0,17.709427255968254,0.2352941176470588,5,15.085789662000025,0.8518507935888193,15.084023850999074,7.694237497002037,0.047,7.647237497002037,36.79370840820321,55.55892635069616,17.709427255968254,17,17,1.0,2.234439836040309,0.8879635616436874,bos_scaling,hds_full,17,small,5,3,2,20,5,1.0,15.0,0.7,0.7,0.2,0.1,0.7,0.3,15.086884070999076
controlled_bos,17,5.0,reference,5,PBQS,NonSharable,PBQS-NonSharable,3.988773418401713,15.95509367360685,1,5.0,downstream_reserved,1,queue_aware,1,1,1,0.0,19.943867092008563,19.943867092008563,5.0,20,5,17,5,0.2941176470588235,0.003121268000541,0,4,17,9.75,"{""3"":1,""7"":1,""12"":1,""17"":1}",0,0.0,0,12,5,0,0,0,0,0,0,0.0,0.0,0,0,0,0,0.0,0.0,0.035,18.522930661328942,95.59046871252548,117.97031845230735,0.0581403073260022,0.0490143040947384,0.0672663105572659,0.1925650905089518,0.2106347483756939,0.4102691854656627,0.130906803865766,0.2450423401455356,0.0422518252538704,0.1849823875611071,10,1,1,1,1,0.0,18.522930661328942,0.7058823529411765,5,0.0070480559988936,0.0003805043666015,0.0,7.688237497002038,0.041,7.647237497002037,78.40078837436766,57.76952715268556,18.522930661328942,17,17,1.0,1.4209364306796175,0.9287532140018632,bos_scaling,pbqs,17,small,5,3,2,20,5,1.0,15.0,0.7,0.7,0.2,0.1,0.7,0.3,0.0079134150000754
controlled_bos,17,5.0,reference,5,PBQS,Sharable,PBQS-Sharable,3.988773418401713,15.95509367360685,1,5.0,downstream_reserved,1,queue_aware,1,1,1,0.0,19.943867092008563,19.943867092008563,5.0,20,5,17,9,0.5294117647058824,0.0041007970030477,0,3,17,9.333333333333334,"{""3"":1,""8"":1,""17"":1}",0,0.0,0,13,4,0,0,0,0,0,0,0.0,0.0,0,0,0,0,0.0,0.0,0.025,19.5043853188636,95.59046871252548,108.49316439596622,0.0865718260458999,0.0715135043084968,0.1016301477833029,0.2527867057087031,0.2667339833334728,0.4149665093100291,0.1804906010702607,0.2593785025302059,0.0496712594101448,0.1188567050804195,8,1,1,1,1,0.0,19.5043853188636,0.7647058823529411,4,0.0066620310026337,0.0003415658014195,0.0,7.676237497002037,0.029,7.647237497002037,114.97692259064112,60.668809370088745,19.5043853188636,17,17,1.0,0.439481773144962,0.9779640642851526,bos_scaling,pbqs,17,small,5,3,2,20,5,1.0,15.0,0.7,0.7,0.2,0.1,0.7,0.3,0.0074889419993269
controlled_bos,18,5.0,reference,1,HDS,NonSharable,HDS-NonSharable,3.9205886934969154,15.682354773987663,1,5.000000000000001,downstream_reserved,1,idle_only,1,1,1,0.0,19.60294346748458,19.60294346748458,5.000000000000001,20,5,18,5,0.2777777777777778,0.02627572900019,0,14,18,7.785714285714286,"{""1"":1,""2"":1,""3"":1,""4"":1,""5"":1,""6"":1,""7"":1,""8"":1,""9"":1,""10"":1,""11"":1,""12"":1,""13"":1,""18"":1}",5,0.2777777777777778,0,13,5,12,18,0,5,177,784,0.0257489649993658,0.0,0,0,0,5,1.6653345369377348e-16,1.1102230246251563e-16,0.035,16.08487487101887,109.8802188804514,168.65790958656888,0.0608645652504705,0.0365358090737879,0.0851933214271531,0.2067068377879582,0.1490081885476256,0.2186496473753097,0.1732089427957653,0.3077292717202609,0.057573584565277,0.3165683396071278,10,1,1,1,1,0.0,16.08487487101887,0.7222222222222222,5,0.0284319189959205,0.0017676182888527,0.0257489649993658,8.852417510436112,0.062,8.790417510436113,0.6589967418505176,62.012051336387465,16.08487487101887,18,18,1.0,3.51806859646571,0.8205336559633948,bos_scaling,hds_full,18,small,5,3,2,20,5,1.0,15.0,0.7,0.7,0.2,0.1,0.7,0.3,0.0299648430009256
controlled_bos,18,5.0,reference,1,HDS,Sharable,HDS-Sharable,3.9205886934969154,15.682354773987663,1,5.000000000000001,downstream_reserved,1,idle_only,1,1,1,0.0,19.60294346748458,19.60294346748458,5.000000000000001,20,5,18,10,0.5555555555555556,15.178247617001034,0,15,18,5.333333333333333,"{""1"":2,""2"":1,""3"":1,""4"":3,""5"":2,""6"":3,""7"":1,""8"":1,""18"":1}",12,0.6666666666666666,0,6,12,12,18,0,5,942,2309,15.177462929001194,0.0739948878449085,1,0,1,12,5.551115123125783e-17,5.551115123125783e-17,0.035,16.770370294846543,109.8802188804514,168.36039759432788,0.0612438176757029,0.038827739373207,0.0836598959781988,0.2041460204743678,0.1601372681733693,0.3150384553865635,0.1594083704719814,0.2993987936950856,0.0552060495825315,0.3293730512412346,10,1,1,1,1,0.0,16.770370294846543,0.3333333333333333,5,15.20594372000778,0.906714846044902,15.203195098001745,8.844417510436113,0.054,8.790417510436113,29.474144453818703,61.24380614231035,16.770370294846543,18,18,1.0,2.8325731726380354,0.8555026607439629,bos_scaling,hds_full,18,small,5,3,2,20,5,1.0,15.0,0.7,0.7,0.2,0.1,0.7,0.3,15.207396495003197
controlled_bos,18,5.0,reference,1,PBQS,NonSharable,PBQS-NonSharable,3.9205886934969154,15.682354773987663,1,5.000000000000001,downstream_reserved,1,queue_aware,1,1,1,0.0,19.60294346748458,19.60294346748458,5.000000000000001,20,5,18,5,0.2777777777777778,0.0031512519999523,0,5,18,9.2,"{""1"":1,""5"":1,""9"":1,""13"":1,""18"":1}",0,0.0,0,13,5,0,0,0,0,0,0,0.0,0.0,0,0,0,0,0.0,0.0,0.035,19.35335739797065,109.8802188804514,148.09918600866186,0.0657131345769487,0.0423003491158227,0.0891259200380747,0.2289492249347156,0.161373039758446,0.2766722165643033,0.1588918194440277,0.3131061359576353,0.0470004715999075,0.1959292403811011,10,1,1,1,1,0.0,19.35335739797065,0.7222222222222222,5,0.0080839289985306,0.0004177016334839,0.0,8.840417510436113,0.05,8.790417510436113,67.7669162308576,68.68476748041468,19.35335739797065,18,18,1.0,0.2495860695139278,0.987267928924658,bos_scaling,pbqs,18,small,5,3,2,20,5,1.0,15.0,0.7,0.7,0.2,0.1,0.7,0.3,0.0090330120001453
controlled_bos,18,5.0,reference,1,PBQS,Sharable,PBQS-Sharable,3.9205886934969154,15.682354773987663,1,5.000000000000001,downstream_reserved,1,queue_aware,1,1,1,0.0,19.60294346748458,19.60294346748458,5.000000000000001,20,5,18,7,0.3888888888888889,0.0047443250005017,0,5,18,8.2,"{""2"":1,""4"":1,""6"":1,""11"":1,""18"":1}",0,0.0,0,14,4,0,0,0,0,0,0,0.0,0.0,0,0,0,0,0.0,0.0,0.025,19.549016313542428,109.8802188804514,156.89869494307715,0.0945815129454016,0.0574711716558647,0.1316918542349386,0.2887036289727049,0.1896304861143987,0.2935890781461498,0.2198420970847083,0.329116542440818,0.0586127018612891,0.2249223226568472,8,1,1,1,1,0.0,19.549016313542428,0.7777777777777778,4,0.0100012539987801,0.0005115988364003,0.0,8.840417510436113,0.05,8.790417510436113,89.72074376629352,69.28887095344918,19.549016313542428,18,18,1.0,0.0539271539421513,0.9972490277273104,bos_scaling,pbqs,18,small,5,3,2,20,5,1.0,15.0,0.7,0.7,0.2,0.1,0.7,0.3,0.0110749519990349
controlled_bos,18,5.0,reference,2,HDS,NonSharable,HDS-NonSharable,3.913894632621464,15.655578530485856,1,5.0,downstream_reserved,1,idle_only,1,1,1,0.0,19.56947316310732,19.56947316310732,5.0,20,5,18,5,0.2777777777777778,0.0238283250000677,0,14,18,7.785714285714286,"{""1"":1,""2"":1,""3"":1,""4"":1,""5"":1,""6"":1,""7"":1,""8"":1,""9"":1,""10"":1,""11"":1,""12"":1,""13"":1,""18"":1}",5,0.2777777777777778,0,13,5,12,18,0,5,177,784,0.0233923750020039,0.0,0,0,0,5,0.0,0.0,0.035,17.058482584515534,110.96884625378352,168.48056649213945,0.0706582981525713,0.048823913820553,0.0924926824845896,0.2061599734403152,0.2046164285475443,0.337690925218285,0.1694139028429429,0.2973417900016754,0.0547387577760611,0.2932772489356006,10,1,1,1,1,0.0,17.058482584515534,0.7222222222222222,5,0.0254016789986053,0.001489093702957,0.0233923750020039,8.94150770030268,0.064,8.87750770030268,0.7432555479184685,61.84799203209457,17.058482584515534,18,18,1.0,2.510990578591784,0.8716883915237155,bos_scaling,hds_full,18,small,5,3,2,20,5,1.0,15.0,0.7,0.7,0.2,0.1,0.7,0.3,0.0265332429989939
controlled_bos,18,5.0,reference,2,HDS,Sharable,HDS-Sharable,3.913894632621464,15.655578530485856,1,5.0,downstream_reserved,1,idle_only,1,1,1,0.0,19.56947316310732,19.56947316310732,5.0,20,5,18,9,0.5,15.1200518930018,0,14,18,5.785714285714286,"{""1"":1,""2"":1,""3"":1,""4"":1,""5"":5,""6"":2,""7"":1,""9"":1,""18"":1}",12,0.6666666666666666,0,6,12,12,18,0,5,942,2309,15.11937177100117,0.0746198970513099,1,0,1,12,4.884981308350689e-15,3.552713678800501e-15,0.035,16.971994516760155,110.96884625378352,165.17643101943526,0.0695289392490696,0.0467905334329306,0.0922673450652085,0.2129454177449034,0.1905633336641581,0.2701298943525868,0.1693013633759497,0.2829455778250755,0.0548619572627892,0.3026807725351748,10,1,1,1,1,0.0,16.971994516760155,0.3333333333333333,5,15.14368642699992,0.8922750011523545,15.141497339001944,8.93150770030268,0.054,8.87750770030268,30.034001353072963,63.88362532347103,16.971994516760155,18,18,1.0,2.597478646347163,0.8672688516089452,bos_scaling,hds_full,18,small,5,3,2,20,5,1.0,15.0,0.7,0.7,0.2,0.1,0.7,0.3,15.144823503000223
controlled_bos,18,5.0,reference,2,PBQS,NonSharable,PBQS-NonSharable,3.913894632621464,15.655578530485856,1,5.0,downstream_reserved,1,queue_aware,1,1,1,0.0,19.56947316310732,19.56947316310732,5.0,20,5,18,4,0.2222222222222222,0.0033265630008827,0,5,18,9.2,"{""1"":1,""4"":1,""9"":1,""14"":1,""18"":1}",0,0.0,0,13,5,0,0,0,0,0,0,0.0,0.0,0,0,0,0,0.0,0.0,0.035,19.12147969189634,110.96884625378352,147.51389813938536,0.0778105785639323,0.0527590487591525,0.102862108368712,0.2285961411520631,0.2084709368405712,0.4295404747305518,0.1909944717956058,0.315288552778048,0.0479558499820161,0.2002910499351718,10,1,1,1,1,0.0,19.12147969189634,0.7222222222222222,5,0.0083751320016745,0.0004379960200059,0.0,8.93350770030268,0.056,8.877507700302681,50.2252024855103,68.57884234561892,19.12147969189634,18,18,1.0,0.4479934712109781,0.977107535421263,bos_scaling,pbqs,18,small,5,3,2,20,5,1.0,15.0,0.7,0.7,0.2,0.1,0.7,0.3,0.009553757001413
controlled_bos,18,5.0,reference,2,PBQS,Sharable,PBQS-Sharable,3.913894632621464,15.655578530485856,1,5.0,downstream_reserved,1,queue_aware,1,1,1,0.0,19.56947316310732,19.56947316310732,5.0,20,5,18,7,0.3888888888888889,0.0039511530012532,0,6,18,7.0,"{""1"":1,""2"":1,""4"":1,""6"":1,""11"":1,""18"":1}",0,0.0,0,13,5,0,0,0,0,0,0,0.0,0.0,0,0,0,0,0.0,0.0,0.045,19.549814310491843,110.96884625378352,163.99721041195994,0.076581790658647,0.0510787654600491,0.102084815857245,0.2314706158777424,0.1930738077361098,0.2954176298464802,0.1838874711041115,0.3434477827094709,0.047579657104856,0.2407915933871572,10,1,1,1,1,0.0,19.549814310491843,0.7222222222222222,5,0.0094136770021577,0.0004815225788157,0.0,8.93350770030268,0.056,8.877507700302681,77.76116816033208,69.44118476332272,19.549814310491843,18,18,1.0,0.0196588526154748,0.9989954327103432,bos_scaling,pbqs,18,small,5,3,2,20,5,1.0,15.0,0.7,0.7,0.2,0.1,0.7,0.3,0.0103864269985933
controlled_bos,18,5.0,reference,3,HDS,NonSharable,HDS-NonSharable,3.693220396850029,14.772881587400116,1,5.000000000000001,downstream_reserved,1,idle_only,1,1,1,0.0,18.466101984250145,18.466101984250145,5.000000000000001,20,5,18,5,0.2777777777777778,0.0230777869983285,0,14,18,7.785714285714286,"{""1"":1,""2"":1,""3"":1,""4"":1,""5"":1,""6"":1,""7"":1,""8"":1,""9"":1,""10"":1,""11"":1,""12"":1,""13"":1,""18"":1}",5,0.2777777777777778,0,13,5,12,18,0,5,177,784,0.0226529350002238,0.0,0,0,0,5,3.3306690738754696e-16,3.3306690738754696e-16,0.035,15.681124913494257,114.0281062769242,171.384964628107,0.0676166090632954,0.0386390658750684,0.0965941522515223,0.214407358249491,0.1574220377047134,0.1851380565128441,0.1815552900788445,0.2891673652321869,0.0610995921645803,0.2897445543810329,10,1,1,1,1,0.0,15.681124913494257,0.7222222222222222,5,0.0246618249984749,0.0015727076427566,0.0226529350002238,9.184248502153936,0.062,9.122248502153935,0.5035296783741012,64.32220747484732,15.681124913494257,18,18,1.0,2.784977070755888,0.8491843555758972,bos_scaling,hds_full,18,small,5,3,2,20,5,1.0,15.0,0.7,0.7,0.2,0.1,0.7,0.3,0.0257942419993923
controlled_bos,18,5.0,reference,3,HDS,Sharable,HDS-Sharable,3.693220396850029,14.772881587400116,1,5.000000000000001,downstream_reserved,1,idle_only,1,1,1,0.0,18.466101984250145,18.466101984250145,5.000000000000001,20,5,18,9,0.5,15.216900327002804,1,18,18,4.611111111111111,"{""1"":5,""2"":1,""3"":1,""4"":1,""5"":7,""7"":1,""9"":1,""18"":1}",13,0.7222222222222222,0,4,13,12,18,0,5,942,2309,15.216179734001344,0.0985023091254042,1,0,1,13,6.812328479099962e-13,2.282618538629322e-13,0.035,,105.34103775804466,167.59550221464542,0.068895909047091,0.0430100297818513,0.0947817883123307,0.2111500098389808,0.199062763289321,0.3183563392203741,0.1864245905739571,0.3838278122810062,0.0574149042661122,0.3213345800561212,10,0,0,0,0,0.0555555555555555,,0.2352941176470588,5,15.260783335994349,0.0,15.25820283300709,8.484283020643574,0.057,8.427283020643573,38.72620316084375,63.34500295169426,0.0,17,18,0.9444444444444444,,,bos_scaling,hds_full,18,small,5,3,2,20,5,1.0,15.0,0.7,0.7,0.2,0.1,0.7,0.3,15.262071725999704
controlled_bos,18,5.0,reference,3,PBQS,NonSharable,PBQS-NonSharable,3.693220396850029,14.772881587400116,1,5.000000000000001,downstream_reserved,1,queue_aware,1,1,1,0.0,18.466101984250145,18.466101984250145,5.000000000000001,20,5,18,5,0.2777777777777778,0.0031901910006126,0,5,18,8.8,"{""1"":1,""4"":1,""8"":1,""13"":1,""18"":1}",0,0.0,0,13,5,0,0,0,0,0,0,0.0,0.0,0,0,0,0,0.0,0.0,0.035,18.239059899509503,114.0281062769242,155.3986456936802,0.0752114850334162,0.0433480181339857,0.1070749519328467,0.2364547567234936,0.1678750241995933,0.2714782390164078,0.1983287504366748,0.3613472276147441,0.0518294959804491,0.221966596542419,10,1,1,1,1,0.0,18.239059899509503,0.7222222222222222,5,0.0078799249968142,0.0004320356992207,0.0,9.178248502153936,0.056,9.122248502153935,56.6119332761844,70.9364270170481,18.239059899509503,18,18,1.0,0.2270420847406384,0.987704926305818,bos_scaling,pbqs,18,small,5,3,2,20,5,1.0,15.0,0.7,0.7,0.2,0.1,0.7,0.3,0.0088545060025353
controlled_bos,18,5.0,reference,3,PBQS,Sharable,PBQS-Sharable,3.693220396850029,14.772881587400116,1,5.000000000000001,downstream_reserved,1,queue_aware,1,1,1,0.0,18.466101984250145,18.466101984250145,5.000000000000001,20,5,18,7,0.3888888888888889,0.0042091489995073,0,7,18,7.142857142857143,"{""1"":1,""2"":1,""4"":1,""6"":1,""8"":1,""11"":1,""18"":1}",0,0.0,0,13,5,0,0,0,0,0,0,0.0,0.0,0,0,0,0,0.0,0.0,0.035,18.40639028560641,114.0281062769242,174.3785563113999,0.074614421618254,0.0443284386661645,0.1049004045703435,0.2382771955124353,0.173060310013826,0.2700612800114066,0.1878424109353548,0.3589774789544835,0.0521832469777671,0.290947268893941,10,1,1,1,1,0.0,18.40639028560641,0.7222222222222222,5,0.012322882997978,0.0006694893896504,0.0,9.184248502153936,0.062,9.122248502153935,73.80657409872282,71.48315865373061,18.40639028560641,18,18,1.0,0.0597116986437384,0.9967664156358138,bos_scaling,pbqs,18,small,5,3,2,20,5,1.0,15.0,0.7,0.7,0.2,0.1,0.7,0.3,0.0133803850003459
controlled_bos,18,5.0,reference,4,HDS,NonSharable,HDS-NonSharable,4.039905132074078,16.159620528296312,1,5.0,downstream_reserved,1,idle_only,1,1,1,0.0,20.19952566037039,20.19952566037039,5.0,20,5,18,5,0.2777777777777778,0.022821254999144,0,14,18,7.785714285714286,"{""1"":1,""2"":1,""3"":1,""4"":1,""5"":1,""6"":1,""7"":1,""8"":1,""9"":1,""10"":1,""11"":1,""12"":1,""13"":1,""18"":1}",5,0.2777777777777778,0,13,5,12,18,0,5,177,784,0.0223692420004226,0.0,0,0,0,5,0.0,0.0,0.035,16.3344810814649,99.50807591738533,140.57806464671526,0.0592633609827196,0.0373661327787508,0.0811605891866883,0.2041502370282102,0.1622712824722219,0.2821399383440059,0.1513159319224247,0.2736749138771899,0.0507466747298842,0.2714773069673341,10,1,1,1,1,0.0,16.3344810814649,0.7222222222222222,5,0.0244257979902613,0.0014953519409917,0.0223692420004226,8.020646073390827,0.06,7.960646073390827,0.7932271604744144,61.24507110846307,16.3344810814649,18,18,1.0,3.86504457890549,0.8086566663053701,bos_scaling,hds_full,18,small,5,3,2,20,5,1.0,15.0,0.7,0.7,0.2,0.1,0.7,0.3,0.0255506390021764
controlled_bos,18,5.0,reference,4,HDS,Sharable,HDS-Sharable,4.039905132074078,16.159620528296312,1,5.0,downstream_reserved,1,idle_only,1,1,1,0.0,20.19952566037039,20.19952566037039,5.0,20,5,18,10,0.5555555555555556,15.247717929996725,0,14,18,5.142857142857143,"{""1"":1,""2"":1,""3"":2,""4"":4,""5"":3,""6"":1,""8"":1,""18"":1}",13,0.7222222222222222,0,5,13,12,18,0,5,942,2309,15.246947522999108,0.0662398203271386,1,0,1,13,1.4780954238347024e-12,1.3995471448424725e-12,0.035,15.565151809516175,99.50807591738533,160.30185281043936,0.0613937829217998,0.0359945134176146,0.0867930524259849,0.2069643561979167,0.1591884990539911,0.3450036049991033,0.1853919133403604,0.3470779925195392,0.0542686405626378,0.3295791363635832,10,1,1,1,1,0.0,15.565151809516175,0.2777777777777778,5,15.2730849859945,0.9812358512723844,15.270808776000194,8.018646073390826,0.058,7.960646073390826,31.04078906113969,62.08930685937503,15.565151809516175,18,18,1.0,4.634373850854214,0.7705701644298297,bos_scaling,hds_full,18,small,5,3,2,20,5,1.0,15.0,0.7,0.7,0.2,0.1,0.7,0.3,15.274222019997978
controlled_bos,18,5.0,reference,4,PBQS,NonSharable,PBQS-NonSharable,4.039905132074078,16.159620528296312,1,5.0,downstream_reserved,1,queue_aware,1,1,1,0.0,20.19952566037039,20.19952566037039,5.0,20,5,18,5,0.2777777777777778,0.0032461949995195,0,5,18,9.2,"{""1"":1,""5"":1,""9"":1,""13"":1,""18"":1}",0,0.0,0,13,5,0,0,0,0,0,0,0.0,0.0,0,0,0,0,0.0,0.0,0.035,20.17121097975324,99.50807591738533,139.40070076762566,0.068012775126925,0.0412256204703655,0.0947999297834845,0.2361793929876713,0.1555143439776461,0.4020502199500863,0.172233524534683,0.3193688580489229,0.0410475458340282,0.1946475615072988,10,1,1,1,1,0.0,20.17121097975324,0.7222222222222222,5,0.0081743840019044,0.0004052500372986,0.0,8.010646073390827,0.05,7.960646073390827,77.742427010794,70.85381789630141,20.17121097975324,18,18,1.0,0.0283146806171536,0.9985982502216524,bos_scaling,pbqs,18,small,5,3,2,20,5,1.0,15.0,0.7,0.7,0.2,0.1,0.7,0.3,0.0092090840007585
controlled_bos,18,5.0,reference,4,PBQS,Sharable,PBQS-Sharable,4.039905132074078,16.159620528296312,1,5.0,downstream_reserved,1,queue_aware,1,1,1,0.0,20.19952566037039,20.19952566037039,5.0,20,5,18,9,0.5,0.0041684579991851,0,5,18,7.8,"{""2"":1,""4"":1,""6"":1,""9"":1,""18"":1}",0,0.0,0,14,4,0,0,0,0,0,0,0.0,0.0,0,0,0,0,0.0,0.0,0.025,19.802649212667472,99.50807591738533,144.8472642947239,0.0957936742249202,0.0580722394175114,0.133515109032329,0.2903441019649184,0.2000354837014576,0.3640258941601526,0.2219341405112149,0.3708969984357808,0.052539432294021,0.2163102578574005,8,1,1,1,1,0.0,19.802649212667472,0.7777777777777778,4,0.0091755339963128,0.0004633488124631,0.0,8.010646073390827,0.05,7.960646073390827,97.33218418697054,69.68258447158043,19.802649212667472,18,18,1.0,0.3968764477029189,0.980352189730794,bos_scaling,pbqs,18,small,5,3,2,20,5,1.0,15.0,0.7,0.7,0.2,0.1,0.7,0.3,0.0101647070005128
controlled_bos,18,5.0,reference,5,HDS,NonSharable,HDS-NonSharable,3.988773418401713,15.95509367360685,1,5.0,downstream_reserved,1,idle_only,1,1,1,0.0,19.943867092008563,19.943867092008563,5.0,20,5,18,5,0.2777777777777778,0.0193697850008902,0,14,18,7.785714285714286,"{""1"":1,""2"":1,""3"":1,""4"":1,""5"":1,""6"":1,""7"":1,""8"":1,""9"":1,""10"":1,""11"":1,""12"":1,""13"":1,""18"":1}",5,0.2777777777777778,0,13,5,12,18,0,5,177,784,0.0189952469991112,0.0,0,0,0,5,0.0,0.0,0.035,13.547146016385303,100.68146325859216,153.36455597501964,0.0519294539989721,0.041118924571956,0.0627399834259882,0.1700511111497827,0.209849531221833,0.2888690688082551,0.1404302007456906,0.2744523866093599,0.062566549383664,0.3712317422903257,10,1,1,1,1,0.0,13.547146016385303,0.7222222222222222,5,0.020929457998136,0.0015449348499545,0.0189952469991112,8.11851706068737,0.064,8.05451706068737,1.0435047693341597,51.01533334493481,13.547146016385303,18,18,1.0,6.39672107562326,0.6792637533075818,bos_scaling,hds_full,18,small,5,3,2,20,5,1.0,15.0,0.7,0.7,0.2,0.1,0.7,0.3,0.0220274630009953
controlled_bos,18,5.0,reference,5,HDS,Sharable,HDS-Sharable,3.988773418401713,15.95509367360685,1,5.0,downstream_reserved,1,idle_only,1,1,1,0.0,19.943867092008563,19.943867092008563,5.0,20,5,18,11,0.6111111111111112,15.255205444998865,0,13,18,4.230769230769231,"{""1"":3,""2"":1,""3"":4,""4"":2,""5"":1,""7"":1,""18"":1}",14,0.7777777777777778,0,4,14,9,18,0,5,942,2309,15.254371513001388,0.0838751818942389,1,0,1,14,1.364797164171705e-12,4.556355293061642e-13,0.035,16.50904591211176,100.68146325859216,155.23780073166077,0.0547719578742201,0.0422646360381947,0.0672792797102455,0.1887089874797976,0.180944550132161,0.3391207050105653,0.1354449386965852,0.2575426808998197,0.0514322136220032,0.2878013273589068,10,1,1,1,1,0.0,16.50904591211176,0.2222222222222222,5,15.271369284993852,0.9250303964440554,15.26945115000126,8.106517060687372,0.052,8.054517060687372,39.75861173128623,56.6126962439393,16.50904591211176,18,18,1.0,3.4348211798968045,0.8277755680956616,bos_scaling,hds_full,18,small,5,3,2,20,5,1.0,15.0,0.7,0.7,0.2,0.1,0.7,0.3,15.272495922999951
controlled_bos,18,5.0,reference,5,PBQS,NonSharable,PBQS-NonSharable,3.988773418401713,15.95509367360685,1,5.0,downstream_reserved,1,queue_aware,1,1,1,0.0,19.943867092008563,19.943867092008563,5.0,20,5,18,5,0.2777777777777778,0.0033762679995561,0,4,18,11.0,"{""4"":1,""9"":1,""13"":1,""18"":1}",0,0.0,0,13,5,0,0,0,0,0,0,0.0,0.0,0,0,0,0,0.0,0.0,0.035,19.39920164620335,100.68146325859216,134.22812570677047,0.0596552637042166,0.0489437672251877,0.0703667601832454,0.2018162010147983,0.1973685559368738,0.3724818947509374,0.1269638086757358,0.2172890398109283,0.0429032622685361,0.1891775699139941,10,1,1,1,1,0.0,19.39920164620335,0.7222222222222222,5,0.0079038989970285,0.0004074342409124,0.0,8.100517060687372,0.046,8.054517060687372,79.85432701567474,60.54486030443948,19.39920164620335,18,18,1.0,0.5446654458052151,0.9726900784440417,bos_scaling,pbqs,18,small,5,3,2,20,5,1.0,15.0,0.7,0.7,0.2,0.1,0.7,0.3,0.0087977719995251
controlled_bos,18,5.0,reference,5,PBQS,Sharable,PBQS-Sharable,3.988773418401713,15.95509367360685,1,5.0,downstream_reserved,1,queue_aware,1,1,1,0.0,19.943867092008563,19.943867092008563,5.0,20,5,18,9,0.5,0.0042553169987513,0,5,18,6.8,"{""1"":1,""2"":1,""4"":1,""9"":1,""18"":1}",0,0.0,0,14,4,0,0,0,0,0,0,0.0,0.0,0,0,0,0,0.0,0.0,0.025,19.90715422448916,100.68146325859216,132.8648107798462,0.087433615031761,0.070440966146565,0.1044262639169571,0.262251438337841,0.251264234765282,0.4065707534455142,0.1741470978954965,0.2609453112871445,0.0521921902242075,0.1750806077306569,8,1,1,1,1,0.0,19.90715422448916,0.7777777777777778,4,0.0079253819967561,0.0003981172751958,0.0,8.09251706068737,0.038,8.05451706068737,106.0922458030779,62.94034520108184,19.90715422448916,18,18,1.0,0.0367128675194052,0.9981591901234582,bos_scaling,pbqs,18,small,5,3,2,20,5,1.0,15.0,0.7,0.7,0.2,0.1,0.7,0.3,0.0088277560025744
controlled_bos,19,5.0,reference,1,HDS,NonSharable,HDS-NonSharable,3.9205886934969154,15.682354773987663,1,5.000000000000001,downstream_reserved,1,idle_only,1,1,1,0.0,19.60294346748458,19.60294346748458,5.000000000000001,20,5,19,5,0.2631578947368421,0.0207767400024749,0,15,19,8.266666666666667,"{""1"":1,""2"":1,""3"":1,""4"":1,""5"":1,""6"":1,""7"":1,""8"":1,""9"":1,""10"":1,""11"":1,""12"":1,""13"":1,""14"":1,""19"":1}",5,0.2631578947368421,0,14,5,13,19,0,5,186,824,0.0202765149988408,0.0,0,0,0,5,5.551115123125783e-17,5.551115123125783e-17,0.035,15.521101538176945,111.61229332846466,168.4161634407074,0.065125852238442,0.0426332259061731,0.0876184785707108,0.215311810418721,0.1936168877055057,0.3061923037966477,0.1755193568147329,0.3002709603920251,0.0604558536267217,0.3177443380135423,10,1,1,1,1,0.0,15.521101538176945,0.7368421052631579,5,0.0225553749951359,0.0014532071025794,0.0202765149988408,8.991983466277173,0.063,8.928983466277172,0.8128307507635658,64.59354312561632,15.521101538176945,19,19,1.0,4.081841929307634,0.7917740294421504,bos_scaling,hds_full,19,small,5,3,2,20,5,1.0,15.0,0.7,0.7,0.2,0.1,0.7,0.3,0.0237705779982206
controlled_bos,19,5.0,reference,1,HDS,Sharable,HDS-Sharable,3.9205886934969154,15.682354773987663,1,5.000000000000001,downstream_reserved,1,idle_only,1,1,1,0.0,19.60294346748458,19.60294346748458,5.000000000000001,20,5,19,11,0.5789473684210527,15.162544637998508,0,15,19,5.466666666666667,"{""1"":1,""2"":2,""3"":1,""4"":3,""5"":2,""6"":3,""7"":1,""8"":1,""19"":1}",13,0.6842105263157895,0,6,13,13,19,0,5,1041,2529,15.16178571799901,0.0887741414857413,1,0,1,13,6.895595205946847e-13,3.606004383982509e-13,0.035,16.973262439822523,111.61229332846466,170.09247204234111,0.0669576013829784,0.0426350063932862,0.0912801963726707,0.2200438590415842,0.1770650589781739,0.3194626329423457,0.1763591429811374,0.2802506318813206,0.0553625145979092,0.2937449459881323,10,1,1,1,1,0.0,16.973262439822523,0.3157894736842105,5,15.183613598008378,0.8945607040391194,15.181382034996204,8.983983466277172,0.055,8.928983466277172,38.96208144347353,66.01315771247526,16.973262439822523,19,19,1.0,2.6296810276620555,0.8658527464498426,bos_scaling,hds_full,19,small,5,3,2,20,5,1.0,15.0,0.7,0.7,0.2,0.1,0.7,0.3,15.18494859600105
controlled_bos,19,5.0,reference,1,PBQS,NonSharable,PBQS-NonSharable,3.9205886934969154,15.682354773987663,1,5.000000000000001,downstream_reserved,1,queue_aware,1,1,1,0.0,19.60294346748458,19.60294346748458,5.000000000000001,20,5,19,5,0.2631578947368421,0.0033027480021701,0,5,19,9.6,"{""1"":1,""5"":1,""9"":1,""14"":1,""19"":1}",0,0.0,0,14,5,0,0,0,0,0,0,0.0,0.0,0,0,0,0,0.0,0.0,0.035,19.35335739797065,111.61229332846466,151.56333490468833,0.0685700264305865,0.0442039826258623,0.0929360702353107,0.2368981442183237,0.1655042406543715,0.2766722165643033,0.1609589841353165,0.3131061359576353,0.0477880483923515,0.2008723615729302,10,1,1,1,1,0.0,19.35335739797065,0.7368421052631579,5,0.009011564998218,0.0004656331618803,0.0,8.985983466277172,0.057,8.928983466277172,69.16402776957024,71.06944326549713,19.35335739797065,19,19,1.0,0.2495860695139278,0.987267928924658,bos_scaling,pbqs,19,small,5,3,2,20,5,1.0,15.0,0.7,0.7,0.2,0.1,0.7,0.3,0.0100919739998062
controlled_bos,19,5.0,reference,1,PBQS,Sharable,PBQS-Sharable,3.9205886934969154,15.682354773987663,1,5.000000000000001,downstream_reserved,1,queue_aware,1,1,1,0.0,19.60294346748458,19.60294346748458,5.000000000000001,20,5,19,8,0.4210526315789473,0.0046611309990112,0,6,19,7.666666666666667,"{""1"":1,""3"":1,""5"":1,""7"":1,""11"":1,""19"":1}",0,0.0,0,15,4,0,0,0,0,0,0,0.0,0.0,0,0,0,0,0.0,0.0,0.025,19.549016313542428,111.61229332846466,166.19393248685398,0.0977946019734574,0.059097303051421,0.1364919008954938,0.2991682815379037,0.1887638575187526,0.2739031060886877,0.2206070324567374,0.3099723717805651,0.059885600056103,0.2536584118382937,8,1,1,1,1,0.0,19.549016313542428,0.7894736842105263,4,0.010593394999887,0.0005418889027448,0.0,8.983983466277172,0.055,8.928983466277172,101.78181555259168,71.8003875690969,19.549016313542428,19,19,1.0,0.0539271539421513,0.9972490277273104,bos_scaling,pbqs,19,small,5,3,2,20,5,1.0,15.0,0.7,0.7,0.2,0.1,0.7,0.3,0.0116151869988243
controlled_bos,19,5.0,reference,2,HDS,NonSharable,HDS-NonSharable,3.913894632621464,15.655578530485856,1,5.0,downstream_reserved,1,idle_only,1,1,1,0.0,19.56947316310732,19.56947316310732,5.0,20,5,19,5,0.2631578947368421,0.019951680998929,0,15,19,8.266666666666667,"{""1"":1,""2"":1,""3"":1,""4"":1,""5"":1,""6"":1,""7"":1,""8"":1,""9"":1,""10"":1,""11"":1,""12"":1,""13"":1,""14"":1,""19"":1}",5,0.2631578947368421,0,14,5,13,19,0,5,186,824,0.0195691010012524,0.0,0,0,0,5,0.0,0.0,0.035,17.536385232465335,114.66885922796617,176.22996343259982,0.07028203429915,0.0482321510224359,0.0923319175758641,0.2102176514639347,0.1936468859855908,0.3677286971594104,0.1601502534271794,0.2964404411166937,0.0551196694400826,0.3094847758981739,10,1,1,1,1,0.0,17.536385232465335,0.7368421052631579,5,0.0217378400047891,0.0012395849952329,0.0195691010012524,9.244508738237291,0.071,9.173508738237294,0.9007023775124166,63.06529543918042,17.536385232465335,19,19,1.0,2.033087930641983,0.896109214913624,bos_scaling,hds_full,19,small,5,3,2,20,5,1.0,15.0,0.7,0.7,0.2,0.1,0.7,0.3,0.0229189100027724
controlled_bos,19,5.0,reference,2,HDS,Sharable,HDS-Sharable,3.913894632621464,15.655578530485856,1,5.0,downstream_reserved,1,idle_only,1,1,1,0.0,19.56947316310732,19.56947316310732,5.0,20,5,19,10,0.5263157894736842,15.187566404998506,0,15,19,5.666666666666667,"{""1"":1,""2"":1,""3"":2,""4"":1,""5"":5,""6"":2,""7"":1,""9"":1,""19"":1}",13,0.6842105263157895,0,6,13,13,19,0,5,1041,2529,15.186843217001297,0.0808769073717571,1,0,1,13,4.718447854656915e-15,2.05391259555654e-15,0.035,16.405529740459542,114.66885922796617,168.3664145351421,0.0711520060322669,0.0471360264517129,0.0951679856128208,0.2124572293000717,0.198576623086129,0.3231722228677289,0.1838957709760479,0.307716597446689,0.0585356848124899,0.2850463141748233,10,1,1,1,1,0.0,16.405529740459542,0.3157894736842105,5,15.210727656998642,0.9271707709313244,15.208471625006496,9.226508738237293,0.053,9.173508738237292,33.786848220787924,63.73716879002152,16.405529740459542,19,19,1.0,3.163943422647776,0.8383225038161737,bos_scaling,hds_full,19,small,5,3,2,20,5,1.0,15.0,0.7,0.7,0.2,0.1,0.7,0.3,15.211913912000457
controlled_bos,19,5.0,reference,2,PBQS,NonSharable,PBQS-NonSharable,3.913894632621464,15.655578530485856,1,5.0,downstream_reserved,1,queue_aware,1,1,1,0.0,19.56947316310732,19.56947316310732,5.0,20,5,19,4,0.2105263157894736,0.0034945539991895,0,5,19,10.0,"{""1"":1,""5"":1,""10"":1,""15"":1,""19"":1}",0,0.0,0,14,5,0,0,0,0,0,0,0.0,0.0,0,0,0,0,0.0,0.0,0.035,19.12147969189634,114.66885922796617,151.21391111356803,0.0791547739641206,0.0532356506308354,0.1050738972974058,0.2324228547789366,0.210564632405268,0.4295404747305518,0.1958526279896846,0.3395793337484419,0.0495038527658177,0.2002910499351718,10,1,1,1,1,0.0,19.12147969189634,0.7368421052631579,5,0.0089148549996025,0.0004662220258707,0.0,9.230508738237292,0.057,9.173508738237292,61.690874222948274,69.72685643368098,19.12147969189634,19,19,1.0,0.4479934712109781,0.977107535421263,bos_scaling,pbqs,19,small,5,3,2,20,5,1.0,15.0,0.7,0.7,0.2,0.1,0.7,0.3,0.0098787120004999
controlled_bos,19,5.0,reference,2,PBQS,Sharable,PBQS-Sharable,3.913894632621464,15.655578530485856,1,5.0,downstream_reserved,1,queue_aware,1,1,1,0.0,19.56947316310732,19.56947316310732,5.0,20,5,19,7,0.3684210526315789,0.0041044120007427,0,6,19,7.833333333333333,"{""1"":1,""3"":1,""5"":1,""7"":1,""12"":1,""19"":1}",0,0.0,0,14,5,0,0,0,0,0,0,0.0,0.0,0,0,0,0,0.0,0.0,0.045,19.549814310491843,114.66885922796617,167.6972233861426,0.0779259860588354,0.051555367331732,0.1042966047859387,0.2352973295046159,0.1951216306251425,0.2954176298464802,0.188639185546498,0.3434477827094709,0.0490937432912182,0.250146860413013,10,1,1,1,1,0.0,19.549814310491843,0.7368421052631579,5,0.0103371840014006,0.0005287612371772,0.0,9.230508738237292,0.057,9.173508738237292,88.90605198813894,70.58919885138478,19.549814310491843,19,19,1.0,0.0196588526154748,0.9989954327103432,bos_scaling,pbqs,19,small,5,3,2,20,5,1.0,15.0,0.7,0.7,0.2,0.1,0.7,0.3,0.0113298920005036
controlled_bos,19,5.0,reference,3,HDS,NonSharable,HDS-NonSharable,3.693220396850029,14.772881587400116,1,5.000000000000001,downstream_reserved,1,idle_only,1,1,1,0.0,18.466101984250145,18.466101984250145,5.000000000000001,20,5,19,5,0.2631578947368421,0.0224313939979765,0,15,19,8.266666666666667,"{""1"":1,""2"":1,""3"":1,""4"":1,""5"":1,""6"":1,""7"":1,""8"":1,""9"":1,""10"":1,""11"":1,""12"":1,""13"":1,""14"":1,""19"":1}",5,0.2631578947368421,0,14,5,13,19,0,5,186,824,0.0220164559978002,0.0,0,0,0,5,4.440892098500626e-16,3.3306690738754696e-16,0.035,16.884271250835386,118.98888877482426,178.9940689214495,0.0744322141704471,0.0409839450725848,0.1078804832683095,0.2269169668465072,0.1606393546752381,0.2543017907314726,0.2068381788312606,0.3675508536603219,0.059221700448956,0.3119819994554854,10,1,1,1,1,0.0,16.884271250835386,0.7368421052631579,5,0.0242924869889975,0.0014387643166888,0.0220164559978002,9.58611110198594,0.067,9.51911110198594,0.5035296783741012,68.07509005395218,16.884271250835386,19,19,1.0,1.5818307334147583,0.9143386766322468,bos_scaling,hds_full,19,small,5,3,2,20,5,1.0,15.0,0.7,0.7,0.2,0.1,0.7,0.3,0.0257520089980971
controlled_bos,19,5.0,reference,3,HDS,Sharable,HDS-Sharable,3.693220396850029,14.772881587400116,1,5.000000000000001,downstream_reserved,1,idle_only,1,1,1,0.0,18.466101984250145,18.466101984250145,5.000000000000001,20,5,19,9,0.4736842105263157,15.165651638999408,1,19,19,5.157894736842105,"{""1"":5,""2"":1,""3"":1,""4"":1,""5"":1,""6"":7,""8"":1,""10"":1,""19"":1}",13,0.6842105263157895,0,5,13,13,19,0,5,1041,2529,15.164872528999696,0.0892828565300173,1,0,1,13,2.700062395888381e-13,2.291500322826323e-13,0.035,,110.30182025594472,169.5832323632735,0.0694688010257834,0.0414751142286977,0.0974624878228691,0.2118502902191686,0.1679423885507521,0.3212325776590516,0.1715656299640798,0.3474839021586001,0.0548051155265741,0.274906567444147,10,0,0,0,0,0.0526315789473684,,0.2777777777777778,5,15.220128582986945,0.0,15.217074856998806,8.882145620475578,0.058,8.824145620475578,35.53158603563462,63.5550870657506,0.0,18,19,0.9473684210526316,,,bos_scaling,hds_full,19,small,5,3,2,20,5,1.0,15.0,0.7,0.7,0.2,0.1,0.7,0.3,15.22135015400272
controlled_bos,19,5.0,reference,3,PBQS,NonSharable,PBQS-NonSharable,3.693220396850029,14.772881587400116,1,5.000000000000001,downstream_reserved,1,queue_aware,1,1,1,0.0,18.466101984250145,18.466101984250145,5.000000000000001,20,5,19,5,0.2631578947368421,0.0043632480010273,0,5,19,9.8,"{""2"":1,""5"":1,""9"":1,""14"":1,""19"":1}",0,0.0,0,14,5,0,0,0,0,0,0,0.0,0.0,0,0,0,0,0.0,0.0,0.035,18.239059899509503,118.98888877482426,165.32021068948032,0.0769815074900178,0.0439638631146476,0.109999151865388,0.2408938389505828,0.1692931613914393,0.2714782390164078,0.2000121759783887,0.3613472276147441,0.0542229793190664,0.2431914329121408,10,1,1,1,1,0.0,18.239059899509503,0.7368421052631579,5,0.0099146640022809,0.0005435951226053,0.0,9.58211110198594,0.063,9.51911110198594,58.26461831525652,72.26815168517484,18.239059899509503,19,19,1.0,0.2270420847406384,0.987704926305818,bos_scaling,pbqs,19,small,5,3,2,20,5,1.0,15.0,0.7,0.7,0.2,0.1,0.7,0.3,0.0109812230002717
controlled_bos,19,5.0,reference,3,PBQS,Sharable,PBQS-Sharable,3.693220396850029,14.772881587400116,1,5.000000000000001,downstream_reserved,1,queue_aware,1,1,1,0.0,18.466101984250145,18.466101984250145,5.000000000000001,20,5,19,7,0.3684210526315789,0.0041617770002631,0,7,19,8.0,"{""1"":1,""3"":1,""5"":1,""7"":1,""9"":1,""12"":1,""19"":1}",0,0.0,0,14,5,0,0,0,0,0,0,0.0,0.0,0,0,0,0,0.0,0.0,0.035,18.40639028560641,118.98888877482426,184.30012130720004,0.0763844440748556,0.0449442836468264,0.1078246045028848,0.2427162777395245,0.1744655550828729,0.2700612800114066,0.1895105326482631,0.3589774789544835,0.0545549714334666,0.3119791527069974,10,1,1,1,1,0.0,18.40639028560641,0.7368421052631579,5,0.0139749419977306,0.0007592440332344,0.0,9.58811110198594,0.069,9.51911110198594,77.41112704119841,72.81488332185735,18.40639028560641,19,19,1.0,0.0597116986437384,0.9967664156358138,bos_scaling,pbqs,19,small,5,3,2,20,5,1.0,15.0,0.7,0.7,0.2,0.1,0.7,0.3,0.0150502120013698
controlled_bos,19,5.0,reference,4,HDS,NonSharable,HDS-NonSharable,4.039905132074078,16.159620528296312,1,5.0,downstream_reserved,1,idle_only,1,1,1,0.0,20.19952566037039,20.19952566037039,5.0,20,5,19,5,0.2631578947368421,0.0378504559994326,0,15,19,8.266666666666667,"{""1"":1,""2"":1,""3"":1,""4"":1,""5"":1,""6"":1,""7"":1,""8"":1,""9"":1,""10"":1,""11"":1,""12"":1,""13"":1,""14"":1,""19"":1}",5,0.2631578947368421,0,14,5,13,19,0,5,186,824,0.0374235499984934,2.110846196541882e-16,0,0,0,5,0.0,0.0,0.035,17.97656091221319,104.24699587822404,148.29650879079907,0.0627806509609046,0.0379428114220121,0.0876184904997971,0.2221855898526807,0.1474060316327299,0.2464723537610025,0.1572403768432363,0.2758518011441896,0.0483527178307676,0.2649260847435206,10,1,1,1,1,0.0,17.97656091221319,0.7368421052631579,5,0.0402457039926957,0.0022387877297126,0.0374235499984934,8.398759670257924,0.059,8.339759670257925,0.7932271604744144,66.65567695580421,17.97656091221319,19,19,1.0,2.2229647481571995,0.8899496559704642,bos_scaling,hds_full,19,small,5,3,2,20,5,1.0,15.0,0.7,0.7,0.2,0.1,0.7,0.3,0.0414850179986387
controlled_bos,19,5.0,reference,4,HDS,Sharable,HDS-Sharable,4.039905132074078,16.159620528296312,1,5.0,downstream_reserved,1,idle_only,1,1,1,0.0,20.19952566037039,20.19952566037039,5.0,20,5,19,11,0.5789473684210527,15.205643513003452,0,15,19,4.933333333333334,"{""1"":1,""2"":1,""3"":2,""4"":8,""6"":1,""8"":1,""19"":1}",15,0.7894736842105263,0,4,15,13,19,0,5,1041,2529,15.204729883000256,0.088658418409628,1,0,1,15,1.7763568394002505e-15,1.7763568394002505e-15,0.035,18.169906668088,104.24699587822404,157.597403670822,0.0615729097146138,0.0377108667913675,0.08543495263786,0.2185608272916153,0.1442290558164948,0.2536682045535696,0.1467344454780284,0.2678782977299282,0.0482477048051959,0.2497293532564636,10,1,1,1,1,0.0,18.169906668088,0.2105263157894736,5,15.259934200003045,0.8398465924321027,15.25759662999917,8.404759670257924,0.065,8.339759670257925,37.44075321087584,65.56824818748463,18.169906668088,19,19,1.0,2.029618992282394,0.899521452809938,bos_scaling,hds_full,19,small,5,3,2,20,5,1.0,15.0,0.7,0.7,0.2,0.1,0.7,0.3,15.261221337997997
controlled_bos,19,5.0,reference,4,PBQS,NonSharable,PBQS-NonSharable,4.039905132074078,16.159620528296312,1,5.0,downstream_reserved,1,queue_aware,1,1,1,0.0,20.19952566037039,20.19952566037039,5.0,20,5,19,5,0.2631578947368421,0.0036042479987372,0,5,19,9.8,"{""2"":1,""5"":1,""9"":1,""14"":1,""19"":1}",0,0.0,0,14,5,0,0,0,0,0,0,0.0,0.0,0,0,0,0,0.0,0.0,0.035,20.163628430687872,104.24699587822404,150.82901421986435,0.0680140998286987,0.0429161536075202,0.0931120460498772,0.2450151955957574,0.1624952886386646,0.4022014112661726,0.1602101306427657,0.2761925370145907,0.0432085715472283,0.2042696537020403,10,1,1,1,1,0.0,20.163628430687872,0.7368421052631579,5,0.009257866997359,0.0004591369568816,0.0,8.402759670257923,0.063,8.339759670257923,74.12369938879625,73.50455867872724,20.163628430687872,19,19,1.0,0.0358972296825186,0.9982228676907524,bos_scaling,pbqs,19,small,5,3,2,20,5,1.0,15.0,0.7,0.7,0.2,0.1,0.7,0.3,0.0102739190006104
controlled_bos,19,5.0,reference,4,PBQS,Sharable,PBQS-Sharable,4.039905132074078,16.159620528296312,1,5.0,downstream_reserved,1,queue_aware,1,1,1,0.0,20.19952566037039,20.19952566037039,5.0,20,5,19,9,0.4736842105263157,0.0043111099985253,0,6,19,7.0,"{""1"":1,""2"":1,""4"":1,""6"":1,""10"":1,""19"":1}",0,0.0,0,15,4,0,0,0,0,0,0,0.0,0.0,0,0,0,0,0.0,0.0,0.025,19.3347837963559,104.24699587822404,164.26236742963349,0.0968680072574522,0.0582196779039765,0.135516336610928,0.3011703186142417,0.2009868788424,0.3728346363893536,0.2263595154074292,0.379872008470006,0.0570208253656003,0.2413735453576083,8,1,1,1,1,0.0,19.3347837963559,0.7894736842105263,4,0.0093417620009859,0.0004831583378111,0.0,8.398759670257924,0.059,8.339759670257925,103.24266963013264,72.28087646741801,19.3347837963559,19,19,1.0,0.8647418640144906,0.9571899915595032,bos_scaling,pbqs,19,small,5,3,2,20,5,1.0,15.0,0.7,0.7,0.2,0.1,0.7,0.3,0.0103315149972331
controlled_bos,19,5.0,reference,5,HDS,NonSharable,HDS-NonSharable,3.988773418401713,15.95509367360685,1,5.0,downstream_reserved,1,idle_only,1,1,1,0.0,19.943867092008563,19.943867092008563,5.0,20,5,19,5,0.2631578947368421,0.022252708000451,0,15,19,8.266666666666667,"{""1"":1,""2"":1,""3"":1,""4"":1,""5"":1,""6"":1,""7"":1,""8"":1,""9"":1,""10"":1,""11"":1,""12"":1,""13"":1,""14"":1,""19"":1}",5,0.2631578947368421,0,14,5,13,19,0,5,186,824,0.0217498589991009,0.0,0,0,0,5,0.0,0.0,0.035,14.725060152615775,107.89855469836,159.8295973423655,0.0544635618533168,0.0429290716065387,0.0659980521000949,0.1777186150797499,0.2041789341905088,0.3252915858946396,0.1435301301532958,0.3325662149233562,0.0614417368978534,0.3363378627650468,10,1,1,1,1,0.0,14.725060152615775,0.7368421052631579,5,0.023985346993868,0.0016288793896442,0.0217498589991009,8.6948843758688,0.063,8.631884375868799,1.0435047693341597,53.315584523925,14.725060152615775,19,19,1.0,5.218806939392788,0.7383252247261543,bos_scaling,hds_full,19,small,5,3,2,20,5,1.0,15.0,0.7,0.7,0.2,0.1,0.7,0.3,0.0251770130016666
controlled_bos,19,5.0,reference,5,HDS,Sharable,HDS-Sharable,3.988773418401713,15.95509367360685,1,5.0,downstream_reserved,1,idle_only,1,1,1,0.0,19.943867092008563,19.943867092008563,5.0,20,5,19,11,0.5789473684210527,15.185244672000408,0,15,19,4.8,"{""1"":3,""2"":1,""3"":1,""4"":4,""5"":3,""6"":1,""8"":1,""19"":1}",14,0.7368421052631579,0,5,14,11,19,0,5,1041,2529,15.184322708999389,0.0999591950573763,1,0,1,14,4.535261055593765e-13,2.273736754432321e-13,0.035,17.48753424302699,107.89855469836,161.02513435888767,0.0559583467043337,0.0428251070187968,0.0690915863898705,0.1934542581362774,0.1711760793829667,0.273294038486314,0.1338590414170004,0.2116316756675948,0.0517905891550398,0.2636134406255923,10,1,1,1,1,0.0,17.48753424302699,0.2631578947368421,5,15.205831890994888,0.8695240666681232,15.203517502999604,8.6868843758688,0.055,8.6318843758688,38.509077124428615,58.03627744088325,17.48753424302699,19,19,1.0,2.4563328489815746,0.8768376846050173,bos_scaling,hds_full,19,small,5,3,2,20,5,1.0,15.0,0.7,0.7,0.2,0.1,0.7,0.3,15.206991596998703
controlled_bos,19,5.0,reference,5,PBQS,NonSharable,PBQS-NonSharable,3.988773418401713,15.95509367360685,1,5.0,downstream_reserved,1,queue_aware,1,1,1,0.0,19.943867092008563,19.943867092008563,5.0,20,5,19,5,0.2631578947368421,0.0033745159998943,0,4,19,12.0,"{""5"":1,""10"":1,""14"":1,""19"":1}",0,0.0,0,14,5,0,0,0,0,0,0,0.0,0.0,0,0,0,0,0.0,0.0,0.035,19.39920164620335,107.89855469836,145.35676802378686,0.0605832383561703,0.0503719333520677,0.0707945433602729,0.2046767885587546,0.2033252573855702,0.3724818947509374,0.1271202780824626,0.2054682972747999,0.0460408126342674,0.1989744749079932,10,1,1,1,1,0.0,19.39920164620335,0.7368421052631579,5,0.0084126900037517,0.0004336616607827,0.0,8.6848843758688,0.053,8.631884375868799,79.84317674002294,61.4030365676264,19.39920164620335,19,19,1.0,0.5446654458052151,0.9726900784440417,bos_scaling,pbqs,19,small,5,3,2,20,5,1.0,15.0,0.7,0.7,0.2,0.1,0.7,0.3,0.0094003589983913
controlled_bos,19,5.0,reference,5,PBQS,Sharable,PBQS-Sharable,3.988773418401713,15.95509367360685,1,5.0,downstream_reserved,1,queue_aware,1,1,1,0.0,19.943867092008563,19.943867092008563,5.0,20,5,19,9,0.4736842105263157,0.0043523409985937,0,4,19,8.5,"{""1"":1,""4"":1,""10"":1,""19"":1}",0,0.0,0,15,4,0,0,0,0,0,0,0.0,0.0,0,0,0,0,0.0,0.0,0.025,19.683740081228404,107.89855469836,129.50596373959647,0.0896474701741586,0.0740583582313112,0.1052365821170059,0.2672427373438029,0.2707016228023372,0.411185407783616,0.177021333376086,0.2719327826147969,0.055913812694287,0.1372535729618544,8,1,1,1,1,0.0,19.683740081228404,0.7894736842105263,4,0.0079083669952524,0.0004017715618382,0.0,8.666884375868799,0.035,8.631884375868799,131.31990454374306,64.1382569625127,19.683740081228404,19,19,1.0,0.2601270107801596,0.98695704250434,bos_scaling,pbqs,19,small,5,3,2,20,5,1.0,15.0,0.7,0.7,0.2,0.1,0.7,0.3,0.0089396629991824
controlled_bos,20,5.0,reference,1,HDS,NonSharable,HDS-NonSharable,3.9205886934969154,15.682354773987663,1,5.000000000000001,downstream_reserved,1,idle_only,1,1,1,0.0,19.60294346748458,19.60294346748458,5.000000000000001,20,5,20,5,0.25,0.0209586010023485,0,16,20,8.75,"{""1"":1,""2"":1,""3"":1,""4"":1,""5"":1,""6"":1,""7"":1,""8"":1,""9"":1,""10"":1,""11"":1,""12"":1,""13"":1,""14"":1,""15"":1,""20"":1}",5,0.25,0,15,5,14,20,0,5,195,864,0.0205700219994469,2.098422805451429e-16,0,0,0,5,5.551115123125783e-17,5.551115123125783e-17,0.035,18.04968536152932,119.84320727097844,188.81109845323616,0.0677734667286596,0.0420826864647247,0.0934642469925945,0.2240724115862869,0.1587001072514758,0.2515650986575498,0.1668971463651874,0.327451696356562,0.0561738307790494,0.317828011998929,10,1,1,1,1,0.0,18.04968536152932,0.75,5,0.0232047750105266,0.0012856055131013,0.0205700219994469,9.663456581678275,0.076,9.587456581678277,0.8128307507635658,67.22172347588608,18.04968536152932,20,20,1.0,1.5532581059552584,0.9207640368635636,bos_scaling,hds_full,20,small,5,3,2,20,5,1.0,15.0,0.7,0.7,0.2,0.1,0.7,0.3,0.0245037300010153
controlled_bos,20,5.0,reference,1,HDS,Sharable,HDS-Sharable,3.9205886934969154,15.682354773987663,1,5.000000000000001,downstream_reserved,1,idle_only,1,1,1,0.0,19.60294346748458,19.60294346748458,5.000000000000001,20,5,20,11,0.55,15.218739826999808,0,16,20,6.0625,"{""1"":1,""2"":1,""3"":2,""4"":2,""5"":2,""6"":2,""7"":3,""8"":1,""9"":1,""20"":1}",13,0.65,0,7,13,14,20,0,5,1145,2759,15.217975958999888,0.0898218428516847,1,0,1,13,1.7190138201783613e-12,2.4513724383723456e-13,0.035,17.867933982495103,119.84320727097844,195.0113873348916,0.0674563155345291,0.0430264448091339,0.0918861862599243,0.2207009408647999,0.1669695308393481,0.3157123508685539,0.1621034372868783,0.289299237849926,0.0570228322545369,0.3401331698525421,10,1,1,1,1,0.0,17.867933982495103,0.35,5,15.241159261993744,0.8529894545684596,15.23866790399552,9.651456581678277,0.064,9.587456581678277,39.189170327702215,66.21028225943998,17.867933982495103,20,20,1.0,1.735009484989476,0.9114923997068431,bos_scaling,hds_full,20,small,5,3,2,20,5,1.0,15.0,0.7,0.7,0.2,0.1,0.7,0.3,15.242596071999287
controlled_bos,20,5.0,reference,1,PBQS,NonSharable,PBQS-NonSharable,3.9205886934969154,15.682354773987663,1,5.000000000000001,downstream_reserved,1,queue_aware,1,1,1,0.0,19.60294346748458,19.60294346748458,5.000000000000001,20,5,20,5,0.25,0.0035553249981603,0,5,20,10.6,"{""2"":1,""6"":1,""10"":1,""15"":1,""20"":1}",0,0.0,0,15,5,0,0,0,0,0,0,0.0,0.0,0,0,0,0,0.0,0.0,0.035,19.421428188236444,119.84320727097844,164.35119708779823,0.0703010053645039,0.0451049170838805,0.0954970936451273,0.240681320575135,0.1670983219817682,0.2779608775094695,0.1628024045371204,0.318828581263383,0.051198708992141,0.2305599813437026,10,1,1,1,1,0.0,19.421428188236444,0.75,5,0.0091846479990636,0.0004729131096871,0.0,9.651456581678277,0.064,9.587456581678277,69.54133404060146,72.20439617254053,19.421428188236444,20,20,1.0,0.1815152792481349,0.9907404069419872,bos_scaling,pbqs,20,small,5,3,2,20,5,1.0,15.0,0.7,0.7,0.2,0.1,0.7,0.3,0.0102434350010298
controlled_bos,20,5.0,reference,1,PBQS,Sharable,PBQS-Sharable,3.9205886934969154,15.682354773987663,1,5.000000000000001,downstream_reserved,1,queue_aware,1,1,1,0.0,19.60294346748458,19.60294346748458,5.000000000000001,20,5,20,8,0.4,0.0045217730003059,0,6,20,8.666666666666666,"{""2"":1,""4"":1,""6"":1,""8"":1,""12"":1,""20"":1}",0,0.0,0,16,4,0,0,0,0,0,0,0.0,0.0,0,0,0,0,0.0,0.0,0.025,19.549016313542428,119.84320727097844,178.9817946699639,0.1002179724809417,0.0603586112926465,0.140077333669237,0.3038972519839179,0.1914638233253874,0.2761467449361967,0.2235968543904146,0.316747722547787,0.0643291017787732,0.2684844105909849,8,1,1,1,1,0.0,19.549016313542428,0.8,4,0.0114619380037765,0.0005863178903705,0.0,9.647456581678275,0.06,9.587456581678277,111.33620000997632,72.9353404761403,19.549016313542428,20,20,1.0,0.0539271539421513,0.9972490277273104,bos_scaling,pbqs,20,small,5,3,2,20,5,1.0,15.0,0.7,0.7,0.2,0.1,0.7,0.3,0.0125394829992728
controlled_bos,20,5.0,reference,2,HDS,NonSharable,HDS-NonSharable,3.913894632621464,15.655578530485856,1,5.0,downstream_reserved,1,idle_only,1,1,1,0.0,19.56947316310732,19.56947316310732,5.0,20,5,20,5,0.25,0.0212410919993999,0,16,20,8.75,"{""1"":1,""2"":1,""3"":1,""4"":1,""5"":1,""6"":1,""7"":1,""8"":1,""9"":1,""10"":1,""11"":1,""12"":1,""13"":1,""14"":1,""15"":1,""20"":1}",5,0.25,0,15,5,14,20,0,5,195,864,0.0207868050019897,0.0,0,0,0,5,0.0,0.0,0.035,15.696234241733071,116.67672409818996,180.08758334731343,0.0721393019849981,0.0469023401077901,0.0973762638622061,0.2140749292829832,0.2037563236712524,0.3094614456753427,0.1860981252545767,0.3311936923114059,0.0626992732797134,0.3517708284254062,10,1,1,1,1,0.0,15.696234241733071,0.75,5,0.0231946320054703,0.0014777195375818,0.0207868050019897,9.410137927855198,0.076,9.334137927855195,1.0550245624846648,64.22247878489496,15.696234241733071,20,20,1.0,3.873238921374245,0.8020775066813686,bos_scaling,hds_full,20,small,5,3,2,20,5,1.0,15.0,0.7,0.7,0.2,0.1,0.7,0.3,0.024438854001346
controlled_bos,20,5.0,reference,2,HDS,Sharable,HDS-Sharable,3.913894632621464,15.655578530485856,1,5.0,downstream_reserved,1,idle_only,1,1,1,0.0,19.56947316310732,19.56947316310732,5.0,20,5,20,11,0.55,15.1635637449981,0,16,20,5.5625,"{""1"":1,""2"":1,""3"":3,""4"":1,""5"":5,""6"":2,""7"":1,""9"":1,""20"":1}",14,0.7,0,6,14,14,20,0,5,1145,2759,15.162755542001833,0.0900244854503467,1,0,1,14,1.6653345369377348e-16,1.6653345369377348e-16,0.035,15.855809480456616,116.67672409818996,179.1539841071343,0.0732623517267766,0.0467311898308221,0.0997935136227311,0.2180959540615667,0.2003456243338325,0.2814909045547106,0.1954304273875879,0.3446897046418286,0.0620211539502148,0.3339970624945062,10,1,1,1,1,0.0,15.855809480456616,0.3,5,15.187202277011238,0.957832035994789,15.184704167000746,9.394137927855198,0.06,9.334137927855195,43.31563513244068,65.42878621847001,15.855809480456616,20,20,1.0,3.713663682650703,0.8102318007389304,bos_scaling,hds_full,20,small,5,3,2,20,5,1.0,15.0,0.7,0.7,0.2,0.1,0.7,0.3,15.188417977999052
controlled_bos,20,5.0,reference,2,PBQS,NonSharable,PBQS-NonSharable,3.913894632621464,15.655578530485856,1,5.0,downstream_reserved,1,queue_aware,1,1,1,0.0,19.56947316310732,19.56947316310732,5.0,20,5,20,4,0.2,0.0037402199995995,0,5,20,11.0,"{""2"":1,""6"":1,""11"":1,""16"":1,""20"":1}",0,0.0,0,15,5,0,0,0,0,0,0,0.0,0.0,0,0,0,0,0.0,0.0,0.035,19.167850912392534,116.67672409818996,158.5983071792278,0.0822912756642928,0.0550893838094258,0.1094931675191597,0.2392279633146779,0.2206702519920891,0.4335238057919369,0.1988554795292666,0.3349016015660751,0.0504465035579544,0.2081592605188214,10,1,1,1,1,0.0,19.167850912392534,0.75,5,0.0097603649955999,0.0005092049724411,0.0,9.398137927855196,0.064,9.334137927855195,63.221894126396144,71.76838899440338,19.167850912392534,20,20,1.0,0.4016222507147802,0.9794771046022882,bos_scaling,pbqs,20,small,5,3,2,20,5,1.0,15.0,0.7,0.7,0.2,0.1,0.7,0.3,0.0108126919985807
controlled_bos,20,5.0,reference,2,PBQS,Sharable,PBQS-Sharable,3.913894632621464,15.655578530485856,1,5.0,downstream_reserved,1,queue_aware,1,1,1,0.0,19.56947316310732,19.56947316310732,5.0,20,5,20,7,0.35,0.0042351069969299,0,6,20,7.833333333333333,"{""1"":1,""2"":1,""4"":1,""7"":1,""13"":1,""20"":1}",0,0.0,0,15,5,0,0,0,0,0,0,0.0,0.0,0,0,0,0,0.0,0.0,0.045,19.549814310491843,116.67672409818996,175.30073776430123,0.0808935525139376,0.0507457215535337,0.1110413834743415,0.2424300741805549,0.1883635817842918,0.3275066066674271,0.2007909637959322,0.3841282151122451,0.0501443639386539,0.2501781284251153,10,1,1,1,1,0.0,19.549814310491843,0.75,5,0.0104799669970816,0.0005360647845876,0.0,9.400137927855196,0.066,9.334137927855195,94.42918079527264,72.72902225416648,19.549814310491843,20,20,1.0,0.0196588526154748,0.9989954327103432,bos_scaling,pbqs,20,small,5,3,2,20,5,1.0,15.0,0.7,0.7,0.2,0.1,0.7,0.3,0.0115736959996866
controlled_bos,20,5.0,reference,3,HDS,NonSharable,HDS-NonSharable,3.693220396850029,14.772881587400116,1,5.000000000000001,downstream_reserved,1,idle_only,1,1,1,0.0,18.466101984250145,18.466101984250145,5.000000000000001,20,5,20,5,0.25,0.0237699480021547,0,16,20,8.75,"{""1"":1,""2"":1,""3"":1,""4"":1,""5"":1,""6"":1,""7"":1,""8"":1,""9"":1,""10"":1,""11"":1,""12"":1,""13"":1,""14"":1,""15"":1,""20"":1}",5,0.25,0,15,5,14,20,0,5,195,864,0.0233729860010498,0.0,0,0,0,5,4.440892098500626e-16,3.3306690738754696e-16,0.035,17.920048195192138,124.62830549208974,184.78578819361533,0.0780536081451387,0.0439062441935174,0.1122009720967599,0.2385231520704416,0.165008031803918,0.2402486984270004,0.2082908619327145,0.3463064520854342,0.0583230814288963,0.2985816524072506,10,1,1,1,1,0.0,17.920048195192138,0.75,5,0.0257154239952797,0.0014350086403327,0.0233729860010498,10.042264439367178,0.072,9.97026443936718,0.5035296783741012,71.55694562113248,17.920048195192138,20,20,1.0,0.546053789058007,0.9704293960076826,bos_scaling,hds_full,20,small,5,3,2,20,5,1.0,15.0,0.7,0.7,0.2,0.1,0.7,0.3,0.0269549209988326
controlled_bos,20,5.0,reference,3,HDS,Sharable,HDS-Sharable,3.693220396850029,14.772881587400116,1,5.000000000000001,downstream_reserved,1,idle_only,1,1,1,0.0,18.466101984250145,18.466101984250145,5.000000000000001,20,5,20,9,0.45,15.207331442998113,2,19,20,6.157894736842105,"{""2"":5,""3"":1,""4"":1,""5"":1,""6"":1,""7"":7,""9"":1,""11"":1,""20"":1}",13,0.65,0,5,13,19,20,0,5,1145,2759,15.206549197999266,0.093236724833112,1,0,1,13,1.1324274851176597e-12,2.3092638912203256e-13,0.035,,107.42706082502332,163.8337135014307,0.0675082606931556,0.0420376475919325,0.0929788737943787,0.2088628862383179,0.1839440499862858,0.3189552513285482,0.1833530079673624,0.3379325718482736,0.0579136361663742,0.2864881885637693,10,0,0,0,0,0.1,,0.2777777777777778,5,15.251614891996724,0.0,15.248438056998566,8.652164866001867,0.058,8.594164866001867,35.99399420678483,62.65886587149537,0.0,18,20,0.9,,,bos_scaling,hds_full,20,small,5,3,2,20,5,1.0,15.0,0.7,0.7,0.2,0.1,0.7,0.3,15.252838801003236
controlled_bos,20,5.0,reference,3,PBQS,NonSharable,PBQS-NonSharable,3.693220396850029,14.772881587400116,1,5.000000000000001,downstream_reserved,1,queue_aware,1,1,1,0.0,18.466101984250145,18.466101984250145,5.000000000000001,20,5,20,5,0.25,0.0037942409981042,0,7,20,8.428571428571429,"{""1"":1,""3"":1,""4"":1,""6"":1,""10"":1,""15"":1,""20"":1}",0,0.0,0,15,5,0,0,0,0,0,0,0.0,0.0,0,0,0,0,0.0,0.0,0.035,18.239059899509503,124.62830549208974,174.216400059417,0.0782487356103184,0.0465425217738097,0.109954949446827,0.2486359296821161,0.1803340125948757,0.2714782390164078,0.1955966831260983,0.3613472276147441,0.0568393834606825,0.2885938073792614,10,1,1,1,1,0.0,18.239059899509503,0.75,5,0.0105810780005413,0.00058013286095,0.0,10.03826443936718,0.068,9.97026443936718,60.8271967979204,74.59077890463483,18.239059899509503,20,20,1.0,0.2270420847406384,0.987704926305818,bos_scaling,pbqs,20,small,5,3,2,20,5,1.0,15.0,0.7,0.7,0.2,0.1,0.7,0.3,0.0116551069986599
controlled_bos,20,5.0,reference,3,PBQS,Sharable,PBQS-Sharable,3.693220396850029,14.772881587400116,1,5.000000000000001,downstream_reserved,1,queue_aware,1,1,1,0.0,18.466101984250145,18.466101984250145,5.000000000000001,20,5,20,7,0.35,0.0043070440005976,1,20,20,3.8,"{""1"":13,""2"":1,""4"":1,""6"":1,""8"":1,""10"":1,""13"":1,""20"":1}",0,0.0,0,14,5,0,0,0,0,0,0,0.0,0.0,0,0,0,0,0.0,0.0,0.035,,118.98888877482426,184.30012130720004,0.0763844440748556,0.0449442836468264,0.1078246045028848,0.2427162777395245,0.1744655550828729,0.2700612800114066,0.1895105326482631,0.3589774789544835,0.0545549714334666,0.3119791527069974,10,0,0,0,0,0.05,,0.7368421052631579,5,0.0146655280113918,0.0,0.0,9.58811110198594,0.069,9.51911110198594,77.41112704119841,72.81488332185735,0.0,19,20,0.95,,,bos_scaling,pbqs,20,small,5,3,2,20,5,1.0,15.0,0.7,0.7,0.2,0.1,0.7,0.3,0.0157825429996592
controlled_bos,20,5.0,reference,4,HDS,NonSharable,HDS-NonSharable,4.039905132074078,16.159620528296312,1,5.0,downstream_reserved,1,idle_only,1,1,1,0.0,20.19952566037039,20.19952566037039,5.0,20,5,20,5,0.25,0.022801586001151,0,16,20,8.75,"{""1"":1,""2"":1,""3"":1,""4"":1,""5"":1,""6"":1,""7"":1,""8"":1,""9"":1,""10"":1,""11"":1,""12"":1,""13"":1,""14"":1,""15"":1,""20"":1}",5,0.25,0,15,5,14,20,0,5,195,864,0.0223684199991112,0.0,0,0,0,5,0.0,0.0,0.035,17.441074274992513,113.16834530000236,162.1464591071482,0.0618428327479227,0.0355851819520005,0.0881004835438449,0.2209805923949128,0.1317705723944449,0.1783798482342772,0.1578584475407258,0.2555483169438745,0.0541554515824766,0.2541091292106083,10,1,1,1,1,0.0,17.441074274992513,0.75,5,0.024763785990217,0.0014198543965679,0.0223684199991112,9.119467624000189,0.066,9.053467624000188,0.7932271604744144,66.29417771847385,17.441074274992513,20,20,1.0,2.758451385377878,0.8634397939952766,bos_scaling,hds_full,20,small,5,3,2,20,5,1.0,15.0,0.7,0.7,0.2,0.1,0.7,0.3,0.0259895929993945
controlled_bos,20,5.0,reference,4,HDS,Sharable,HDS-Sharable,4.039905132074078,16.159620528296312,1,5.0,downstream_reserved,1,idle_only,1,1,1,0.0,20.19952566037039,20.19952566037039,5.0,20,5,20,11,0.55,15.247012474999792,0,16,20,5.75,"{""1"":1,""2"":1,""3"":1,""4"":4,""5"":2,""6"":4,""7"":1,""9"":1,""20"":1}",14,0.7,0,6,14,14,20,0,5,1145,2759,15.246165443000791,0.0857411503028262,1,0,1,14,2.19824158875781e-13,2.136069099378801e-13,0.035,16.53200259451341,113.16834530000236,182.88347161483472,0.065356298791929,0.0383923972894279,0.0923202002944301,0.2291835102805604,0.1604118713231851,0.2470905630540493,0.1852993956508019,0.3400792343656019,0.0581368686556375,0.3452202960878358,10,1,1,1,1,0.0,16.53200259451341,0.3,5,15.274818541001878,0.9239545211583282,15.272362675001204,9.117467624000188,0.064,9.053467624000188,41.8296881565528,68.75505308416814,16.53200259451341,20,20,1.0,3.66752306585698,0.8184351886513691,bos_scaling,hds_full,20,small,5,3,2,20,5,1.0,15.0,0.7,0.7,0.2,0.1,0.7,0.3,15.276094242002728
controlled_bos,20,5.0,reference,4,PBQS,NonSharable,PBQS-NonSharable,4.039905132074078,16.159620528296312,1,5.0,downstream_reserved,1,queue_aware,1,1,1,0.0,20.19952566037039,20.19952566037039,5.0,20,5,20,5,0.25,0.0035973869998997,0,6,20,9.166666666666666,"{""1"":1,""3"":1,""6"":1,""10"":1,""15"":1,""20"":1}",0,0.0,0,15,5,0,0,0,0,0,0,0.0,0.0,0,0,0,0,0.0,0.0,0.035,20.163628430687872,113.16834530000236,168.67171306342095,0.0692027957181678,0.0435658185225456,0.0948397729137899,0.2481083836014923,0.1638485136559208,0.4022014112661726,0.1611098264556221,0.2761925370145907,0.04710211060849,0.23566718403935,10,1,1,1,1,0.0,20.163628430687872,0.75,5,0.0096542059909552,0.0004787930914389,0.0,9.121467624000188,0.068,9.053467624000188,77.92516530374587,74.4325150804477,20.163628430687872,20,20,1.0,0.0358972296825186,0.9982228676907524,bos_scaling,pbqs,20,small,5,3,2,20,5,1.0,15.0,0.7,0.7,0.2,0.1,0.7,0.3,0.0107017769987578
controlled_bos,20,5.0,reference,4,PBQS,Sharable,PBQS-Sharable,4.039905132074078,16.159620528296312,1,5.0,downstream_reserved,1,queue_aware,1,1,1,0.0,20.19952566037039,20.19952566037039,5.0,20,5,20,9,0.45,0.0045467210002243,0,7,20,7.0,"{""1"":1,""2"":1,""3"":1,""5"":1,""7"":1,""11"":1,""20"":1}",0,0.0,0,16,4,0,0,0,0,0,0,0.0,0.0,0,0,0,0,0.0,0.0,0.025,19.3347837963559,113.16834530000236,182.1050662731901,0.0985321815027089,0.059129208785012,0.1379351542204058,0.3050368036214104,0.2027509227747279,0.3728346363893536,0.2275323454389255,0.379872008470006,0.0620963847653417,0.2741170268483133,8,1,1,1,1,0.0,19.3347837963559,0.8,4,0.010829378003109,0.0005600982207595,0.0,9.117467624000188,0.064,9.053467624000188,111.23921339640088,73.20883286913849,19.3347837963559,20,20,1.0,0.8647418640144906,0.9571899915595032,bos_scaling,pbqs,20,small,5,3,2,20,5,1.0,15.0,0.7,0.7,0.2,0.1,0.7,0.3,0.0118893450016912
controlled_bos,20,5.0,reference,5,HDS,NonSharable,HDS-NonSharable,3.988773418401713,15.95509367360685,1,5.0,downstream_reserved,1,idle_only,1,1,1,0.0,19.943867092008563,19.943867092008563,5.0,20,5,20,5,0.25,0.0217100199988635,0,16,20,8.75,"{""1"":1,""2"":1,""3"":1,""4"":1,""5"":1,""6"":1,""7"":1,""8"":1,""9"":1,""10"":1,""11"":1,""12"":1,""13"":1,""14"":1,""15"":1,""20"":1}",5,0.25,0,15,5,14,20,0,5,195,864,0.0212819830012449,0.0,0,0,0,5,0.0,0.0,0.035,15.70713390225493,110.57062382838164,166.51198541503274,0.0588721197939205,0.0461747357651445,0.0715695038226965,0.1924404644254518,0.1988181487455895,0.2692134137079931,0.1406511537029167,0.242255368255002,0.0591653503229484,0.2709922029383451,10,1,1,1,1,0.0,15.70713390225493,0.75,5,0.0236922960066294,0.0015083780500036,0.0212819830012449,8.911649906270531,0.066,8.84564990627053,1.0938437633909792,57.732139327635565,15.70713390225493,20,20,1.0,4.236733189753634,0.7875671167377927,bos_scaling,hds_full,20,small,5,3,2,20,5,1.0,15.0,0.7,0.7,0.2,0.1,0.7,0.3,0.024999088000186
controlled_bos,20,5.0,reference,5,HDS,Sharable,HDS-Sharable,3.988773418401713,15.95509367360685,1,5.0,downstream_reserved,1,idle_only,1,1,1,0.0,19.943867092008563,19.943867092008563,5.0,20,5,20,12,0.6,15.132649273000425,0,13,20,5.6923076923076925,"{""1"":1,""2"":1,""3"":1,""4"":4,""5"":1,""6"":2,""7"":1,""8"":1,""20"":1}",14,0.7,0,6,14,11,20,0,5,1145,2759,15.13177168599941,0.1050653673376444,1,0,1,14,2.3228086121207525e-12,5.151434834260726e-13,0.035,19.644828584470822,110.57062382838164,173.04118130341453,0.0659594145834347,0.0526100300168491,0.0793087991500203,0.2190164261788536,0.2002415212403417,0.3861929200386079,0.1414145559647543,0.2635995651587655,0.0475718804360467,0.2750441903516379,10,1,1,1,1,0.0,19.644828584470822,0.3,5,15.15183305100436,0.7712886363886035,15.149665823995749,8.907649906270532,0.062,8.845649906270532,54.258839161865325,65.7049278536561,19.644828584470822,20,20,1.0,0.2990385075377411,0.9850059917588618,bos_scaling,hds_full,20,small,5,3,2,20,5,1.0,15.0,0.7,0.7,0.2,0.1,0.7,0.3,15.153008010998748
controlled_bos,20,5.0,reference,5,PBQS,NonSharable,PBQS-NonSharable,3.988773418401713,15.95509367360685,1,5.0,downstream_reserved,1,queue_aware,1,1,1,0.0,19.943867092008563,19.943867092008563,5.0,20,5,20,5,0.25,0.0034362570004304,0,5,20,10.4,"{""1"":1,""6"":1,""10"":1,""15"":1,""20"":1}",0,0.0,0,15,5,0,0,0,0,0,0,0.0,0.0,0,0,0,0,0.0,0.0,0.035,19.83348287597733,110.57062382838164,141.6341468071621,0.0692097911720712,0.0566430752456589,0.0817765070984834,0.2180929504108213,0.223958347954625,0.3895593948933366,0.1492143999112336,0.299348286574839,0.0458525522066312,0.1753785916159757,10,1,1,1,1,0.0,19.83348287597733,0.75,5,0.0088674950020504,0.0004470972172411,0.0,8.89964990627053,0.054,8.84564990627053,86.2041527281523,65.4278851232464,19.83348287597733,20,20,1.0,0.1103842160312318,0.9944652551322174,bos_scaling,pbqs,20,small,5,3,2,20,5,1.0,15.0,0.7,0.7,0.2,0.1,0.7,0.3,0.0099370879979687
controlled_bos,20,5.0,reference,5,PBQS,Sharable,PBQS-Sharable,3.988773418401713,15.95509367360685,1,5.0,downstream_reserved,1,queue_aware,1,1,1,0.0,19.943867092008563,19.943867092008563,5.0,20,5,20,10,0.5,0.0045664210010727,0,6,20,7.0,"{""1"":1,""2"":1,""3"":1,""6"":1,""10"":1,""20"":1}",0,0.0,0,16,4,0,0,0,0,0,0,0.0,0.0,0,0,0,0,0.0,0.0,0.025,19.817976821851328,110.57062382838164,155.76419273631723,0.0980437548549346,0.0812628165822855,0.1148246931275838,0.2801631548064338,0.2913074901678743,0.4234029824275988,0.1877818047290327,0.2823539774632867,0.058073526754899,0.2269118574288251,8,1,1,1,1,0.0,19.817976821851328,0.8,4,0.009677232006652,0.0004883057485455,0.0,8.89764990627053,0.052,8.84564990627053,115.14384184041155,67.23915715354411,19.817976821851328,20,20,1.0,0.1258902701572353,0.9936877703016944,bos_scaling,pbqs,20,small,5,3,2,20,5,1.0,15.0,0.7,0.7,0.2,0.1,0.7,0.3,0.0107559569987643
