family,workflow_size,deadline_factor,deadline_mode,seed,scheduler,sharing,configuration,minimum_makespan_s,workflow_slack_s,reference_deadline_feasible,deadline_kappa,tastd_mode,enable_vm_reuse,reuse_policy,joint_bos_optimization,adaptive_bos_fallback,reconstruct_earliest_start,workflow_arrival_s,workflow_deadline_s,workflow_deadline_duration_s,deadline_to_minimum_makespan_ratio,requested_candidate_count,initial_effective_candidate_count,first_round_submitted_sfc_count,first_round_admitted_sfc_count,first_round_accepted_sfc_ratio,first_round_scheduler_runtime_s,unfinished_sfc_count,scheduling_round_count,bos_max_size,bos_mean_size,bos_size_histogram,jointly_scheduled_sfc_count,jointly_scheduled_sfc_ratio,single_sfc_fallback_count,reuse_path_count,new_vm_path_count,milp_invocations,milp_max_bos_size,milp_min_effective_candidate_count,milp_max_effective_candidate_count,milp_max_variables,milp_max_constraints,milp_max_single_solve_s,milp_max_gap,milp_limit_reached_count,milp_admission_limit_reached_count,milp_secondary_limit_reached_count,milp_total_admitted_count,milp_avoidable_idle_removed_s,milp_max_avoidable_idle_removed_s,provisioning_cost,end_to_end_delay_s,network_data_mb,network_hop_data_mb,resource_utilization,cpu_utilization,ram_utilization,vm_time_utilization,mean_node_cpu_utilization,max_node_cpu_utilization,mean_node_ram_utilization,max_node_ram_utilization,mean_link_bandwidth_utilization,max_link_bandwidth_utilization,used_link_count,workflow_deadline_success,workflow_completed,global_deadline_success,sfc_subdeadline_success,sfc_deadline_miss_rate,makespan_s,vm_reuse_rate,provisioned_vm_count,scheduler_runtime_s,scheduler_overhead_ratio,milp_runtime_s,communication_delay_s,propagation_delay_s,serialization_delay_s,queueing_delay_s,execution_time_s,measurement_duration_s,completed_sfc_count,total_sfc_count,accepted_sfc_ratio,realized_workflow_slack_s,workflow_deadline_consumption,study,topology,node_count,local_node_count,global_node_count,candidate_count,effective_candidate_count,candidate_node_coverage,solver_time_limit_s,eta,alpha,beta,gamma,omega_u,omega_w,case_wall_runtime_s
cybershake,600,3.0,reference,1,HDS,NonSharable,HDS-NonSharable,877.9733058967522,1755.9466117935044,1,3.0,downstream_reserved,1,idle_only,1,1,1,0.0,2633.9199176902566,2633.9199176902566,3.0,25,25,1,1,1.0,0.003298581999843,0,267,4,2.247191011235955,"{""1"":134,""3"":66,""4"":67}",37,0.0616666666666666,37,526,74,17,3,21,24,156,1009,0.0416308059975563,5.3066593558188e-14,0,0,0,37,0.0,0.0,0.705,1117.3854066606846,3187.3677006554344,5025.345002245085,0.1957485916076666,0.1386494168465817,0.2528477663687515,0.429785395100453,0.0524944089297622,0.1434409845124804,0.0301431134194156,0.0841982782078814,0.0007676842047646,0.006555734975413,48,1,1,1,1,0.0,1117.3854066606846,0.8766666666666667,74,0.8253693870210554,0.0007386613267911,0.3509605299950635,28.510694582491404,2.137,26.373694582491403,27.08815819003607,1908.2471542460112,1117.3854066606846,600,600,1.0,1516.534511029572,0.424229073616082,deployment_scaling,large,25,15,10,25,25,1.0,15.0,0.7,0.7,0.2,0.1,0.7,0.3,1.0376749450006173
cybershake,600,3.0,reference,1,HDS,Sharable,HDS-Sharable,877.9733058967522,1755.9466117935044,1,3.0,downstream_reserved,1,idle_only,1,1,1,0.0,2633.9199176902566,2633.9199176902566,3.0,25,25,1,1,1.0,0.003191481999238,0,267,4,2.247191011235955,"{""1"":134,""3"":66,""4"":67}",29,0.0483333333333333,55,516,84,14,3,22,24,228,1129,0.1000958700024057,3.962495060215621e-11,0,0,0,29,6.112887973586112e-13,1.7053025658242404e-13,0.635,1142.6429930380557,3214.460347509264,5071.132830500114,0.2052606108318312,0.1457936470270286,0.2647275746366337,0.4457263061800594,0.0571243646734348,0.172444936198744,0.032780799868556,0.1125596550710004,0.0008962102041445,0.0050728851782885,42,1,1,1,1,0.0,1142.6429930380557,0.86,72,0.916051135998714,0.0008016949664769,0.4445808510063216,29.445119899583823,2.12,27.32511989958382,58.99636957564642,1925.5376426978569,1142.6429930380557,600,600,1.0,1491.276924652201,0.4338184260514894,deployment_scaling,large,25,15,10,25,25,1.0,15.0,0.7,0.7,0.2,0.1,0.7,0.3,1.1267568129987922
cybershake,600,3.0,reference,1,PBQS,NonSharable,PBQS-NonSharable,877.9733058967522,1755.9466117935044,1,3.0,downstream_reserved,1,queue_aware,1,1,1,0.0,2633.9199176902566,2633.9199176902566,3.0,25,25,1,1,1.0,0.0066053910013579,0,267,4,2.247191011235955,"{""1"":134,""3"":66,""4"":67}",0,0.0,0,505,95,0,0,0,0,0,0,0.0,0.0,0,0,0,0,0.0,0.0,0.76,1201.4384837130444,3383.0962986451304,4738.017308712719,0.182219272922376,0.1322176317691092,0.2322209140756428,0.3711272474014053,0.090525947140415,0.202102370931092,0.0534493503901344,0.1266983473354427,0.0010209933214425,0.0057571538009127,34,1,1,1,1,0.0,1201.4384837130444,0.8416666666666667,95,4.866416213000775,0.0040504913726095,0.0,31.29088644058408,1.936,29.35488644058408,31.27458268002383,2115.4253101880104,1201.4384837130444,600,600,1.0,1432.4814339772122,0.4561408551732327,deployment_scaling,large,25,15,10,25,25,1.0,15.0,0.7,0.7,0.2,0.1,0.7,0.3,5.0686650380012
cybershake,600,3.0,reference,1,PBQS,Sharable,PBQS-Sharable,877.9733058967522,1755.9466117935044,1,3.0,downstream_reserved,1,queue_aware,1,1,1,0.0,2633.9199176902566,2633.9199176902566,3.0,25,25,1,1,1.0,0.0059876670020457,0,267,4,2.247191011235955,"{""1"":134,""3"":66,""4"":67}",0,0.0,0,543,57,0,0,0,0,0,0,0.0,0.0,0,0,0,0,0.0,0.0,0.455,1669.4983794864777,2270.1498448469406,2512.1244011163385,0.3087008858920252,0.2239922232323733,0.3934095485516772,0.6185454123356753,0.1302922578487574,0.1948187352305905,0.0769286239234596,0.1248040863440695,0.0011060783934829,0.0021998457014733,12,1,1,1,1,0.0,1669.4983794864777,0.905,57,4.979543295008625,0.0029826583578597,0.0,20.59523159769544,1.014,19.58123159769544,1271.133933849428,2115.425310188009,1669.4983794864777,600,600,1.0,964.4215382037788,0.6338455350421202,deployment_scaling,large,25,15,10,25,25,1.0,15.0,0.7,0.7,0.2,0.1,0.7,0.3,5.135171892998187
cybershake,600,3.0,reference,2,HDS,NonSharable,HDS-NonSharable,880.2092749641484,1760.4185499282971,1,3.0,downstream_reserved,1,idle_only,1,1,1,0.0,2640.627824892445,2640.627824892445,3.0,25,25,1,1,1.0,0.0035432359982223,0,267,4,2.247191011235955,"{""1"":134,""3"":66,""4"":67}",44,0.0733333333333333,28,528,72,20,3,21,24,156,1009,0.0363488100010727,6.872705474479361e-14,0,0,0,44,5.3290705182007506e-15,3.552713678800501e-15,0.62,1083.2419595141316,3162.2734372819664,5084.01377755485,0.1949735503026907,0.1360875110324998,0.2538595895728815,0.4241444115914355,0.0379490719287449,0.1246560519662675,0.0218627602594366,0.07110510711622,0.0005843373643401,0.0058526259495588,67,1,1,1,1,0.0,1083.2419595141316,0.88,72,0.8043644449644489,0.0007425528875609,0.3720452969973848,28.9938997922538,2.214,26.7798997922538,26.63212495819575,1832.3038580750012,1083.2419595141316,600,600,1.0,1557.3858653783138,0.4102213683059455,deployment_scaling,large,25,15,10,25,25,1.0,15.0,0.7,0.7,0.2,0.1,0.7,0.3,1.0162966439966112
cybershake,600,3.0,reference,2,HDS,Sharable,HDS-Sharable,880.2092749641484,1760.4185499282971,1,3.0,downstream_reserved,1,idle_only,1,1,1,0.0,2640.627824892445,2640.627824892445,3.0,25,25,1,1,1.0,0.0032245020011032,0,267,4,2.247191011235955,"{""1"":134,""3"":66,""4"":67}",45,0.075,40,515,85,21,3,22,24,228,1129,0.1039550470013637,1.7029493969377297e-13,0,0,0,45,2.899902540320909e-12,6.821210263296962e-13,0.585,1102.3640126422288,3181.4605348352425,5046.333898696166,0.2100585583551938,0.1471346392354062,0.2729824774749815,0.4547666865035109,0.0665082631432993,0.1670431226945755,0.0375375526652131,0.0921401159922369,0.0010323792798583,0.0053644852899907,37,1,1,1,1,0.0,1102.3640126422288,0.8583333333333333,67,1.032368045012845,0.0009365037620725,0.6199166760052321,29.103396572680005,2.17,26.933396572680003,75.07798872199086,1828.162079744114,1102.3640126422288,600,600,1.0,1538.2638122502167,0.4174628481342798,deployment_scaling,large,25,15,10,25,25,1.0,15.0,0.7,0.7,0.2,0.1,0.7,0.3,1.2422122660027526
cybershake,600,3.0,reference,2,PBQS,NonSharable,PBQS-NonSharable,880.2092749641484,1760.4185499282971,1,3.0,downstream_reserved,1,queue_aware,1,1,1,0.0,2640.627824892445,2640.627824892445,3.0,25,25,1,1,1.0,0.0059320139989722,0,267,4,2.247191011235955,"{""1"":134,""3"":66,""4"":67}",0,0.0,0,502,98,0,0,0,0,0,0,0.0,0.0,0,0,0,0,0.0,0.0,0.795,1196.3888982144597,3440.217466481412,4702.987227367464,0.1739895987585552,0.1244607292478033,0.223518468269307,0.3523514172876434,0.0641101513193017,0.2180810075899064,0.0389930835270177,0.1354088154553344,0.000661285142544,0.0048213731702438,52,1,1,1,1,0.0,1196.3888982144597,0.8366666666666667,98,4.884990600992751,0.004083112613535,0.0,31.859779329605875,1.967,29.89277932960588,31.999643716400826,2071.826333651344,1196.3888982144597,600,600,1.0,1444.238926677986,0.4530698673006633,deployment_scaling,large,25,15,10,25,25,1.0,15.0,0.7,0.7,0.2,0.1,0.7,0.3,5.082419815000321
cybershake,600,3.0,reference,2,PBQS,Sharable,PBQS-Sharable,880.2092749641484,1760.4185499282971,1,3.0,downstream_reserved,1,queue_aware,1,1,1,0.0,2640.627824892445,2640.627824892445,3.0,25,25,1,1,1.0,0.0060086679986852,0,267,4,2.247191011235955,"{""1"":134,""3"":66,""4"":67}",0,0.0,0,544,56,0,0,0,0,0,0,0.0,0.0,0,0,0,0,0.0,0.0,0.42,1651.6696085818944,2407.59760561198,2637.747505628599,0.3106957120688486,0.2222513022282202,0.3991401219094769,0.6166149802533758,0.1277052326218977,0.2502100045749181,0.077672891109893,0.1476260165343118,0.0013518404881088,0.0030205798670329,10,1,1,1,1,0.0,1651.6696085818944,0.9066666666666666,56,4.859595459995035,0.002942232172067,0.0,21.487739298465726,1.001,20.486739298465725,1277.3850116615904,2071.826333651343,1651.6696085818944,600,600,1.0,988.958216310551,0.6254836796810501,deployment_scaling,large,25,15,10,25,25,1.0,15.0,0.7,0.7,0.2,0.1,0.7,0.3,5.000643436000246
cybershake,600,3.0,reference,3,HDS,NonSharable,HDS-NonSharable,874.0420779426316,1748.084155885263,1,3.0,downstream_reserved,1,idle_only,1,1,1,0.0,2622.126233827895,2622.126233827895,3.0,25,25,1,1,1.0,0.0030537679995177,0,267,4,2.247191011235955,"{""1"":134,""3"":66,""4"":67}",40,0.0666666666666666,33,527,73,18,3,21,24,156,1009,0.0419080790015868,1.0555682569254576e-13,0,0,0,40,0.0,0.0,0.635,1071.6065400179864,3341.0642005195846,5393.259451676988,0.1844199284299896,0.1284217745300892,0.2404180823298901,0.4102065547199092,0.0493443781550231,0.1314582863326896,0.0286161090348873,0.0791586816569589,0.0009092551134683,0.0052059371699336,45,1,1,1,1,0.0,1071.6065400179864,0.8783333333333333,73,0.7833093470399035,0.000730967307298,0.3430266010036575,29.637805666928596,2.209,27.428805666928596,26.77164546722183,1796.7047096732024,1071.6065400179864,600,600,1.0,1550.5196938099084,0.4086784710031325,deployment_scaling,large,25,15,10,25,25,1.0,15.0,0.7,0.7,0.2,0.1,0.7,0.3,0.9906882189970928
cybershake,600,3.0,reference,3,HDS,Sharable,HDS-Sharable,874.0420779426316,1748.084155885263,1,3.0,downstream_reserved,1,idle_only,1,1,1,0.0,2622.126233827895,2622.126233827895,3.0,25,25,1,1,1.0,0.0030541679989255,0,267,4,2.247191011235955,"{""1"":134,""3"":66,""4"":67}",53,0.0883333333333333,40,507,93,24,3,21,24,228,1129,0.0777099530023406,9.317607551052457e-14,0,0,0,53,3.252731417546784e-11,1.5290879673557356e-11,0.63,1137.0498897360633,3332.518210701857,5515.917261372071,0.1928950281181063,0.1343940279503834,0.2513960282858293,0.4332396283590372,0.0460309009648176,0.11715456624619,0.0263608231153756,0.0708419472655232,0.0008960114990715,0.0057825788319563,44,1,1,1,1,0.0,1137.0498897360633,0.845,69,1.1282196810207097,0.0009922341061768,0.6986168359944713,29.60943774838677,2.249,27.360437748386776,97.32856143643812,1793.612061406414,1137.0498897360633,600,600,1.0,1485.0763440918315,0.4336365942520425,deployment_scaling,large,25,15,10,25,25,1.0,15.0,0.7,0.7,0.2,0.1,0.7,0.3,1.3407875209995836
cybershake,600,3.0,reference,3,PBQS,NonSharable,PBQS-NonSharable,874.0420779426316,1748.084155885263,1,3.0,downstream_reserved,1,queue_aware,1,1,1,0.0,2622.126233827895,2622.126233827895,3.0,25,25,1,1,1.0,0.0059217289999651,0,267,4,2.247191011235955,"{""1"":134,""3"":66,""4"":67}",0,0.0,0,502,98,0,0,0,0,0,0,0.0,0.0,0,0,0,0,0.0,0.0,0.76,1190.3234569507022,3496.395646862878,4793.395197786881,0.1711659230295196,0.1233040553772428,0.2190277906817964,0.3489135553175652,0.0709233027200874,0.2533622831731607,0.0424951486999288,0.134279768038543,0.0008632649920546,0.005148202553511,38,1,1,1,1,0.0,1190.3234569507022,0.8366666666666667,98,4.976629911023338,0.0041809055193889,0.0,30.61245723767494,1.941,28.67145723767494,32.1941422149846,2051.6117052672835,1190.3234569507022,600,600,1.0,1431.8027768771926,0.4539535288554799,deployment_scaling,large,25,15,10,25,25,1.0,15.0,0.7,0.7,0.2,0.1,0.7,0.3,5.178048818001116
cybershake,600,3.0,reference,3,PBQS,Sharable,PBQS-Sharable,874.0420779426316,1748.084155885263,1,3.0,downstream_reserved,1,queue_aware,1,1,1,0.0,2622.126233827895,2622.126233827895,3.0,25,25,1,1,1.0,0.0059369209993747,0,267,4,2.247191011235955,"{""1"":134,""3"":66,""4"":67}",0,0.0,0,543,57,0,0,0,0,0,0,0.0,0.0,0,0,0,0,0.0,0.0,0.44,1656.391202047725,2407.837566919411,2616.2790378999475,0.2960163610039927,0.2132434840053494,0.3787892380026361,0.5998864635284458,0.1274180742565053,0.2245955528653974,0.0763451475738338,0.1308532072845394,0.0013058825921817,0.0023797205583318,10,1,1,1,1,0.0,1656.391202047725,0.905,57,4.856604177984991,0.0029320393467322,0.0,20.999992598127204,1.037,19.962992598127205,1293.5789680645426,2051.6117052672844,1656.391202047725,600,600,1.0,965.7350317801696,0.631697734715713,deployment_scaling,large,25,15,10,25,25,1.0,15.0,0.7,0.7,0.2,0.1,0.7,0.3,4.996790092998708
cybershake,600,3.0,reference,4,HDS,NonSharable,HDS-NonSharable,872.4963817735659,1744.9927635471315,1,3.0,downstream_reserved,1,idle_only,1,1,1,0.0,2617.4891453206974,2617.4891453206974,3.0,25,25,1,1,1.0,0.0030876679993525,0,267,4,2.247191011235955,"{""1"":134,""3"":66,""4"":67}",38,0.0633333333333333,36,526,74,18,3,21,24,156,1009,0.0253598050003347,2.3757415102853935e-13,0,0,0,38,8.881784197001252e-16,4.440892098500626e-16,0.71,1102.3095152935146,3175.889565173385,5041.236185424255,0.1906906574398689,0.1347273482995255,0.2466539665802122,0.4240395467226593,0.039132152968841,0.1137163206272414,0.0221746267218347,0.0654697276655569,0.0005701006176374,0.006141047703668,65,1,1,1,1,0.0,1102.3095152935146,0.8766666666666667,74,0.7829994090170658,0.0007103262723887,0.3197609540002304,28.122003845263876,2.197,25.925003845263877,28.12933521940874,1882.7355874486077,1102.3095152935146,600,600,1.0,1515.1796300271828,0.4211324112896974,deployment_scaling,large,25,15,10,25,25,1.0,15.0,0.7,0.7,0.2,0.1,0.7,0.3,1.012188435997814
cybershake,600,3.0,reference,4,HDS,Sharable,HDS-Sharable,872.4963817735659,1744.9927635471315,1,3.0,downstream_reserved,1,idle_only,1,1,1,0.0,2617.4891453206974,2617.4891453206974,3.0,25,25,1,1,1.0,0.0030347089996212,0,267,4,2.247191011235955,"{""1"":134,""3"":66,""4"":67}",38,0.0633333333333333,48,514,86,18,3,21,24,228,1129,0.0497452790004899,1.2344023650834029e-13,0,0,0,38,4.982680934517704e-13,2.424727085781342e-13,0.625,1167.3396272004486,3248.419094417849,5031.967577970223,0.1999011629306867,0.1423007479837577,0.2575015778776156,0.4320978824550897,0.0477182589726378,0.1595125910016162,0.0268990960833701,0.095716710289673,0.000645644734564,0.0053121568447349,55,1,1,1,1,0.0,1167.3396272004486,0.8566666666666667,74,0.920559090001916,0.0007885957681481,0.4861012329929508,28.986809908523316,2.142,26.844809908523317,70.17992084987596,1918.5145981005985,1167.3396272004486,600,600,1.0,1450.1495181202488,0.4459768741686319,deployment_scaling,large,25,15,10,25,25,1.0,15.0,0.7,0.7,0.2,0.1,0.7,0.3,1.123208395001711
cybershake,600,3.0,reference,4,PBQS,NonSharable,PBQS-NonSharable,872.4963817735659,1744.9927635471315,1,3.0,downstream_reserved,1,queue_aware,1,1,1,0.0,2617.4891453206974,2617.4891453206974,3.0,25,25,1,1,1.0,0.0059779319999506,0,267,4,2.247191011235955,"{""1"":134,""3"":66,""4"":67}",0,0.0,0,503,97,0,0,0,0,0,0,0.0,0.0,0,0,0,0,0.0,0.0,0.8,1216.2815050569218,3287.278671352768,4467.126591030027,0.1759160007957,0.1279624211908865,0.2238695804005135,0.3612480125135668,0.0802947062083304,0.2042272783439032,0.0467630062464999,0.1201086564027809,0.0007974699552802,0.0043734620434683,39,1,1,1,1,0.0,1216.2815050569218,0.8383333333333334,97,4.797177039003145,0.0039441338366636,0.0,29.55565183883592,1.953,27.60265183883592,32.5912643860668,2102.463432828959,1216.2815050569218,600,600,1.0,1401.2076402637756,0.4646748993138238,deployment_scaling,large,25,15,10,25,25,1.0,15.0,0.7,0.7,0.2,0.1,0.7,0.3,5.001314236000326
cybershake,600,3.0,reference,4,PBQS,Sharable,PBQS-Sharable,872.4963817735659,1744.9927635471315,1,3.0,downstream_reserved,1,queue_aware,1,1,1,0.0,2617.4891453206974,2617.4891453206974,3.0,25,25,1,1,1.0,0.0063306769989139,0,267,4,2.247191011235955,"{""1"":134,""3"":66,""4"":67}",0,0.0,0,543,57,0,0,0,0,0,0,0.0,0.0,0,0,0,0,0.0,0.0,0.435,1635.4544552951386,2355.181283624414,2602.9318155733195,0.3063008013854542,0.2228051568970731,0.3897964458738354,0.6147553897160696,0.1343584794108385,0.2076962617159945,0.0782493231329292,0.1223079128605224,0.0013049181393811,0.002150002254397,10,1,1,1,1,0.0,1635.4544552951386,0.905,57,4.987489113958873,0.0030496044067817,0.0,20.396337592872104,1.037,19.359337592872105,1224.3694725954715,2102.463432828958,1635.4544552951386,600,600,1.0,982.0346900255588,0.6248180467983415,deployment_scaling,large,25,15,10,25,25,1.0,15.0,0.7,0.7,0.2,0.1,0.7,0.3,5.140984990001016
cybershake,600,3.0,reference,5,HDS,NonSharable,HDS-NonSharable,842.8996916197954,1685.799383239591,1,3.0,downstream_reserved,1,idle_only,1,1,1,0.0,2528.699074859386,2528.699074859386,3.0,25,25,1,1,1.0,0.003010231997905,0,267,4,2.247191011235955,"{""1"":134,""3"":66,""4"":67}",31,0.0516666666666666,40,529,71,14,3,21,24,156,1009,0.0241310849996807,7.404487972753067e-14,0,0,0,31,1.3322676295501878e-15,8.881784197001252e-16,0.63,1052.350614702107,3204.9086340042395,5073.228665204458,0.1866959209588387,0.1307561353756676,0.2426357065420098,0.4175163886765127,0.039441832897673,0.1387746065008092,0.0226199896848089,0.0874751188132362,0.0008838773288821,0.0063935957491038,45,1,1,1,1,0.0,1052.350614702107,0.8816666666666667,71,0.7048200669887592,0.0006697578327431,0.2421854950116539,28.826968017118503,2.199,26.627968017118505,26.26081159586512,1778.6198157619438,1052.350614702107,600,600,1.0,1476.3484601572793,0.4161628503623449,deployment_scaling,large,25,15,10,25,25,1.0,15.0,0.7,0.7,0.2,0.1,0.7,0.3,0.924599917998421
cybershake,600,3.0,reference,5,HDS,Sharable,HDS-Sharable,842.8996916197954,1685.799383239591,1,3.0,downstream_reserved,1,idle_only,1,1,1,0.0,2528.699074859386,2528.699074859386,3.0,25,25,1,1,1.0,0.0030405779980355,0,267,4,2.247191011235955,"{""1"":134,""3"":66,""4"":67}",32,0.0533333333333333,50,518,82,15,3,20,24,228,1129,0.0491632030025357,6.083746384478681e-11,0,0,0,32,2.998934434117473e-12,7.673861546209082e-13,0.625,1100.4859426060953,3199.538238134473,5039.781328870151,0.1969516510220888,0.1393562809753995,0.2545470210687781,0.4381032496210204,0.0548963151736842,0.1391076774084226,0.0312278131940342,0.0838682025066154,0.0008327478709771,0.0052365170342782,46,1,1,1,1,0.0,1100.4859426060953,0.8633333333333333,69,0.8374307000376575,0.0007609644681644,0.3981849939955282,29.02927355431193,2.161,26.868273554311934,62.84496128114381,1813.7474534310245,1100.4859426060953,600,600,1.0,1428.213132253291,0.4351984597721617,deployment_scaling,large,25,15,10,25,25,1.0,15.0,0.7,0.7,0.2,0.1,0.7,0.3,1.0395769420028955
cybershake,600,3.0,reference,5,PBQS,NonSharable,PBQS-NonSharable,842.8996916197954,1685.799383239591,1,3.0,downstream_reserved,1,queue_aware,1,1,1,0.0,2528.699074859386,2528.699074859386,3.0,25,25,1,1,1.0,0.0059167110011912,0,267,4,2.247191011235955,"{""1"":134,""3"":66,""4"":67}",0,0.0,0,503,97,0,0,0,0,0,0,0.0,0.0,0,0,0,0,0.0,0.0,0.79,1158.245151883172,3429.9563272841074,4726.072107380185,0.1673841774901439,0.120876991926434,0.2138913630538538,0.3469084496644172,0.0787977444825307,0.2229936674874439,0.047188476625618,0.1422151377970457,0.000855733847621,0.0045023703732699,40,1,1,1,1,0.0,1158.245151883172,0.8383333333333334,97,4.8035778740159,0.0041472894284995,0.0,30.66461826750901,1.953,28.71161826750901,31.78885989965179,2019.0071770469085,1158.245151883172,600,600,1.0,1370.4539229762142,0.4580399318363252,deployment_scaling,large,25,15,10,25,25,1.0,15.0,0.7,0.7,0.2,0.1,0.7,0.3,4.996132188000047
cybershake,600,3.0,reference,5,PBQS,Sharable,PBQS-Sharable,842.8996916197954,1685.799383239591,1,3.0,downstream_reserved,1,queue_aware,1,1,1,0.0,2528.699074859386,2528.699074859386,3.0,25,25,1,1,1.0,0.0059044619993073,0,267,4,2.247191011235955,"{""1"":134,""3"":66,""4"":67}",0,0.0,0,544,56,0,0,0,0,0,0,0.0,0.0,0,0,0,0,0.0,0.0,0.445,1597.331790856852,2359.16538513367,2584.4902230793105,0.2964514950729055,0.2140833471468169,0.3788196429989941,0.6008949931687222,0.1285587556758259,0.213478301706091,0.0769881406766938,0.1251803169554098,0.0012815118094521,0.0021594565650287,11,1,1,1,1,0.0,1597.331790856852,0.9066666666666666,56,4.804786274991784,0.0030080076678461,0.0,21.177124206101432,1.03,20.14712420610143,1230.427600236709,2019.0071770469065,1597.331790856852,600,600,1.0,931.3672840025342,0.6316812493577059,deployment_scaling,large,25,15,10,25,25,1.0,15.0,0.7,0.7,0.2,0.1,0.7,0.3,4.942561879001005
epigenomics,600,3.0,reference,1,HDS,NonSharable,HDS-NonSharable,1390.5443508774183,2781.088701754836,1,3.0,downstream_reserved,1,idle_only,1,1,1,0.0,4171.633052632255,4171.633052632255,3.0,25,25,1,1,1.0,0.0030254459998104,0,201,2,1.4975124378109452,"{""1"":101,""2"":100}",0,0.0,53,248,53,0,0,0,0,0,0,0.0,0.0,0,0,0,0,0.0,0.0,0.47,1521.62353496048,1145.9829658942006,1804.1012696492528,0.2437343171660187,0.168749285155314,0.3187193491767234,0.5328238572139354,0.0707937250800861,0.1281876929243686,0.0369106320628238,0.0683513856900288,0.0009256178711314,0.0024473538485454,11,1,1,1,1,0.0,1521.62353496048,0.8239202657807309,53,0.2330979769976693,0.0001531903073539,0.0,10.912914877989373,0.685,10.227914877989372,19.69282512320643,1694.3798659403149,1521.62353496048,301,301,1.0,2650.009517671774,0.3647548851403295,deployment_scaling,large,25,15,10,25,25,1.0,15.0,0.7,0.7,0.2,0.1,0.7,0.3,0.2998211049998645
epigenomics,600,3.0,reference,1,HDS,Sharable,HDS-Sharable,1390.5443508774183,2781.088701754836,1,3.0,downstream_reserved,1,idle_only,1,1,1,0.0,4171.633052632255,4171.633052632255,3.0,25,25,1,1,1.0,0.0030663770012324,0,201,2,1.4975124378109452,"{""1"":101,""2"":100}",0,0.0,53,248,53,0,0,0,0,0,0,0.0,0.0,0,0,0,0,0.0,0.0,0.47,1521.62353496048,1145.9829658942006,1804.1012696492528,0.2437343171660187,0.168749285155314,0.3187193491767234,0.5328238572139354,0.0707937250800861,0.1281876929243686,0.0369106320628238,0.0683513856900288,0.0009256178711314,0.0024473538485454,11,1,1,1,1,0.0,1521.62353496048,0.8239202657807309,53,0.233833852034877,0.0001536739191149,0.0,10.912914877989373,0.685,10.227914877989372,19.69282512320643,1694.3798659403149,1521.62353496048,301,301,1.0,2650.009517671774,0.3647548851403295,deployment_scaling,large,25,15,10,25,25,1.0,15.0,0.7,0.7,0.2,0.1,0.7,0.3,0.3014030510021257
epigenomics,600,3.0,reference,1,PBQS,NonSharable,PBQS-NonSharable,1390.5443508774183,2781.088701754836,1,3.0,downstream_reserved,1,queue_aware,1,1,1,0.0,4171.633052632255,4171.633052632255,3.0,25,25,1,1,1.0,0.0059902100001636,0,201,2,1.4975124378109452,"{""1"":101,""2"":100}",0,0.0,0,232,69,0,0,0,0,0,0,0.0,0.0,0,0,0,0,0.0,0.0,0.555,1572.2627455471045,1257.888139788021,1672.8222018139866,0.2134973187451046,0.1497709455937164,0.2772236918964927,0.4294281768067345,0.0649089916777592,0.118915745062395,0.0349811204140041,0.0659290895030123,0.0006108757232034,0.0017967060499534,16,1,1,1,1,0.0,1572.2627455471045,0.770764119601329,69,2.206258883990813,0.0014032380339986,0.0,12.243499020481888,0.658,11.585499020481889,23.03597136623735,1777.8326519798811,1572.2627455471045,301,301,1.0,2599.37030708515,0.3768938268803445,deployment_scaling,large,25,15,10,25,25,1.0,15.0,0.7,0.7,0.2,0.1,0.7,0.3,2.2779756839991023
epigenomics,600,3.0,reference,1,PBQS,Sharable,PBQS-Sharable,1390.5443508774183,2781.088701754836,1,3.0,downstream_reserved,1,queue_aware,1,1,1,0.0,4171.633052632255,4171.633052632255,3.0,25,25,1,1,1.0,0.0059226200028206,0,201,2,1.4975124378109452,"{""1"":101,""2"":100}",0,0.0,0,248,53,0,0,0,0,0,0,0.0,0.0,0,0,0,0,0.0,0.0,0.425,1685.6918839998846,1008.6365159688166,1174.3189541755785,0.2778037400538711,0.1948826761942335,0.3607248039135086,0.5590668716917867,0.0908119601523586,0.1284176281949851,0.0489408944895055,0.0739434240384038,0.0006201965426465,0.0013893739112787,10,1,1,1,1,0.0,1685.6918839998846,0.8239202657807309,53,2.1856557259889087,0.0012965926612891,0.0,9.570143278586302,0.441,9.129143278586302,215.44736015805216,1777.8326519798811,1685.6918839998846,301,301,1.0,2485.94116863237,0.4040844107648038,deployment_scaling,large,25,15,10,25,25,1.0,15.0,0.7,0.7,0.2,0.1,0.7,0.3,2.2428204080024443
epigenomics,600,3.0,reference,2,HDS,NonSharable,HDS-NonSharable,1370.8026243296858,2741.6052486593712,1,3.0,downstream_reserved,1,idle_only,1,1,1,0.0,4112.407872989057,4112.407872989057,3.0,25,25,1,1,1.0,0.0031489590001001,0,201,2,1.4975124378109452,"{""1"":101,""2"":100}",2,0.0066445182724252,52,247,54,1,2,24,24,128,856,0.0196181249993969,2.7238283758612055e-14,0,0,0,2,0.0,0.0,0.49,1482.0864357083024,1055.5288459938365,1647.9246169303444,0.2420012524927748,0.1656804335435668,0.3183220714419829,0.5114889249806867,0.0585222629004581,0.1298419345098758,0.0307826820718978,0.0663147950762159,0.0006306102533928,0.0021208048438808,15,1,1,1,1,0.0,1482.0864357083024,0.8205980066445183,54,0.2806899099741713,0.0001893883536151,0.0196181249993969,9.95711737409014,0.677,9.28011737409014,19.8971868843675,1657.2241169374247,1482.0864357083024,301,301,1.0,2630.3214372807547,0.360393832879,deployment_scaling,large,25,15,10,25,25,1.0,15.0,0.7,0.7,0.2,0.1,0.7,0.3,0.3482252769972547
epigenomics,600,3.0,reference,2,HDS,Sharable,HDS-Sharable,1370.8026243296858,2741.6052486593712,1,3.0,downstream_reserved,1,idle_only,1,1,1,0.0,4112.407872989057,4112.407872989057,3.0,25,25,1,1,1.0,0.0033992169992416,0,201,2,1.4975124378109452,"{""1"":101,""2"":100}",2,0.0066445182724252,52,247,54,1,2,24,24,152,880,0.0201370579998183,0.0,0,0,0,2,0.0,0.0,0.49,1482.0864357083024,1055.5288459938365,1647.9246169303449,0.2420012524927749,0.1656804335435668,0.3183220714419829,0.5114889249806867,0.0585222629004581,0.1298419345098758,0.0307826820718978,0.0663147950762159,0.0006306102533928,0.0021208048438808,15,1,1,1,1,0.0,1482.0864357083024,0.8205980066445183,54,0.2547368150226248,0.0001718771651134,0.0201370579998183,9.95711737409014,0.677,9.28011737409014,19.8971868843675,1657.2241169374247,1482.0864357083024,301,301,1.0,2630.3214372807547,0.360393832879,deployment_scaling,large,25,15,10,25,25,1.0,15.0,0.7,0.7,0.2,0.1,0.7,0.3,0.3208762139984173
epigenomics,600,3.0,reference,2,PBQS,NonSharable,PBQS-NonSharable,1370.8026243296858,2741.6052486593712,1,3.0,downstream_reserved,1,queue_aware,1,1,1,0.0,4112.407872989057,4112.407872989057,3.0,25,25,1,1,1.0,0.0059222689997113,0,201,2,1.4975124378109452,"{""1"":101,""2"":100}",0,0.0,0,229,72,0,0,0,0,0,0,0.0,0.0,0,0,0,0,0.0,0.0,0.6,1551.86353667177,1320.5377377100765,1703.025500508522,0.2107179551155131,0.1464542703372368,0.2749816398937895,0.4101914293106135,0.065876157204162,0.1117077407991839,0.0366195050161771,0.0633294199755273,0.0006178358871089,0.0016695939583495,16,1,1,1,1,0.0,1551.86353667177,0.760797342192691,72,2.148447567018593,0.0013844307287651,0.0,12.515519081529346,0.675,11.840519081529346,23.66726698014249,1772.0269746218505,1551.86353667177,301,301,1.0,2560.544336317287,0.3773612892010674,deployment_scaling,large,25,15,10,25,25,1.0,15.0,0.7,0.7,0.2,0.1,0.7,0.3,2.216212448001897
epigenomics,600,3.0,reference,2,PBQS,Sharable,PBQS-Sharable,1370.8026243296858,2741.6052486593712,1,3.0,downstream_reserved,1,queue_aware,1,1,1,0.0,4112.407872989057,4112.407872989057,3.0,25,25,1,1,1.0,0.0060131540012662,0,201,2,1.4975124378109452,"{""1"":101,""2"":100}",0,0.0,0,245,56,0,0,0,0,0,0,0.0,0.0,0,0,0,0,0.0,0.0,0.435,1664.9497073455982,1057.8673955917006,1177.6848162717706,0.2695229658454237,0.1873252295011169,0.3517207021897305,0.5273889805422173,0.092102607529372,0.1397926734812148,0.0511983704206071,0.0818461482365478,0.0006160765752298,0.001525522300289,10,1,1,1,1,0.0,1664.9497073455982,0.813953488372093,56,2.226071594028326,0.0013370203221197,0.0,9.755825770873052,0.457,9.298825770873052,232.83166162148063,1772.02697462185,1664.9497073455982,301,301,1.0,2447.458165643459,0.4048600622232172,deployment_scaling,large,25,15,10,25,25,1.0,15.0,0.7,0.7,0.2,0.1,0.7,0.3,2.285060239999438
epigenomics,600,3.0,reference,3,HDS,NonSharable,HDS-NonSharable,1345.9949380224707,2691.9898760449414,1,3.0,downstream_reserved,1,idle_only,1,1,1,0.0,4037.984814067412,4037.984814067412,3.0,25,25,1,1,1.0,0.0030067879997659,0,201,2,1.4975124378109452,"{""1"":101,""2"":100}",2,0.0066445182724252,51,248,53,1,2,24,24,128,856,0.0193084540005656,0.0,0,0,0,2,0.0,0.0,0.475,1450.7537195262105,1049.2733212823298,1660.106265447998,0.2290207612250795,0.1545507408873468,0.3034907815628124,0.508668690075196,0.0549914867820259,0.1357800698746606,0.0304910422077687,0.069740589863963,0.0007904490895114,0.002450240614166,12,1,1,1,1,0.0,1450.7537195262105,0.8239202657807309,53,0.2582969270006288,0.0001780432636664,0.0193084540005656,9.569299927132002,0.6950000000000001,8.874299927132002,19.70164967686043,1617.5664344391232,1450.7537195262105,301,301,1.0,2587.231094541202,0.3592766655466651,deployment_scaling,large,25,15,10,25,25,1.0,15.0,0.7,0.7,0.2,0.1,0.7,0.3,0.3310932540007343
epigenomics,600,3.0,reference,3,HDS,Sharable,HDS-Sharable,1345.9949380224707,2691.9898760449414,1,3.0,downstream_reserved,1,idle_only,1,1,1,0.0,4037.984814067412,4037.984814067412,3.0,25,25,1,1,1.0,0.0031279479990189,0,201,2,1.4975124378109452,"{""1"":101,""2"":100}",8,0.0265780730897009,44,249,52,4,2,24,24,152,880,0.0501245129999006,1.7177380982576478e-13,0,0,0,8,2.8421709430404014e-14,2.8421709430404014e-14,0.475,1442.220802433026,1041.627391082662,1697.4590977459882,0.2349407046345514,0.1581167236405224,0.3117646856285805,0.5325069857673719,0.0403187662499908,0.1269846298345248,0.0221737541528851,0.064803079031919,0.0004431229857806,0.0023660639918343,22,1,1,1,1,0.0,1442.220802433026,0.8272425249169435,50,0.3349647680115595,0.0002322562311169,0.1149306100014655,9.500132485534662,0.687,8.813132485534663,29.021091667115773,1597.5209573021157,1442.220802433026,301,301,1.0,2595.7640116343864,0.3571635032922015,deployment_scaling,large,25,15,10,25,25,1.0,15.0,0.7,0.7,0.2,0.1,0.7,0.3,0.403166683998279
epigenomics,600,3.0,reference,3,PBQS,NonSharable,PBQS-NonSharable,1345.9949380224707,2691.9898760449414,1,3.0,downstream_reserved,1,queue_aware,1,1,1,0.0,4037.984814067412,4037.984814067412,3.0,25,25,1,1,1.0,0.0058742279979924,0,201,2,1.4975124378109452,"{""1"":101,""2"":100}",0,0.0,0,230,71,0,0,0,0,0,0,0.0,0.0,0,0,0,0,0.0,0.0,0.5750000000000001,1582.543947756336,1292.8241588514063,1618.2617609291208,0.2081530255348762,0.1432145829686473,0.2730914681011051,0.4175944223732305,0.0637106901405337,0.1027569317917507,0.0383255678411306,0.0719655608782396,0.0004029767985913,0.0015929546603374,22,1,1,1,1,0.0,1582.543947756336,0.7641196013289037,71,2.082396035988495,0.0013158535274428,0.0,11.77361633619867,0.649,11.12461633619867,22.93112781998841,1778.952239309962,1582.543947756336,301,301,1.0,2455.440866311076,0.3919142890887346,deployment_scaling,large,25,15,10,25,25,1.0,15.0,0.7,0.7,0.2,0.1,0.7,0.3,2.144777530000283
epigenomics,600,3.0,reference,3,PBQS,Sharable,PBQS-Sharable,1345.9949380224707,2691.9898760449414,1,3.0,downstream_reserved,1,queue_aware,1,1,1,0.0,4037.984814067412,4037.984814067412,3.0,25,25,1,1,1.0,0.0059059750019514,0,201,2,1.4975124378109452,"{""1"":101,""2"":100}",0,0.0,0,247,54,0,0,0,0,0,0,0.0,0.0,0,0,0,0,0.0,0.0,0.43,1667.5476853443529,1101.999042335854,1236.6115278980158,0.2708497199730919,0.1863515055495652,0.3553479343966186,0.5490593331203588,0.0906945282363487,0.1206995744646673,0.054557865988805,0.0839710888894267,0.0005750479161658,0.0013654134749748,11,1,1,1,1,0.0,1667.5476853443529,0.8205980066445183,54,2.0905246020120103,0.0012536520666755,0.0,9.875661924135915,0.492,9.383661924135918,215.10068266063985,1778.9522393099626,1667.5476853443529,301,301,1.0,2370.4371287230592,0.4129653186250229,deployment_scaling,large,25,15,10,25,25,1.0,15.0,0.7,0.7,0.2,0.1,0.7,0.3,2.1466189519996988
epigenomics,600,3.0,reference,4,HDS,NonSharable,HDS-NonSharable,1361.0766214371038,2722.1532428742075,1,3.0,downstream_reserved,1,idle_only,1,1,1,0.0,4083.2298643113113,4083.2298643113113,3.0,25,25,1,1,1.0,0.0030226919989218,0,201,2,1.4975124378109452,"{""1"":101,""2"":100}",4,0.0132890365448504,49,248,53,2,2,24,24,128,856,0.0187328559986781,3.0626782417175146e-14,0,0,0,4,0.0,0.0,0.485,1478.7650797792137,977.5859335652824,1534.3943271524847,0.2362878798992276,0.1616036776443863,0.3109720821540689,0.5243150243238012,0.0577697907844814,0.1257779622769266,0.0309291107617363,0.0646345456756279,0.0005072309389119,0.0019916712390029,17,1,1,1,1,0.0,1478.7650797792137,0.8239202657807309,53,0.2652103210239147,0.000179345809994,0.0316710329971101,8.92033339521095,0.6980000000000001,8.22233339521095,20.69335897252603,1667.321777349688,1478.7650797792137,301,301,1.0,2604.464784532098,0.3621557269415755,deployment_scaling,large,25,15,10,25,25,1.0,15.0,0.7,0.7,0.2,0.1,0.7,0.3,0.3353353809980035
epigenomics,600,3.0,reference,4,HDS,Sharable,HDS-Sharable,1361.0766214371038,2722.1532428742075,1,3.0,downstream_reserved,1,idle_only,1,1,1,0.0,4083.2298643113113,4083.2298643113113,3.0,25,25,1,1,1.0,0.0031546779973723,0,201,2,1.4975124378109452,"{""1"":101,""2"":100}",6,0.0199335548172757,49,246,55,3,2,23,24,152,880,0.0248146439989795,0.0,0,0,0,6,1.0089706847793425e-12,6.252776074688883e-13,0.465,1489.7371206348344,977.0472602929872,1529.3158602986432,0.2396005018480286,0.1640682423821922,0.315132761313865,0.5259549474489663,0.0579753459750514,0.1355294868219092,0.0310986571815275,0.068761849253954,0.0005503952896813,0.0019531948098246,16,1,1,1,1,0.0,1489.7371206348344,0.8172757475083057,53,0.301435089957522,0.0002023411283657,0.0685478799969132,9.117251330238917,0.6950000000000001,8.422251330238916,25.119970615433846,1672.536732887713,1489.7371206348344,301,301,1.0,2593.492743676477,0.3648428254445326,deployment_scaling,large,25,15,10,25,25,1.0,15.0,0.7,0.7,0.2,0.1,0.7,0.3,0.3851265690027503
epigenomics,600,3.0,reference,4,PBQS,NonSharable,PBQS-NonSharable,1361.0766214371038,2722.1532428742075,1,3.0,downstream_reserved,1,queue_aware,1,1,1,0.0,4083.2298643113113,4083.2298643113113,3.0,25,25,1,1,1.0,0.006002558999171,0,201,2,1.4975124378109452,"{""1"":101,""2"":100}",0,0.0,0,227,74,0,0,0,0,0,0,0.0,0.0,0,0,0,0,0.0,0.0,0.595,1581.396335061996,1211.6271313563172,1518.637144955453,0.2054614677546198,0.144581269430653,0.2663416660785865,0.4084889921577347,0.0582559982489321,0.1230491797888279,0.0318432968790311,0.0731179802253971,0.0003537913021043,0.0016154897368266,25,1,1,1,1,0.0,1581.396335061996,0.7541528239202658,74,2.098629271993559,0.0013270735649651,0.0,11.44360416418994,0.668,10.77560416418994,25.112089041275343,1813.6911251803424,1581.396335061996,301,301,1.0,2501.8335292493152,0.3872905488088946,deployment_scaling,large,25,15,10,25,25,1.0,15.0,0.7,0.7,0.2,0.1,0.7,0.3,2.163181366002391
epigenomics,600,3.0,reference,4,PBQS,Sharable,PBQS-Sharable,1361.0766214371038,2722.1532428742075,1,3.0,downstream_reserved,1,queue_aware,1,1,1,0.0,4083.2298643113113,4083.2298643113113,3.0,25,25,1,1,1.0,0.0059743060010077,0,201,2,1.4975124378109452,"{""1"":101,""2"":100}",0,0.0,0,245,56,0,0,0,0,0,0,0.0,0.0,0,0,0,0,0.0,0.0,0.45,1709.263579518426,1045.140476461681,1185.663835166181,0.269966812282233,0.189973063321672,0.349960561242794,0.5397890253512923,0.0943214321376588,0.141445745744185,0.0515570148292826,0.0750615793936828,0.0005298101890123,0.0014393608720755,11,1,1,1,1,0.0,1709.263579518426,0.813953488372093,56,2.0880326349579263,0.0012215978038601,0.0,9.236769738382138,0.474,8.762769738382138,247.2610921154454,1813.691125180342,1709.263579518426,301,301,1.0,2373.9662847928853,0.4186057695301254,deployment_scaling,large,25,15,10,25,25,1.0,15.0,0.7,0.7,0.2,0.1,0.7,0.3,2.1422431460014195
epigenomics,600,3.0,reference,5,HDS,NonSharable,HDS-NonSharable,1306.3858951006398,2612.77179020128,1,3.0,downstream_reserved,1,idle_only,1,1,1,0.0,3919.15768530192,3919.15768530192,3.0,25,25,1,1,1.0,0.0030363909972948,0,201,2,1.4975124378109452,"{""1"":101,""2"":100}",2,0.0066445182724252,51,248,53,1,2,24,24,128,856,0.0132760800006508,0.0,0,0,0,2,0.0,0.0,0.45,1467.5456610951394,1061.534247694385,1590.0886125061604,0.2359089442124076,0.1630415155280901,0.3087763728967251,0.5173958436221877,0.071979209905486,0.1293701490209703,0.0386977296866259,0.0686745508791288,0.0007253038873669,0.0020170299012284,13,1,1,1,1,0.0,1467.5456610951394,0.8239202657807309,53,0.2480095030077791,0.000168996106617,0.0132760800006508,10.01029058927876,0.658,9.35229058927876,19.23986919260202,1645.318782718557,1467.5456610951394,301,301,1.0,2451.61202420678,0.3744543544647105,deployment_scaling,large,25,15,10,25,25,1.0,15.0,0.7,0.7,0.2,0.1,0.7,0.3,0.3118404029992234
epigenomics,600,3.0,reference,5,HDS,Sharable,HDS-Sharable,1306.3858951006398,2612.77179020128,1,3.0,downstream_reserved,1,idle_only,1,1,1,0.0,3919.15768530192,3919.15768530192,3.0,25,25,1,1,1.0,0.0030407279991777,0,201,2,1.4975124378109452,"{""1"":101,""2"":100}",2,0.0066445182724252,51,248,53,1,2,24,24,152,880,0.0227758369983348,0.0,0,0,0,2,0.0,0.0,0.46,1467.8608634491404,1053.814143849558,1574.6484048165069,0.2413321383322331,0.1667895963448278,0.3158746803196383,0.5273457636918452,0.071963753388478,0.1289805184896053,0.0386894198966482,0.0686877017613627,0.0007186750003889,0.0020607667228711,13,1,1,1,1,0.0,1467.8608634491404,0.8239202657807309,52,0.253805631025898,0.0001729085074381,0.0227758369983348,9.936529758520145,0.646,9.290529758520144,19.97837209182656,1645.3187827185568,1467.8608634491404,301,301,1.0,2451.2968218527794,0.3745347805101292,deployment_scaling,large,25,15,10,25,25,1.0,15.0,0.7,0.7,0.2,0.1,0.7,0.3,0.3159305949993722
epigenomics,600,3.0,reference,5,PBQS,NonSharable,PBQS-NonSharable,1306.3858951006398,2612.77179020128,1,3.0,downstream_reserved,1,queue_aware,1,1,1,0.0,3919.15768530192,3919.15768530192,3.0,25,25,1,1,1.0,0.0058853839982475,0,201,2,1.4975124378109452,"{""1"":101,""2"":100}",0,0.0,0,233,68,0,0,0,0,0,0,0.0,0.0,0,0,0,0,0.0,0.0,0.53,1547.5789033528165,1323.2679977042535,1671.2045959955246,0.2107327286795324,0.1476185200309885,0.2738469373280763,0.4326730033731829,0.0664690245631364,0.1091840209212333,0.037776971649105,0.0625214161171489,0.0005613124761291,0.00139566047113,18,1,1,1,1,0.0,1547.5789033528165,0.7740863787375415,68,2.070797884982312,0.0013380887271698,0.0,12.669067047891012,0.648,12.021067047891012,22.145842921831765,1765.305853762586,1547.5789033528165,301,301,1.0,2371.578781949104,0.3948753858913935,deployment_scaling,large,25,15,10,25,25,1.0,15.0,0.7,0.7,0.2,0.1,0.7,0.3,2.132238447000418
epigenomics,600,3.0,reference,5,PBQS,Sharable,PBQS-Sharable,1306.3858951006398,2612.77179020128,1,3.0,downstream_reserved,1,queue_aware,1,1,1,0.0,3919.15768530192,3919.15768530192,3.0,25,25,1,1,1.0,0.005886355000257,0,201,2,1.4975124378109452,"{""1"":101,""2"":100}",0,0.0,0,246,55,0,0,0,0,0,0,0.0,0.0,0,0,0,0,0.0,0.0,0.455,1663.6713308280168,1088.9084176199783,1202.4854358269736,0.2634159108494155,0.1845231500387356,0.3423086716600954,0.5349411678068443,0.0927461376242685,0.12441751608847,0.0527112927355807,0.0644465938214705,0.0006117813771198,0.0013661608320154,11,1,1,1,1,0.0,1663.6713308280168,0.8172757475083057,55,2.093000370990921,0.001258061212096,0.0,10.280906189843396,0.48,9.800906189843396,209.6462633093515,1765.3058537625866,1663.6713308280168,301,301,1.0,2255.486354473903,0.4244971660791578,deployment_scaling,large,25,15,10,25,25,1.0,15.0,0.7,0.7,0.2,0.1,0.7,0.3,2.145487908001087
inspiral,600,3.0,reference,1,HDS,NonSharable,HDS-NonSharable,1210.58116772701,2421.16233545402,1,3.0,downstream_reserved,1,idle_only,1,1,1,0.0,3631.7435031810296,3631.7435031810296,3.0,25,25,1,1,1.0,0.0030253760014602,0,400,2,1.5,"{""1"":200,""2"":200}",8,0.0133333333333333,49,543,57,4,2,23,24,128,856,0.0192399209990981,2.192558299133607e-13,0,0,0,8,7.105427357601002e-15,7.105427357601002e-15,0.485,1483.3922607775628,2010.2366765898607,3014.2155464893444,0.2449153462753778,0.1737453409692313,0.3160853515815244,0.5448289645038656,0.0453923881154212,0.1844695199855234,0.0247947494501299,0.0996341339471179,0.0007690885486133,0.0032132200161463,22,1,1,1,1,0.0,1483.3922607775628,0.905,57,0.3631486190097348,0.0002448095683196,0.063796252998145,18.38258905984906,1.3155,17.06708905984906,21.319460396994383,1863.315058603221,1483.3922607775628,600,600,1.0,2148.351242403467,0.4084518247167691,deployment_scaling,large,25,15,10,25,25,1.0,15.0,0.7,0.7,0.2,0.1,0.7,0.3,0.5175159300015366
inspiral,600,3.0,reference,1,HDS,Sharable,HDS-Sharable,1210.58116772701,2421.16233545402,1,3.0,downstream_reserved,1,idle_only,1,1,1,0.0,3631.7435031810296,3631.7435031810296,3.0,25,25,1,1,1.0,0.0030205780021788,0,400,2,1.5,"{""1"":200,""2"":200}",8,0.0133333333333333,50,542,58,4,2,23,23,146,861,0.0236594929992861,7.148049577944643e-14,0,0,0,8,6.394884621840903e-14,5.684341886080803e-14,0.485,1459.745928702225,1976.076671043006,3063.8503863180267,0.2489820260866911,0.175315022941024,0.3226490292323583,0.554937121459831,0.0547796903494946,0.159734994108728,0.0300062235031134,0.092773210617004,0.0008355652917539,0.003605412621068,22,1,1,1,1,0.0,1459.745928702225,0.9033333333333332,55,0.3708624159808096,0.000254059565222,0.0778851329960161,18.785153007467542,1.3225,17.462653007467544,30.065703546248734,1831.2925008174425,1459.745928702225,600,600,1.0,2171.9975744788044,0.4019408109145482,deployment_scaling,large,25,15,10,25,25,1.0,15.0,0.7,0.7,0.2,0.1,0.7,0.3,0.5271378590005042
inspiral,600,3.0,reference,1,PBQS,NonSharable,PBQS-NonSharable,1210.58116772701,2421.16233545402,1,3.0,downstream_reserved,1,queue_aware,1,1,1,0.0,3631.7435031810296,3631.7435031810296,3.0,25,25,1,1,1.0,0.006021626999427,0,400,2,1.5,"{""1"":200,""2"":200}",0,0.0,0,516,84,0,0,0,0,0,0,0.0,0.0,0,0,0,0,0.0,0.0,0.635,1691.379063331882,2403.5774230794127,3045.117751950228,0.2083727317752405,0.1527397250643029,0.2640057384861782,0.4256740831474674,0.0889181125107341,0.1826177082485463,0.0510822809316415,0.1040602598725688,0.0010444043452747,0.0028279000249631,22,1,1,1,1,0.0,1691.379063331882,0.86,84,4.031032565955684,0.0023832815797157,0.0,28.17656627615634,1.2045,26.97206627615634,25.61393875574207,2145.397379063236,1691.379063331882,600,600,1.0,1940.364439849148,0.4657209579504747,deployment_scaling,large,25,15,10,25,25,1.0,15.0,0.7,0.7,0.2,0.1,0.7,0.3,4.199417129002541
inspiral,600,3.0,reference,1,PBQS,Sharable,PBQS-Sharable,1210.58116772701,2421.16233545402,1,3.0,downstream_reserved,1,queue_aware,1,1,1,0.0,3631.7435031810296,3631.7435031810296,3.0,25,25,1,1,1.0,0.0058591050001268,0,400,2,1.5,"{""1"":200,""2"":200}",0,0.0,0,537,63,0,0,0,0,0,0,0.0,0.0,0,0,0,0,0.0,0.0,0.485,1938.872767592163,1937.5014381498129,2112.965782091028,0.2815248610154846,0.2063611179060263,0.3566886041249429,0.5675654441966234,0.1163518073739427,0.2052243216449732,0.0668425762013615,0.1180577115789353,0.0009583937485754,0.001846670907676,12,1,1,1,1,0.0,1938.872767592163,0.895,63,4.024383808999119,0.0020756306841097,0.0,19.53546743886032,0.8455,18.68996743886032,460.5422133146497,2145.3973790632363,1938.872767592163,600,600,1.0,1692.8707355888666,0.5338683103291606,deployment_scaling,large,25,15,10,25,25,1.0,15.0,0.7,0.7,0.2,0.1,0.7,0.3,4.183942780997313
inspiral,600,3.0,reference,2,HDS,NonSharable,HDS-NonSharable,1214.8873733262838,2429.774746652568,1,3.0,downstream_reserved,1,idle_only,1,1,1,0.0,3644.662119978852,3644.662119978852,3.0,25,25,1,1,1.0,0.0031029009987832,0,400,2,1.5,"{""1"":200,""2"":200}",0,0.0,55,545,55,0,0,0,0,0,0,0.0,0.0,0,0,0,0,0.0,0.0,0.51,1426.5510182410003,2018.757766963074,3215.617568648217,0.241282631385414,0.1680598590582387,0.3145054037125894,0.5366836647605017,0.0862955107614285,0.1791892904962532,0.0473953062169628,0.1003208577712675,0.0015890449265811,0.0043895985757145,12,1,1,1,1,0.0,1426.5510182410003,0.9083333333333332,55,0.3285064789961325,0.0002302802176687,0.0,18.8940394525428,1.3845,17.5095394525428,20.92390486042425,1771.0560937096554,1426.5510182410003,600,600,1.0,2218.1111017378507,0.3914083037824308,deployment_scaling,large,25,15,10,25,25,1.0,15.0,0.7,0.7,0.2,0.1,0.7,0.3,0.4943474030005745
inspiral,600,3.0,reference,2,HDS,Sharable,HDS-Sharable,1214.8873733262838,2429.774746652568,1,3.0,downstream_reserved,1,idle_only,1,1,1,0.0,3644.662119978852,3644.662119978852,3.0,25,25,1,1,1.0,0.0030370720014616,0,400,2,1.5,"{""1"":200,""2"":200}",0,0.0,55,545,55,0,0,0,0,0,0,0.0,0.0,0,0,0,0,0.0,0.0,0.51,1426.5510182410003,2018.757766963074,3215.617568648217,0.241282631385414,0.1680598590582387,0.3145054037125894,0.5366836647605017,0.0862955107614285,0.1791892904962532,0.0473953062169628,0.1003208577712675,0.0015890449265811,0.0043895985757145,12,1,1,1,1,0.0,1426.5510182410003,0.9083333333333332,55,0.3441544519882882,0.0002412493122136,0.0,18.8940394525428,1.3845,17.5095394525428,20.92390486042425,1771.0560937096554,1426.5510182410003,600,600,1.0,2218.1111017378507,0.3914083037824308,deployment_scaling,large,25,15,10,25,25,1.0,15.0,0.7,0.7,0.2,0.1,0.7,0.3,0.5094664019998163
inspiral,600,3.0,reference,2,PBQS,NonSharable,PBQS-NonSharable,1214.8873733262838,2429.774746652568,1,3.0,downstream_reserved,1,queue_aware,1,1,1,0.0,3644.662119978852,3644.662119978852,3.0,25,25,1,1,1.0,0.0060029189990018,0,400,2,1.5,"{""1"":200,""2"":200}",0,0.0,0,515,85,0,0,0,0,0,0,0.0,0.0,0,0,0,0,0.0,0.0,0.64,1692.313179550207,2490.474485561369,3099.867650558038,0.2075288875167692,0.1494078242753727,0.2656499507581657,0.4160177908743673,0.0871258846383622,0.2053515954823277,0.0529964501256114,0.1300208314434847,0.0011020752501208,0.0037015148912928,21,1,1,1,1,0.0,1692.313179550207,0.8583333333333333,85,4.121520593998866,0.0024354360905552,0.0,28.931743867093644,1.2035,27.72824386709365,26.538738965785704,2121.6907334592734,1692.313179550207,600,600,1.0,1952.3489404286445,0.4643264927833768,deployment_scaling,large,25,15,10,25,25,1.0,15.0,0.7,0.7,0.2,0.1,0.7,0.3,4.301079842000036
inspiral,600,3.0,reference,2,PBQS,Sharable,PBQS-Sharable,1214.8873733262838,2429.774746652568,1,3.0,downstream_reserved,1,queue_aware,1,1,1,0.0,3644.662119978852,3644.662119978852,3.0,25,25,1,1,1.0,0.0059645619985531,0,400,2,1.5,"{""1"":200,""2"":200}",0,0.0,0,538,62,0,0,0,0,0,0,0.0,0.0,0,0,0,0,0.0,0.0,0.475,1903.1572219140755,2024.689249613324,2168.2971786619487,0.2856311570123275,0.2056365753467496,0.3656257386779054,0.5703469713600199,0.1162102750805693,0.2353717256993292,0.0706877419145222,0.1438018082731994,0.0009104495869886,0.0021453813975708,12,1,1,1,1,0.0,1903.1572219140755,0.8966666666666666,62,4.134805915033212,0.0021726034336115,0.0,19.38502316541654,0.8435,18.541523165416542,439.1498950112784,2121.690733459274,1903.1572219140755,600,600,1.0,1741.5048980647762,0.5221765857201376,deployment_scaling,large,25,15,10,25,25,1.0,15.0,0.7,0.7,0.2,0.1,0.7,0.3,4.288249431003351
inspiral,600,3.0,reference,3,HDS,NonSharable,HDS-NonSharable,1189.7503230361497,2379.500646072299,1,3.0,downstream_reserved,1,idle_only,1,1,1,0.0,3569.2509691084488,3569.2509691084488,3.0,25,25,1,1,1.0,0.0037504049978451,0,400,2,1.5,"{""1"":200,""2"":200}",6,0.01,55,539,61,3,2,23,24,128,856,0.0194359029992483,6.065875732941932e-15,0,0,0,6,7.105427357601002e-15,7.105427357601002e-15,0.525,1498.1304063874202,2146.7422511400773,3021.404516099427,0.2258982033403995,0.1585881308133923,0.2932082758674068,0.5013386909711919,0.0637693005415402,0.1810965336780731,0.0367708849529517,0.1052699282456433,0.0007529407682201,0.0041803266812993,24,1,1,1,1,0.0,1498.1304063874202,0.8983333333333333,61,0.3517559589126904,0.0002347966221184,0.0504641289953724,20.12583105256174,1.2585,18.867331052561735,21.791293185159923,1834.8996089545624,1498.1304063874202,600,600,1.0,2071.1205627210284,0.4197324366803024,deployment_scaling,large,25,15,10,25,25,1.0,15.0,0.7,0.7,0.2,0.1,0.7,0.3,0.501035036999383
inspiral,600,3.0,reference,3,HDS,Sharable,HDS-Sharable,1189.7503230361497,2379.500646072299,1,3.0,downstream_reserved,1,idle_only,1,1,1,0.0,3569.2509691084488,3569.2509691084488,3.0,25,25,1,1,1.0,0.0037323479991755,0,400,2,1.5,"{""1"":200,""2"":200}",6,0.01,51,543,57,3,2,23,24,152,880,0.0440946050002821,0.0,0,0,0,6,2.540190280342358e-13,2.540190280342358e-13,0.495,1434.4193261591165,2076.4742369623937,3075.419562800625,0.2421474799552077,0.1687161297505327,0.3155788301598826,0.5444961609695498,0.0850342154895357,0.156130167011649,0.0473680871320216,0.0891310016011052,0.0014575756221019,0.003739598238072,12,1,1,1,1,0.0,1434.4193261591165,0.905,54,0.3958046940133499,0.0002759337432194,0.0996952440000313,18.411233093472,1.3135,17.097733093471994,26.495817042182846,1764.1675615413417,1434.4193261591165,600,600,1.0,2134.8316429493325,0.4018824505684494,deployment_scaling,large,25,15,10,25,25,1.0,15.0,0.7,0.7,0.2,0.1,0.7,0.3,0.5501655100015341
inspiral,600,3.0,reference,3,PBQS,NonSharable,PBQS-NonSharable,1189.7503230361497,2379.500646072299,1,3.0,downstream_reserved,1,queue_aware,1,1,1,0.0,3569.2509691084488,3569.2509691084488,3.0,25,25,1,1,1.0,0.0075462280001374,0,400,2,1.5,"{""1"":200,""2"":200}",0,0.0,0,514,86,0,0,0,0,0,0,0.0,0.0,0,0,0,0,0.0,0.0,0.6950000000000001,1697.6344700255122,2604.613810800483,3080.1810316593787,0.1985513973334911,0.1439191058618863,0.2531836888050958,0.4102265095051918,0.0754627866429276,0.2375313128920187,0.0457326637359254,0.1337482224594033,0.0009637645542172,0.0026138881290131,23,1,1,1,1,0.0,1697.6344700255122,0.8566666666666667,86,4.011744213054044,0.0023631378155238,0.0,28.812035133274552,1.2375,27.57453513327455,27.24467455253121,2116.76878904679,1697.6344700255122,600,600,1.0,1871.6164990829368,0.4756276554152084,deployment_scaling,large,25,15,10,25,25,1.0,15.0,0.7,0.7,0.2,0.1,0.7,0.3,4.18181474100129
inspiral,600,3.0,reference,3,PBQS,Sharable,PBQS-Sharable,1189.7503230361497,2379.500646072299,1,3.0,downstream_reserved,1,queue_aware,1,1,1,0.0,3569.2509691084488,3569.2509691084488,3.0,25,25,1,1,1.0,0.0075488020011107,0,400,2,1.5,"{""1"":200,""2"":200}",0,0.0,0,535,65,0,0,0,0,0,0,0.0,0.0,0,0,0,0,0.0,0.0,0.495,1941.5557446155528,2261.8400155059253,2394.6334410702634,0.2660998108593179,0.1928812758973734,0.3393183458212624,0.5427612279607152,0.1154689476662529,0.2470139256714452,0.0699775716016024,0.148761122547077,0.0009500084401581,0.0024654384108622,12,1,1,1,1,0.0,1941.5557446155528,0.8916666666666667,65,3.9499524370367,0.0020344264891651,0.0,20.75862202518644,0.9325,19.82612202518644,444.2194219630748,2116.7687890467896,1941.5557446155528,600,600,1.0,1627.6952244928962,0.5439672809280002,deployment_scaling,large,25,15,10,25,25,1.0,15.0,0.7,0.7,0.2,0.1,0.7,0.3,4.084323103998031
inspiral,600,3.0,reference,4,HDS,NonSharable,HDS-NonSharable,1204.6254068768762,2409.2508137537525,1,3.0,downstream_reserved,1,idle_only,1,1,1,0.0,3613.8762206306287,3613.8762206306287,3.0,25,25,1,1,1.0,0.0031113730001379,0,400,2,1.5,"{""1"":200,""2"":200}",0,0.0,58,542,58,0,0,0,0,0,0,0.0,0.0,0,0,0,0,0.0,0.0,0.525,1476.6143468958228,1936.6720716649625,2948.9081797267686,0.235521242299403,0.1661962249520701,0.304846259646736,0.5250166310945766,0.0887567712550623,0.1865060986970005,0.0483355199844079,0.1006584813994642,0.0013559758238023,0.0033751449374056,13,1,1,1,1,0.0,1476.6143468958228,0.9033333333333332,58,0.3244804659916553,0.0002197462503826,0.0,18.5083691021524,1.3375,17.1708691021524,22.140817074397088,1827.0578762091268,1476.6143468958228,600,600,1.0,2137.2618737348057,0.4085957173813083,deployment_scaling,large,25,15,10,25,25,1.0,15.0,0.7,0.7,0.2,0.1,0.7,0.3,0.4797407559999556
inspiral,600,3.0,reference,4,HDS,Sharable,HDS-Sharable,1204.6254068768762,2409.2508137537525,1,3.0,downstream_reserved,1,idle_only,1,1,1,0.0,3613.8762206306287,3613.8762206306287,3.0,25,25,1,1,1.0,0.0030455050000455,0,400,2,1.5,"{""1"":200,""2"":200}",0,0.0,58,542,58,0,0,0,0,0,0,0.0,0.0,0,0,0,0,0.0,0.0,0.525,1476.6143468958228,1936.6720716649625,2948.9081797267686,0.235521242299403,0.1661962249520701,0.304846259646736,0.5250166310945766,0.0887567712550623,0.1865060986970005,0.0483355199844079,0.1006584813994642,0.0013559758238023,0.0033751449374056,13,1,1,1,1,0.0,1476.6143468958228,0.9033333333333332,58,0.3255514779921213,0.0002204715663751,0.0,18.5083691021524,1.3375,17.1708691021524,22.140817074397088,1827.0578762091268,1476.6143468958228,600,600,1.0,2137.2618737348057,0.4085957173813083,deployment_scaling,large,25,15,10,25,25,1.0,15.0,0.7,0.7,0.2,0.1,0.7,0.3,0.4849142600032792
inspiral,600,3.0,reference,4,PBQS,NonSharable,PBQS-NonSharable,1204.6254068768762,2409.2508137537525,1,3.0,downstream_reserved,1,queue_aware,1,1,1,0.0,3613.8762206306287,3613.8762206306287,3.0,25,25,1,1,1.0,0.0058425910028745,0,400,2,1.5,"{""1"":200,""2"":200}",0,0.0,0,511,89,0,0,0,0,0,0,0.0,0.0,0,0,0,0,0.0,0.0,0.67,1729.536119944889,2450.6696467868824,2993.957945625883,0.199921868316201,0.1466989453859953,0.2531447912464068,0.4041501693877255,0.0896652393585115,0.2230255846263948,0.052038007523617,0.1260379070322573,0.0010372225329843,0.0030222413336086,23,1,1,1,1,0.0,1729.536119944889,0.8516666666666667,89,3.9357150150826783,0.0022755899513726,0.0,29.93051293397069,1.2125,28.71801293397069,27.5030276086291,2158.161904530454,1729.536119944889,600,600,1.0,1884.34010068574,0.4785820029118433,deployment_scaling,large,25,15,10,25,25,1.0,15.0,0.7,0.7,0.2,0.1,0.7,0.3,4.086356732997956
inspiral,600,3.0,reference,4,PBQS,Sharable,PBQS-Sharable,1204.6254068768762,2409.2508137537525,1,3.0,downstream_reserved,1,queue_aware,1,1,1,0.0,3613.8762206306287,3613.8762206306287,3.0,25,25,1,1,1.0,0.0059794449989567,0,400,2,1.5,"{""1"":200,""2"":200}",0,0.0,0,535,65,0,0,0,0,0,0,0.0,0.0,0,0,0,0,0.0,0.0,0.495,1963.3954175924523,2026.3818132449148,2145.3822785419475,0.2741196751139664,0.2011439148076018,0.3470954354203309,0.5533748473155009,0.118477869091859,0.2463662387858613,0.0687596697147391,0.1275276192041844,0.0008829556681661,0.0020366082837432,12,1,1,1,1,0.0,1963.3954175924523,0.8916666666666667,65,4.056244160994538,0.002065933395102,0.0,19.3640505058623,0.8745,18.489550505862297,464.40384457990217,2158.1619045304537,1963.3954175924523,600,600,1.0,1650.4808030381764,0.5432934881344209,deployment_scaling,large,25,15,10,25,25,1.0,15.0,0.7,0.7,0.2,0.1,0.7,0.3,4.193977959999756
inspiral,600,3.0,reference,5,HDS,NonSharable,HDS-NonSharable,1151.833604709315,2303.6672094186297,1,3.0,downstream_reserved,1,idle_only,1,1,1,0.0,3455.500814127945,3455.500814127945,3.0,25,25,1,1,1.0,0.003000978998898,0,400,2,1.5,"{""1"":200,""2"":200}",2,0.0033333333333333,51,547,53,1,2,24,24,128,856,0.0188884979979775,0.0,0,0,0,2,0.0,0.0,0.46,1405.4191523279246,2078.577507978952,3240.8756932760853,0.2387257879191777,0.1665351875798484,0.3109163882585071,0.5489527331903232,0.0611015174181541,0.1716899676112616,0.0348571129971978,0.1042685181984751,0.0010594829955467,0.0042120485965974,18,1,1,1,1,0.0,1405.4191523279246,0.9116666666666666,53,0.3132227099631564,0.0002228678251924,0.0188884979979775,18.85943300075125,1.3555,17.50393300075125,19.98141722602014,1745.6696915452278,1405.4191523279246,600,600,1.0,2050.0816618000204,0.4067193810465376,deployment_scaling,large,25,15,10,25,25,1.0,15.0,0.7,0.7,0.2,0.1,0.7,0.3,0.4715354770014528
inspiral,600,3.0,reference,5,HDS,Sharable,HDS-Sharable,1151.833604709315,2303.6672094186297,1,3.0,downstream_reserved,1,idle_only,1,1,1,0.0,3455.500814127945,3455.500814127945,3.0,25,25,1,1,1.0,0.0030608580018451,0,400,2,1.5,"{""1"":200,""2"":200}",2,0.0033333333333333,51,547,53,1,2,24,24,152,880,0.0194589579987223,0.0,0,0,0,2,0.0,0.0,0.46,1405.4191523279246,2078.577507978952,3240.8756932760853,0.2387257879191777,0.1665351875798484,0.3109163882585071,0.5489527331903232,0.0712851036545131,0.1716899676112616,0.0406666318300641,0.1042685181984751,0.00119191836999,0.0042120485965974,16,1,1,1,1,0.0,1405.4191523279246,0.9116666666666666,53,0.3117099149603746,0.0002217914238923,0.0194589579987223,18.85943300075125,1.3555,17.50393300075125,19.98141722602014,1745.6696915452278,1405.4191523279246,600,600,1.0,2050.0816618000204,0.4067193810465376,deployment_scaling,large,25,15,10,25,25,1.0,15.0,0.7,0.7,0.2,0.1,0.7,0.3,0.4910137129991199
inspiral,600,3.0,reference,5,PBQS,NonSharable,PBQS-NonSharable,1151.833604709315,2303.6672094186297,1,3.0,downstream_reserved,1,queue_aware,1,1,1,0.0,3455.500814127945,3455.500814127945,3.0,25,25,1,1,1.0,0.0059177319999434,0,400,2,1.5,"{""1"":200,""2"":200}",0,0.0,0,515,85,0,0,0,0,0,0,0.0,0.0,0,0,0,0,0.0,0.0,0.66,1656.6791119045506,2470.586189140454,2992.0454301632485,0.1987184267986187,0.1448943346343938,0.2525425189628437,0.4086894703639553,0.0883638826119864,0.2172424049699735,0.0528188254775581,0.1299984120476897,0.0011565667703717,0.0040176199906133,22,1,1,1,1,0.0,1656.6791119045506,0.8583333333333333,85,4.020350444036012,0.002426752661482,0.0,30.48132437090544,1.1705,29.31082437090544,26.62435361769636,2084.316298856172,1656.6791119045506,600,600,1.0,1798.8217022233944,0.4794324183432849,deployment_scaling,large,25,15,10,25,25,1.0,15.0,0.7,0.7,0.2,0.1,0.7,0.3,4.179148991999682
inspiral,600,3.0,reference,5,PBQS,Sharable,PBQS-Sharable,1151.833604709315,2303.6672094186297,1,3.0,downstream_reserved,1,queue_aware,1,1,1,0.0,3455.500814127945,3455.500814127945,3.0,25,25,1,1,1.0,0.0060904800011485,0,400,2,1.5,"{""1"":200,""2"":200}",0,0.0,0,537,63,0,0,0,0,0,0,0.0,0.0,0,0,0,0,0.0,0.0,0.49,1872.8444834004613,2051.546524927005,2153.966101736351,0.2713681742303718,0.1978664569738496,0.344869891486894,0.5514064282688286,0.1172472673525997,0.2108093790130923,0.070083644685589,0.1153051091722798,0.0009700754638629,0.0023294579364815,12,1,1,1,1,0.0,1872.8444834004613,0.895,63,3.967026845031796,0.0021181827323051,0.0,19.96746714679748,0.8325,19.13496714679748,403.84964932241394,2084.316298856172,1872.8444834004613,600,600,1.0,1582.6563307274837,0.541989304630827,deployment_scaling,large,25,15,10,25,25,1.0,15.0,0.7,0.7,0.2,0.1,0.7,0.3,4.09609344799901
montage,600,3.0,reference,1,HDS,NonSharable,HDS-NonSharable,802.1885950290177,1604.3771900580352,1,3.0,downstream_reserved,1,idle_only,1,1,1,0.0,2406.565785087053,2406.565785087053,3.0,25,25,1,1,1.0,0.003071634000662,0,240,4,2.5,"{""1"":120,""4"":120}",32,0.0533333333333333,46,522,78,15,3,20,24,156,1009,0.0288329569993948,1.196888275893278e-13,0,0,0,32,0.0,0.0,0.65,1059.384416070652,3491.839460070439,5479.5379610615055,0.1934639773357752,0.1378441916130959,0.2490837630584544,0.4214719403058981,0.0468520788559592,0.1513974172718017,0.027184443008804,0.0877945717412462,0.0006752450916279,0.0066467364908274,65,1,1,1,1,0.0,1059.384416070652,0.87,78,0.7859899890499946,0.000741930858267,0.2938278479887231,32.27983914796597,2.3275,29.95233914796597,27.777875541650587,1972.4886806316035,1059.384416070652,600,600,1.0,1347.181369016401,0.4402058828540732,deployment_scaling,large,25,15,10,25,25,1.0,15.0,0.7,0.7,0.2,0.1,0.7,0.3,0.996857550999266
montage,600,3.0,reference,1,HDS,Sharable,HDS-Sharable,802.1885950290177,1604.3771900580352,1,3.0,downstream_reserved,1,idle_only,1,1,1,0.0,2406.565785087053,2406.565785087053,3.0,25,25,1,1,1.0,0.0030498309970425,0,240,4,2.5,"{""1"":120,""4"":120}",36,0.06,50,514,86,17,3,21,24,228,1129,0.1160923110001022,3.473994939982263e-13,0,0,0,36,1.1228795671058833e-12,4.547473508864641e-13,0.625,1060.153808450414,3489.085886213742,5485.362210897199,0.2045540259298033,0.1459946229101284,0.2631134289494783,0.4457408980074142,0.0532065229381194,0.1610773462403279,0.0301664024569087,0.0957541904321566,0.0007282477736082,0.0063858217925465,60,1,1,1,1,0.0,1060.153808450414,0.8566666666666667,73,1.0518066689619443,0.0009921264825707,0.5889491460111458,32.11146894764678,2.2915,29.819968947646775,56.25389483923545,1952.3451332724744,1060.153808450414,600,600,1.0,1346.4119766366389,0.4405255883799017,deployment_scaling,large,25,15,10,25,25,1.0,15.0,0.7,0.7,0.2,0.1,0.7,0.3,1.257595063001645
montage,600,3.0,reference,1,PBQS,NonSharable,PBQS-NonSharable,802.1885950290177,1604.3771900580352,1,3.0,downstream_reserved,1,queue_aware,1,1,1,0.0,2406.565785087053,2406.565785087053,3.0,25,25,1,1,1.0,0.0061641190004593,0,241,4,2.4937759336099585,"{""1"":121,""4"":120}",0,0.0,0,507,93,0,0,0,0,0,0,0.0,0.0,0,0,0,0,0.0,0.0,0.755,1113.012264556667,3568.453890581091,5025.275746305777,0.1829162510962154,0.1327632485914255,0.2330692536010053,0.3792690915483753,0.0777361923627283,0.2472992920540785,0.0456334740484965,0.1336333733781859,0.0008900533205302,0.0046970143485651,43,1,1,1,1,0.0,1113.012264556667,0.845,93,5.028264395001315,0.0045177079850096,0.0,32.52588495034392,2.0935,30.432384950343923,31.57642773651458,2116.3215308399344,1113.012264556667,600,600,1.0,1293.553520530386,0.4624898564808632,deployment_scaling,large,25,15,10,25,25,1.0,15.0,0.7,0.7,0.2,0.1,0.7,0.3,5.249256443999911
montage,600,3.0,reference,1,PBQS,Sharable,PBQS-Sharable,802.1885950290177,1604.3771900580352,1,3.0,downstream_reserved,1,queue_aware,1,1,1,0.0,2406.565785087053,2406.565785087053,3.0,25,25,1,1,1.0,0.0059551980011747,0,240,4,2.5,"{""1"":120,""4"":120}",0,0.0,0,544,56,0,0,0,0,0,0,0.0,0.0,0,0,0,0,0.0,0.0,0.425,1537.3243522332525,2391.9058762140216,2672.1797175716374,0.3151448663464916,0.2287366813081186,0.4015530513848646,0.6298575984642665,0.1407011724200629,0.221466834926354,0.0825958038987057,0.1225499980006003,0.0013454084020836,0.0028573380510274,11,1,1,1,1,0.0,1537.3243522332525,0.9066666666666666,56,4.8358413269452285,0.0031456220152372,0.0,21.597929371585803,1.0885,20.509429371585803,1347.9257736423306,2116.321530839935,1537.3243522332525,600,600,1.0,869.2414328538005,0.638804208785692,deployment_scaling,large,25,15,10,25,25,1.0,15.0,0.7,0.7,0.2,0.1,0.7,0.3,4.969875407998188
montage,600,3.0,reference,2,HDS,NonSharable,HDS-NonSharable,784.5672361183924,1569.1344722367849,1,3.0,downstream_reserved,1,idle_only,1,1,1,0.0,2353.7017083551773,2353.7017083551773,3.0,25,25,1,1,1.0,0.0030287709996628,0,241,4,2.4937759336099585,"{""1"":121,""4"":120}",16,0.0266666666666666,52,532,68,8,3,21,24,156,1009,0.038618383998255,4.4334559896044874e-14,0,0,0,16,1.7763568394002505e-15,8.881784197001252e-16,0.615,962.7041184948612,3432.8361106760067,5780.696312726742,0.2002772357207918,0.1393094977758321,0.2612449736657515,0.4448616585513442,0.0654839385161943,0.1675325700325846,0.0371504723910246,0.0993559118303562,0.0015182448790126,0.0070868759995029,33,1,1,1,1,0.0,962.7041184948612,0.8866666666666667,68,0.6877764219862001,0.0007144213977826,0.1637192509988381,31.91109811459714,2.4605,29.450598114597145,25.603021262204884,1815.0355668894845,962.7041184948612,600,600,1.0,1390.997589860316,0.4090170453959613,deployment_scaling,large,25,15,10,25,25,1.0,15.0,0.7,0.7,0.2,0.1,0.7,0.3,0.9078014059996348
montage,600,3.0,reference,2,HDS,Sharable,HDS-Sharable,784.5672361183924,1569.1344722367849,1,3.0,downstream_reserved,1,idle_only,1,1,1,0.0,2353.7017083551773,2353.7017083551773,3.0,25,25,1,1,1.0,0.0033386809991498,0,241,4,2.4937759336099585,"{""1"":121,""4"":120}",18,0.03,55,527,73,9,3,21,24,228,1129,0.0691686239988484,1.4180674517538304e-13,0,0,0,18,1.048938713665848e-12,4.547473508864641e-13,0.6,969.0818754276902,3449.672839292078,5827.181670363564,0.2049682324129685,0.1422246344353624,0.2677118303905746,0.4558986219306359,0.0713977410033396,0.1659281118783651,0.0407266564938231,0.1111472921860338,0.0015673779682781,0.0086334542882395,32,1,1,1,1,0.0,969.0818754276902,0.8783333333333333,66,0.7917047750233905,0.0008169637624003,0.2731069829969783,32.057791943525714,2.4725,29.585291943525714,43.45091428264627,1805.3585428453184,969.0818754276902,600,600,1.0,1384.619832927487,0.4117267162562021,deployment_scaling,large,25,15,10,25,25,1.0,15.0,0.7,0.7,0.2,0.1,0.7,0.3,1.012137851001171
montage,600,3.0,reference,2,PBQS,NonSharable,PBQS-NonSharable,784.5672361183924,1569.1344722367849,1,3.0,downstream_reserved,1,queue_aware,1,1,1,0.0,2353.7017083551773,2353.7017083551773,3.0,25,25,1,1,1.0,0.0058294110021961,0,241,4,2.4937759336099585,"{""1"":121,""4"":120}",0,0.0,0,502,98,0,0,0,0,0,0,0.0,0.0,0,0,0,0,0.0,0.0,0.8,1082.4336484039532,3610.3707030229534,5135.439461247595,0.1774388500246827,0.1271430733109469,0.2277346267384185,0.3527003889844894,0.0710176153538314,0.2344629528203971,0.0428742516385335,0.1477960653763969,0.0008842507597512,0.0057704642895649,45,1,1,1,1,0.0,1082.4336484039532,0.8366666666666667,98,4.986230467064161,0.0046064998759197,0.0,33.03137485337271,2.1605,30.87087485337271,34.05965957597491,2073.878287228798,1082.4336484039532,600,600,1.0,1271.268059951224,0.459885653547995,deployment_scaling,large,25,15,10,25,25,1.0,15.0,0.7,0.7,0.2,0.1,0.7,0.3,5.190053335001721
montage,600,3.0,reference,2,PBQS,Sharable,PBQS-Sharable,784.5672361183924,1569.1344722367849,1,3.0,downstream_reserved,1,queue_aware,1,1,1,0.0,2353.7017083551773,2353.7017083551773,3.0,25,25,1,1,1.0,0.0059017590028815,0,241,4,2.4937759336099585,"{""1"":121,""4"":120}",0,0.0,0,545,55,0,0,0,0,0,0,0.0,0.0,0,0,0,0,0.0,0.0,0.435,1548.1866983202517,2384.504517444698,2683.707090091086,0.3180915969954678,0.2279272167891365,0.4082559772017991,0.6284479658269083,0.1365452923555356,0.2630079688777536,0.0824341565869335,0.1600015608405835,0.0013774217268245,0.0029732596944638,11,1,1,1,1,0.0,1548.1866983202517,0.9083333333333332,55,4.938405122986296,0.0031897994785411,0.0,22.13644536874668,1.0725,21.06394536874668,1501.0748848188546,2073.878287228797,1548.1866983202517,600,600,1.0,805.5150100349256,0.6577667394404711,deployment_scaling,large,25,15,10,25,25,1.0,15.0,0.7,0.7,0.2,0.1,0.7,0.3,5.07643163800094
montage,600,3.0,reference,3,HDS,NonSharable,HDS-NonSharable,789.3695593427778,1578.7391186855557,1,3.0,downstream_reserved,1,idle_only,1,1,1,0.0,2368.108678028333,2368.108678028333,3.0,25,25,1,1,1.0,0.0030756400010432,0,240,4,2.5,"{""1"":120,""4"":120}",39,0.065,30,531,69,17,3,21,24,156,1009,0.0258038060019316,9.458458442450217e-14,0,0,0,39,4.973799150320701e-14,2.8421709430404014e-14,0.645,959.9427526632657,3447.050868539559,5804.066846514502,0.1914816961366589,0.1332539141728199,0.249709478100498,0.4283903780589453,0.0401109708502804,0.1097241935052225,0.0227437532549283,0.0627770938210381,0.0009346577669833,0.0075501723550437,54,1,1,1,1,0.0,959.9427526632657,0.885,69,0.8205992269904527,0.000854841837926,0.3299629430075583,32.06214145655063,2.4685,29.59364145655063,25.72727892927648,1773.5361651640335,959.9427526632657,600,600,1.0,1408.1659253650678,0.4053626261200586,deployment_scaling,large,25,15,10,25,25,1.0,15.0,0.7,0.7,0.2,0.1,0.7,0.3,1.0465864109974063
montage,600,3.0,reference,3,HDS,Sharable,HDS-Sharable,789.3695593427778,1578.7391186855557,1,3.0,downstream_reserved,1,idle_only,1,1,1,0.0,2368.108678028333,2368.108678028333,3.0,25,25,1,1,1.0,0.003085183998337,0,240,4,2.5,"{""1"":120,""4"":120}",33,0.055,52,515,85,16,3,21,24,228,1129,0.0628277210016676,1.0212627143336701e-13,0,0,0,33,2.574385149500813e-12,9.094947017729282e-13,0.61,1052.852441148527,3547.859075457752,5662.719488887288,0.1962038087069532,0.138137811175144,0.2542698062387625,0.4344036637893787,0.0645795729949345,0.1575543642439011,0.0371072130181431,0.0902131267788191,0.0010700859731138,0.0057318864400376,42,1,1,1,1,0.0,1052.852441148527,0.8583333333333333,71,0.937136615983036,0.000890093026674,0.465330470004119,32.76060711189618,2.3605,30.400107111896176,66.21975103321523,1850.559607742753,1052.852441148527,600,600,1.0,1315.2562368798065,0.4445963358510736,deployment_scaling,large,25,15,10,25,25,1.0,15.0,0.7,0.7,0.2,0.1,0.7,0.3,1.1529127339999832
montage,600,3.0,reference,3,PBQS,NonSharable,PBQS-NonSharable,789.3695593427778,1578.7391186855557,1,3.0,downstream_reserved,1,queue_aware,1,1,1,0.0,2368.108678028333,2368.108678028333,3.0,25,25,1,1,1.0,0.005941518000327,0,241,4,2.4937759336099585,"{""1"":121,""4"":120}",0,0.0,0,503,97,0,0,0,0,0,0,0.0,0.0,0,0,0,0,0.0,0.0,0.835,1100.4031938983214,3755.21125015164,5261.2546066236655,0.1695537222782661,0.1223471549483882,0.2167602896081439,0.3553524371187391,0.0861885502687028,0.2094650668639813,0.0516063482456294,0.1176536619126655,0.000932158778219,0.0050227242258491,43,1,1,1,1,0.0,1100.4031938983214,0.8383333333333334,97,5.088012519012409,0.0046237711297324,0.0,34.15542450944728,2.0965000000000003,32.05892450944728,32.36861755885407,2068.151184031062,1100.4031938983214,600,600,1.0,1267.705484130012,0.4646759686783072,deployment_scaling,large,25,15,10,25,25,1.0,15.0,0.7,0.7,0.2,0.1,0.7,0.3,5.307187393998902
montage,600,3.0,reference,3,PBQS,Sharable,PBQS-Sharable,789.3695593427778,1578.7391186855557,1,3.0,downstream_reserved,1,queue_aware,1,1,1,0.0,2368.108678028333,2368.108678028333,3.0,25,25,1,1,1.0,0.0058964310010196,0,240,4,2.5,"{""1"":120,""4"":120}",0,0.0,0,545,55,0,0,0,0,0,0,0.0,0.0,0,0,0,0,0.0,0.0,0.435,1606.807546216579,2472.6087056566166,2696.049517633619,0.3080915197495322,0.2223137327720713,0.3938693067269932,0.6267124800094128,0.1328067269082994,0.2550024758343619,0.0795194973906022,0.1518858750928358,0.0013344150927685,0.0029080693363007,11,1,1,1,1,0.0,1606.807546216579,0.9083333333333332,55,5.038458315997559,0.0031356949547948,0.0,22.846604153487093,1.0485,21.79810415348709,1587.2527784435813,2068.1511840310623,1606.807546216579,600,600,1.0,761.3011318117544,0.6785193437804522,deployment_scaling,large,25,15,10,25,25,1.0,15.0,0.7,0.7,0.2,0.1,0.7,0.3,5.198286491002364
montage,600,3.0,reference,4,HDS,NonSharable,HDS-NonSharable,807.9722930048916,1615.9445860097835,1,3.0,downstream_reserved,1,idle_only,1,1,1,0.0,2423.916879014675,2423.916879014675,3.0,25,25,1,1,1.0,0.0032050119989435,0,240,4,2.5,"{""1"":120,""4"":120}",31,0.0516666666666666,35,534,66,15,3,21,24,156,1009,0.0247871819992724,1.5670252697594313e-13,0,0,0,31,8.881784197001252e-16,4.440892098500626e-16,0.635,951.1479165673328,3336.9771153058664,5852.754553898294,0.1910408579886489,0.1336632251385224,0.2484184908387753,0.4402494026977134,0.0480385280046052,0.1198956780531093,0.0251824236779791,0.060374436798455,0.0011987841216308,0.0068859168841694,42,1,1,1,1,0.0,951.1479165673328,0.89,66,0.7995710209906974,0.0008406379355551,0.2598518600025272,30.3735633187957,2.6105,27.7630633187957,26.753413181207574,1743.3876346829452,951.1479165673328,600,600,1.0,1472.7689624473423,0.3924012101248189,deployment_scaling,large,25,15,10,25,25,1.0,15.0,0.7,0.7,0.2,0.1,0.7,0.3,1.0715020550014742
montage,600,3.0,reference,4,HDS,Sharable,HDS-Sharable,807.9722930048916,1615.9445860097835,1,3.0,downstream_reserved,1,idle_only,1,1,1,0.0,2423.916879014675,2423.916879014675,3.0,25,25,1,1,1.0,0.0031377730010717,0,240,4,2.5,"{""1"":120,""4"":120}",19,0.0316666666666666,56,525,75,9,3,21,24,228,1129,0.0474962500011315,4.235542753984295e-06,0,0,0,19,1.876721000826365e-12,6.821210263296962e-13,0.62,997.1119388359645,3393.870669276372,5702.099930104911,0.196808927781186,0.1377715331920635,0.2558463223703086,0.4476529591378839,0.0627034402994165,0.1509813542764435,0.0344958473183548,0.0815538070659305,0.0012489375860544,0.0064416670001286,38,1,1,1,1,0.0,997.1119388359645,0.875,67,0.7433711319790746,0.000745524251617,0.2226871200000459,31.03096981236639,2.4935,28.53746981236639,43.91178120386768,1799.5648957342935,997.1119388359645,600,600,1.0,1426.8049401787107,0.4113639157631888,deployment_scaling,large,25,15,10,25,25,1.0,15.0,0.7,0.7,0.2,0.1,0.7,0.3,0.9701135640025312
montage,600,3.0,reference,4,PBQS,NonSharable,PBQS-NonSharable,807.9722930048916,1615.9445860097835,1,3.0,downstream_reserved,1,queue_aware,1,1,1,0.0,2423.916879014675,2423.916879014675,3.0,25,25,1,1,1.0,0.0059905400012212,0,240,4,2.5,"{""1"":120,""4"":120}",0,0.0,0,497,103,0,0,0,0,0,0,0.0,0.0,0,0,0,0,0.0,0.0,0.8300000000000001,1138.509218958554,3622.728253025637,5079.752745139503,0.1657181110814064,0.1214751742106873,0.2099610479521255,0.3390576332738945,0.0711403555021415,0.211086234585081,0.0401665701574092,0.1130798615709227,0.0006841809239849,0.0047412897541159,54,1,1,1,1,0.0,1138.509218958554,0.8283333333333334,103,4.996318269018957,0.0043884741430458,0.0,32.37948805541802,2.1515,30.227988055418024,34.609379787200254,2095.376173632668,1138.509218958554,600,600,1.0,1285.407660056121,0.46969812736374,deployment_scaling,large,25,15,10,25,25,1.0,15.0,0.7,0.7,0.2,0.1,0.7,0.3,5.204007806998561
montage,600,3.0,reference,4,PBQS,Sharable,PBQS-Sharable,807.9722930048916,1615.9445860097835,1,3.0,downstream_reserved,1,queue_aware,1,1,1,0.0,2423.916879014675,2423.916879014675,3.0,25,25,1,1,1.0,0.0062313990019902,0,240,4,2.5,"{""1"":120,""4"":120}",0,0.0,0,544,56,0,0,0,0,0,0,0.0,0.0,0,0,0,0,0.0,0.0,0.44,1622.2696909620963,2358.3193209056103,2550.934880899449,0.3134667884310941,0.229778341579252,0.3971552352829361,0.6236238612001987,0.1372973712901234,0.28000474587837,0.0775194958954992,0.145783910359603,0.0012034051911782,0.0032144103773907,11,1,1,1,1,0.0,1622.2696909620963,0.9066666666666666,56,5.00344618696181,0.0030842258934114,0.0,20.954300963593653,1.0205,19.93380096359365,1499.9663304077408,2095.376173632668,1622.2696909620963,600,600,1.0,801.6471880525787,0.6692761228766024,deployment_scaling,large,25,15,10,25,25,1.0,15.0,0.7,0.7,0.2,0.1,0.7,0.3,5.147394478000933
montage,600,3.0,reference,5,HDS,NonSharable,HDS-NonSharable,763.6181266424525,1527.2362532849052,1,3.0,downstream_reserved,1,idle_only,1,1,1,0.0,2290.854379927357,2290.854379927357,3.0,25,25,1,1,1.0,0.0032504810005775,0,241,4,2.4937759336099585,"{""1"":121,""4"":120}",38,0.0633333333333333,32,530,70,17,3,21,24,156,1009,0.0252070979986456,1.067865795318138e-13,0,0,0,38,1.3322676295501878e-15,8.881784197001252e-16,0.615,953.8197415454084,3481.229714662186,5794.279807845358,0.1850282094686775,0.1287688544742116,0.2412875644631434,0.4200195258697055,0.0420286106327103,0.0988244171691798,0.024367978414724,0.0550095938750917,0.0008986319416136,0.0076440215749459,56,1,1,1,1,0.0,953.8197415454084,0.8833333333333333,70,0.8514420610481466,0.0008926655886453,0.3199252529957448,31.96754088701947,2.4725,29.49504088701947,26.28385912135966,1764.082008652763,953.8197415454084,600,600,1.0,1337.034638381949,0.416359830595454,deployment_scaling,large,25,15,10,25,25,1.0,15.0,0.7,0.7,0.2,0.1,0.7,0.3,1.0803292240016162
montage,600,3.0,reference,5,HDS,Sharable,HDS-Sharable,763.6181266424525,1527.2362532849052,1,3.0,downstream_reserved,1,idle_only,1,1,1,0.0,2290.854379927357,2290.854379927357,3.0,25,25,1,1,1.0,0.0030023209983482,0,241,4,2.4937759336099585,"{""1"":121,""4"":120}",43,0.0716666666666666,44,513,87,20,3,21,24,228,1129,0.0590974859987909,2.0320311538108317e-11,0,0,0,43,1.5494272531668685e-12,5.684341886080801e-13,0.61,1015.4450341938316,3474.97554090771,5732.075548223643,0.1957384647559094,0.1381656518722203,0.2533112776395986,0.4367905012257681,0.0572772540130792,0.1421855159272968,0.0319845270489868,0.0764159596958788,0.0011994692223719,0.0073070370132404,39,1,1,1,1,0.0,1015.4450341938316,0.855,68,1.021595570979116,0.0010060569864228,0.5406038729961438,31.857507496983665,2.4125,29.445007496983663,84.74542583513299,1782.105245001134,1015.4450341938316,600,600,1.0,1275.409345733526,0.4432604023595909,deployment_scaling,large,25,15,10,25,25,1.0,15.0,0.7,0.7,0.2,0.1,0.7,0.3,1.2436066669979482
montage,600,3.0,reference,5,PBQS,NonSharable,PBQS-NonSharable,763.6181266424525,1527.2362532849052,1,3.0,downstream_reserved,1,queue_aware,1,1,1,0.0,2290.854379927357,2290.854379927357,3.0,25,25,1,1,1.0,0.0057925859982788,0,241,4,2.4937759336099585,"{""1"":121,""4"":120}",0,0.0,0,505,95,0,0,0,0,0,0,0.0,0.0,0,0,0,0,0.0,0.0,0.76,1064.6770911013273,3671.1741620050434,5140.452193855365,0.1706627889866398,0.1223741003579313,0.2189514776153482,0.3561963099757159,0.0690068117146682,0.2114607317564284,0.04239176870372,0.1292590131621463,0.0008198101407695,0.005859712828605,49,1,1,1,1,0.0,1064.6770911013273,0.8416666666666667,95,5.009110274033446,0.0047048164329824,0.0,33.11109646576233,2.0965000000000003,31.01459646576233,33.56625277846271,2030.318966861581,1064.6770911013273,600,600,1.0,1226.1772888260302,0.4647510991663677,deployment_scaling,large,25,15,10,25,25,1.0,15.0,0.7,0.7,0.2,0.1,0.7,0.3,5.210832789998676
montage,600,3.0,reference,5,PBQS,Sharable,PBQS-Sharable,763.6181266424525,1527.2362532849052,1,3.0,downstream_reserved,1,queue_aware,1,1,1,0.0,2290.854379927357,2290.854379927357,3.0,25,25,1,1,1.0,0.0059652529998857,0,241,4,2.4937759336099585,"{""1"":121,""4"":120}",0,0.0,0,545,55,0,0,0,0,0,0,0.0,0.0,0,0,0,0,0.0,0.0,0.42,1599.8265649089838,2394.0819484726253,2586.267766790529,0.3034005137540263,0.217553956191878,0.3892470713161746,0.6152481717762359,0.1262902030936753,0.1880546749745667,0.0775816900689374,0.1096342435820668,0.0013961104155885,0.0021649085494367,10,1,1,1,1,0.0,1599.8265649089838,0.9083333333333332,55,5.030696486996021,0.0031445261613606,0.0,21.850358757502985,1.0525,20.797858757502983,1484.7775244741936,2030.3189668615787,1599.8265649089838,600,600,1.0,691.0278150183738,0.6983536705461453,deployment_scaling,large,25,15,10,25,25,1.0,15.0,0.7,0.7,0.2,0.1,0.7,0.3,5.190528227998584
cybershake,700,3.0,reference,1,HDS,NonSharable,HDS-NonSharable,1005.6484020314232,2011.2968040628464,1,3.0000000000000004,downstream_reserved,1,idle_only,1,1,1,0.0,3016.945206094269,3016.945206094269,3.0000000000000004,30,30,1,1,1.0,0.0059781320014735,0,311,4,2.247588424437299,"{""1"":156,""3"":77,""4"":78}",40,0.0572246065808297,43,616,83,18,3,26,29,186,1282,0.0469699459972616,8.719607310972495e-14,0,0,0,40,0.0,0.0,0.73,1240.0128348638482,3830.2418610639015,6223.833082779885,0.1931937973536465,0.1386317053196518,0.2477558893876412,0.4303206786870285,0.0456882608945517,0.138144834541859,0.0247373251340429,0.080389491169209,0.0008334998455445,0.0055203760260389,49,1,1,1,1,0.0,1240.0128348638482,0.8812589413447782,83,1.3961596469816868,0.0011259235450857,0.5164285309983825,34.11824503655498,2.623,31.49524503655498,31.268700293267976,2142.996979861402,1240.0128348638482,699,699,1.0,1776.9323712304213,0.4110160278546013,deployment_scaling,large_plus,30,18,12,30,30,1.0,15.0,0.7,0.7,0.2,0.1,0.7,0.3,1.7149542150000343
cybershake,700,3.0,reference,1,HDS,Sharable,HDS-Sharable,1005.6484020314232,2011.2968040628464,1,3.0000000000000004,downstream_reserved,1,idle_only,1,1,1,0.0,3016.945206094269,3016.945206094269,3.0000000000000004,30,30,1,1,1.0,0.0054359650021069,0,311,4,2.247588424437299,"{""1"":156,""3"":77,""4"":78}",36,0.0515021459227467,56,607,92,17,3,26,29,273,1427,0.0602230730000883,4.6421010193142064e-06,0,0,0,36,1.886490963443066e-12,4.654054919228656e-13,0.72,1253.7900271943877,3785.6100428837385,6184.6392886009135,0.2036647120867644,0.1461814413520867,0.2611479828214421,0.4508972327877583,0.0481243264559513,0.1621921399194803,0.025743502868088,0.0889105305025983,0.000892058361097,0.0058195209664505,45,1,1,1,1,0.0,1253.7900271943877,0.8683834048640916,79,1.438307643005828,0.001147167876446,0.6362197899979947,33.76919049111368,2.631,31.13819049111368,60.91816832176876,2137.2528834139744,1253.7900271943877,699,699,1.0,1763.1551788998818,0.4155826312860158,deployment_scaling,large_plus,30,18,12,30,30,1.0,15.0,0.7,0.7,0.2,0.1,0.7,0.3,1.7752386430001934
cybershake,700,3.0,reference,1,PBQS,NonSharable,PBQS-NonSharable,1005.6484020314232,2011.2968040628464,1,3.0000000000000004,downstream_reserved,1,queue_aware,1,1,1,0.0,3016.945206094269,3016.945206094269,3.0000000000000004,30,30,1,1,1.0,0.0106986120008514,0,311,4,2.247588424437299,"{""1"":156,""3"":77,""4"":78}",0,0.0,0,589,110,0,0,0,0,0,0,0.0,0.0,0,0,0,0,0.0,0.0,0.85,1392.206359707288,3999.5860142715383,5368.238738559921,0.1849916620071429,0.1368207397694198,0.233162584244866,0.3741092455536524,0.0840577183286493,0.2251080324070828,0.0480608141464095,0.1235203547961708,0.000896382109247,0.0045598870208568,36,1,1,1,1,0.0,1392.206359707288,0.8426323319027181,110,10.2515479759968,0.0073635261788002,0.0,35.630467951944006,2.217,33.41346795194401,35.80686391637158,2469.121020654106,1392.206359707288,699,699,1.0,1624.7388463869815,0.4614622621899173,deployment_scaling,large_plus,30,18,12,30,30,1.0,15.0,0.7,0.7,0.2,0.1,0.7,0.3,10.535654117000377
cybershake,700,3.0,reference,1,PBQS,Sharable,PBQS-Sharable,1005.6484020314232,2011.2968040628464,1,3.0000000000000004,downstream_reserved,1,queue_aware,1,1,1,0.0,3016.945206094269,3016.945206094269,3.0000000000000004,30,30,1,1,1.0,0.0105688589974306,0,311,4,2.247588424437299,"{""1"":156,""3"":77,""4"":78}",0,0.0,0,633,66,0,0,0,0,0,0,0.0,0.0,0,0,0,0,0.0,0.0,0.495,1972.6492998747897,2873.772972926341,3116.612655869527,0.3114655533793732,0.2303614496117783,0.3925696571469682,0.6235154092560873,0.1334792771355147,0.2331427094925394,0.0763180688027385,0.12954968911422,0.001307186806932,0.0028147062936596,10,1,1,1,1,0.0,1972.6492998747897,0.9055793991416308,66,10.166501525978674,0.0051537298224392,0.0,25.03649393145449,1.193,23.843493931454493,1561.0677888747914,2469.121020654105,1972.6492998747897,699,699,1.0,1044.2959062194798,0.6538565221171442,deployment_scaling,large_plus,30,18,12,30,30,1.0,15.0,0.7,0.7,0.2,0.1,0.7,0.3,10.364946063997197
cybershake,700,3.0,reference,2,HDS,NonSharable,HDS-NonSharable,1035.1332202272738,2070.266440454548,1,3.0,downstream_reserved,1,idle_only,1,1,1,0.0,3105.3996606818214,3105.3996606818214,3.0,30,30,1,1,1.0,0.006756471000699,0,311,4,2.247588424437299,"{""1"":156,""3"":77,""4"":78}",29,0.0414878397711015,51,619,80,13,3,25,29,186,1282,0.0357734829995024,1.5388176198217984e-13,0,0,0,29,2.273736754432321e-13,1.1368683772161605e-13,0.765,1261.425921563625,3660.1524452206513,6011.979020305274,0.1965005673970577,0.1354622155988828,0.2575389191952326,0.442568836099017,0.0382177559212605,0.1245010649957149,0.0219799573215596,0.0779776244532485,0.0006979559079729,0.0054227671617482,56,1,1,1,1,0.0,1261.425921563625,0.8855507868383404,80,1.1747557269809477,0.0009312918871405,0.3499903279989667,33.119889167154255,2.631,30.48888916715425,30.86022667193639,2124.330413275281,1261.425921563625,699,699,1.0,1843.9737391181964,0.4062040508134358,deployment_scaling,large_plus,30,18,12,30,30,1.0,15.0,0.7,0.7,0.2,0.1,0.7,0.3,1.5287605759986036
cybershake,700,3.0,reference,2,HDS,Sharable,HDS-Sharable,1035.1332202272738,2070.266440454548,1,3.0,downstream_reserved,1,idle_only,1,1,1,0.0,3105.3996606818214,3105.3996606818214,3.0,30,30,1,1,1.0,0.0069575310008076,0,311,4,2.247588424437299,"{""1"":156,""3"":77,""4"":78}",54,0.0772532188841201,47,598,101,24,3,26,29,273,1427,0.0811118089986848,3.8643075902255244e-06,0,0,0,54,2.614797267597169e-12,4.547473508864641e-13,0.6900000000000001,1311.95114943034,3692.312143008629,6056.87455427465,0.2086074428359626,0.1446456543571647,0.2725692313147605,0.4583614309243031,0.0379531954723286,0.1143777739183419,0.0216169547254336,0.0664457771543225,0.0005583424613027,0.0055099585557496,68,1,1,1,1,0.0,1311.95114943034,0.8555078683834049,78,1.7700266569700034,0.0013491559176868,0.973659608986054,33.43744688165034,2.617,30.820446881650337,107.48571325221351,2145.1314967257385,1311.95114943034,699,699,1.0,1793.4485112514817,0.4224741716955968,deployment_scaling,large_plus,30,18,12,30,30,1.0,15.0,0.7,0.7,0.2,0.1,0.7,0.3,2.101507814000797
cybershake,700,3.0,reference,2,PBQS,NonSharable,PBQS-NonSharable,1035.1332202272738,2070.266440454548,1,3.0,downstream_reserved,1,queue_aware,1,1,1,0.0,3105.3996606818214,3105.3996606818214,3.0,30,30,1,1,1.0,0.0131829919992014,0,311,4,2.247588424437299,"{""1"":156,""3"":77,""4"":78}",0,0.0,0,583,116,0,0,0,0,0,0,0.0,0.0,0,0,0,0,0.0,0.0,0.915,1414.352371677602,3941.3929276073673,5408.011995825998,0.1729558457649895,0.1229375887529688,0.2229741027770101,0.3528714836141614,0.069777271294015,0.2022628658684792,0.0430223696878718,0.1276054958163198,0.0006191699040841,0.0042157280170458,53,1,1,1,1,0.0,1414.352371677602,0.8340486409155937,116,10.17843573099526,0.0071965345657973,0.0,36.00762743153886,2.298,33.709627431538856,38.962069675616405,2455.9855259545634,1414.352371677602,699,699,1.0,1691.0472890042197,0.4554493869452754,deployment_scaling,large_plus,30,18,12,30,30,1.0,15.0,0.7,0.7,0.2,0.1,0.7,0.3,10.493387910999443
cybershake,700,3.0,reference,2,PBQS,Sharable,PBQS-Sharable,1035.1332202272738,2070.266440454548,1,3.0,downstream_reserved,1,queue_aware,1,1,1,0.0,3105.3996606818214,3105.3996606818214,3.0,30,30,1,1,1.0,0.0130272200003673,0,311,4,2.247588424437299,"{""1"":156,""3"":77,""4"":78}",0,0.0,0,632,67,0,0,0,0,0,0,0.0,0.0,0,0,0,0,0.0,0.0,0.535,1941.382958663232,2764.9059038738737,3055.037948359012,0.3061318470040314,0.2175995320927548,0.394664161915308,0.6109416731230253,0.1270867871579493,0.1797277189455453,0.0783575315881139,0.1173024100812178,0.0012211522188689,0.0024461795076833,11,1,1,1,1,0.0,1941.382958663232,0.9041487839771102,67,10.431840136985556,0.0053734066689081,0.0,24.773912832302507,1.232,23.541912832302508,1487.2167503315536,2455.9855259545616,1941.382958663232,699,699,1.0,1164.0167020185895,0.6251636410100534,deployment_scaling,large_plus,30,18,12,30,30,1.0,15.0,0.7,0.7,0.2,0.1,0.7,0.3,10.653007362001516
cybershake,700,3.0,reference,3,HDS,NonSharable,HDS-NonSharable,1016.5174605909206,2033.034921181841,1,3.0,downstream_reserved,1,idle_only,1,1,1,0.0,3049.5523817727617,3049.5523817727617,3.0,30,30,1,1,1.0,0.0057861269997374,0,311,4,2.247588424437299,"{""1"":156,""3"":77,""4"":78}",32,0.0457796852646638,53,614,85,15,3,27,29,186,1282,0.0427665070019429,3.797168264004443e-13,0,0,0,32,0.0,0.0,0.735,1264.0709364679865,3703.8376094967766,5895.2128338181965,0.1905574463073235,0.1346194912100109,0.2464954014046362,0.4234739643684251,0.0439104907811765,0.1251882298705499,0.0248800590329984,0.0743315492618105,0.0006618762408409,0.0060412491598529,57,1,1,1,1,0.0,1264.0709364679865,0.8783977110157367,85,1.244089374980831,0.000984192689737,0.4088450589952117,32.709533821815995,2.551,30.158533821815997,31.29197138710361,2159.717218278968,1264.0709364679865,699,699,1.0,1785.4814453047754,0.4145103209321357,deployment_scaling,large_plus,30,18,12,30,30,1.0,15.0,0.7,0.7,0.2,0.1,0.7,0.3,1.557261728998128
cybershake,700,3.0,reference,3,HDS,Sharable,HDS-Sharable,1016.5174605909206,2033.034921181841,1,3.0,downstream_reserved,1,idle_only,1,1,1,0.0,3049.5523817727617,3049.5523817727617,3.0,30,30,1,1,1.0,0.0058473480021348,0,311,4,2.247588424437299,"{""1"":156,""3"":77,""4"":78}",52,0.0743919885550786,50,597,102,24,3,26,29,273,1427,0.0812404310017882,1.8907710516980292e-11,0,0,0,52,4.746425474877469e-12,1.3642420526593924e-12,0.75,1327.7342386449284,3757.987837297212,5959.294330754915,0.1948986850340769,0.1387039321816043,0.2510934378865496,0.4299391667270156,0.0356341731849883,0.1564297130338692,0.0198576142745304,0.0873493024160319,0.0005418521378449,0.0050038382706535,67,1,1,1,1,0.0,1327.7342386449284,0.8540772532188842,84,1.8006462170087616,0.0013561796966586,1.0258506900136126,33.10073564421948,2.509,30.59173564421948,89.52099097675251,2166.8934003041586,1327.7342386449284,699,699,1.0,1721.8181431278333,0.435386598564702,deployment_scaling,large_plus,30,18,12,30,30,1.0,15.0,0.7,0.7,0.2,0.1,0.7,0.3,2.110403186001349
cybershake,700,3.0,reference,3,PBQS,NonSharable,PBQS-NonSharable,1016.5174605909206,2033.034921181841,1,3.0,downstream_reserved,1,queue_aware,1,1,1,0.0,3049.5523817727617,3049.5523817727617,3.0,30,30,1,1,1.0,0.0105514930000936,0,311,4,2.247588424437299,"{""1"":156,""3"":77,""4"":78}",0,0.0,0,583,116,0,0,0,0,0,0,0.0,0.0,0,0,0,0,0.0,0.0,0.91,1399.7762772062904,3918.718961644686,5241.432893082657,0.1710612578849281,0.1244539732635729,0.2176685425062834,0.3509198616008882,0.0726399390124051,0.2541975033281934,0.0430432176850798,0.1339754007841425,0.0007203470901686,0.0046847915966039,43,1,1,1,1,0.0,1399.7762772062904,0.8340486409155937,116,10.334063979036728,0.0073826540335872,0.0,34.58891910945979,2.262,32.32691910945979,38.40545727755399,2442.402236742182,1399.7762772062904,699,699,1.0,1649.7761045664713,0.4590104061083792,deployment_scaling,large_plus,30,18,12,30,30,1.0,15.0,0.7,0.7,0.2,0.1,0.7,0.3,10.624675045000911
cybershake,700,3.0,reference,3,PBQS,Sharable,PBQS-Sharable,1016.5174605909206,2033.034921181841,1,3.0,downstream_reserved,1,queue_aware,1,1,1,0.0,3049.5523817727617,3049.5523817727617,3.0,30,30,1,1,1.0,0.0105408380004519,0,311,4,2.247588424437299,"{""1"":156,""3"":77,""4"":78}",0,0.0,0,632,67,0,0,0,0,0,0,0.0,0.0,0,0,0,0,0.0,0.0,0.515,1969.227617829021,2830.7339245616217,3065.462818916529,0.2993572012986242,0.2177944532112527,0.3809199493859957,0.6075627454582545,0.129085716763628,0.2431568801907301,0.0764904910746488,0.1416959780592014,0.0012113846992162,0.0022144418127133,11,1,1,1,1,0.0,1969.227617829021,0.9041487839771102,67,10.122592830030044,0.0051403873977705,0.0,24.97814372406408,1.21,23.76814372406408,1545.9304223872243,2442.402236742183,1969.227617829021,699,699,1.0,1080.324763943741,0.6457431686037386,deployment_scaling,large_plus,30,18,12,30,30,1.0,15.0,0.7,0.7,0.2,0.1,0.7,0.3,10.323951176000264
cybershake,700,3.0,reference,4,HDS,NonSharable,HDS-NonSharable,1012.385630718357,2024.7712614367144,1,3.0,downstream_reserved,1,idle_only,1,1,1,0.0,3037.156892155071,3037.156892155071,3.0,30,30,1,1,1.0,0.0054274029971566,0,311,4,2.247588424437299,"{""1"":156,""3"":77,""4"":78}",39,0.055793991416309,44,616,83,19,3,26,29,186,1282,0.044218267998076,3.0975387794910273e-13,0,0,0,39,5.773159728050814e-14,5.684341886080803e-14,0.7000000000000001,1271.2411243772792,3757.41821591568,5902.282656063725,0.1996953442207222,0.1402451276572231,0.2591455607842212,0.4364385301751401,0.0413735309649947,0.0900745654264926,0.0238777304065408,0.0604133819974663,0.0005873103541479,0.0050565519800719,64,1,1,1,1,0.0,1271.2411243772792,0.8812589413447782,83,1.2700667220451578,0.0009990761765729,0.5071630619859206,33.14332127660228,2.519,30.62432127660228,31.1133385683923,2173.463880272198,1271.2411243772792,699,699,1.0,1765.915767777792,0.4185628762415518,deployment_scaling,large_plus,30,18,12,30,30,1.0,15.0,0.7,0.7,0.2,0.1,0.7,0.3,1.573331935000169
cybershake,700,3.0,reference,4,HDS,Sharable,HDS-Sharable,1012.385630718357,2024.7712614367144,1,3.0,downstream_reserved,1,idle_only,1,1,1,0.0,3037.156892155071,3037.156892155071,3.0,30,30,1,1,1.0,0.00549537400002,0,311,4,2.247588424437299,"{""1"":156,""3"":77,""4"":78}",39,0.055793991416309,57,603,96,18,3,26,29,273,1427,0.0942658820022188,1.898811295341893e-13,0,0,0,39,2.671640686457977e-12,9.237055564881302e-13,0.705,1318.3726954930198,3705.036861123757,5846.399512591839,0.2031125852675016,0.1425819832707914,0.2636431872642118,0.4433710769163745,0.04006429050962,0.1417456994271668,0.0232720263651249,0.0923468191652367,0.0006299122809457,0.0051262525621696,57,1,1,1,1,0.0,1318.3726954930198,0.8626609442060086,82,1.5331957670205156,0.0011629456315819,0.7365799869839975,32.7282704382669,2.523,30.205270438266897,76.91991234229789,2181.3856984285626,1318.3726954930198,699,699,1.0,1718.7841966620513,0.4340811957717285,deployment_scaling,large_plus,30,18,12,30,30,1.0,15.0,0.7,0.7,0.2,0.1,0.7,0.3,1.8667211470019536
cybershake,700,3.0,reference,4,PBQS,NonSharable,PBQS-NonSharable,1012.385630718357,2024.7712614367144,1,3.0,downstream_reserved,1,queue_aware,1,1,1,0.0,3037.156892155071,3037.156892155071,3.0,30,30,1,1,1.0,0.0105407369992462,0,311,4,2.247588424437299,"{""1"":156,""3"":77,""4"":78}",0,0.0,0,589,110,0,0,0,0,0,0,0.0,0.0,0,0,0,0,0.0,0.0,0.865,1385.2454072450842,3972.954175034527,5512.039928956605,0.177480358484693,0.1284207189870505,0.2265399979823355,0.3639737683717575,0.0793130862317323,0.2126559122989877,0.0461922554223038,0.1200307399145572,0.000842159616283,0.0045576620242351,39,1,1,1,1,0.0,1385.2454072450842,0.8426323319027181,110,10.22045427998819,0.007378082054294,0.0,35.05161740124497,2.285,32.76661740124497,37.02057942020069,2402.2268712535997,1385.2454072450842,699,699,1.0,1651.911484909987,0.4560993904605822,deployment_scaling,large_plus,30,18,12,30,30,1.0,15.0,0.7,0.7,0.2,0.1,0.7,0.3,10.51381252599822
cybershake,700,3.0,reference,4,PBQS,Sharable,PBQS-Sharable,1012.385630718357,2024.7712614367144,1,3.0,downstream_reserved,1,queue_aware,1,1,1,0.0,3037.156892155071,3037.156892155071,3.0,30,30,1,1,1.0,0.0106730939987755,0,311,4,2.247588424437299,"{""1"":156,""3"":77,""4"":78}",0,0.0,0,635,64,0,0,0,0,0,0,0.0,0.0,0,0,0,0,0.0,0.0,0.475,1880.6921847827016,2714.971925556542,2996.075430000637,0.3138600023729308,0.2271019030507842,0.4006181016950774,0.6255799143889578,0.131442668281029,0.2070344347709237,0.076552730389115,0.1219344495178939,0.0013044973115638,0.002544318092233,10,1,1,1,1,0.0,1880.6921847827016,0.9084406294706724,64,10.357087157000931,0.0055070613047704,0.0,23.467750953729176,1.183,22.284750953729176,1429.5885575365623,2402.226871253598,1880.6921847827016,699,699,1.0,1156.4647073723695,0.6192278672334973,deployment_scaling,large_plus,30,18,12,30,30,1.0,15.0,0.7,0.7,0.2,0.1,0.7,0.3,10.560812236999482
cybershake,700,3.0,reference,5,HDS,NonSharable,HDS-NonSharable,988.7107912976044,1977.4215825952087,1,3.0,downstream_reserved,1,idle_only,1,1,1,0.0,2966.1323738928136,2966.1323738928136,3.0,30,30,1,1,1.0,0.0079953469976317,0,311,4,2.247588424437299,"{""1"":156,""3"":77,""4"":78}",36,0.0515021459227467,45,618,81,16,4,25,29,205,1405,0.0529116840007191,1.2861867085220885e-13,0,0,0,36,8.881784197001252e-16,8.881784197001252e-16,0.74,1205.127561301258,3835.0379016276406,6404.601678448424,0.1819285705632644,0.126850014644993,0.2370071264815359,0.4191097911420273,0.038339553433012,0.138206996325383,0.0216268430781125,0.0832823323899063,0.0007718785688849,0.0066376425948343,58,1,1,1,1,0.0,1205.127561301258,0.8841201716738197,81,1.3774361410105485,0.001142979536144,0.4596073750108189,35.2883778481081,2.661,32.6273778481081,31.04693970974964,2036.8735849502525,1205.127561301258,699,699,1.0,1761.0048125915555,0.4062959468392247,deployment_scaling,large_plus,30,18,12,30,30,1.0,15.0,0.7,0.7,0.2,0.1,0.7,0.3,1.7174929000029806
cybershake,700,3.0,reference,5,HDS,Sharable,HDS-Sharable,988.7107912976044,1977.4215825952087,1,3.0,downstream_reserved,1,idle_only,1,1,1,0.0,2966.1323738928136,2966.1323738928136,3.0,30,30,1,1,1.0,0.0054587589984294,0,311,4,2.247588424437299,"{""1"":156,""3"":77,""4"":78}",31,0.044349070100143,56,612,87,14,3,26,29,273,1427,0.0632648620012332,9.260273325646717e-14,0,0,0,31,2.0747847884194925e-12,9.094947017729282e-13,0.6900000000000001,1217.3469268047552,3849.432295854009,6395.826865337835,0.1961271684041737,0.1378415425170934,0.2544127942912539,0.4513331779776556,0.0484315957442843,0.1051885962213312,0.0263764518543638,0.0596170931206034,0.0007903913284476,0.0064554442341883,56,1,1,1,1,0.0,1217.3469268047552,0.8755364806866953,75,1.3869392739979958,0.0011393130778572,0.5775375359989994,35.397533001919044,2.655,32.74253300191904,55.71362933308726,2030.9993008994504,1217.3469268047552,699,699,1.0,1748.7854470880584,0.4104155760274056,deployment_scaling,large_plus,30,18,12,30,30,1.0,15.0,0.7,0.7,0.2,0.1,0.7,0.3,1.7215376130006916
cybershake,700,3.0,reference,5,PBQS,NonSharable,PBQS-NonSharable,988.7107912976044,1977.4215825952087,1,3.0,downstream_reserved,1,queue_aware,1,1,1,0.0,2966.1323738928136,2966.1323738928136,3.0,30,30,1,1,1.0,0.0107333539999672,0,311,4,2.247588424437299,"{""1"":156,""3"":77,""4"":78}",0,0.0,0,587,112,0,0,0,0,0,0,0.0,0.0,0,0,0,0,0.0,0.0,0.855,1362.9264531740257,4142.760367436258,5662.447495596023,0.1688639303681955,0.1216720772867493,0.2160557834496417,0.3521349108481376,0.0779640492367475,0.2123513167451859,0.0470590370012691,0.1343090547291714,0.000964498980868,0.0042939991149086,37,1,1,1,1,0.0,1362.9264531740257,0.8397711015736766,112,10.239998322009342,0.0075132435049316,0.0,37.67663406215771,2.276,35.40063406215771,36.54909344732408,2366.346600899485,1362.9264531740257,699,699,1.0,1603.205920718788,0.4594961658387796,deployment_scaling,large_plus,30,18,12,30,30,1.0,15.0,0.7,0.7,0.2,0.1,0.7,0.3,10.562436324998998
cybershake,700,3.0,reference,5,PBQS,Sharable,PBQS-Sharable,988.7107912976044,1977.4215825952087,1,3.0,downstream_reserved,1,queue_aware,1,1,1,0.0,2966.1323738928136,2966.1323738928136,3.0,30,30,1,1,1.0,0.0112011499986692,0,311,4,2.247588424437299,"{""1"":156,""3"":77,""4"":78}",0,0.0,0,633,66,0,0,0,0,0,0,0.0,0.0,0,0,0,0,0.0,0.0,0.505,1878.926698496621,2938.013203082056,3252.95316688762,0.2929272261489106,0.2110638075382387,0.3747906447595825,0.5975622729544149,0.1272446374141572,0.2119406131105522,0.0768047601286403,0.1229079460786972,0.001326412472891,0.0024516344623323,11,1,1,1,1,0.0,1878.926698496621,0.9055793991416308,66,10.417974555966794,0.0055446412913832,0.0,26.00489727003184,1.216,24.78889727003184,1430.6084556757548,2366.346600899483,1878.926698496621,699,699,1.0,1087.2056753961926,0.6334601634891562,deployment_scaling,large_plus,30,18,12,30,30,1.0,15.0,0.7,0.7,0.2,0.1,0.7,0.3,10.641371573998184
epigenomics,700,3.0,reference,1,HDS,NonSharable,HDS-NonSharable,1601.29722410562,3202.5944482112404,1,3.0000000000000004,downstream_reserved,1,idle_only,1,1,1,0.0,4803.89167231686,4803.89167231686,3.0000000000000004,30,30,1,1,1.0,0.0054303569995681,0,233,2,1.497854077253219,"{""1"":117,""2"":116}",2,0.0057306590257879,58,289,60,1,2,29,29,153,1099,0.0266232269968895,2.6466769338010074e-14,0,0,0,2,0.0,0.0,0.535,1728.7868573960502,1243.9889555993543,2004.786014692484,0.2409063457168944,0.1684759138215714,0.3133367776122175,0.5370396590882321,0.0591494364742726,0.1295886736493659,0.0298565088390691,0.0643066071703407,0.0007606916870588,0.0022550931382037,13,1,1,1,1,0.0,1728.7868573960502,0.828080229226361,60,0.4671170230067218,0.0002701993140497,0.0266232269968895,11.822582811784963,0.8130000000000001,11.009582811784965,23.37291124836208,1933.342772717636,1728.7868573960502,349,349,1.0,3075.10481492081,0.3598721568511716,deployment_scaling,large_plus,30,18,12,30,30,1.0,15.0,0.7,0.7,0.2,0.1,0.7,0.3,0.5643275100010214
epigenomics,700,3.0,reference,1,HDS,Sharable,HDS-Sharable,1601.29722410562,3202.5944482112404,1,3.0000000000000004,downstream_reserved,1,idle_only,1,1,1,0.0,4803.89167231686,4803.89167231686,3.0000000000000004,30,30,1,1,1.0,0.0054970160017546,0,233,2,1.497854077253219,"{""1"":117,""2"":116}",2,0.0057306590257879,58,289,60,1,2,29,29,182,1128,0.0455209079991618,0.0,0,0,0,2,0.0,0.0,0.535,1728.7868573960502,1243.9889555993543,2004.786014692484,0.2409063457168944,0.1684759138215714,0.3133367776122175,0.5370396590882321,0.0591494364742726,0.1370787647787981,0.0298565088390691,0.0647665267575102,0.0006592661287842,0.0022126246237891,15,1,1,1,1,0.0,1728.7868573960502,0.828080229226361,60,0.4945832659759617,0.0002860868960566,0.0455209079991618,11.822582811784963,0.8130000000000001,11.009582811784965,23.37291124836208,1933.342772717636,1728.7868573960502,349,349,1.0,3075.10481492081,0.3598721568511716,deployment_scaling,large_plus,30,18,12,30,30,1.0,15.0,0.7,0.7,0.2,0.1,0.7,0.3,0.5968098720004491
epigenomics,700,3.0,reference,1,PBQS,NonSharable,PBQS-NonSharable,1601.29722410562,3202.5944482112404,1,3.0000000000000004,downstream_reserved,1,queue_aware,1,1,1,0.0,4803.89167231686,4803.89167231686,3.0000000000000004,30,30,1,1,1.0,0.0105788939981721,0,233,2,1.497854077253219,"{""1"":117,""2"":116}",0,0.0,0,270,79,0,0,0,0,0,0,0.0,0.0,0,0,0,0,0.0,0.0,0.64,1814.452283900431,1371.011608625217,1792.772339387212,0.2162659955215642,0.1540444095382468,0.2784875815048816,0.4339130365709496,0.0667524524083004,0.1277072676521927,0.0349745407003484,0.0675183482088589,0.0005067768636636,0.0017298362596532,17,1,1,1,1,0.0,1814.452283900431,0.7736389684813754,79,4.450689786972362,0.0024529109012472,0.0,12.895779815418967,0.754,12.141779815418968,26.966758632570222,2056.747793346301,1814.452283900431,349,349,1.0,2989.439388416429,0.3777046627334421,deployment_scaling,large_plus,30,18,12,30,30,1.0,15.0,0.7,0.7,0.2,0.1,0.7,0.3,4.544641032000072
epigenomics,700,3.0,reference,1,PBQS,Sharable,PBQS-Sharable,1601.29722410562,3202.5944482112404,1,3.0000000000000004,downstream_reserved,1,queue_aware,1,1,1,0.0,4803.89167231686,4803.89167231686,3.0000000000000004,30,30,1,1,1.0,0.0105621889997564,0,233,2,1.497854077253219,"{""1"":117,""2"":116}",0,0.0,0,287,62,0,0,0,0,0,0,0.0,0.0,0,0,0,0,0.0,0.0,0.49,1948.5736703479809,1138.3665715135205,1327.4822651638196,0.2770908067620042,0.1973693997208787,0.3568122138031296,0.5528891917597585,0.0932367671579225,0.1149948840411034,0.0488508360380208,0.0637983016624398,0.0005970245207213,0.0013853249882374,11,1,1,1,1,0.0,1948.5736703479809,0.8223495702005731,62,4.394825666986435,0.0022554064718536,0.0,11.218243533911815,0.494,10.724243533911816,253.29399769991895,2056.747793346301,1948.5736703479809,349,349,1.0,2855.31800196888,0.40562398223443,deployment_scaling,large_plus,30,18,12,30,30,1.0,15.0,0.7,0.7,0.2,0.1,0.7,0.3,4.4702672910025285
epigenomics,700,3.0,reference,2,HDS,NonSharable,HDS-NonSharable,1611.4875982932228,3222.975196586446,1,3.0,downstream_reserved,1,idle_only,1,1,1,0.0,4834.462794879669,4834.462794879669,3.0,30,30,1,1,1.0,0.0066583650004758,0,233,2,1.497854077253219,"{""1"":117,""2"":116}",8,0.0229226361031518,54,287,62,4,2,28,29,153,1099,0.0490433240011043,0.0,0,0,0,8,0.0,0.0,0.55,1776.6800294457046,1249.6686427973293,1970.8562376544137,0.2437091966434343,0.1660358918325975,0.3213825014542711,0.5326688995728036,0.0441431722759108,0.1271393617739505,0.0240523935254523,0.0667391908739582,0.0005135788509695,0.002076997143337,18,1,1,1,1,0.0,1776.6800294457046,0.8223495702005731,62,0.5510256540583214,0.0003101434388443,0.1184241880037006,11.465874426280948,0.811,10.654874426280948,23.700400011755764,1981.5283064108291,1776.6800294457046,349,349,1.0,3057.7827654339644,0.3675030928622394,deployment_scaling,large_plus,30,18,12,30,30,1.0,15.0,0.7,0.7,0.2,0.1,0.7,0.3,0.6487449720007135
epigenomics,700,3.0,reference,2,HDS,Sharable,HDS-Sharable,1611.4875982932228,3222.975196586446,1,3.0,downstream_reserved,1,idle_only,1,1,1,0.0,4834.462794879669,4834.462794879669,3.0,30,30,1,1,1.0,0.0066166530014015,0,233,2,1.497854077253219,"{""1"":117,""2"":116}",2,0.0057306590257879,58,289,60,1,2,29,29,182,1128,0.0298130770024727,0.0,0,0,0,2,0.0,0.0,0.545,1742.526724488354,1225.76617375998,2018.8549818415493,0.2441706932716049,0.1656451900914514,0.3226961964517584,0.549460552559418,0.0851992311828971,0.1290497367482979,0.04524519401702,0.0665701157042629,0.0012057465821342,0.0024285286948545,8,1,1,1,1,0.0,1742.526724488354,0.828080229226361,59,0.4838858370167145,0.0002776920607394,0.0298130770024727,11.270654673982152,0.807,10.463654673982152,24.938948988263324,1945.0903560603397,1742.526724488354,349,349,1.0,3091.9360703913144,0.3604385426926687,deployment_scaling,large_plus,30,18,12,30,30,1.0,15.0,0.7,0.7,0.2,0.1,0.7,0.3,0.5836611810009344
epigenomics,700,3.0,reference,2,PBQS,NonSharable,PBQS-NonSharable,1611.4875982932228,3222.975196586446,1,3.0,downstream_reserved,1,queue_aware,1,1,1,0.0,4834.462794879669,4834.462794879669,3.0,30,30,1,1,1.0,0.0151245330016536,0,233,2,1.497854077253219,"{""1"":117,""2"":116}",0,0.0,0,264,85,0,0,0,0,0,0,0.0,0.0,0,0,0,0,0.0,0.0,0.65,1871.166815671666,1498.1844869017232,1864.266634477784,0.211637967668054,0.1465881591524012,0.2766877761837067,0.4185015616970091,0.0662315939675858,0.1324813602441821,0.0378458265427494,0.0798291596890474,0.0004499865082432,0.0016622359035654,21,1,1,1,1,0.0,1871.166815671666,0.7564469914040115,85,4.465017965972947,0.0023862212222752,0.0,14.46917012736436,0.771,13.69817012736436,27.972893255537816,2134.3579646547464,1871.166815671666,349,349,1.0,2963.295979208003,0.3870475159418907,deployment_scaling,large_plus,30,18,12,30,30,1.0,15.0,0.7,0.7,0.2,0.1,0.7,0.3,4.563393201002327
epigenomics,700,3.0,reference,2,PBQS,Sharable,PBQS-Sharable,1611.4875982932228,3222.975196586446,1,3.0,downstream_reserved,1,queue_aware,1,1,1,0.0,4834.462794879669,4834.462794879669,3.0,30,30,1,1,1.0,0.013008591999096,0,233,2,1.497854077253219,"{""1"":117,""2"":116}",0,0.0,0,283,66,0,0,0,0,0,0,0.0,0.0,0,0,0,0,0.0,0.0,0.515,1992.7653518873583,1307.7483879501942,1483.394436574726,0.2751293579684702,0.1905646068981216,0.3596941090388187,0.5389792840037239,0.0932852134325382,0.1358591024276262,0.0533047114689559,0.0837973706056933,0.0006285075543208,0.0014089340049149,10,1,1,1,1,0.0,1992.7653518873583,0.8108882521489972,66,4.423354625985667,0.0022197067114782,0.0,11.690512387503867,0.5710000000000001,11.119512387503868,246.1974933952154,2134.3579646547464,1992.7653518873583,349,349,1.0,2841.6974429923102,0.4121999561146605,deployment_scaling,large_plus,30,18,12,30,30,1.0,15.0,0.7,0.7,0.2,0.1,0.7,0.3,4.502372872000706
epigenomics,700,3.0,reference,3,HDS,NonSharable,HDS-NonSharable,1586.4392639491546,3172.8785278983096,1,3.0,downstream_reserved,1,idle_only,1,1,1,0.0,4759.317791847464,4759.317791847464,3.0,30,30,1,1,1.0,0.0055488030011474,0,233,2,1.497854077253219,"{""1"":117,""2"":116}",6,0.0171919770773638,53,290,59,3,2,28,29,153,1099,0.0275056500031496,0.0,0,0,0,6,2.273736754432321e-13,2.273736754432321e-13,0.535,1716.0142769698484,1163.0395332561272,1915.118969416476,0.2356719209822261,0.1609669090330814,0.3103769329313707,0.5389785456522406,0.0673402142730845,0.1428047974784151,0.0365535255526576,0.0715769246285782,0.0009229951065041,0.002277827498959,10,1,1,1,1,0.0,1716.0142769698484,0.830945558739255,59,0.537820641984581,0.0003134126849656,0.0708572370022011,10.655092314062266,0.833,9.822092314062266,23.168888410325756,1907.984051608932,1716.0142769698484,349,349,1.0,3043.3035148776157,0.3605588767174399,deployment_scaling,large_plus,30,18,12,30,30,1.0,15.0,0.7,0.7,0.2,0.1,0.7,0.3,0.6418470190001244
epigenomics,700,3.0,reference,3,HDS,Sharable,HDS-Sharable,1586.4392639491546,3172.8785278983096,1,3.0,downstream_reserved,1,idle_only,1,1,1,0.0,4759.317791847464,4759.317791847464,3.0,30,30,1,1,1.0,0.0054508969988091,0,233,2,1.497854077253219,"{""1"":117,""2"":116}",4,0.0114613180515759,57,288,61,2,2,29,29,182,1128,0.0305150419990241,0.0,0,0,0,4,0.0,0.0,0.535,1734.3739981595063,1190.871681172517,1892.417872105871,0.2373435760389892,0.1627437320612078,0.3119434200167706,0.5348993857843527,0.057136352345847,0.1265804986542145,0.0309686298927802,0.0649425935846733,0.0006448238072178,0.0022874161102406,14,1,1,1,1,0.0,1734.3739981595063,0.8252148997134671,60,0.5389998569953605,0.0003107748718369,0.0607040889990457,10.853749497393382,0.809,10.044749497393385,25.359760155723524,1925.6377888236696,1734.3739981595063,349,349,1.0,3024.9437936879576,0.3644165138815536,deployment_scaling,large_plus,30,18,12,30,30,1.0,15.0,0.7,0.7,0.2,0.1,0.7,0.3,0.642045495002094
epigenomics,700,3.0,reference,3,PBQS,NonSharable,PBQS-NonSharable,1586.4392639491546,3172.8785278983096,1,3.0,downstream_reserved,1,queue_aware,1,1,1,0.0,4759.317791847464,4759.317791847464,3.0,30,30,1,1,1.0,0.0108986400009598,0,233,2,1.497854077253219,"{""1"":117,""2"":116}",0,0.0,0,266,83,0,0,0,0,0,0,0.0,0.0,0,0,0,0,0.0,0.0,0.635,1858.930300824709,1435.4668059346254,1764.01145766166,0.2084506411322373,0.1448163424742109,0.2720849397902637,0.4195265992292911,0.0638267923346282,0.0971937306387217,0.0373696413552283,0.0659481162825903,0.0003709961651438,0.0012871068385227,23,1,1,1,1,0.0,1858.930300824709,0.7621776504297995,83,4.485026003952953,0.0024126918593791,0.0,13.38962078890632,0.772,12.61762078890632,27.38344195215595,2089.242464161869,1858.930300824709,349,349,1.0,2900.387491022754,0.3905875552183106,deployment_scaling,large_plus,30,18,12,30,30,1.0,15.0,0.7,0.7,0.2,0.1,0.7,0.3,4.59001192100186
epigenomics,700,3.0,reference,3,PBQS,Sharable,PBQS-Sharable,1586.4392639491546,3172.8785278983096,1,3.0,downstream_reserved,1,queue_aware,1,1,1,0.0,4759.317791847464,4759.317791847464,3.0,30,30,1,1,1.0,0.0107240500001353,0,233,2,1.497854077253219,"{""1"":117,""2"":116}",0,0.0,0,286,63,0,0,0,0,0,0,0.0,0.0,0,0,0,0,0.0,0.0,0.505,1949.8434140468687,1250.2672822137597,1393.6124102199285,0.2729199115855066,0.1896049020023174,0.3562349211686959,0.5527096466036692,0.0912762205061108,0.1323740461085557,0.053440874902365,0.0747763279618735,0.0005477335171835,0.0013175948262397,11,1,1,1,1,0.0,1949.8434140468687,0.8194842406876791,63,4.437371071009693,0.0022757576526619,0.0,11.102546892069068,0.542,10.560546892069068,243.56972521699575,2089.242464161869,1949.8434140468687,349,349,1.0,2809.474377800595,0.4096896864897064,deployment_scaling,large_plus,30,18,12,30,30,1.0,15.0,0.7,0.7,0.2,0.1,0.7,0.3,4.546112838001136
epigenomics,700,3.0,reference,4,HDS,NonSharable,HDS-NonSharable,1576.4397986972626,3152.8795973945253,1,3.0,downstream_reserved,1,idle_only,1,1,1,0.0,4729.319396091788,4729.319396091788,3.0,30,30,1,1,1.0,0.0054839069998706,0,233,2,1.497854077253219,"{""1"":117,""2"":116}",6,0.0171919770773638,53,290,59,3,2,28,29,153,1099,0.029696301997319,3.152785820003642e-14,0,0,0,6,0.0,0.0,0.535,1704.5816674591665,1171.3992220555615,1901.5620487098647,0.2432595691717833,0.1661615522846832,0.3203575860588835,0.5393664392132758,0.049229432295077,0.1369528322126059,0.0259920791623947,0.0674036694427478,0.0006106503791761,0.00228152881196,15,1,1,1,1,0.0,1704.5816674591665,0.830945558739255,59,0.528812073993322,0.0003102298259382,0.0828519889982999,10.569249010325924,0.797,9.772249010325924,23.258925919308187,1909.3571948149963,1704.5816674591665,349,349,1.0,3024.7377286326214,0.3604285362641816,deployment_scaling,large_plus,30,18,12,30,30,1.0,15.0,0.7,0.7,0.2,0.1,0.7,0.3,0.6325863839992962
epigenomics,700,3.0,reference,4,HDS,Sharable,HDS-Sharable,1576.4397986972626,3152.8795973945253,1,3.0,downstream_reserved,1,idle_only,1,1,1,0.0,4729.319396091788,4729.319396091788,3.0,30,30,1,1,1.0,0.0053661609999835,0,233,2,1.497854077253219,"{""1"":117,""2"":116}",8,0.0229226361031518,53,288,61,4,2,28,29,182,1128,0.0591524279989243,9.735046819767425e-12,0,0,0,8,3.1263880373444413e-13,2.273736754432321e-13,0.525,1715.464587716693,1173.5824112417242,1890.6021415554208,0.2483676041627715,0.1691312850420377,0.3276039232835053,0.5508764207025831,0.0486744365733395,0.1347658963248047,0.0262257575109811,0.0667097816151419,0.0005656584401936,0.0021178749758059,16,1,1,1,1,0.0,1715.464587716693,0.8252148997134671,58,0.591915879969747,0.0003450469827287,0.1671480709956085,10.586714523815225,0.797,9.789714523815224,29.441392254045727,1917.0499440449887,1715.464587716693,349,349,1.0,3013.854808375095,0.3627296961872182,deployment_scaling,large_plus,30,18,12,30,30,1.0,15.0,0.7,0.7,0.2,0.1,0.7,0.3,0.6906259409988706
epigenomics,700,3.0,reference,4,PBQS,NonSharable,PBQS-NonSharable,1576.4397986972626,3152.8795973945253,1,3.0,downstream_reserved,1,queue_aware,1,1,1,0.0,4729.319396091788,4729.319396091788,3.0,30,30,1,1,1.0,0.0108468230027938,0,233,2,1.497854077253219,"{""1"":117,""2"":116}",0,0.0,0,266,83,0,0,0,0,0,0,0.0,0.0,0,0,0,0,0.0,0.0,0.665,1800.1243599275217,1431.0719123563636,1856.1075743907645,0.2091022141222148,0.1460982998605328,0.2721061283838968,0.4137388987788912,0.0569004412151533,0.1362496417402987,0.0311147801459643,0.0748120983871783,0.0004034090556261,0.0018825485495848,21,1,1,1,1,0.0,1800.1243599275217,0.7621776504297995,83,4.592839858982188,0.0025514014260476,0.0,12.614630532732338,0.765,11.849630532732338,27.827013042005596,2060.4197159188784,1800.1243599275217,349,349,1.0,2929.195036164266,0.380630743911081,deployment_scaling,large_plus,30,18,12,30,30,1.0,15.0,0.7,0.7,0.2,0.1,0.7,0.3,4.696031281997421
epigenomics,700,3.0,reference,4,PBQS,Sharable,PBQS-Sharable,1576.4397986972626,3152.8795973945253,1,3.0,downstream_reserved,1,queue_aware,1,1,1,0.0,4729.319396091788,4729.319396091788,3.0,30,30,1,1,1.0,0.0105312719970243,0,233,2,1.497854077253219,"{""1"":117,""2"":116}",0,0.0,0,285,64,0,0,0,0,0,0,0.0,0.0,0,0,0,0,0.0,0.0,0.515,1941.0485864309096,1161.8298499097273,1317.6234494974915,0.2709793999338907,0.1893314702274252,0.3526273296403562,0.5365676343538746,0.0923463607848839,0.1326273736363525,0.0504976174479357,0.071460169249963,0.0005189075978977,0.001340335864787,11,1,1,1,1,0.0,1941.0485864309096,0.8166189111747851,64,4.554389204033214,0.0023463550762567,0.0,10.306409344860551,0.542,9.764409344860551,272.87310759392824,2060.4197159188784,1941.0485864309096,349,349,1.0,2788.270809660878,0.4104287369626488,deployment_scaling,large_plus,30,18,12,30,30,1.0,15.0,0.7,0.7,0.2,0.1,0.7,0.3,4.668038236002758
epigenomics,700,3.0,reference,5,HDS,NonSharable,HDS-NonSharable,1529.4177249742993,3058.835449948599,1,3.0000000000000004,downstream_reserved,1,idle_only,1,1,1,0.0,4588.253174922898,4588.253174922898,3.0000000000000004,30,30,1,1,1.0,0.0054934209983912,0,233,2,1.497854077253219,"{""1"":117,""2"":116}",6,0.0171919770773638,52,291,58,3,2,29,29,153,1099,0.0267141919975983,0.0,0,0,0,6,0.0,0.0,0.51,1709.4224146251609,1304.1139244136464,1995.804350073701,0.2428949148801795,0.1662917442261535,0.3194980855342055,0.5463406710385288,0.0576584910006695,0.1234423319346664,0.0318147557213941,0.0664348241300725,0.0007037256467069,0.0021669639338688,14,1,1,1,1,0.0,1709.4224146251609,0.833810888252149,58,0.5110354249773081,0.0002989521025377,0.0637365549991955,12.104978113904457,0.797,11.307978113904454,21.62099113873332,1901.2655352140805,1709.4224146251609,349,349,1.0,2878.830760297737,0.3725649717779329,deployment_scaling,large_plus,30,18,12,30,30,1.0,15.0,0.7,0.7,0.2,0.1,0.7,0.3,0.6123404950012628
epigenomics,700,3.0,reference,5,HDS,Sharable,HDS-Sharable,1529.4177249742993,3058.835449948599,1,3.0000000000000004,downstream_reserved,1,idle_only,1,1,1,0.0,4588.253174922898,4588.253174922898,3.0000000000000004,30,30,1,1,1.0,0.0056730090000201,0,233,2,1.497854077253219,"{""1"":117,""2"":116}",6,0.0171919770773638,54,289,60,3,2,29,29,182,1128,0.0334997870013467,0.0,0,0,0,6,0.0,0.0,0.515,1723.093166487601,1283.4221498178445,1957.1818240300536,0.2463068540321806,0.1693278769975967,0.3232858310667645,0.5490725660081354,0.0500314533363578,0.1215675729646861,0.0272949586570591,0.0649782293446908,0.0005643927284332,0.0021487403562319,17,1,1,1,1,0.0,1723.093166487601,0.828080229226361,58,0.5489275110085146,0.0003185709987623,0.0927882420000969,11.92344391713804,0.781,11.14244391713804,25.6344373638774,1910.7725297083111,1723.093166487601,349,349,1.0,2865.1600084352976,0.3755444830082978,deployment_scaling,large_plus,30,18,12,30,30,1.0,15.0,0.7,0.7,0.2,0.1,0.7,0.3,0.6475065480008197
epigenomics,700,3.0,reference,5,PBQS,NonSharable,PBQS-NonSharable,1529.4177249742993,3058.835449948599,1,3.0000000000000004,downstream_reserved,1,queue_aware,1,1,1,0.0,4588.253174922898,4588.253174922898,3.0000000000000004,30,30,1,1,1.0,0.01066663399979,0,233,2,1.497854077253219,"{""1"":117,""2"":116}",0,0.0,0,267,82,0,0,0,0,0,0,0.0,0.0,0,0,0,0,0.0,0.0,0.64,1823.098677077727,1550.7326936479983,1896.3777818909296,0.2055505329686396,0.1439264691496253,0.267174596787654,0.4205596717509471,0.0664506692845371,0.1258929855612861,0.0380582935714432,0.0774425692032977,0.0005203081410973,0.0014464622374602,21,1,1,1,1,0.0,1823.098677077727,0.7650429799426934,82,4.3513682809971215,0.0023867980026029,0.0,15.962901159844892,0.745,15.217901159844892,26.793614982318047,2069.15358501466,1823.098677077727,349,349,1.0,2765.154497845171,0.3973404708881093,deployment_scaling,large_plus,30,18,12,30,30,1.0,15.0,0.7,0.7,0.2,0.1,0.7,0.3,4.444887405999907
epigenomics,700,3.0,reference,5,PBQS,Sharable,PBQS-Sharable,1529.4177249742993,3058.835449948599,1,3.0000000000000004,downstream_reserved,1,queue_aware,1,1,1,0.0,4588.253174922898,4588.253174922898,3.0000000000000004,30,30,1,1,1.0,0.0112602080007491,0,233,2,1.497854077253219,"{""1"":117,""2"":116}",0,0.0,0,284,65,0,0,0,0,0,0,0.0,0.0,0,0,0,0,0.0,0.0,0.51,1935.910481526908,1375.2862387204286,1545.4848720357904,0.2642792566739653,0.1850483174780897,0.3435101958698408,0.5305522012858103,0.0938675587685369,0.1135583311185235,0.0537607694085178,0.0664119330121188,0.0007506746647602,0.0014348463580641,11,1,1,1,1,0.0,1935.910481526908,0.8137535816618912,65,4.350711277005757,0.0022473721375661,0.0,13.814698015411398,0.5640000000000001,13.250698015411398,216.8740297135286,2069.15358501466,1935.910481526908,349,349,1.0,2652.34269339599,0.4219275632189672,deployment_scaling,large_plus,30,18,12,30,30,1.0,15.0,0.7,0.7,0.2,0.1,0.7,0.3,4.430611943000258
inspiral,700,3.0,reference,1,HDS,NonSharable,HDS-NonSharable,1402.2193972691116,2804.438794538224,1,3.0000000000000004,downstream_reserved,1,idle_only,1,1,1,0.0,4206.658191807335,4206.658191807335,3.0000000000000004,30,30,1,1,1.0,0.0054646169992338,0,467,2,1.4989293361884368,"{""1"":234,""2"":233}",6,0.0085714285714285,57,637,63,3,2,28,28,148,1081,0.029074637001031,2.152881937767029e-13,0,0,0,6,7.105427357601002e-15,7.105427357601002e-15,0.53,1717.044470347024,2393.413812870679,3437.4956892298965,0.258395508701161,0.1849577798146795,0.3318332375876425,0.5704939707467277,0.050858738682521,0.1945233480047156,0.0277658130021416,0.1056670740798688,0.0007343953941039,0.0036943418163681,23,1,1,1,1,0.0,1717.044470347024,0.91,63,0.6162490509959753,0.0003589010428317,0.0740245660017535,21.761787214583418,1.441,20.32078721458342,23.012227942953267,2156.4672094226303,1717.044470347024,700,700,1.0,2489.613721460312,0.4081730418913162,deployment_scaling,large_plus,30,18,12,30,30,1.0,15.0,0.7,0.7,0.2,0.1,0.7,0.3,0.8310241470026085
inspiral,700,3.0,reference,1,HDS,Sharable,HDS-Sharable,1402.2193972691116,2804.438794538224,1,3.0000000000000004,downstream_reserved,1,idle_only,1,1,1,0.0,4206.658191807335,4206.658191807335,3.0000000000000004,30,30,1,1,1.0,0.0055208609992405,0,467,2,1.4989293361884368,"{""1"":234,""2"":233}",6,0.0085714285714285,60,634,66,3,2,28,28,176,1109,0.0355336060019908,5.5736907652957046e-14,0,0,0,6,8.597567102697212e-13,8.526512829121202e-13,0.545,1735.8154809922576,2425.465860287033,3579.5793717034576,0.257026578401708,0.1845621224234452,0.3294910343799708,0.5650020923582943,0.0657390861171115,0.1718880030789223,0.0356637758464555,0.0940329828785827,0.0008853106539967,0.0038940191071103,21,1,1,1,1,0.0,1735.8154809922576,0.9057142857142856,64,0.6158099019303336,0.000354766914268,0.0885402020030596,23.09921638963104,1.456,21.64321638963104,27.67302401745851,2169.60803465585,1735.8154809922576,700,700,1.0,2470.8427108150777,0.4126352562641861,deployment_scaling,large_plus,30,18,12,30,30,1.0,15.0,0.7,0.7,0.2,0.1,0.7,0.3,0.833525752001151
inspiral,700,3.0,reference,1,PBQS,NonSharable,PBQS-NonSharable,1402.2193972691116,2804.438794538224,1,3.0000000000000004,downstream_reserved,1,queue_aware,1,1,1,0.0,4206.658191807335,4206.658191807335,3.0000000000000004,30,30,1,1,1.0,0.0107633379993785,0,467,2,1.4989293361884368,"{""1"":234,""2"":233}",0,0.0,0,601,99,0,0,0,0,0,0,0.0,0.0,0,0,0,0,0.0,0.0,0.75,1985.043447562934,2960.999952672288,3547.1037761944654,0.2067875331654942,0.1530204247243446,0.2605546416066438,0.4221304412423758,0.0772525099173254,0.1901698463784069,0.0446635015668101,0.1085859242751457,0.000861813614627,0.0024101380216188,24,1,1,1,1,0.0,1985.043447562934,0.8585714285714285,99,8.40833242593726,0.0042358430170686,0.0,31.83751377928297,1.387,30.45051377928297,30.789949458333066,2507.454820979712,1985.043447562934,700,700,1.0,2221.614744244401,0.4718813264716633,deployment_scaling,large_plus,30,18,12,30,30,1.0,15.0,0.7,0.7,0.2,0.1,0.7,0.3,8.638488645003235
inspiral,700,3.0,reference,1,PBQS,Sharable,PBQS-Sharable,1402.2193972691116,2804.438794538224,1,3.0000000000000004,downstream_reserved,1,queue_aware,1,1,1,0.0,4206.658191807335,4206.658191807335,3.0000000000000004,30,30,1,1,1.0,0.0104207679978571,0,467,2,1.4989293361884368,"{""1"":234,""2"":233}",0,0.0,0,625,75,0,0,0,0,0,0,0.0,0.0,0,0,0,0,0.0,0.0,0.5700000000000001,2251.3416236136136,2576.242591890095,2777.5890546300807,0.2751012718005237,0.2035718150350657,0.3466307285659817,0.5572121824399362,0.1192008255294524,0.2153209986446253,0.068915900124117,0.1275912958854737,0.0011665688660105,0.0022141580915442,12,1,1,1,1,0.0,2251.3416236136136,0.8928571428571429,75,8.185228037935303,0.0036357112363947,0.0,26.756734423619136,1.077,25.679734423619134,512.1311172164834,2507.454820979713,2251.3416236136136,700,700,1.0,1955.3165681937217,0.5351852993424109,deployment_scaling,large_plus,30,18,12,30,30,1.0,15.0,0.7,0.7,0.2,0.1,0.7,0.3,8.40096698400157
inspiral,700,3.0,reference,2,HDS,NonSharable,HDS-NonSharable,1431.677964373344,2863.355928746688,1,3.0,downstream_reserved,1,idle_only,1,1,1,0.0,4295.033893120032,4295.033893120032,3.0,30,30,1,1,1.0,0.0066362320030748,0,467,2,1.4989293361884368,"{""1"":234,""2"":233}",10,0.0142857142857142,61,629,71,5,2,28,29,153,1099,0.0320202139992034,2.312589260986005e-14,0,0,0,10,2.273736754432321e-13,2.273736754432321e-13,0.6,1767.2132809977252,2434.9622363240105,3517.7822223721714,0.2407989730356044,0.1675242299264389,0.3140737161447698,0.5131923747014174,0.0498292897543678,0.1823516989659156,0.0292801769004663,0.1123441426014685,0.0007480176436259,0.0037111081205873,23,1,1,1,1,0.0,1767.2132809977252,0.8985714285714286,71,0.6844854690207285,0.0003873247651433,0.1163042059997678,22.780419387268413,1.511,21.26941938726841,25.770231696619053,2186.199516228038,1767.2132809977252,700,700,1.0,2527.820612122307,0.4114550257283237,deployment_scaling,large_plus,30,18,12,30,30,1.0,15.0,0.7,0.7,0.2,0.1,0.7,0.3,0.9198181200008548
inspiral,700,3.0,reference,2,HDS,Sharable,HDS-Sharable,1431.677964373344,2863.355928746688,1,3.0,downstream_reserved,1,idle_only,1,1,1,0.0,4295.033893120032,4295.033893120032,3.0,30,30,1,1,1.0,0.0064973360022122,0,467,2,1.4989293361884368,"{""1"":234,""2"":233}",6,0.0085714285714285,67,627,73,3,2,28,29,182,1128,0.0407378759991843,0.0,0,0,0,6,0.0,0.0,0.59,1743.2928557582643,2436.488709905077,3545.49754389293,0.2394993828426437,0.1657089633228362,0.3132898023624512,0.5133832867750182,0.0725162420061386,0.1639157398896041,0.0424900833401061,0.1037554244606132,0.0011278841849343,0.0038417313145476,16,1,1,1,1,0.0,1743.2928557582643,0.8957142857142857,70,0.6860587090013723,0.0003935418577178,0.1120698719969368,23.22270220986529,1.524,21.698702209865285,30.22698770782441,2156.2098044550767,1743.2928557582643,700,700,1.0,2551.741037361768,0.4058857040804136,deployment_scaling,large_plus,30,18,12,30,30,1.0,15.0,0.7,0.7,0.2,0.1,0.7,0.3,0.9038522800001374
inspiral,700,3.0,reference,2,PBQS,NonSharable,PBQS-NonSharable,1431.677964373344,2863.355928746688,1,3.0,downstream_reserved,1,queue_aware,1,1,1,0.0,4295.033893120032,4295.033893120032,3.0,30,30,1,1,1.0,0.0132731459998467,0,467,2,1.4989293361884368,"{""1"":234,""2"":233}",0,0.0,0,598,102,0,0,0,0,0,0,0.0,0.0,0,0,0,0,0.0,0.0,0.785,2007.179586746366,2885.7002091323334,3464.270817646748,0.2017075182325846,0.1446981039945455,0.2587169324706236,0.4105660006221352,0.0869411702737556,0.197000583836817,0.0532928641259106,0.124085571333229,0.0009069416214872,0.0025704869550121,24,1,1,1,1,0.0,2007.179586746366,0.8542857142857143,102,8.399593425980129,0.0041847742381616,0.0,33.12717808315589,1.395,31.73217808315589,32.17265349797148,2512.663923807468,2007.179586746366,700,700,1.0,2287.854306373666,0.4673256688291917,deployment_scaling,large_plus,30,18,12,30,30,1.0,15.0,0.7,0.7,0.2,0.1,0.7,0.3,8.616748969998298
inspiral,700,3.0,reference,2,PBQS,Sharable,PBQS-Sharable,1431.677964373344,2863.355928746688,1,3.0,downstream_reserved,1,queue_aware,1,1,1,0.0,4295.033893120032,4295.033893120032,3.0,30,30,1,1,1.0,0.013135400997271,0,467,2,1.4989293361884368,"{""1"":234,""2"":233}",0,0.0,0,624,76,0,0,0,0,0,0,0.0,0.0,0,0,0,0,0.0,0.0,0.5700000000000001,2267.195235910822,2486.405621545476,2665.6816424730337,0.2766784542128373,0.1984797001695094,0.3548772082561652,0.5510227903086553,0.1154553472880884,0.2155204711348185,0.0707713746693294,0.1313625050138083,0.0011141582897354,0.00236462579163,12,1,1,1,1,0.0,2267.195235910822,0.8914285714285715,76,8.17645480000283,0.0036064184815199,0.0,26.065527774150823,1.022,25.043527774150824,504.910297147938,2512.663923807468,2267.195235910822,700,700,1.0,2027.8386572092104,0.52786434108064,deployment_scaling,large_plus,30,18,12,30,30,1.0,15.0,0.7,0.7,0.2,0.1,0.7,0.3,8.370079442000133
inspiral,700,3.0,reference,3,HDS,NonSharable,HDS-NonSharable,1402.088342317457,2804.176684634914,1,3.0,downstream_reserved,1,idle_only,1,1,1,0.0,4206.265026952372,4206.265026952372,3.0,30,30,1,1,1.0,0.0066217899984621,0,467,2,1.4989293361884368,"{""1"":234,""2"":233}",8,0.0114285714285714,52,640,60,4,2,28,29,153,1099,0.0250990669992461,5.5531181709885295e-14,0,0,0,8,7.105427357601002e-15,7.105427357601002e-15,0.545,1642.4297444467013,2328.637777982688,3747.027646981092,0.2462076733325332,0.1708251198158056,0.3215902268492608,0.5650263702827019,0.0680844888190208,0.1617662009108547,0.0380985490755914,0.099196805303396,0.0015722154256947,0.0044479468554952,12,1,1,1,1,0.0,1642.4297444467013,0.9142857142857144,60,0.6286663349892478,0.0003827660434882,0.0818578500002331,21.26892160608117,1.629,19.63992160608117,23.258037330673663,2034.0949330177264,1642.4297444467013,700,700,1.0,2563.835282505671,0.3904722441221721,deployment_scaling,large_plus,30,18,12,30,30,1.0,15.0,0.7,0.7,0.2,0.1,0.7,0.3,0.8654335079991142
inspiral,700,3.0,reference,3,HDS,Sharable,HDS-Sharable,1402.088342317457,2804.176684634914,1,3.0,downstream_reserved,1,idle_only,1,1,1,0.0,4206.265026952372,4206.265026952372,3.0,30,30,1,1,1.0,0.0065869089994521,0,467,2,1.4989293361884368,"{""1"":234,""2"":233}",6,0.0085714285714285,60,634,66,3,2,28,29,182,1128,0.0385247099984553,0.0,0,0,0,6,3.987921104453562e-13,3.987921104453562e-13,0.56,1705.4568973522987,2299.9493392742143,3650.02045475846,0.2451446096076552,0.1724683316262893,0.317820887589021,0.5540193289531213,0.0716365938571511,0.1793100651631697,0.0395518105327678,0.1024493033852866,0.0012009639336812,0.0035591315472212,16,1,1,1,1,0.0,1705.4568973522987,0.9057142857142856,63,0.6417273980187019,0.000376278872257,0.1026466379989869,22.270460379613443,1.58,20.69046037961344,32.112724782556406,2094.1930634427986,1705.4568973522987,700,700,1.0,2500.808129600073,0.405456357700784,deployment_scaling,large_plus,30,18,12,30,30,1.0,15.0,0.7,0.7,0.2,0.1,0.7,0.3,0.8707817230024375
inspiral,700,3.0,reference,3,PBQS,NonSharable,PBQS-NonSharable,1402.088342317457,2804.176684634914,1,3.0,downstream_reserved,1,queue_aware,1,1,1,0.0,4206.265026952372,4206.265026952372,3.0,30,30,1,1,1.0,0.0134196740000334,0,467,2,1.4989293361884368,"{""1"":234,""2"":233}",0,0.0,0,596,104,0,0,0,0,0,0,0.0,0.0,0,0,0,0,0.0,0.0,0.8250000000000001,2014.2000319488648,2921.059393474415,3598.9917067942283,0.1953679539121974,0.1429267885167168,0.247809119307678,0.4031652700508837,0.0763296352924367,0.2211996289176437,0.0457640517670469,0.127910985780554,0.0009637358911111,0.0035384622464545,26,1,1,1,1,0.0,2014.2000319488648,0.8514285714285714,104,8.378611651962274,0.0041597713827138,0.0,36.11995722639119,1.407,34.71295722639118,33.29488630696607,2515.7512851175147,2014.2000319488648,700,700,1.0,2192.064995003507,0.4788571378747009,deployment_scaling,large_plus,30,18,12,30,30,1.0,15.0,0.7,0.7,0.2,0.1,0.7,0.3,8.629227123001328
inspiral,700,3.0,reference,3,PBQS,Sharable,PBQS-Sharable,1402.088342317457,2804.176684634914,1,3.0,downstream_reserved,1,queue_aware,1,1,1,0.0,4206.265026952372,4206.265026952372,3.0,30,30,1,1,1.0,0.0130826829990837,0,467,2,1.4989293361884368,"{""1"":234,""2"":233}",0,0.0,0,623,77,0,0,0,0,0,0,0.0,0.0,0,0,0,0,0.0,0.0,0.585,2323.986116900377,2364.6672570887526,2486.207434022903,0.2690593751246929,0.1968377701502153,0.3412809800991705,0.544534910198596,0.1157711387652442,0.1922055341771027,0.069411524990053,0.1183182099316166,0.0009854967288878,0.0019518511868248,12,1,1,1,1,0.0,2323.986116900377,0.89,77,8.213594741013367,0.0035342701409801,0.0,24.217602308844764,0.998,23.219602308844763,545.6810978791766,2515.7512851175134,2323.986116900377,700,700,1.0,1882.278910051995,0.5525058696988976,deployment_scaling,large_plus,30,18,12,30,30,1.0,15.0,0.7,0.7,0.2,0.1,0.7,0.3,8.427522068999679
inspiral,700,3.0,reference,4,HDS,NonSharable,HDS-NonSharable,1391.715208234628,2783.430416469256,1,3.0,downstream_reserved,1,idle_only,1,1,1,0.0,4175.145624703884,4175.145624703884,3.0,30,30,1,1,1.0,0.0055698249998386,0,467,2,1.4989293361884368,"{""1"":234,""2"":233}",2,0.0028571428571428,64,634,66,1,2,29,29,153,1099,0.0460528709991194,0.0,0,0,0,2,0.0,0.0,0.58,1676.1993602335265,2327.6458346431414,3529.865214681984,0.2364045051024322,0.1645484571438956,0.3082605530609688,0.5278726102052085,0.0614101291201758,0.1630422444292089,0.0346499387280264,0.0951763272047574,0.0010446926556318,0.004132816615528,17,1,1,1,1,0.0,1676.1993602335265,0.9057142857142856,66,0.6422592609997082,0.0003831640055692,0.0460528709991194,20.98948813835131,1.543,19.44648813835131,25.32054398345484,2090.375536412625,1676.1993602335265,700,700,1.0,2498.9462644703576,0.4014708733308933,deployment_scaling,large_plus,30,18,12,30,30,1.0,15.0,0.7,0.7,0.2,0.1,0.7,0.3,0.8754271699981473
inspiral,700,3.0,reference,4,HDS,Sharable,HDS-Sharable,1391.715208234628,2783.430416469256,1,3.0,downstream_reserved,1,idle_only,1,1,1,0.0,4175.145624703884,4175.145624703884,3.0,30,30,1,1,1.0,0.0054254589995252,0,467,2,1.4989293361884368,"{""1"":234,""2"":233}",2,0.0028571428571428,68,630,70,1,2,29,29,182,1128,0.0364566200005356,0.0,0,0,0,2,2.273736754432321e-13,2.273736754432321e-13,0.595,1729.2685918457692,2384.197873839223,3459.280006380168,0.2344099628808481,0.1637493173705851,0.3050706083911111,0.518141684926451,0.0729243181929649,0.1647515423776701,0.041991328204542,0.0968628067730485,0.0010875934741821,0.0035452052067461,15,1,1,1,1,0.0,1729.2685918457692,0.9,69,0.6385124080261448,0.0003692384231327,0.0364566200005356,20.88834268353316,1.486,19.40234268353316,28.546349260264247,2145.106575595507,1729.2685918457692,700,700,1.0,2445.877032858115,0.4141816231783328,deployment_scaling,large_plus,30,18,12,30,30,1.0,15.0,0.7,0.7,0.2,0.1,0.7,0.3,0.85923389600066
inspiral,700,3.0,reference,4,PBQS,NonSharable,PBQS-NonSharable,1391.715208234628,2783.430416469256,1,3.0,downstream_reserved,1,queue_aware,1,1,1,0.0,4175.145624703884,4175.145624703884,3.0,30,30,1,1,1.0,0.0112630829971749,0,467,2,1.4989293361884368,"{""1"":234,""2"":233}",0,0.0,0,597,103,0,0,0,0,0,0,0.0,0.0,0,0,0,0,0.0,0.0,0.81,1958.564286674868,2872.802843648504,3510.5978725056893,0.19532899499951,0.1415799409453135,0.2490780490537065,0.3974909777698946,0.0745540064357694,0.2402412237157146,0.0441050717719696,0.1239216322296135,0.0008067640797373,0.0027971057796859,27,1,1,1,1,0.0,1958.564286674868,0.8528571428571429,103,8.419093410026107,0.0042986045785198,0.0,31.775692454176333,1.444,30.33169245417633,32.18966336847036,2456.494242617949,1958.564286674868,700,700,1.0,2216.581338029016,0.4691008320970304,deployment_scaling,large_plus,30,18,12,30,30,1.0,15.0,0.7,0.7,0.2,0.1,0.7,0.3,8.651641280997865
inspiral,700,3.0,reference,4,PBQS,Sharable,PBQS-Sharable,1391.715208234628,2783.430416469256,1,3.0,downstream_reserved,1,queue_aware,1,1,1,0.0,4175.145624703884,4175.145624703884,3.0,30,30,1,1,1.0,0.0108636580007441,0,467,2,1.4989293361884368,"{""1"":234,""2"":233}",0,0.0,0,626,74,0,0,0,0,0,0,0.0,0.0,0,0,0,0,0.0,0.0,0.58,2232.717136295887,2398.1595461743013,2561.311277557284,0.2727567047290455,0.1977017193380504,0.3478116901200406,0.5532644690580968,0.1144493053351036,0.2045967266774588,0.067706553509041,0.1156092034512417,0.0009287808006615,0.0018811021265268,12,1,1,1,1,0.0,2232.717136295887,0.8942857142857142,74,8.493438469024113,0.0038040817311568,0.0,22.467580567506428,1.025,21.44258056750643,550.1995992968622,2456.4942426179496,2232.717136295887,700,700,1.0,1942.428488407997,0.5347638949609665,deployment_scaling,large_plus,30,18,12,30,30,1.0,15.0,0.7,0.7,0.2,0.1,0.7,0.3,8.707477515999926
inspiral,700,3.0,reference,5,HDS,NonSharable,HDS-NonSharable,1346.79105144562,2693.5821028912405,1,3.0,downstream_reserved,1,idle_only,1,1,1,0.0,4040.373154336861,4040.373154336861,3.0,30,30,1,1,1.0,0.0053786589996889,0,467,2,1.4989293361884368,"{""1"":234,""2"":233}",6,0.0085714285714285,59,635,65,3,2,29,29,153,1099,0.0245404449997295,9.999765178574717e-14,0,0,0,6,0.0,0.0,0.59,1633.9245387838096,2404.90630431238,3769.319520325261,0.2269671592473321,0.1568394526190538,0.2970948658756103,0.5207015226592687,0.0590770669711474,0.1587054433762557,0.0346109708053431,0.1045456164594772,0.0011093379820241,0.0045366473322079,18,1,1,1,1,0.0,1633.9245387838096,0.9071428571428573,65,0.6566883200030134,0.0004019085976221,0.0577048119994287,22.427971972108104,1.572,20.855971972108104,24.672898128150493,2030.735938371148,1633.9245387838096,700,700,1.0,2406.448615553051,0.4043994147000966,deployment_scaling,large_plus,30,18,12,30,30,1.0,15.0,0.7,0.7,0.2,0.1,0.7,0.3,0.9125089919980384
inspiral,700,3.0,reference,5,HDS,Sharable,HDS-Sharable,1346.79105144562,2693.5821028912405,1,3.0,downstream_reserved,1,idle_only,1,1,1,0.0,4040.373154336861,4040.373154336861,3.0,30,30,1,1,1.0,0.0056133889993361,0,467,2,1.4989293361884368,"{""1"":234,""2"":233}",4,0.0057142857142857,59,637,63,2,2,29,29,182,1128,0.0357142249995376,0.0,0,0,0,4,2.273736754432321e-13,2.273736754432321e-13,0.5650000000000001,1593.1660160368835,2364.870268486458,3825.491654597292,0.2364521311897943,0.1628453660991941,0.3100588962803945,0.5428070474933002,0.0813845373909817,0.1380970715220743,0.0470035067598378,0.0923482451382241,0.0016578771561515,0.004609699406046,13,1,1,1,1,0.0,1593.1660160368835,0.91,61,0.668642473017826,0.0004196941601108,0.0672993199987104,22.76810222834414,1.602,21.16610222834414,26.439676386386665,1986.673793825479,1593.1660160368835,700,700,1.0,2447.2071382999766,0.3943116032059586,deployment_scaling,large_plus,30,18,12,30,30,1.0,15.0,0.7,0.7,0.2,0.1,0.7,0.3,0.9080738769989694
inspiral,700,3.0,reference,5,PBQS,NonSharable,PBQS-NonSharable,1346.79105144562,2693.5821028912405,1,3.0,downstream_reserved,1,queue_aware,1,1,1,0.0,4040.373154336861,4040.373154336861,3.0,30,30,1,1,1.0,0.0109344680022331,0,467,2,1.4989293361884368,"{""1"":234,""2"":233}",0,0.0,0,601,99,0,0,0,0,0,0,0.0,0.0,0,0,0,0,0.0,0.0,0.77,1924.553226346315,2909.751748411977,3646.45078659539,0.1956589349742455,0.1410076092064894,0.2503102607420017,0.4071607675007545,0.0853585678475385,0.1764117867487649,0.0525659840221668,0.1074178234826615,0.0011149970713367,0.003099408969731,24,1,1,1,1,0.0,1924.553226346315,0.8585714285714285,99,8.32694731103038,0.0043266910974651,0.0,36.21749403620952,1.394,34.82349403620952,31.62513501105377,2418.5349589544817,1924.553226346315,700,700,1.0,2115.8199279905457,0.4763305647352239,deployment_scaling,large_plus,30,18,12,30,30,1.0,15.0,0.7,0.7,0.2,0.1,0.7,0.3,8.56191627500084
inspiral,700,3.0,reference,5,PBQS,Sharable,PBQS-Sharable,1346.79105144562,2693.5821028912405,1,3.0,downstream_reserved,1,queue_aware,1,1,1,0.0,4040.373154336861,4040.373154336861,3.0,30,30,1,1,1.0,0.0106599950013333,0,467,2,1.4989293361884368,"{""1"":234,""2"":233}",0,0.0,0,627,73,0,0,0,0,0,0,0.0,0.0,0,0,0,0,0.0,0.0,0.5750000000000001,2212.4389631419926,2312.515765832732,2451.9788214369,0.2674603790014916,0.1927535208418984,0.3421672371610848,0.5521769312681472,0.1113773825294483,0.2100889003914623,0.0685890339787674,0.1250036197531366,0.0010507428070695,0.0017182412414327,12,1,1,1,1,0.0,2212.4389631419926,0.8957142857142857,73,8.107473262953135,0.0036644957885931,0.0,23.926265463727745,0.905,23.021265463727744,540.3261417279145,2418.5349589544844,2212.4389631419926,700,700,1.0,1827.934191194868,0.5475828292659559,deployment_scaling,large_plus,30,18,12,30,30,1.0,15.0,0.7,0.7,0.2,0.1,0.7,0.3,8.29490069899839
montage,700,3.0,reference,1,HDS,NonSharable,HDS-NonSharable,933.6178891897728,1867.2357783795453,1,3.0,downstream_reserved,1,idle_only,1,1,1,0.0,2800.853667569318,2800.853667569318,3.0,30,30,1,1,1.0,0.0054236169999057,0,280,4,2.5,"{""1"":140,""4"":140}",29,0.0414285714285714,53,618,82,14,3,26,29,186,1282,0.0356032799973036,8.549242560173258e-14,0,0,0,29,0.0,0.0,0.7000000000000001,1168.1562187697964,4031.5085308265966,6577.997943289177,0.1993957240905953,0.1430190294119067,0.2557724187692839,0.4413614870946297,0.0455269912966933,0.1538402202169219,0.0248537208140997,0.0773998352990571,0.0007843236046218,0.0068565726233087,58,1,1,1,1,0.0,1168.1562187697964,0.8828571428571429,82,1.2024724239963689,0.0010293763836336,0.357416334998561,35.54890948378597,2.7805,32.76840948378597,30.630217056674297,2171.498516505578,1168.1562187697964,700,700,1.0,1632.6974487995217,0.4170714922724129,deployment_scaling,large_plus,30,18,12,30,30,1.0,15.0,0.7,0.7,0.2,0.1,0.7,0.3,1.5279734830000962
montage,700,3.0,reference,1,HDS,Sharable,HDS-Sharable,933.6178891897728,1867.2357783795453,1,3.0,downstream_reserved,1,idle_only,1,1,1,0.0,2800.853667569318,2800.853667569318,3.0,30,30,1,1,1.0,0.0053523200003837,0,280,4,2.5,"{""1"":140,""4"":140}",25,0.0357142857142857,59,616,84,12,3,26,29,273,1427,0.0553429210012836,3.3332546118763662e-06,0,0,0,25,5.684341886080801e-13,5.684341886080801e-13,0.71,1154.2759878987465,4033.6004590401394,6649.525259167379,0.2083183075493995,0.1488670088141787,0.2677696062846204,0.4653028669914588,0.0480564234229662,0.1503756905600085,0.0262384464134507,0.0843425139431433,0.0008460642920698,0.0069647973282777,55,1,1,1,1,0.0,1154.2759878987465,0.88,77,1.2706499379746674,0.0011008198656958,0.4148834810002881,35.62964490949431,2.8445,32.785144909494306,39.11043364569302,2149.69924550054,1154.2759878987465,700,700,1.0,1646.5776796705716,0.4121157778658493,deployment_scaling,large_plus,30,18,12,30,30,1.0,15.0,0.7,0.7,0.2,0.1,0.7,0.3,1.5967758459992183
montage,700,3.0,reference,1,PBQS,NonSharable,PBQS-NonSharable,933.6178891897728,1867.2357783795453,1,3.0,downstream_reserved,1,queue_aware,1,1,1,0.0,2800.853667569318,2800.853667569318,3.0,30,30,1,1,1.0,0.0108209639984124,0,280,4,2.5,"{""1"":140,""4"":140}",0,0.0,0,592,108,0,0,0,0,0,0,0.0,0.0,0,0,0,0,0.0,0.0,0.875,1302.3201626048174,4175.6441771833925,5792.214572232815,0.1853287718738814,0.1365900419917188,0.2340675017560439,0.380259510139131,0.0796664502608471,0.2545851782105118,0.0458985018606244,0.1307289500323614,0.0008566041109957,0.0040930234679244,42,1,1,1,1,0.0,1302.3201626048174,0.8457142857142858,108,10.502021904001596,0.0080640860869389,0.0,36.32599465464034,2.4045,33.92149465464034,35.91598993702664,2464.081625701569,1302.3201626048174,700,700,1.0,1498.5335049645007,0.4649725823537999,deployment_scaling,large_plus,30,18,12,30,30,1.0,15.0,0.7,0.7,0.2,0.1,0.7,0.3,10.80177175699646
montage,700,3.0,reference,1,PBQS,Sharable,PBQS-Sharable,933.6178891897728,1867.2357783795453,1,3.0,downstream_reserved,1,queue_aware,1,1,1,0.0,2800.853667569318,2800.853667569318,3.0,30,30,1,1,1.0,0.0104277690006711,0,280,4,2.5,"{""1"":140,""4"":140}",0,0.0,0,635,65,0,0,0,0,0,0,0.0,0.0,0,0,0,0,0.0,0.0,0.495,1816.5800119367884,2919.237856523478,3279.4019309129862,0.3166033186178807,0.2333413217358531,0.3998653154999083,0.631815801461941,0.1427837251540029,0.2135975984925396,0.0822624712559672,0.1205632890472363,0.0014726329976489,0.0027653838250434,10,1,1,1,1,0.0,1816.5800119367884,0.9071428571428573,65,10.485150948999944,0.0057719180438526,0.0,25.16274408936102,1.2925,23.87024408936102,1598.3611297668836,2464.08162570157,1816.5800119367884,700,700,1.0,984.2736556325297,0.6485808355397882,deployment_scaling,large_plus,30,18,12,30,30,1.0,15.0,0.7,0.7,0.2,0.1,0.7,0.3,10.707848243997432
montage,700,3.0,reference,2,HDS,NonSharable,HDS-NonSharable,916.2957074823446,1832.5914149646892,1,3.0000000000000004,downstream_reserved,1,idle_only,1,1,1,0.0,2748.887122447034,2748.887122447034,3.0000000000000004,30,30,1,1,1.0,0.0065661779990477,0,280,4,2.5,"{""1"":140,""4"":140}",32,0.0457142857142857,49,619,81,15,3,26,29,186,1282,0.0542064529981871,2.5909693714283454e-12,0,0,0,32,2.8421709430404014e-14,2.8421709430404014e-14,0.75,1146.8343110109856,4013.9197180986375,6663.200748314721,0.2003653395497924,0.1381252151217487,0.2626054639778362,0.4435632099910541,0.0432504136109111,0.1730340549427832,0.0255240382608428,0.1040714436015744,0.0009555839904061,0.0055682473722004,50,1,1,1,1,0.0,1146.8343110109856,0.8842857142857142,81,1.2278677160284133,0.0010706583368141,0.3844601470045745,36.45107712080119,2.8505000000000003,33.60057712080119,30.84865614907156,2155.717200556523,1146.8343110109856,700,700,1.0,1602.0528114360484,0.4171994919857183,deployment_scaling,large_plus,30,18,12,30,30,1.0,15.0,0.7,0.7,0.2,0.1,0.7,0.3,1.556218985999294
montage,700,3.0,reference,2,HDS,Sharable,HDS-Sharable,916.2957074823446,1832.5914149646892,1,3.0000000000000004,downstream_reserved,1,idle_only,1,1,1,0.0,2748.887122447034,2748.887122447034,3.0000000000000004,30,30,1,1,1.0,0.0065545209981792,0,280,4,2.5,"{""1"":140,""4"":140}",38,0.0542857142857142,60,602,98,18,3,26,29,273,1427,0.0707017770000675,1.895978490695717e-13,0,0,0,38,8.046896482483136e-13,4.547473508864641e-13,0.74,1231.602782915342,3985.514233532837,6386.51821615395,0.2056430185233051,0.1435129141242588,0.2677731229223514,0.4483624527871374,0.0438957055135234,0.1608412310335868,0.025793886262659,0.0940204175114882,0.0006401911390496,0.005315682687557,67,1,1,1,1,0.0,1231.602782915342,0.86,83,1.5428231690020766,0.0012526954229106,0.7005465140027809,36.22360050477185,2.7275,33.49610050477185,76.03483617861612,2232.8450148799443,1231.602782915342,700,700,1.0,1517.284339531692,0.4480368702149474,deployment_scaling,large_plus,30,18,12,30,30,1.0,15.0,0.7,0.7,0.2,0.1,0.7,0.3,1.8583608160006408
montage,700,3.0,reference,2,PBQS,NonSharable,PBQS-NonSharable,916.2957074823446,1832.5914149646892,1,3.0000000000000004,downstream_reserved,1,queue_aware,1,1,1,0.0,2748.887122447034,2748.887122447034,3.0000000000000004,30,30,1,1,1.0,0.0131957600024179,0,280,4,2.5,"{""1"":140,""4"":140}",0,0.0,0,585,115,0,0,0,0,0,0,0.0,0.0,0,0,0,0,0.0,0.0,0.925,1277.0786898418894,4152.623601820497,5834.777798128177,0.1785856008496771,0.1271720508229179,0.2299991508764364,0.3579207643633251,0.0709804662550335,0.2256505693840049,0.0436645257272223,0.1444716275091828,0.000877564463705,0.0051386180934432,44,1,1,1,1,0.0,1277.0786898418894,0.8357142857142857,115,10.4482649309939,0.0081813791226032,0.0,37.75180257238198,2.4695,35.28230257238198,37.71477085974986,2469.653274106943,1277.0786898418894,700,700,1.0,1471.8084326051446,0.4645802584665774,deployment_scaling,large_plus,30,18,12,30,30,1.0,15.0,0.7,0.7,0.2,0.1,0.7,0.3,10.77052339799775
montage,700,3.0,reference,2,PBQS,Sharable,PBQS-Sharable,916.2957074823446,1832.5914149646892,1,3.0000000000000004,downstream_reserved,1,queue_aware,1,1,1,0.0,2748.887122447034,2748.887122447034,3.0000000000000004,30,30,1,1,1.0,0.013535607002268,0,280,4,2.5,"{""1"":140,""4"":140}",0,0.0,0,636,64,0,0,0,0,0,0,0.0,0.0,0,0,0,0,0.0,0.0,0.51,1833.49918139254,2781.9267448599658,3093.384084207113,0.3233339299594154,0.2302483446478093,0.4164195152710216,0.6431388734653497,0.1359591620577487,0.2618097139041166,0.0836369869449986,0.1584752815788026,0.0012006766983624,0.0031707696130276,12,1,1,1,1,0.0,1833.49918139254,0.9085714285714286,64,10.493276504977985,0.0057230876410909,0.0,25.082625771445745,1.2475,23.835125771445743,1743.0094736727915,2469.6532741069427,1833.49918139254,700,700,1.0,915.387941054494,0.6669968971881158,deployment_scaling,large_plus,30,18,12,30,30,1.0,15.0,0.7,0.7,0.2,0.1,0.7,0.3,10.697352659997703
montage,700,3.0,reference,3,HDS,NonSharable,HDS-NonSharable,924.8929139557227,1849.7858279114453,1,3.0,downstream_reserved,1,idle_only,1,1,1,0.0,2774.6787418671684,2774.6787418671684,3.0,30,30,1,1,1.0,0.0054524700026377,0,281,4,2.494661921708185,"{""1"":141,""4"":140}",37,0.0528571428571428,47,616,84,18,3,26,29,186,1282,0.0471420230023795,1.965241621064631e-13,0,0,0,37,0.0,0.0,0.72,1171.9090822088,3985.093570851879,6412.982962523074,0.1944235252119593,0.1374031650218429,0.2514438854020758,0.4305931411962387,0.0448229557741024,0.1272765541040244,0.0256442859134398,0.0718690220174397,0.0007866276532111,0.0054875438285656,58,1,1,1,1,0.0,1171.9090822088,0.88,84,1.3968089980262448,0.001191909013448,0.5160360090012546,36.80503815128769,2.7605,34.04453815128769,30.984312047446583,2170.189431629043,1171.9090822088,700,700,1.0,1602.7696596583685,0.4223584750644629,deployment_scaling,large_plus,30,18,12,30,30,1.0,15.0,0.7,0.7,0.2,0.1,0.7,0.3,1.7227210809978717
montage,700,3.0,reference,3,HDS,Sharable,HDS-Sharable,924.8929139557227,1849.7858279114453,1,3.0,downstream_reserved,1,idle_only,1,1,1,0.0,2774.6787418671684,2774.6787418671684,3.0,30,30,1,1,1.0,0.0054982479996397,0,281,4,2.494661921708185,"{""1"":141,""4"":140}",45,0.0642857142857142,59,596,104,21,3,25,29,273,1427,0.0897707140029524,5.040635149111353e-06,0,0,0,45,2.0463630789890885e-12,4.547473508864641e-13,0.715,1235.9267412658432,3938.547330712648,6346.904703117742,0.2001939416490112,0.1418516380150571,0.2585362452829653,0.4409037487708698,0.050144698025857,0.1807784401525761,0.0287670124892473,0.1109339239022198,0.0009994481207577,0.0058244467555673,43,1,1,1,1,0.0,1235.9267412658432,0.8514285714285714,83,1.7851493239904812,0.0014443811792292,0.9300479630001064,36.52191479294251,2.7615,33.76041479294251,78.96927677842322,2195.7006688789315,1235.9267412658432,700,700,1.0,1538.752000601325,0.445430572778364,deployment_scaling,large_plus,30,18,12,30,30,1.0,15.0,0.7,0.7,0.2,0.1,0.7,0.3,2.1100557380013925
montage,700,3.0,reference,3,PBQS,NonSharable,PBQS-NonSharable,924.8929139557227,1849.7858279114453,1,3.0,downstream_reserved,1,queue_aware,1,1,1,0.0,2774.6787418671684,2774.6787418671684,3.0,30,30,1,1,1.0,0.0105706809990806,0,281,4,2.494661921708185,"{""1"":141,""4"":140}",0,0.0,0,586,114,0,0,0,0,0,0,0.0,0.0,0,0,0,0,0.0,0.0,0.915,1298.602252124393,4170.060592645237,5808.544449189204,0.1730774584480497,0.1263592467898484,0.219795670106251,0.3595990386186987,0.0885937474702036,0.2235553846266686,0.0522367167594057,0.1246781576627489,0.0008528913946595,0.0050666999276579,44,1,1,1,1,0.0,1298.602252124393,0.8371428571428572,114,10.410591981035395,0.0080167672310783,0.0,38.01616882693345,2.4415,35.574668826933454,39.84649181165282,2459.6574241518992,1298.602252124393,700,700,1.0,1476.076489742775,0.4680189574849747,deployment_scaling,large_plus,30,18,12,30,30,1.0,15.0,0.7,0.7,0.2,0.1,0.7,0.3,10.708299175999857
montage,700,3.0,reference,3,PBQS,Sharable,PBQS-Sharable,924.8929139557227,1849.7858279114453,1,3.0,downstream_reserved,1,queue_aware,1,1,1,0.0,2774.6787418671684,2774.6787418671684,3.0,30,30,1,1,1.0,0.0108370080015447,0,281,4,2.494661921708185,"{""1"":141,""4"":140}",0,0.0,0,634,66,0,0,0,0,0,0,0.0,0.0,0,0,0,0,0.0,0.0,0.495,1913.348931644308,2815.7813874088,3099.9860387163308,0.307300793571027,0.2243521320554451,0.3902494550866088,0.6211256121595707,0.1352905817093537,0.2693794808629143,0.0797701417850465,0.1579433941136936,0.0012811272446897,0.0026315290703918,11,1,1,1,1,0.0,1913.348931644308,0.9057142857142856,66,10.28160641298382,0.0053736180802881,0.0,25.946540683743063,1.2565,24.690040683743064,1881.4196131853853,2459.6574241519,1913.348931644308,700,700,1.0,861.3298102228605,0.6895749416946033,deployment_scaling,large_plus,30,18,12,30,30,1.0,15.0,0.7,0.7,0.2,0.1,0.7,0.3,10.478007025998522
montage,700,3.0,reference,4,HDS,NonSharable,HDS-NonSharable,933.0024105229184,1866.0048210458365,1,3.0,downstream_reserved,1,idle_only,1,1,1,0.0,2799.007231568755,2799.007231568755,3.0,30,30,1,1,1.0,0.0054057909983384,0,280,4,2.5,"{""1"":140,""4"":140}",64,0.0914285714285714,16,620,80,29,4,26,29,198,1375,0.0472403130006569,2.625979681475285e-13,0,0,0,64,1.5099033134902132e-14,1.4210854715202004e-14,0.745,1125.8197623651351,4006.887919418621,6765.232305474344,0.1907781492140101,0.1323538052740624,0.2492024931539577,0.4306044033087136,0.0328573501597324,0.0994264282493403,0.018529697760224,0.052527232685872,0.0006270836181723,0.0060276101596686,79,1,1,1,1,0.0,1125.8197623651351,0.8857142857142857,80,1.61364816198693,0.0014333095011558,0.8395070039987331,36.626412181071245,2.9205,33.70591218107125,31.371389525144068,2066.901135881825,1125.8197623651351,700,700,1.0,1673.1874692036197,0.4022210981334795,deployment_scaling,large_plus,30,18,12,30,30,1.0,15.0,0.7,0.7,0.2,0.1,0.7,0.3,1.975282594001328
montage,700,3.0,reference,4,HDS,Sharable,HDS-Sharable,933.0024105229184,1866.0048210458365,1,3.0,downstream_reserved,1,idle_only,1,1,1,0.0,2799.007231568755,2799.007231568755,3.0,30,30,1,1,1.0,0.005414423001639,0,280,4,2.5,"{""1"":140,""4"":140}",57,0.0814285714285714,49,594,106,25,3,26,29,273,1427,0.0960357039984955,9.141039987954208e-11,0,0,0,57,2.1923085569142129e-10,2.157207745767664e-10,0.725,1235.5371297408117,4070.6771293391257,6513.371344031914,0.2014980498584249,0.1421164594233024,0.2608796402935474,0.4388444429688998,0.0335075656466445,0.1315089490970133,0.0187638969641136,0.0742342002668104,0.000587968150286,0.0052350430944546,74,1,1,1,1,0.0,1235.5371297408117,0.8485714285714285,82,1.8390412230401123,0.0014884548418434,1.0556204370077469,36.992725860435286,2.7765,34.21622586043529,99.88797646646668,2159.114659406988,1235.5371297408117,700,700,1.0,1563.4701018279432,0.4414197704835269,deployment_scaling,large_plus,30,18,12,30,30,1.0,15.0,0.7,0.7,0.2,0.1,0.7,0.3,2.1904867090015614
montage,700,3.0,reference,4,PBQS,NonSharable,PBQS-NonSharable,933.0024105229184,1866.0048210458365,1,3.0,downstream_reserved,1,queue_aware,1,1,1,0.0,2799.007231568755,2799.007231568755,3.0,30,30,1,1,1.0,0.0112166629987768,0,280,4,2.5,"{""1"":140,""4"":140}",0,0.0,0,583,117,0,0,0,0,0,0,0.0,0.0,0,0,0,0,0.0,0.0,0.915,1298.8044909900875,4226.979152948491,5906.525449427804,0.1683751679197034,0.1229547326106333,0.2137956032287735,0.3438885707018125,0.0782894075532086,0.209448264187678,0.0443273503463291,0.1121143575397009,0.0008011133570908,0.0051212573908,47,1,1,1,1,0.0,1298.8044909900875,0.8328571428571429,117,10.521097795022795,0.0081006016440569,0.0,37.9311420493102,2.4645,35.4666420493102,39.527887936538825,2414.097766326724,1298.8044909900875,700,700,1.0,1500.202740578667,0.4640232709445873,deployment_scaling,large_plus,30,18,12,30,30,1.0,15.0,0.7,0.7,0.2,0.1,0.7,0.3,10.843675793999864
montage,700,3.0,reference,4,PBQS,Sharable,PBQS-Sharable,933.0024105229184,1866.0048210458365,1,3.0,downstream_reserved,1,queue_aware,1,1,1,0.0,2799.007231568755,2799.007231568755,3.0,30,30,1,1,1.0,0.0108014950019423,0,280,4,2.5,"{""1"":140,""4"":140}",0,0.0,0,635,65,0,0,0,0,0,0,0.0,0.0,0,0,0,0,0.0,0.0,0.485,1844.2320804941824,2720.1888844763844,2892.944912483591,0.3121956238511167,0.2279785667155494,0.396412680986684,0.6189994272632624,0.1102709742472472,0.2678552483379375,0.0624352675700946,0.1434037744142497,0.001034175203195,0.0030564054099159,13,1,1,1,1,0.0,1844.2320804941824,0.9071428571428573,65,10.847040443008154,0.0058816027319628,0.0,24.57281990153335,1.1605,23.41231990153335,1710.36324322903,2414.097766326724,1844.2320804941824,700,700,1.0,954.7751510745722,0.6588879298681015,deployment_scaling,large_plus,30,18,12,30,30,1.0,15.0,0.7,0.7,0.2,0.1,0.7,0.3,11.056169908999436
montage,700,3.0,reference,5,HDS,NonSharable,HDS-NonSharable,894.1496134205901,1788.2992268411804,1,3.0,downstream_reserved,1,idle_only,1,1,1,0.0,2682.4488402617703,2682.4488402617703,3.0,30,30,1,1,1.0,0.0054451579999295,0,281,4,2.494661921708185,"{""1"":141,""4"":140}",38,0.0542857142857142,41,621,79,17,4,26,29,205,1405,0.0447347879999142,7.613374448285356e-14,0,0,0,38,2.220446049250313e-14,1.4210854715202004e-14,0.68,1113.7006740758932,4152.196670733349,6995.29049286418,0.1896212860411384,0.132636058921797,0.2466065131604797,0.4329117695558745,0.0452980599958872,0.1373875271786135,0.0254471973793519,0.0852728026796958,0.0010347455027803,0.0078824679100351,50,1,1,1,1,0.0,1113.7006740758932,0.8871428571428571,79,1.3704671819723444,0.0012305525298433,0.4773016999970423,37.76158762012478,2.8865,34.87508762012478,29.77378853428815,2052.001787694845,1113.7006740758932,700,700,1.0,1568.7481661858772,0.4151805832640637,deployment_scaling,large_plus,30,18,12,30,30,1.0,15.0,0.7,0.7,0.2,0.1,0.7,0.3,1.7243315989981056
montage,700,3.0,reference,5,HDS,Sharable,HDS-Sharable,894.1496134205901,1788.2992268411804,1,3.0,downstream_reserved,1,idle_only,1,1,1,0.0,2682.4488402617703,2682.4488402617703,3.0,30,30,1,1,1.0,0.00546445800137,0,281,4,2.494661921708185,"{""1"":141,""4"":140}",29,0.0414285714285714,63,608,92,13,3,26,29,273,1427,0.0834323449998919,2.683416264072858e-13,0,0,0,29,1.2967404927621828e-12,3.872457909892546e-13,0.74,1142.1883410025334,4158.239482186788,6948.160768174035,0.1943538018320249,0.1362179045190842,0.2524896991449656,0.4357383942486644,0.0488454348472258,0.1418622394559828,0.0277438761604568,0.0977463373469045,0.0010440995577074,0.0062953157238897,48,1,1,1,1,0.0,1142.1883410025334,0.8685714285714285,79,1.4838210960224387,0.001299103696611,0.5778134009997302,37.775930111752295,2.8525,34.923430111752296,60.75875855406294,2065.399988738669,1142.1883410025334,700,700,1.0,1540.260499259237,0.4258006057222964,deployment_scaling,large_plus,30,18,12,30,30,1.0,15.0,0.7,0.7,0.2,0.1,0.7,0.3,1.827221149000252
montage,700,3.0,reference,5,PBQS,NonSharable,PBQS-NonSharable,894.1496134205901,1788.2992268411804,1,3.0,downstream_reserved,1,queue_aware,1,1,1,0.0,2682.4488402617703,2682.4488402617703,3.0,30,30,1,1,1.0,0.0104703529977996,0,281,4,2.494661921708185,"{""1"":141,""4"":140}",0,0.0,0,590,110,0,0,0,0,0,0,0.0,0.0,0,0,0,0,0.0,0.0,0.865,1252.4840888386668,4385.295180277548,6145.083714105535,0.1718884962128878,0.1231805531222233,0.2205964393035522,0.3601633604884187,0.0686747477043421,0.2196599636016946,0.042317610478009,0.1352002721221705,0.0008632748043525,0.0061110231323134,47,1,1,1,1,0.0,1252.4840888386668,0.8428571428571429,110,10.571037146015442,0.0084400570356284,0.0,39.16437569647837,2.4245,36.73987569647837,37.743775599826975,2377.0781792235634,1252.4840888386668,700,700,1.0,1429.9647514231035,0.4669181644919802,deployment_scaling,large_plus,30,18,12,30,30,1.0,15.0,0.7,0.7,0.2,0.1,0.7,0.3,10.875161722000485
montage,700,3.0,reference,5,PBQS,Sharable,PBQS-Sharable,894.1496134205901,1788.2992268411804,1,3.0,downstream_reserved,1,queue_aware,1,1,1,0.0,2682.4488402617703,2682.4488402617703,3.0,30,30,1,1,1.0,0.0107698979991255,0,281,4,2.494661921708185,"{""1"":141,""4"":140}",0,0.0,0,635,65,0,0,0,0,0,0,0.0,0.0,0,0,0,0,0.0,0.0,0.48,1846.496168978062,2913.5698134856543,3201.6329805217483,0.2990143632036693,0.2142828372022011,0.3837458892051376,0.6095072254419388,0.1281013105723538,0.1921225731513183,0.0789364583596508,0.1130784663841928,0.0013426204208513,0.0022427124141031,11,1,1,1,1,0.0,1846.496168978062,0.9071428571428573,65,10.547365834958327,0.0057120973290704,0.0,26.202572762143223,1.2365,24.966072762143224,1688.5574434915134,2377.078179223561,1846.496168978062,700,700,1.0,835.9526712837082,0.688362119442274,deployment_scaling,large_plus,30,18,12,30,30,1.0,15.0,0.7,0.7,0.2,0.1,0.7,0.3,10.74777729500056
cybershake,300,3.0,reference,1,HDS,NonSharable,HDS-NonSharable,441.0332244537506,882.0664489075014,1,3.0,downstream_reserved,1,idle_only,1,1,1,0.0,1323.099673361252,1323.099673361252,3.0,12,12,1,1,1.0,0.0004553879989543,0,134,4,2.238805970149253,"{""1"":67,""2"":1,""3"":33,""4"":33}",19,0.0633333333333333,17,264,36,9,3,9,11,78,408,0.0091721690005215,7.039324905427804e-14,0,0,0,19,5.684341886080803e-14,5.684341886080803e-14,0.31,549.6632492819494,1621.4300883745616,2600.7599460804745,0.1927468086388218,0.1360957381578911,0.2493978791197526,0.4397001132076293,0.0867298665471867,0.1315681407539441,0.0487732783560203,0.0825677378629372,0.0016916045576913,0.0064021975856593,23,1,1,1,1,0.0,549.6632492819494,0.88,36,0.126384026989399,0.0002299299201001,0.0590820929974142,14.754556865010692,1.2035,13.551056865010692,13.537556554884729,949.7522445284792,549.6632492819494,300,300,1.0,773.4364240793025,0.4154360101121969,deployment_scaling,medium,12,8,4,12,12,1.0,15.0,0.7,0.7,0.2,0.1,0.7,0.3,0.1752566479990491
cybershake,300,3.0,reference,1,HDS,Sharable,HDS-Sharable,441.0332244537506,882.0664489075014,1,3.0,downstream_reserved,1,idle_only,1,1,1,0.0,1323.099673361252,1323.099673361252,3.0,12,12,1,1,1.0,0.0004387340013636,0,134,4,2.238805970149253,"{""1"":67,""2"":1,""3"":33,""4"":33}",24,0.08,18,258,42,11,3,8,11,111,463,0.0114220190007472,4.262256446587341e-12,0,0,0,24,0.0,0.0,0.31,560.8840529080362,1631.6381801198577,2593.186244511229,0.2046177726998219,0.1452689341366865,0.2639666112629573,0.4568616532148123,0.0684770886534459,0.1762505373988059,0.0383340532710115,0.08990985515146,0.001357875890209,0.0075109379442955,28,1,1,1,1,0.0,560.8840529080362,0.86,35,0.1437931200161983,0.0002563687080612,0.0821334309985104,14.82822159897306,1.1955,13.63272159897306,29.75955217389074,959.409471751106,560.8840529080362,300,300,1.0,762.2156204532157,0.4239167042367605,deployment_scaling,medium,12,8,4,12,12,1.0,15.0,0.7,0.7,0.2,0.1,0.7,0.3,0.1918610540014924
cybershake,300,3.0,reference,1,PBQS,NonSharable,PBQS-NonSharable,441.0332244537506,882.0664489075014,1,3.0,downstream_reserved,1,queue_aware,1,1,1,0.0,1323.099673361252,1323.099673361252,3.0,12,12,1,1,1.0,0.000789646001067,0,134,4,2.238805970149253,"{""1"":67,""2"":1,""3"":33,""4"":33}",0,0.0,0,251,49,0,0,0,0,0,0,0.0,0.0,0,0,0,0,0.0,0.0,0.4,597.3342202606177,1691.7206271191003,2314.1290465911743,0.1757452035764664,0.1278551736384569,0.2236352335144758,0.3628629500502991,0.0915136221269408,0.2184170432140774,0.0536625429587167,0.133459621641285,0.0010654363940739,0.0059035307567657,30,1,1,1,1,0.0,597.3342202606177,0.8366666666666667,49,0.2586903539740888,0.000433074726342,0.0,15.194881174967003,1.0815,14.113381174967005,16.27712399994341,1066.8170731478797,597.3342202606177,300,300,1.0,725.7654531006342,0.4514657756230318,deployment_scaling,medium,12,8,4,12,12,1.0,15.0,0.7,0.7,0.2,0.1,0.7,0.3,0.303538190000836
cybershake,300,3.0,reference,1,PBQS,Sharable,PBQS-Sharable,441.0332244537506,882.0664489075014,1,3.0,downstream_reserved,1,queue_aware,1,1,1,0.0,1323.099673361252,1323.099673361252,3.0,12,12,1,1,1.0,0.0008430859998043,0,134,4,2.238805970149253,"{""1"":67,""2"":1,""3"":33,""4"":33}",0,0.0,0,271,29,0,0,0,0,0,0,0.0,0.0,0,0,0,0,0.0,0.0,0.23,822.1357726477052,1178.3694846571734,1287.42676166732,0.3065323318194181,0.2230032098345179,0.3900614538043182,0.6131132604298156,0.1329809988449322,0.2226213637372813,0.0779785391218651,0.1298896929646677,0.0013232644306811,0.0024186879421733,10,1,1,1,1,0.0,822.1357726477052,0.9033333333333332,29,0.2626798119781597,0.0003195090406201,0.0,10.526072035271586,0.5195,10.006572035271583,603.2197621140222,1066.8170731478792,822.1357726477052,300,300,1.0,500.9639007135468,0.6213710041656353,deployment_scaling,medium,12,8,4,12,12,1.0,15.0,0.7,0.7,0.2,0.1,0.7,0.3,0.3201495979992614
cybershake,300,3.0,reference,2,HDS,NonSharable,HDS-NonSharable,439.8477873170266,879.6955746340532,1,3.0,downstream_reserved,1,idle_only,1,1,1,0.0,1319.5433619510798,1319.5433619510798,3.0,12,12,1,1,1.0,0.0004406460029713,0,134,4,2.238805970149253,"{""1"":67,""2"":1,""3"":33,""4"":33}",18,0.06,18,264,36,8,3,8,11,78,408,0.0216480380004213,2.290852966523228e-13,0,0,0,18,1.7763568394002505e-15,8.881784197001252e-16,0.325,527.587350462072,1648.2016528881738,2663.1085479530034,0.1907230845939146,0.135034075642154,0.2464120935456752,0.4148432828296353,0.0606343806356238,0.1679091822866733,0.0336510713048533,0.0850222937963184,0.0014827901209576,0.0086961767599436,29,1,1,1,1,0.0,527.587350462072,0.88,36,0.1583410750099574,0.0003001229556987,0.0802265519996581,15.800982864494753,1.2335,14.567482864494751,12.976653708265362,896.0614909120123,527.587350462072,300,300,1.0,791.9560114890078,0.3998257015835995,deployment_scaling,medium,12,8,4,12,12,1.0,15.0,0.7,0.7,0.2,0.1,0.7,0.3,0.2091999649965146
cybershake,300,3.0,reference,2,HDS,Sharable,HDS-Sharable,439.8477873170266,879.6955746340532,1,3.0,downstream_reserved,1,idle_only,1,1,1,0.0,1319.5433619510798,1319.5433619510798,3.0,12,12,1,1,1.0,0.0004166299986536,0,134,4,2.238805970149253,"{""1"":67,""2"":1,""3"":33,""4"":33}",28,0.0933333333333333,21,251,49,13,3,9,11,111,463,0.0230306560006283,1.1091972617113269e-13,0,0,0,28,4.982680934517704e-13,1.7053025658242404e-13,0.335,601.3840357482338,1703.3981236471448,2528.936558697933,0.1987909096490028,0.1426892397879289,0.2548925795100767,0.4150290866563991,0.1038626963604911,0.1664409442712106,0.0604382001242966,0.109161099618081,0.0017244515760129,0.0060001404700266,21,1,1,1,1,0.0,601.3840357482338,0.8366666666666667,39,0.1728656599916576,0.0002874463732256,0.1142756070003088,16.21497888154822,1.1235,15.09147888154822,42.84132158683001,971.168062775974,601.3840357482338,300,300,1.0,718.1593262028459,0.4557516282443542,deployment_scaling,medium,12,8,4,12,12,1.0,15.0,0.7,0.7,0.2,0.1,0.7,0.3,0.2230728430004092
cybershake,300,3.0,reference,2,PBQS,NonSharable,PBQS-NonSharable,439.8477873170266,879.6955746340532,1,3.0,downstream_reserved,1,queue_aware,1,1,1,0.0,1319.5433619510798,1319.5433619510798,3.0,12,12,1,1,1.0,0.0007854400028008,0,135,4,2.22962962962963,"{""1"":68,""2"":1,""3"":33,""4"":33}",0,0.0,0,248,52,0,0,0,0,0,0,0.0,0.0,0,0,0,0,0.0,0.0,0.415,596.5468114329151,1764.108886266168,2395.493166178652,0.1658275273425719,0.1207133935708806,0.2109416611142632,0.3296600772157189,0.0714060089992845,0.2070752182621614,0.042278353240452,0.1342889350530265,0.0008413671467416,0.0056219939526862,42,1,1,1,1,0.0,596.5468114329151,0.8266666666666667,52,0.2589081909827655,0.0004340115243611,0.0,16.806545907405734,1.0445,15.762045907405737,18.882079828522183,1028.539440913043,596.5468114329151,300,300,1.0,722.9965505181647,0.452085796218822,deployment_scaling,medium,12,8,4,12,12,1.0,15.0,0.7,0.7,0.2,0.1,0.7,0.3,0.3037014530018496
cybershake,300,3.0,reference,2,PBQS,Sharable,PBQS-Sharable,439.8477873170266,879.6955746340532,1,3.0,downstream_reserved,1,queue_aware,1,1,1,0.0,1319.5433619510798,1319.5433619510798,3.0,12,12,1,1,1.0,0.0008032059995457,0,134,4,2.238805970149253,"{""1"":67,""2"":1,""3"":33,""4"":33}",0,0.0,0,271,29,0,0,0,0,0,0,0.0,0.0,0,0,0,0,0.0,0.0,0.23,837.8428051380714,1258.1269283943427,1383.529250435002,0.2939669802891048,0.2139919249665611,0.3739420356116485,0.5911146212143925,0.1271032785757869,0.2227822350487909,0.0752558136907014,0.1255798038273651,0.0014859713025545,0.0028760555193442,10,1,1,1,1,0.0,837.8428051380714,0.9033333333333332,29,0.2772751349875761,0.0003309393281021,0.0,11.968385068544103,0.5215,11.446885068544104,651.0018605367968,1028.5394409130429,837.8428051380714,300,300,1.0,481.7005568130084,0.6349490507831703,deployment_scaling,medium,12,8,4,12,12,1.0,15.0,0.7,0.7,0.2,0.1,0.7,0.3,0.315409662998718
cybershake,300,3.0,reference,3,HDS,NonSharable,HDS-NonSharable,424.6106127050563,849.2212254101125,1,3.0,downstream_reserved,1,idle_only,1,1,1,0.0,1273.831838115169,1273.831838115169,3.0,12,12,1,1,1.0,0.0004383530031191,0,134,4,2.238805970149253,"{""1"":67,""2"":1,""3"":33,""4"":33}",17,0.0566666666666666,23,260,40,7,3,8,11,78,408,0.0091616680001607,0.0,0,0,0,17,0.0,0.0,0.36,539.8145222287952,1610.1021940854696,2528.835319931777,0.1728156739352599,0.1242105355097646,0.2214208123607553,0.3759162717713254,0.0623516134644119,0.1464941180545144,0.0345900474688932,0.0937253667925729,0.0012147054494898,0.0076140461097288,32,1,1,1,1,0.0,539.8145222287952,0.8666666666666667,40,0.1408352250000462,0.0002608955839471,0.0563814009983616,14.912535532912552,1.2795,13.633035532912553,13.74204922440528,902.1990522511812,539.8145222287952,300,300,1.0,734.0173158863737,0.4237722013821967,deployment_scaling,medium,12,8,4,12,12,1.0,15.0,0.7,0.7,0.2,0.1,0.7,0.3,0.1913898230013728
cybershake,300,3.0,reference,3,HDS,Sharable,HDS-Sharable,424.6106127050563,849.2212254101125,1,3.0,downstream_reserved,1,idle_only,1,1,1,0.0,1273.831838115169,1273.831838115169,3.0,12,12,1,1,1.0,0.0004502699994191,0,134,4,2.238805970149253,"{""1"":67,""2"":1,""3"":33,""4"":33}",21,0.07,28,251,49,9,3,9,11,111,463,0.0390471079990675,0.0,0,0,0,21,4.032330025438569e-13,1.4743761767022081e-13,0.37,588.0965384393502,1597.1604058291543,2434.5374820444003,0.1782321925760607,0.1281637851051036,0.2283006000470178,0.3929485615253984,0.0845766956955004,0.1977854055986491,0.0481489445801892,0.1238422797719434,0.0016095351869094,0.0059061551977848,22,1,1,1,1,0.0,588.0965384393502,0.8366666666666667,39,0.2167120949598029,0.0003684974843329,0.1492974149987276,15.0109250996656,1.1835,13.8274250996656,43.52301022045706,919.4996339694324,588.0965384393502,300,300,1.0,685.7352996758187,0.4616751763007666,deployment_scaling,medium,12,8,4,12,12,1.0,15.0,0.7,0.7,0.2,0.1,0.7,0.3,0.2650481870005023
cybershake,300,3.0,reference,3,PBQS,NonSharable,PBQS-NonSharable,424.6106127050563,849.2212254101125,1,3.0,downstream_reserved,1,queue_aware,1,1,1,0.0,1273.831838115169,1273.831838115169,3.0,12,12,1,1,1.0,0.0007640779986104,0,134,4,2.238805970149253,"{""1"":67,""2"":1,""3"":33,""4"":33}",0,0.0,0,249,51,0,0,0,0,0,0,0.0,0.0,0,0,0,0,0.0,0.0,0.405,592.4571487532412,1709.597938554226,2287.6430647338584,0.162374546282271,0.1192263905367709,0.205522702027771,0.3322954295694362,0.0718127789933134,0.2496521171237737,0.0423927973392142,0.135034888836556,0.0007924668904602,0.0045442786879306,46,1,1,1,1,0.0,592.4571487532412,0.83,51,0.281133594984567,0.0004745213988491,0.0,16.78438175089207,1.0835,15.70088175089207,16.0632899915093,1016.8240144824748,592.4571487532412,300,300,1.0,681.3746893619277,0.4650983991967677,deployment_scaling,medium,12,8,4,12,12,1.0,15.0,0.7,0.7,0.2,0.1,0.7,0.3,0.3260070249998534
cybershake,300,3.0,reference,3,PBQS,Sharable,PBQS-Sharable,424.6106127050563,849.2212254101125,1,3.0,downstream_reserved,1,queue_aware,1,1,1,0.0,1273.831838115169,1273.831838115169,3.0,12,12,1,1,1.0,0.0007483550034521,0,134,4,2.238805970149253,"{""1"":67,""2"":1,""3"":33,""4"":33}",0,0.0,0,271,29,0,0,0,0,0,0,0.0,0.0,0,0,0,0,0.0,0.0,0.22,836.9737441546487,1210.898224519593,1290.243636664593,0.2869875701733162,0.210725713506851,0.3632494268397814,0.5843816175186638,0.127082822440855,0.2217679949425265,0.0750200230732212,0.1252446442461209,0.0013231200083499,0.0024791681260275,10,1,1,1,1,0.0,836.9737441546487,0.9033333333333332,29,0.2721936760099197,0.0003252117260677,0.0,10.93490377638554,0.4955,10.43940377638554,689.4530535772417,1016.824014482475,836.9737441546487,300,300,1.0,436.85809396052025,0.6570519899966394,deployment_scaling,medium,12,8,4,12,12,1.0,15.0,0.7,0.7,0.2,0.1,0.7,0.3,0.3093462149990955
cybershake,300,3.0,reference,4,HDS,NonSharable,HDS-NonSharable,444.3173475642113,888.6346951284227,1,3.0,downstream_reserved,1,idle_only,1,1,1,0.0,1332.952042692634,1332.952042692634,3.0,12,12,1,1,1.0,0.0004194040011498,0,134,4,2.238805970149253,"{""1"":67,""2"":1,""3"":33,""4"":33}",30,0.1,12,258,42,12,3,8,11,78,408,0.008830199996737,2.260593802604616e-13,0,0,0,30,1.3322676295501878e-15,8.881784197001252e-16,0.37,571.1312578760893,1684.586118024563,2600.9788195420174,0.1766453176879326,0.1284768174536568,0.2248138179222084,0.3828970048150389,0.0581357818887226,0.1354503746469761,0.0316010590700977,0.0719045871352222,0.0010778097373496,0.0061752352029708,35,1,1,1,1,0.0,571.1312578760893,0.86,42,0.1631537670182297,0.0002856677248325,0.0856166220000886,15.45633747438736,1.2425,14.21383747438736,15.157091810684255,964.900452133898,571.1312578760893,300,300,1.0,761.8207848165447,0.4284709723857535,deployment_scaling,medium,12,8,4,12,12,1.0,15.0,0.7,0.7,0.2,0.1,0.7,0.3,0.2150025199989613
cybershake,300,3.0,reference,4,HDS,Sharable,HDS-Sharable,444.3173475642113,888.6346951284227,1,3.0,downstream_reserved,1,idle_only,1,1,1,0.0,1332.952042692634,1332.952042692634,3.0,12,12,1,1,1.0,0.0004365300010249,0,134,4,2.238805970149253,"{""1"":67,""2"":1,""3"":33,""4"":33}",22,0.0733333333333333,22,256,44,10,3,9,11,111,463,0.0304566800004977,2.086308136208573e-11,0,0,0,22,5.697664562376303e-13,2.842170943040401e-13,0.315,581.3493363107837,1665.1515299884618,2564.413124940725,0.2047853712223536,0.1477971855144153,0.261773556930292,0.4436604669531379,0.0673140497481329,0.1271594330954492,0.0372672111004331,0.0644661526901033,0.0012185704419184,0.0057466732749848,30,1,1,1,1,0.0,581.3493363107837,0.8533333333333334,36,0.1927184280175424,0.0003315019317653,0.1293437100030132,15.203860770098554,1.1455,14.058360770098554,36.97854123325865,958.306608618778,581.3493363107837,300,300,1.0,751.6027063818503,0.4361367233711027,deployment_scaling,medium,12,8,4,12,12,1.0,15.0,0.7,0.7,0.2,0.1,0.7,0.3,0.240118852998421
cybershake,300,3.0,reference,4,PBQS,NonSharable,PBQS-NonSharable,444.3173475642113,888.6346951284227,1,3.0,downstream_reserved,1,queue_aware,1,1,1,0.0,1332.952042692634,1332.952042692634,3.0,12,12,1,1,1.0,0.000741724998079,0,134,4,2.238805970149253,"{""1"":67,""2"":1,""3"":33,""4"":33}",0,0.0,0,249,51,0,0,0,0,0,0,0.0,0.0,0,0,0,0,0.0,0.0,0.41,624.6666239869538,1800.5232681387542,2490.9992222803867,0.1666707537684955,0.1243612352938651,0.2089802722431258,0.3466970434368717,0.0803276702280872,0.206566270025728,0.044626382005171,0.1205523330918808,0.0009202377091588,0.0058001530699064,36,1,1,1,1,0.0,624.6666239869538,0.83,51,0.2687996759996167,0.0004303090091223,0.0,16.23641561590713,1.0805,15.15591561590713,17.218289095987128,1060.8929529168274,624.6666239869538,300,300,1.0,708.2854187056802,0.4686339823037399,deployment_scaling,medium,12,8,4,12,12,1.0,15.0,0.7,0.7,0.2,0.1,0.7,0.3,0.3151417699991725
cybershake,300,3.0,reference,4,PBQS,Sharable,PBQS-Sharable,444.3173475642113,888.6346951284227,1,3.0,downstream_reserved,1,queue_aware,1,1,1,0.0,1332.952042692634,1332.952042692634,3.0,12,12,1,1,1.0,0.000787823999417,0,134,4,2.238805970149253,"{""1"":67,""2"":1,""3"":33,""4"":33}",0,0.0,0,271,29,0,0,0,0,0,0,0.0,0.0,0,0,0,0,0.0,0.0,0.24,835.1744613556791,1180.197565949499,1250.3478179018764,0.3062090592490964,0.2284776183305894,0.3839405001676034,0.6097085936303605,0.135181974564331,0.239414545493922,0.0751009262436167,0.1338950090288365,0.0012859506091664,0.0028774885418262,10,1,1,1,1,0.0,835.1744613556791,0.9033333333333332,29,0.2802971379751398,0.0003356150731909,0.0,10.660229057786852,0.4815,10.178729057786851,635.8853170599963,1060.8929529168272,835.1744613556791,300,300,1.0,497.7775813369549,0.6265600221209626,deployment_scaling,medium,12,8,4,12,12,1.0,15.0,0.7,0.7,0.2,0.1,0.7,0.3,0.3168136999993294
cybershake,300,3.0,reference,5,HDS,NonSharable,HDS-NonSharable,417.3933889056888,834.7867778113775,1,3.0,downstream_reserved,1,idle_only,1,1,1,0.0,1252.1801667170664,1252.1801667170664,3.0,12,12,1,1,1.0,0.0004244019983161,0,134,4,2.238805970149253,"{""1"":67,""2"":1,""3"":33,""4"":33}",14,0.0466666666666666,23,263,37,6,3,8,11,78,408,0.0090708679999806,2.815499179910088e-13,0,0,0,14,4.440892098500626e-16,4.440892098500626e-16,0.345,531.1812873468389,1571.9925567631594,2512.055640284289,0.1740969041580317,0.1217904046382223,0.226403403677841,0.3944378247032474,0.0592006150465062,0.1730419084548071,0.0332933999520002,0.0753756652012055,0.0011533931921513,0.0075131689888706,35,1,1,1,1,0.0,531.1812873468389,0.8766666666666667,37,0.1141496510244906,0.0002148977265269,0.0410419790023297,15.15412615367168,1.2315,13.92262615367168,13.573939009975902,875.6519708412092,531.1812873468389,300,300,1.0,720.9988793702275,0.4242051595015086,deployment_scaling,medium,12,8,4,12,12,1.0,15.0,0.7,0.7,0.2,0.1,0.7,0.3,0.1631930029980139
cybershake,300,3.0,reference,5,HDS,Sharable,HDS-Sharable,417.3933889056888,834.7867778113775,1,3.0,downstream_reserved,1,idle_only,1,1,1,0.0,1252.1801667170664,1252.1801667170664,3.0,12,12,1,1,1.0,0.000437642000179,0,134,4,2.238805970149253,"{""1"":67,""2"":1,""3"":33,""4"":33}",16,0.0533333333333333,25,259,41,7,3,8,11,111,463,0.0530102520024229,0.0,0,0,0,16,2.0650148258027914e-13,1.2789769243681806e-13,0.31,544.3041520691513,1547.1683860404771,2487.2078124165128,0.1888039971713775,0.1313992316621031,0.2462087626806519,0.42826817608475,0.0813135142813565,0.1380127768029332,0.0466453319971089,0.0781635020627217,0.0017741040320712,0.0069957957399986,22,1,1,1,1,0.0,544.3041520691513,0.8633333333333333,34,0.1646179659765039,0.0003024374613912,0.0955657350023102,14.94653278789022,1.2225,13.72403278789022,33.50697252510078,873.66707921289,544.3041520691513,300,300,1.0,707.8760146479151,0.4346851727385156,deployment_scaling,medium,12,8,4,12,12,1.0,15.0,0.7,0.7,0.2,0.1,0.7,0.3,0.2127694500013603
cybershake,300,3.0,reference,5,PBQS,NonSharable,PBQS-NonSharable,417.3933889056888,834.7867778113775,1,3.0,downstream_reserved,1,queue_aware,1,1,1,0.0,1252.1801667170664,1252.1801667170664,3.0,12,12,1,1,1.0,0.0007323110003198,0,134,4,2.238805970149253,"{""1"":67,""2"":1,""3"":33,""4"":33}",0,0.0,0,252,48,0,0,0,0,0,0,0.0,0.0,0,0,0,0,0.0,0.0,0.405,573.760372727282,1641.6048429281248,2253.478811346876,0.1623658003959717,0.1155113614820342,0.2092202393099092,0.3426196158391448,0.0856665693954713,0.2079847162233984,0.0524695704794649,0.1408705096499403,0.0010892777245421,0.0045042826227337,31,1,1,1,1,0.0,573.760372727282,0.84,48,0.2705595249899488,0.0004715549170882,0.0,15.5540244429914,1.0745,14.4795244429914,16.009432878264736,986.744493616737,573.760372727282,300,300,1.0,678.4197939897845,0.4582091203628884,deployment_scaling,medium,12,8,4,12,12,1.0,15.0,0.7,0.7,0.2,0.1,0.7,0.3,0.315656205999403
cybershake,300,3.0,reference,5,PBQS,Sharable,PBQS-Sharable,417.3933889056888,834.7867778113775,1,3.0,downstream_reserved,1,queue_aware,1,1,1,0.0,1252.1801667170664,1252.1801667170664,3.0,12,12,1,1,1.0,0.000909735001187,0,134,4,2.238805970149253,"{""1"":67,""2"":1,""3"":33,""4"":33}",0,0.0,0,272,28,0,0,0,0,0,0,0.0,0.0,0,0,0,0,0.0,0.0,0.225,823.6603362668918,1077.8379128848935,1125.9449512604135,0.2860730768881407,0.2035200178492985,0.368626135926983,0.5873479128671052,0.1193503696181052,0.2139346919518341,0.0731004249921371,0.1280617843020327,0.001257101362508,0.0022544766238907,10,1,1,1,1,0.0,823.6603362668918,0.9066666666666666,28,0.2913396880248911,0.0003537133879061,0.0,10.43288900264555,0.4635,9.969389002645553,657.3750626629289,986.7444936167368,823.6603362668918,300,300,1.0,428.5198304501746,0.6577810111993254,deployment_scaling,medium,12,8,4,12,12,1.0,15.0,0.7,0.7,0.2,0.1,0.7,0.3,0.3281151199989836
epigenomics,300,3.0,reference,1,HDS,NonSharable,HDS-NonSharable,713.6692789597236,1427.3385579194469,1,3.0,downstream_reserved,1,idle_only,1,1,1,0.0,2141.0078368791706,2141.0078368791706,3.0,12,12,1,1,1.0,0.0004414479990373,0,101,2,1.495049504950495,"{""1"":51,""2"":50}",0,0.0,26,125,26,0,0,0,0,0,0,0.0,0.0,0,0,0,0,0.0,0.0,0.255,752.0495745789217,540.1651935662767,943.8644426303664,0.2317071067559512,0.15895174100384,0.3044624725080624,0.5327556446281536,0.0819949893117523,0.1294815563325725,0.0422622421750434,0.0610283393617921,0.0013625872107216,0.0024971617572153,8,1,1,1,1,0.0,752.0495745789217,0.8278145695364238,26,0.0226279940034146,3.0088434018574143e-05,0.0,5.359271064686655,0.391,4.968271064686655,10.039880316306611,831.0988056199196,752.0495745789217,151,151,1.0,1388.9582623002489,0.351259608500613,deployment_scaling,medium,12,8,4,12,12,1.0,15.0,0.7,0.7,0.2,0.1,0.7,0.3,0.0415733600020757
epigenomics,300,3.0,reference,1,HDS,Sharable,HDS-Sharable,713.6692789597236,1427.3385579194469,1,3.0,downstream_reserved,1,idle_only,1,1,1,0.0,2141.0078368791706,2141.0078368791706,3.0,12,12,1,1,1.0,0.0004376319993752,0,101,2,1.495049504950495,"{""1"":51,""2"":50}",0,0.0,26,125,26,0,0,0,0,0,0,0.0,0.0,0,0,0,0,0.0,0.0,0.255,752.0495745789217,540.1651935662767,943.8644426303664,0.2317071067559512,0.15895174100384,0.3044624725080624,0.5327556446281536,0.0819949893117523,0.1294815563325725,0.0422622421750434,0.0610283393617921,0.0013625872107216,0.0024971617572153,8,1,1,1,1,0.0,752.0495745789217,0.8278145695364238,26,0.0223797820181061,2.975838664709944e-05,0.0,5.359271064686655,0.391,4.968271064686655,10.039880316306611,831.0988056199196,752.0495745789217,151,151,1.0,1388.9582623002489,0.351259608500613,deployment_scaling,medium,12,8,4,12,12,1.0,15.0,0.7,0.7,0.2,0.1,0.7,0.3,0.0412117109990504
epigenomics,300,3.0,reference,1,PBQS,NonSharable,PBQS-NonSharable,713.6692789597236,1427.3385579194469,1,3.0,downstream_reserved,1,queue_aware,1,1,1,0.0,2141.0078368791706,2141.0078368791706,3.0,12,12,1,1,1.0,0.00076894599988,0,101,2,1.495049504950495,"{""1"":51,""2"":50}",0,0.0,0,117,34,0,0,0,0,0,0,0.0,0.0,0,0,0,0,0.0,0.0,0.28,802.5549590172334,585.5313036283645,776.9549102293771,0.2187674785883682,0.1540903298415925,0.2834446273351438,0.4406433152769595,0.0770793807304947,0.1131171694303561,0.0410082145257372,0.0612053361447841,0.0006577636086702,0.0017144919784221,13,1,1,1,1,0.0,802.5549590172334,0.7748344370860927,34,0.1203262210146931,0.0001499289483701,0.0,5.656199945183358,0.325,5.331199945183358,11.43528183957546,898.9123631649975,802.5549590172334,151,151,1.0,1338.4528778619372,0.374849145899005,deployment_scaling,medium,12,8,4,12,12,1.0,15.0,0.7,0.7,0.2,0.1,0.7,0.3,0.1379284079994249
epigenomics,300,3.0,reference,1,PBQS,Sharable,PBQS-Sharable,713.6692789597236,1427.3385579194469,1,3.0,downstream_reserved,1,queue_aware,1,1,1,0.0,2141.0078368791706,2141.0078368791706,3.0,12,12,1,1,1.0,0.000770927999838,0,101,2,1.495049504950495,"{""1"":51,""2"":50}",0,0.0,0,124,27,0,0,0,0,0,0,0.0,0.0,0,0,0,0,0.0,0.0,0.23,853.2670428394745,495.5951486538716,597.0826002803911,0.2760637229805598,0.194447320990581,0.3576801249705386,0.5548841747932083,0.090622917764084,0.1375010294865634,0.0482137248301417,0.0737971200948299,0.0006356287124779,0.0015477923423531,10,1,1,1,1,0.0,853.2670428394745,0.8211920529801324,27,0.1208063389967719,0.000141580927109,0.0,4.832710705387415,0.221,4.611710705387415,105.51393628535207,898.9123631649974,853.2670428394745,151,151,1.0,1287.740794039696,0.3985352263274453,deployment_scaling,medium,12,8,4,12,12,1.0,15.0,0.7,0.7,0.2,0.1,0.7,0.3,0.1369852250027179
epigenomics,300,3.0,reference,2,HDS,NonSharable,HDS-NonSharable,671.9185349737868,1343.8370699475736,1,3.0,downstream_reserved,1,idle_only,1,1,1,0.0,2015.7556049213604,2015.7556049213604,3.0,12,12,1,1,1.0,0.0004321839987824,0,101,2,1.495049504950495,"{""1"":51,""2"":50}",0,0.0,26,125,26,0,0,0,0,0,0,0.0,0.0,0,0,0,0,0.0,0.0,0.275,722.8966948328348,555.6147028711397,935.368273378708,0.2345122732208188,0.1634928441711645,0.3055317022704732,0.5196702575624631,0.0883330300454741,0.1537754227023052,0.0436656882667529,0.0793367650631905,0.0012152465189831,0.0026305841910054,10,1,1,1,1,0.0,722.8966948328348,0.8278145695364238,26,0.0219712869838986,3.0393398034527364e-05,0.0,6.099948355739589,0.353,5.7469483557395895,9.915275898233531,810.6856017974424,722.8966948328348,151,151,1.0,1292.8589100885256,0.3586231848086746,deployment_scaling,medium,12,8,4,12,12,1.0,15.0,0.7,0.7,0.2,0.1,0.7,0.3,0.0406690029994933
epigenomics,300,3.0,reference,2,HDS,Sharable,HDS-Sharable,671.9185349737868,1343.8370699475736,1,3.0,downstream_reserved,1,idle_only,1,1,1,0.0,2015.7556049213604,2015.7556049213604,3.0,12,12,1,1,1.0,0.0004196449990558,0,101,2,1.495049504950495,"{""1"":51,""2"":50}",0,0.0,26,125,26,0,0,0,0,0,0,0.0,0.0,0,0,0,0,0.0,0.0,0.275,722.8966948328348,555.6147028711397,935.368273378708,0.2345122732208188,0.1634928441711645,0.3055317022704732,0.5196702575624631,0.0883330300454741,0.1537754227023052,0.0436656882667529,0.0793367650631905,0.0012152465189831,0.0026305841910054,10,1,1,1,1,0.0,722.8966948328348,0.8278145695364238,26,0.0216023499888251,2.9883038812095493e-05,0.0,6.099948355739589,0.353,5.7469483557395895,9.915275898233531,810.6856017974424,722.8966948328348,151,151,1.0,1292.8589100885256,0.3586231848086746,deployment_scaling,medium,12,8,4,12,12,1.0,15.0,0.7,0.7,0.2,0.1,0.7,0.3,0.0395945829986885
epigenomics,300,3.0,reference,2,PBQS,NonSharable,PBQS-NonSharable,671.9185349737868,1343.8370699475736,1,3.0,downstream_reserved,1,queue_aware,1,1,1,0.0,2015.7556049213604,2015.7556049213604,3.0,12,12,1,1,1.0,0.0007471129974874,0,101,2,1.495049504950495,"{""1"":51,""2"":50}",0,0.0,0,112,39,0,0,0,0,0,0,0.0,0.0,0,0,0,0,0.0,0.0,0.335,777.670674382976,699.5412237578921,884.1608480281668,0.1915382297568629,0.1354645438291175,0.2476119156846083,0.3787785175033636,0.0664528902101143,0.1204882893798522,0.0360867408001182,0.0728084085391424,0.0007199682683214,0.0018937291888212,15,1,1,1,1,0.0,777.670674382976,0.7417218543046358,39,0.1250538079912075,0.0001608056110517,0.0,7.2619383300351075,0.352,6.909938330035107,12.607981803931803,886.3417309578708,777.670674382976,151,151,1.0,1238.0849305383845,0.3857961116339373,deployment_scaling,medium,12,8,4,12,12,1.0,15.0,0.7,0.7,0.2,0.1,0.7,0.3,0.1444216179988871
epigenomics,300,3.0,reference,2,PBQS,Sharable,PBQS-Sharable,671.9185349737868,1343.8370699475736,1,3.0,downstream_reserved,1,queue_aware,1,1,1,0.0,2015.7556049213604,2015.7556049213604,3.0,12,12,1,1,1.0,0.0007612029985466,0,101,2,1.495049504950495,"{""1"":51,""2"":50}",0,0.0,0,124,27,0,0,0,0,0,0,0.0,0.0,0,0,0,0,0.0,0.0,0.235,838.4675248288233,596.2223157967612,677.5230321059053,0.2736260425098042,0.1935207768987394,0.3537313081208691,0.5471245252826362,0.1232688504064551,0.1579896723787728,0.0669402194438977,0.0905719646556755,0.0013362105648218,0.0018532969667629,6,1,1,1,1,0.0,838.4675248288233,0.8211920529801324,27,0.1257468430085282,0.0001499722282436,0.0,6.320809259144562,0.249,6.071809259144563,117.98461516419324,886.3417309578706,838.4675248288233,151,151,1.0,1177.288080092537,0.4159569358417009,deployment_scaling,medium,12,8,4,12,12,1.0,15.0,0.7,0.7,0.2,0.1,0.7,0.3,0.1421837960006087
epigenomics,300,3.0,reference,3,HDS,NonSharable,HDS-NonSharable,656.3529176193282,1312.7058352386562,1,3.0,downstream_reserved,1,idle_only,1,1,1,0.0,1969.0587528579845,1969.0587528579845,3.0,12,12,1,1,1.0,0.0005558379998547,0,101,2,1.495049504950495,"{""1"":51,""2"":50}",2,0.0132450331125827,25,124,27,1,2,11,11,63,333,0.0101555729997926,0.0,0,0,0,2,0.0,0.0,0.265,702.1217165445723,538.9478129669882,885.6787985763486,0.2126771854570043,0.1457582425316774,0.2795961283823311,0.484791777590734,0.0537676949177405,0.1399207480092869,0.0287288802006361,0.0688609206039949,0.0009721861215854,0.002402695385688,12,1,1,1,1,0.0,702.1217165445723,0.8211920529801324,27,0.0494296680008119,7.040042607437855e-05,0.0101555729997926,5.802267976985574,0.385,5.417267976985574,10.024987223954398,785.3626796969891,702.1217165445723,151,151,1.0,1266.937036313412,0.3565773319488206,deployment_scaling,medium,12,8,4,12,12,1.0,15.0,0.7,0.7,0.2,0.1,0.7,0.3,0.0707696939971356
epigenomics,300,3.0,reference,3,HDS,Sharable,HDS-Sharable,656.3529176193282,1312.7058352386562,1,3.0,downstream_reserved,1,idle_only,1,1,1,0.0,1969.0587528579845,1969.0587528579845,3.0,12,12,1,1,1.0,0.0008439359990006,0,101,2,1.495049504950495,"{""1"":51,""2"":50}",6,0.0397350993377483,22,123,28,3,2,11,11,74,344,0.026688293000916,0.0,0,0,0,6,2.8421709430404014e-14,2.8421709430404014e-14,0.235,710.8792549233835,537.0212777810581,867.7351408893826,0.2231949482356399,0.1527593607603806,0.2936305357108992,0.5013664047816062,0.0643222716344198,0.1325361890730801,0.0351186835329144,0.0657384441163525,0.0008708139678519,0.0022321729359893,13,1,1,1,1,0.0,710.8792549233835,0.8145695364238411,26,0.0715905259858118,0.0001007070124637,0.0445448250029585,5.754855695498133,0.353,5.401855695498133,19.599582870235068,782.1315914593056,710.8792549233835,151,151,1.0,1258.179497934601,0.3610249079117522,deployment_scaling,medium,12,8,4,12,12,1.0,15.0,0.7,0.7,0.2,0.1,0.7,0.3,0.0911844639995251
epigenomics,300,3.0,reference,3,PBQS,NonSharable,PBQS-NonSharable,656.3529176193282,1312.7058352386562,1,3.0,downstream_reserved,1,queue_aware,1,1,1,0.0,1969.0587528579845,1969.0587528579845,3.0,12,12,1,1,1.0,0.000804829000117,0,101,2,1.495049504950495,"{""1"":51,""2"":50}",0,0.0,0,114,37,0,0,0,0,0,0,0.0,0.0,0,0,0,0,0.0,0.0,0.295,765.8285820512407,656.2386251819814,830.0389330821406,0.1918774453773494,0.1333259050599909,0.2504289856947079,0.3882486729912222,0.0613527186331953,0.1025659150948563,0.036427820177885,0.0518139840715241,0.0006558134117669,0.0016035854598937,17,1,1,1,1,0.0,765.8285820512407,0.7549668874172185,37,0.1397353080064931,0.0001824629052525,0.0,7.095641575153039,0.344,6.751641575153038,11.70640009796172,861.9120540405133,765.8285820512407,151,151,1.0,1203.230170806744,0.3889313007748911,deployment_scaling,medium,12,8,4,12,12,1.0,15.0,0.7,0.7,0.2,0.1,0.7,0.3,0.1620050130004529
epigenomics,300,3.0,reference,3,PBQS,Sharable,PBQS-Sharable,656.3529176193282,1312.7058352386562,1,3.0,downstream_reserved,1,queue_aware,1,1,1,0.0,1969.0587528579845,1969.0587528579845,3.0,12,12,1,1,1.0,0.0007937120026326,0,101,2,1.495049504950495,"{""1"":51,""2"":50}",0,0.0,0,123,28,0,0,0,0,0,0,0.0,0.0,0,0,0,0,0.0,0.0,0.22,809.9178463328244,542.2236712686948,602.0090252555673,0.2498869056077109,0.1736337368223137,0.3261400743931081,0.5130428893098293,0.0870193175676868,0.1291028231631599,0.051667214150847,0.0774574397431394,0.0008123948348735,0.0015057516937258,9,1,1,1,1,0.0,809.9178463328244,0.8145695364238411,28,0.1301941470155725,0.0001607498187687,0.0,5.688474843399228,0.245,5.443474843399228,106.41347221832352,861.9120540405132,809.9178463328244,151,151,1.0,1159.14090652516,0.4113223361960488,deployment_scaling,medium,12,8,4,12,12,1.0,15.0,0.7,0.7,0.2,0.1,0.7,0.3,0.147034158999304
epigenomics,300,3.0,reference,4,HDS,NonSharable,HDS-NonSharable,686.9422797796847,1373.884559559369,1,3.0,downstream_reserved,1,idle_only,1,1,1,0.0,2060.826839339054,2060.826839339054,3.0,12,12,1,1,1.0,0.0004177519986114,0,101,2,1.495049504950495,"{""1"":51,""2"":50}",0,0.0,27,124,27,0,0,0,0,0,0,0.0,0.0,0,0,0,0,0.0,0.0,0.265,750.3175717752691,589.8695845902569,886.69024449092,0.2410252914593081,0.1684776555673554,0.3135729273512608,0.5223816496669005,0.0882597090355289,0.1463063335672902,0.0471208619643621,0.0703692775135112,0.0012461693170317,0.0025393787138445,8,1,1,1,1,0.0,750.3175717752691,0.8211920529801324,27,0.0227091919950908,3.026610711163317e-05,0.0,5.446616608603676,0.341,5.105616608603675,10.193277139117969,846.2582724603787,750.3175717752691,151,151,1.0,1310.5092675637848,0.3640856948543576,deployment_scaling,medium,12,8,4,12,12,1.0,15.0,0.7,0.7,0.2,0.1,0.7,0.3,0.0409494610030378
epigenomics,300,3.0,reference,4,HDS,Sharable,HDS-Sharable,686.9422797796847,1373.884559559369,1,3.0,downstream_reserved,1,idle_only,1,1,1,0.0,2060.826839339054,2060.826839339054,3.0,12,12,1,1,1.0,0.0004210369988868,0,101,2,1.495049504950495,"{""1"":51,""2"":50}",0,0.0,27,124,27,0,0,0,0,0,0,0.0,0.0,0,0,0,0,0.0,0.0,0.265,750.3175717752691,589.8695845902569,886.69024449092,0.2410252914593081,0.1684776555673554,0.3135729273512608,0.5223816496669005,0.0882597090355289,0.1463063335672902,0.0471208619643621,0.0703692775135112,0.0012461693170317,0.0025393787138445,8,1,1,1,1,0.0,750.3175717752691,0.8211920529801324,27,0.023693507999269,3.157797296844543e-05,0.0,5.446616608603676,0.341,5.105616608603675,10.193277139117969,846.2582724603787,750.3175717752691,151,151,1.0,1310.5092675637848,0.3640856948543576,deployment_scaling,medium,12,8,4,12,12,1.0,15.0,0.7,0.7,0.2,0.1,0.7,0.3,0.0414328650003881
epigenomics,300,3.0,reference,4,PBQS,NonSharable,PBQS-NonSharable,686.9422797796847,1373.884559559369,1,3.0,downstream_reserved,1,queue_aware,1,1,1,0.0,2060.826839339054,2060.826839339054,3.0,12,12,1,1,1.0,0.0007738120002613,0,101,2,1.495049504950495,"{""1"":51,""2"":50}",0,0.0,0,112,39,0,0,0,0,0,0,0.0,0.0,0,0,0,0,0.0,0.0,0.31,792.283878073524,700.602635223122,925.1734221802568,0.1949611392123781,0.1396325695511142,0.250289708873642,0.3874372892165356,0.0676124708787477,0.1195993994985943,0.0362993642157841,0.0730045358493733,0.0005461038737964,0.0020536813929028,18,1,1,1,1,0.0,792.283878073524,0.7417218543046358,39,0.1311254860011104,0.0001655031607104,0.0,6.364481013666596,0.373,5.991481013666596,13.195922698148816,906.6032567666932,792.283878073524,151,151,1.0,1268.54296126553,0.3844495146072653,deployment_scaling,medium,12,8,4,12,12,1.0,15.0,0.7,0.7,0.2,0.1,0.7,0.3,0.1505100350004795
epigenomics,300,3.0,reference,4,PBQS,Sharable,PBQS-Sharable,686.9422797796847,1373.884559559369,1,3.0,downstream_reserved,1,queue_aware,1,1,1,0.0,2060.826839339054,2060.826839339054,3.0,12,12,1,1,1.0,0.0008093959986581,0,101,2,1.495049504950495,"{""1"":51,""2"":50}",0,0.0,0,122,29,0,0,0,0,0,0,0.0,0.0,0,0,0,0,0.0,0.0,0.24,859.8900414013593,585.5858842108756,695.1399201557641,0.2599481856165043,0.1861767594014857,0.3337196118315228,0.5210363544636167,0.0934449779415648,0.1368784745085001,0.0501681604643584,0.0771737555117362,0.0006916906821521,0.0015157213698125,10,1,1,1,1,0.0,859.8900414013593,0.8079470198675497,29,0.1251306109916186,0.0001455193163857,0.0,5.3203470055686255,0.249,5.071347005568626,130.3050458099456,906.6032567666932,859.8900414013593,151,151,1.0,1200.9367979376948,0.4172548731348735,deployment_scaling,medium,12,8,4,12,12,1.0,15.0,0.7,0.7,0.2,0.1,0.7,0.3,0.1450446460003149
epigenomics,300,3.0,reference,5,HDS,NonSharable,HDS-NonSharable,638.8892438130858,1277.7784876261717,1,3.0,downstream_reserved,1,idle_only,1,1,1,0.0,1916.6677314392573,1916.6677314392573,3.0,12,12,1,1,1.0,0.0004188140010228,0,101,2,1.495049504950495,"{""1"":51,""2"":50}",4,0.0264900662251655,22,125,26,2,2,11,11,63,333,0.0092641360024572,0.0,0,0,0,4,0.0,0.0,0.235,705.3689632086714,539.395469641898,844.4843267883367,0.2251901665576764,0.153451642328081,0.2969286907872718,0.5047759637205136,0.0695778121949182,0.1194168013366603,0.0367220820711736,0.0645269255870639,0.0009492796497134,0.0022263371375053,11,1,1,1,1,0.0,705.3689632086714,0.8278145695364238,26,0.0411409150001418,5.832538309170117e-05,0.0161523140013741,5.2838055682766525,0.359,4.9248055682766525,9.553495451396849,787.4505034040012,705.3689632086714,151,151,1.0,1211.298768230586,0.3680183850536254,deployment_scaling,medium,12,8,4,12,12,1.0,15.0,0.7,0.7,0.2,0.1,0.7,0.3,0.061971145998541
epigenomics,300,3.0,reference,5,HDS,Sharable,HDS-Sharable,638.8892438130858,1277.7784876261717,1,3.0,downstream_reserved,1,idle_only,1,1,1,0.0,1916.6677314392573,1916.6677314392573,3.0,12,12,1,1,1.0,0.0004318130013416,0,101,2,1.495049504950495,"{""1"":51,""2"":50}",4,0.0264900662251655,22,125,26,2,2,11,11,74,344,0.0087938649994612,0.0,0,0,0,4,0.0,0.0,0.215,705.6452409107087,540.2166301712322,846.1266478470051,0.2356641277929172,0.1605889280177592,0.3107393275680752,0.524967002269334,0.086938213433773,0.1368094514865669,0.0458846305758002,0.0742119384216876,0.001307075880012,0.0026110379196145,8,1,1,1,1,0.0,705.6452409107087,0.8278145695364238,25,0.055981723984587,7.93340913237603e-05,0.016955548999249,5.276374852511325,0.345,4.9313748525113255,10.276795064511438,787.4505034040011,705.6452409107087,151,151,1.0,1211.0224905285488,0.3681625298615676,deployment_scaling,medium,12,8,4,12,12,1.0,15.0,0.7,0.7,0.2,0.1,0.7,0.3,0.0771396240015747
epigenomics,300,3.0,reference,5,PBQS,NonSharable,PBQS-NonSharable,638.8892438130858,1277.7784876261717,1,3.0,downstream_reserved,1,queue_aware,1,1,1,0.0,1916.6677314392573,1916.6677314392573,3.0,12,12,1,1,1.0,0.0007362370015471,0,101,2,1.495049504950495,"{""1"":51,""2"":50}",0,0.0,0,116,35,0,0,0,0,0,0,0.0,0.0,0,0,0,0,0.0,0.0,0.27,763.4831128853752,591.6771646929697,723.6435651121095,0.2003858709804989,0.1383495407445457,0.2624222012164521,0.4115921715613211,0.0646793967106234,0.1199350260320345,0.0375441600798861,0.071398192123417,0.0004936825449496,0.0014859854572612,18,1,1,1,1,0.0,763.4831128853752,0.7682119205298014,35,0.1307955749762186,0.0001713142999088,0.0,5.853928538423968,0.318,5.535928538423969,11.37026687151557,864.3435602787745,763.4831128853752,151,151,1.0,1153.1846185538825,0.3983387941279019,deployment_scaling,medium,12,8,4,12,12,1.0,15.0,0.7,0.7,0.2,0.1,0.7,0.3,0.1485723900004814
epigenomics,300,3.0,reference,5,PBQS,Sharable,PBQS-Sharable,638.8892438130858,1277.7784876261717,1,3.0,downstream_reserved,1,queue_aware,1,1,1,0.0,1916.6677314392573,1916.6677314392573,3.0,12,12,1,1,1.0,0.0008049790012591,0,101,2,1.495049504950495,"{""1"":51,""2"":50}",0,0.0,0,124,27,0,0,0,0,0,0,0.0,0.0,0,0,0,0,0.0,0.0,0.2,809.2359987329127,505.7900669182905,551.8693695627511,0.2705209258236735,0.1867718800051366,0.3542699716422103,0.5335454075794904,0.0915337933881385,0.1215665156575238,0.0531322115921815,0.06782487697181,0.000607793882759,0.0013281314364774,11,1,1,1,1,0.0,809.2359987329127,0.8211920529801324,27,0.1322421220065734,0.0001634160148753,0.0,5.072831756226535,0.224,4.848831756226534,86.54047341289171,864.3435602787745,809.2359987329127,151,151,1.0,1107.431732706345,0.4222098517437052,deployment_scaling,medium,12,8,4,12,12,1.0,15.0,0.7,0.7,0.2,0.1,0.7,0.3,0.1486622529992018
inspiral,300,3.0,reference,1,HDS,NonSharable,HDS-NonSharable,614.6729859645995,1229.345971929199,1,3.0,downstream_reserved,1,idle_only,1,1,1,0.0,1844.0189578937984,1844.0189578937984,3.0,12,12,1,1,1.0,0.0005138649976288,0,200,2,1.5,"{""1"":100,""2"":100}",2,0.0066666666666666,27,271,29,1,2,11,11,63,333,0.008392558000196,5.469023486121072e-14,0,0,0,2,0.0,0.0,0.29,754.9969875633534,1094.310111884712,1550.7510789485902,0.2458171738480933,0.1758082976550986,0.3158260500410881,0.5485372108809029,0.0771760067235658,0.2053030085193247,0.0415751256656996,0.1005164734313368,0.001136026900813,0.0039846981583202,16,1,1,1,1,0.0,754.9969875633534,0.9033333333333332,29,0.0436801459836715,5.785472883096271e-05,0.008392558000196,10.705122469966032,0.6335000000000001,10.071622469966032,10.573694736089488,954.4547469327712,754.9969875633534,300,300,1.0,1089.0219703304451,0.4094301657428163,deployment_scaling,medium,12,8,4,12,12,1.0,15.0,0.7,0.7,0.2,0.1,0.7,0.3,0.0823692719968676
inspiral,300,3.0,reference,1,HDS,Sharable,HDS-Sharable,614.6729859645995,1229.345971929199,1,3.0,downstream_reserved,1,idle_only,1,1,1,0.0,1844.0189578937984,1844.0189578937984,3.0,12,12,1,1,1.0,0.000432112999988,0,200,2,1.5,"{""1"":100,""2"":100}",2,0.0066666666666666,27,271,29,1,2,11,11,74,344,0.0083632440000656,0.0,0,0,0,2,0.0,0.0,0.29,754.9969875633534,1094.310111884712,1550.7510789485902,0.2458171738480933,0.1758082976550986,0.3158260500410881,0.5485372108809029,0.0771760067235658,0.2053030085193247,0.0415751256656996,0.1005164734313368,0.001136026900813,0.0039846981583202,16,1,1,1,1,0.0,754.9969875633534,0.9033333333333332,29,0.0460447679906792,6.09866910055923e-05,0.0083632440000656,10.705122469966032,0.6335000000000001,10.071622469966032,10.573694736089488,954.4547469327712,754.9969875633534,300,300,1.0,1089.0219703304451,0.4094301657428163,deployment_scaling,medium,12,8,4,12,12,1.0,15.0,0.7,0.7,0.2,0.1,0.7,0.3,0.0869462980008393
inspiral,300,3.0,reference,1,PBQS,NonSharable,PBQS-NonSharable,614.6729859645995,1229.345971929199,1,3.0,downstream_reserved,1,queue_aware,1,1,1,0.0,1844.0189578937984,1844.0189578937984,3.0,12,12,1,1,1.0,0.0007275140014826,0,200,2,1.5,"{""1"":100,""2"":100}",0,0.0,0,257,43,0,0,0,0,0,0,0.0,0.0,0,0,0,0,0.0,0.0,0.33,845.4711136611529,1293.634266260737,1576.8890916456992,0.2044802563542717,0.1493161173802425,0.2596443953283009,0.419956188098364,0.0882724046413858,0.1873574889327411,0.0516297065833526,0.1136898477863619,0.0011179614354245,0.0028091026452514,19,1,1,1,1,0.0,845.4711136611529,0.8566666666666667,43,0.2439774299782584,0.0002885697997673,0.0,14.288027499414314,0.6085,13.679527499414316,13.659065914298482,1083.4869652937791,845.4711136611529,300,300,1.0,998.5478442326456,0.4584937210335587,deployment_scaling,medium,12,8,4,12,12,1.0,15.0,0.7,0.7,0.2,0.1,0.7,0.3,0.2821717520018865
inspiral,300,3.0,reference,1,PBQS,Sharable,PBQS-Sharable,614.6729859645995,1229.345971929199,1,3.0,downstream_reserved,1,queue_aware,1,1,1,0.0,1844.0189578937984,1844.0189578937984,3.0,12,12,1,1,1.0,0.0007513080017815,0,200,2,1.5,"{""1"":100,""2"":100}",0,0.0,0,266,34,0,0,0,0,0,0,0.0,0.0,0,0,0,0,0.0,0.0,0.265,949.9664608829632,1113.1524199809874,1215.9253990861998,0.2658243332605533,0.1941109525943154,0.3375377139267912,0.5311210614185192,0.1178437944877536,0.204711508537447,0.0689257368346243,0.128149571351878,0.0014024937581767,0.0023436054625874,12,1,1,1,1,0.0,949.9664608829632,0.8866666666666667,34,0.2464490770362317,0.0002594292400672,0.0,13.141520742141124,0.4475,12.694020742141124,209.0196539371856,1083.4869652937791,949.9664608829632,300,300,1.0,894.0524970108354,0.5151608972437007,deployment_scaling,medium,12,8,4,12,12,1.0,15.0,0.7,0.7,0.2,0.1,0.7,0.3,0.282297189001838
inspiral,300,3.0,reference,2,HDS,NonSharable,HDS-NonSharable,601.6917485093547,1203.3834970187097,1,3.0,downstream_reserved,1,idle_only,1,1,1,0.0,1805.075245528064,1805.075245528064,3.0,12,12,1,1,1.0,0.0005530540001927,0,200,2,1.5,"{""1"":100,""2"":100}",4,0.0133333333333333,25,271,29,2,2,11,11,63,335,0.0070939149991318,3.543152567187222e-15,0,0,0,4,0.0,0.0,0.27,745.2300974810463,1102.856039917315,1707.9093025228497,0.2418786476014336,0.1734180862932119,0.3103392089096554,0.5246140466064958,0.0767852346773444,0.1858820011472775,0.0417659998504,0.1027067729677707,0.001393820766483,0.0046508550393123,15,1,1,1,1,0.0,745.2300974810463,0.9033333333333332,29,0.0489818769965495,6.572718568682784e-05,0.0140100249991519,11.015306026903628,0.6965,10.318806026903628,10.5916517350537,912.8284410953028,745.2300974810463,300,300,1.0,1059.845148047018,0.4128526493991299,deployment_scaling,medium,12,8,4,12,12,1.0,15.0,0.7,0.7,0.2,0.1,0.7,0.3,0.0871697100010351
inspiral,300,3.0,reference,2,HDS,Sharable,HDS-Sharable,601.6917485093547,1203.3834970187097,1,3.0,downstream_reserved,1,idle_only,1,1,1,0.0,1805.075245528064,1805.075245528064,3.0,12,12,1,1,1.0,0.000569658997847,0,200,2,1.5,"{""1"":100,""2"":100}",2,0.0066666666666666,27,271,29,1,2,11,11,74,344,0.0078069959999993,0.0,0,0,0,2,0.0,0.0,0.26,746.1397745290883,1078.928776403873,1660.054775495966,0.2521713560100053,0.1807975793269656,0.3235451326930449,0.5433502625567278,0.0920299437887235,0.1856553779382487,0.0500580956047562,0.1025815551503635,0.0015668255866089,0.0044660133218785,13,1,1,1,1,0.0,746.1397745290883,0.9033333333333332,28,0.0431371350387053,5.781374550891685e-05,0.0078069959999993,10.809887918796091,0.6825,10.127387918796094,11.535632519694456,912.8284410953028,746.1397745290883,300,300,1.0,1058.935470998976,0.4133566045945134,deployment_scaling,medium,12,8,4,12,12,1.0,15.0,0.7,0.7,0.2,0.1,0.7,0.3,0.0816466249998484
inspiral,300,3.0,reference,2,PBQS,NonSharable,PBQS-NonSharable,601.6917485093547,1203.3834970187097,1,3.0,downstream_reserved,1,queue_aware,1,1,1,0.0,1805.075245528064,1805.075245528064,3.0,12,12,1,1,1.0,0.0010644450012478,0,200,2,1.5,"{""1"":100,""2"":100}",0,0.0,0,258,42,0,0,0,0,0,0,0.0,0.0,0,0,0,0,0.0,0.0,0.35,845.7212573766751,1306.292926586109,1605.1986914519496,0.207689229240443,0.1539936589274817,0.2613847995534044,0.4191401839322226,0.0917492452646421,0.2447828899831263,0.0525502128297625,0.1361969713636573,0.0011800536558626,0.0040736257815104,21,1,1,1,1,0.0,845.7212573766751,0.86,42,0.2429086010051833,0.0002872206402363,0.0,15.664227518842956,0.6185,15.045727518842956,13.28835429830876,1056.233263509201,845.7212573766751,300,300,1.0,959.3539881513892,0.4685241014034649,deployment_scaling,medium,12,8,4,12,12,1.0,15.0,0.7,0.7,0.2,0.1,0.7,0.3,0.2810981929978879
inspiral,300,3.0,reference,2,PBQS,Sharable,PBQS-Sharable,601.6917485093547,1203.3834970187097,1,3.0,downstream_reserved,1,queue_aware,1,1,1,0.0,1805.075245528064,1805.075245528064,3.0,12,12,1,1,1.0,0.0010919859996647,0,200,2,1.5,"{""1"":100,""2"":100}",0,0.0,0,269,31,0,0,0,0,0,0,0.0,0.0,0,0,0,0,0.0,0.0,0.24,951.0237598567816,1097.7442543509706,1188.1013469816728,0.2889589276388772,0.2142520472034528,0.3636658080743017,0.5678673459726886,0.1223854077214526,0.2557116546973946,0.0700973528934095,0.1442755006773176,0.0013394568043912,0.0025566260319972,11,1,1,1,1,0.0,951.0237598567816,0.8966666666666666,31,0.2485806119657354,0.0002613821257243,0.0,12.013468526486408,0.4405,11.572968526486408,227.48423886927884,1056.233263509201,951.0237598567816,300,300,1.0,854.0514856712825,0.5268610060510609,deployment_scaling,medium,12,8,4,12,12,1.0,15.0,0.7,0.7,0.2,0.1,0.7,0.3,0.2843923889995494
inspiral,300,3.0,reference,3,HDS,NonSharable,HDS-NonSharable,586.014134612588,1172.0282692251762,1,3.0,downstream_reserved,1,idle_only,1,1,1,0.0,1758.042403837764,1758.042403837764,3.0,12,12,1,1,1.0,0.0005719420005334,0,200,2,1.5,"{""1"":100,""2"":100}",2,0.0066666666666666,26,272,28,1,2,11,11,63,333,0.0066906540014315,0.0,0,0,0,2,0.0,0.0,0.25,719.0823375116138,929.7045543989012,1459.443334063796,0.2287911151995193,0.1638696057977168,0.2937126246013218,0.517395301419983,0.0884093829195855,0.2087006622107086,0.0476383252270903,0.1081700902254002,0.0016198045734513,0.0039737381228873,11,1,1,1,1,0.0,719.0823375116138,0.9066666666666666,28,0.0430441139833419,5.985978480892219e-05,0.0066906540014315,9.150451336460128,0.7125,8.437951336460127,10.584832435208956,869.2241063855714,719.0823375116138,300,300,1.0,1038.9600663261504,0.4090244558048625,deployment_scaling,medium,12,8,4,12,12,1.0,15.0,0.7,0.7,0.2,0.1,0.7,0.3,0.0833441940012562
inspiral,300,3.0,reference,3,HDS,Sharable,HDS-Sharable,586.014134612588,1172.0282692251762,1,3.0,downstream_reserved,1,idle_only,1,1,1,0.0,1758.042403837764,1758.042403837764,3.0,12,12,1,1,1.0,0.0005606140002782,0,200,2,1.5,"{""1"":100,""2"":100}",4,0.0133333333333333,28,268,32,2,2,11,11,74,344,0.0078121939986885,0.0,0,0,0,4,0.0,0.0,0.27,749.557582310765,973.3411636209792,1422.8629383161804,0.2253050852572405,0.16107826343419,0.289531907080291,0.5004480808063528,0.0893336616019405,0.1707267035996064,0.0510020411769666,0.0965674386814839,0.0016214594385801,0.0037861564370853,11,1,1,1,1,0.0,749.557582310765,0.8933333333333333,30,0.0488403179588203,6.515886052176747e-05,0.0141427109992946,9.83918976006928,0.6275000000000001,9.21168976006928,14.60797047304719,900.8065454514352,749.557582310765,300,300,1.0,1008.4848215269992,0.4263592167484122,deployment_scaling,medium,12,8,4,12,12,1.0,15.0,0.7,0.7,0.2,0.1,0.7,0.3,0.0871726850018603
inspiral,300,3.0,reference,3,PBQS,NonSharable,PBQS-NonSharable,586.014134612588,1172.0282692251762,1,3.0,downstream_reserved,1,queue_aware,1,1,1,0.0,1758.042403837764,1758.042403837764,3.0,12,12,1,1,1.0,0.0011007790017174,0,200,2,1.5,"{""1"":100,""2"":100}",0,0.0,0,255,45,0,0,0,0,0,0,0.0,0.0,0,0,0,0,0.0,0.0,0.345,854.0079614744134,1242.1216390317936,1525.7229720747357,0.1873154398094548,0.1387053953741235,0.235925484244786,0.389240398966071,0.1074529681175859,0.2191532364093428,0.0640222499995789,0.1200658198678347,0.001556178037689,0.0035080387846531,16,1,1,1,1,0.0,854.0079614744134,0.85,45,0.2412381680114776,0.0002824776569939,0.0,15.498326206302554,0.6005,14.897826206302554,14.308397125911716,1050.9490772083916,854.0079614744134,300,300,1.0,904.0344423633508,0.4857721062985367,deployment_scaling,medium,12,8,4,12,12,1.0,15.0,0.7,0.7,0.2,0.1,0.7,0.3,0.3022580640026717
inspiral,300,3.0,reference,3,PBQS,Sharable,PBQS-Sharable,586.014134612588,1172.0282692251762,1,3.0,downstream_reserved,1,queue_aware,1,1,1,0.0,1758.042403837764,1758.042403837764,3.0,12,12,1,1,1.0,0.0010833529995579,0,200,2,1.5,"{""1"":100,""2"":100}",0,0.0,0,266,34,0,0,0,0,0,0,0.0,0.0,0,0,0,0,0.0,0.0,0.255,981.6176693088064,1037.709192708211,1116.898079427571,0.2497539197459397,0.184940527165498,0.3145673123263814,0.5151711162786234,0.1168551834456718,0.2545953646907041,0.0696242449079547,0.146639869835462,0.0012082975564029,0.0023028948342982,11,1,1,1,1,0.0,981.6176693088064,0.8866666666666667,34,0.248813678008446,0.0002534731044355,0.0,11.218893008350298,0.4295,10.7893930083503,232.67613458594164,1050.9490772083916,981.6176693088064,300,300,1.0,776.4247345289576,0.5583583576630227,deployment_scaling,medium,12,8,4,12,12,1.0,15.0,0.7,0.7,0.2,0.1,0.7,0.3,0.2844461290005711
inspiral,300,3.0,reference,4,HDS,NonSharable,HDS-NonSharable,612.5783423557635,1225.1566847115269,1,3.0,downstream_reserved,1,idle_only,1,1,1,0.0,1837.7350270672905,1837.7350270672905,3.0,12,12,1,1,1.0,0.0005876150025869,0,200,2,1.5,"{""1"":100,""2"":100}",0,0.0,28,272,28,0,0,0,0,0,0,0.0,0.0,0,0,0,0,0.0,0.0,0.24,725.6746543470214,1034.6937797720095,1603.9638882974157,0.2414039953249826,0.172858758827528,0.3099492318224372,0.5373695820041473,0.1082246653099874,0.1797691934263333,0.0569180301963774,0.0985458405785846,0.0023710756127416,0.0047496670304691,8,1,1,1,1,0.0,725.6746543470214,0.9066666666666666,28,0.0367458279943093,5.063678023504087e-05,0.0,9.90437493745214,0.6935,9.21087493745214,10.776644265073848,902.7808977669677,725.6746543470214,300,300,1.0,1112.0603727202692,0.3948744751875756,deployment_scaling,medium,12,8,4,12,12,1.0,15.0,0.7,0.7,0.2,0.1,0.7,0.3,0.0762418869999237
inspiral,300,3.0,reference,4,HDS,Sharable,HDS-Sharable,612.5783423557635,1225.1566847115269,1,3.0,downstream_reserved,1,idle_only,1,1,1,0.0,1837.7350270672905,1837.7350270672905,3.0,12,12,1,1,1.0,0.0005808850000903,0,200,2,1.5,"{""1"":100,""2"":100}",0,0.0,28,272,28,0,0,0,0,0,0,0.0,0.0,0,0,0,0,0.0,0.0,0.24,725.6746543470214,1034.6937797720095,1603.9638882974157,0.2414039953249826,0.172858758827528,0.3099492318224372,0.5373695820041473,0.1082246653099874,0.1797691934263333,0.0569180301963774,0.0985458405785846,0.0023710756127416,0.0047496670304691,8,1,1,1,1,0.0,725.6746543470214,0.9066666666666666,28,0.0371776529827911,5.123184716468358e-05,0.0,9.90437493745214,0.6935,9.21087493745214,10.776644265073848,902.7808977669677,725.6746543470214,300,300,1.0,1112.0603727202692,0.3948744751875756,deployment_scaling,medium,12,8,4,12,12,1.0,15.0,0.7,0.7,0.2,0.1,0.7,0.3,0.07592078900052
inspiral,300,3.0,reference,4,PBQS,NonSharable,PBQS-NonSharable,612.5783423557635,1225.1566847115269,1,3.0,downstream_reserved,1,queue_aware,1,1,1,0.0,1837.7350270672905,1837.7350270672905,3.0,12,12,1,1,1.0,0.0010742790000222,0,200,2,1.5,"{""1"":100,""2"":100}",0,0.0,0,254,46,0,0,0,0,0,0,0.0,0.0,0,0,0,0,0.0,0.0,0.39,885.0160398196638,1392.1164341931274,1687.1039604989692,0.1955770958446059,0.1478142189048595,0.2433399727843524,0.3971702256412239,0.0913957159702509,0.2122658075190895,0.0500260000614192,0.1112490811289749,0.0012317302226501,0.0037597660697695,20,1,1,1,1,0.0,885.0160398196638,0.8466666666666667,46,0.2408166080203955,0.0002721042299634,0.0,16.372688018947127,0.6165,15.756188018947126,14.309431292505632,1096.189822769778,885.0160398196638,300,300,1.0,952.7189872476268,0.4815797853251986,deployment_scaling,medium,12,8,4,12,12,1.0,15.0,0.7,0.7,0.2,0.1,0.7,0.3,0.2793017779986257
inspiral,300,3.0,reference,4,PBQS,Sharable,PBQS-Sharable,612.5783423557635,1225.1566847115269,1,3.0,downstream_reserved,1,queue_aware,1,1,1,0.0,1837.7350270672905,1837.7350270672905,3.0,12,12,1,1,1.0,0.0010639139982231,0,200,2,1.5,"{""1"":100,""2"":100}",0,0.0,0,266,34,0,0,0,0,0,0,0.0,0.0,0,0,0,0,0.0,0.0,0.275,1009.0653993399652,1185.1433378351862,1273.157767783087,0.2646043061427022,0.1999839432242217,0.3292246690611827,0.5373479523381266,0.1202399883952754,0.2606341391624488,0.06581408770631,0.1329555444363132,0.0011510130105249,0.0020637239920501,11,1,1,1,1,0.0,1009.0653993399652,0.8866666666666667,34,0.2441416879919415,0.000241948329763,0.0,11.718638698296994,0.4755,11.243138698296994,263.1828095495503,1096.1898227697782,1009.0653993399652,300,300,1.0,828.6696277273254,0.5490810070428163,deployment_scaling,medium,12,8,4,12,12,1.0,15.0,0.7,0.7,0.2,0.1,0.7,0.3,0.2801752490013314
inspiral,300,3.0,reference,5,HDS,NonSharable,HDS-NonSharable,570.7882353145591,1141.576470629118,1,3.0,downstream_reserved,1,idle_only,1,1,1,0.0,1712.364705943677,1712.364705943677,3.0,12,12,1,1,1.0,0.0004322929999034,0,200,2,1.5,"{""1"":100,""2"":100}",4,0.0133333333333333,21,275,25,2,2,10,10,58,315,0.0070044909989519,1.9090728056553757e-13,0,0,0,4,0.0,0.0,0.235,653.4241709256651,929.3142997617616,1508.6620448806816,0.2353808824136174,0.1614634407043951,0.3092983241228398,0.5397470334074275,0.0671606162652744,0.1271770206047309,0.036346523403524,0.0694302086663569,0.0015315691892939,0.0040361209748927,13,1,1,1,1,0.0,653.4241709256651,0.9166666666666666,25,0.0537791610404383,8.230359915252718e-05,0.0139877699984936,9.134654299534477,0.7595000000000001,8.375154299534476,9.46768362144394,809.6205501111411,653.4241709256651,300,300,1.0,1058.940535018012,0.3815917068703922,deployment_scaling,medium,12,8,4,12,12,1.0,15.0,0.7,0.7,0.2,0.1,0.7,0.3,0.0940854990003572
inspiral,300,3.0,reference,5,HDS,Sharable,HDS-Sharable,570.7882353145591,1141.576470629118,1,3.0,downstream_reserved,1,idle_only,1,1,1,0.0,1712.364705943677,1712.364705943677,3.0,12,12,1,1,1.0,0.0004440810007508,0,200,2,1.5,"{""1"":100,""2"":100}",2,0.0066666666666666,24,274,26,1,2,10,10,68,325,0.0071936620006454,0.0,0,0,0,2,0.0,0.0,0.245,658.7975948262175,917.8860984608788,1500.285390837638,0.2354979473607122,0.1621119501855983,0.308883944535826,0.5422910283600328,0.1008937796849657,0.1575189215019041,0.0537118554285261,0.0801647593415837,0.0024557851929384,0.0042668212625359,8,1,1,1,1,0.0,658.7975948262175,0.9133333333333332,25,0.0447109450251446,6.786749887412505e-05,0.0071936620006454,9.031228689127412,0.7475,8.283728689127413,11.640565440351622,813.4365425400492,658.7975948262175,300,300,1.0,1053.5671111174595,0.3847297205668327,deployment_scaling,medium,12,8,4,12,12,1.0,15.0,0.7,0.7,0.2,0.1,0.7,0.3,0.0853735159980715
inspiral,300,3.0,reference,5,PBQS,NonSharable,PBQS-NonSharable,570.7882353145591,1141.576470629118,1,3.0,downstream_reserved,1,queue_aware,1,1,1,0.0,1712.364705943677,1712.364705943677,3.0,12,12,1,1,1.0,0.0007364969969785,0,200,2,1.5,"{""1"":100,""2"":100}",0,0.0,0,259,41,0,0,0,0,0,0,0.0,0.0,0,0,0,0,0.0,0.0,0.325,794.9830826263625,1129.099352888922,1412.6632815997486,0.196907297187022,0.1421118806402903,0.2517027137337537,0.4016983693373708,0.0726170384482937,0.180509644501276,0.042066841897184,0.096298011597937,0.0009350066052484,0.0028700016926532,25,1,1,1,1,0.0,794.9830826263625,0.8633333333333333,41,0.2671323849863256,0.0003360227290671,0.0,13.7613920638874,0.6175,13.1438920638874,12.390439657383672,988.1779885699324,794.9830826263625,300,300,1.0,917.3816233173146,0.4642603762311549,deployment_scaling,medium,12,8,4,12,12,1.0,15.0,0.7,0.7,0.2,0.1,0.7,0.3,0.3057825029973173
inspiral,300,3.0,reference,5,PBQS,Sharable,PBQS-Sharable,570.7882353145591,1141.576470629118,1,3.0,downstream_reserved,1,queue_aware,1,1,1,0.0,1712.364705943677,1712.364705943677,3.0,12,12,1,1,1.0,0.0007496069993067,0,200,2,1.5,"{""1"":100,""2"":100}",0,0.0,0,269,31,0,0,0,0,0,0,0.0,0.0,0,0,0,0,0.0,0.0,0.24,912.4819621783192,932.115921452326,1018.6964187265564,0.2611161984436596,0.1884527112838632,0.333779685603456,0.5312784884784582,0.1107159473522776,0.2142219870908822,0.0641374304472844,0.1209518951523184,0.001173422415826,0.0019432420761874,12,1,1,1,1,0.0,912.4819621783192,0.8966666666666666,31,0.2445247819996439,0.0002679776610771,0.0,10.689322378174303,0.4125,10.276822378174304,226.2959687922508,988.1779885699324,912.4819621783192,300,300,1.0,799.882743765358,0.5328782817182944,deployment_scaling,medium,12,8,4,12,12,1.0,15.0,0.7,0.7,0.2,0.1,0.7,0.3,0.2801519840031687
montage,300,3.0,reference,1,HDS,NonSharable,HDS-NonSharable,411.23840618001793,822.4768123600358,1,3.0,downstream_reserved,1,idle_only,1,1,1,0.0,1233.7152185400537,1233.7152185400537,3.0,12,12,1,1,1.0,0.0004365700006019,0,120,4,2.5,"{""1"":60,""4"":60}",15,0.05,22,263,37,7,3,8,11,78,408,0.0094344499993894,1.0214396096246532e-13,0,0,0,15,1.4210854715202004e-14,1.4210854715202004e-14,0.335,504.1094736139818,1727.7167002796773,2894.083151298135,0.1863833358710139,0.1326976531895097,0.2400690185525182,0.4222405782835873,0.0839673282709081,0.143915680076126,0.045254048467987,0.0686070454111792,0.0020259269527708,0.0079711826468902,24,1,1,1,1,0.0,504.1094736139818,0.8766666666666667,37,0.1481959219927375,0.0002939756734391,0.0569476809905609,16.586503665653154,1.4065,15.180003665653157,13.804425369358505,937.374083789564,504.1094736139818,300,300,1.0,729.6057449260719,0.408610890129516,deployment_scaling,medium,12,8,4,12,12,1.0,15.0,0.7,0.7,0.2,0.1,0.7,0.3,0.2011087089995271
montage,300,3.0,reference,1,HDS,Sharable,HDS-Sharable,411.23840618001793,822.4768123600358,1,3.0,downstream_reserved,1,idle_only,1,1,1,0.0,1233.7152185400537,1233.7152185400537,3.0,12,12,1,1,1.0,0.0004948569985572,0,121,4,2.487603305785124,"{""1"":61,""4"":60}",13,0.0433333333333333,26,261,39,6,3,8,11,111,463,0.0253665449999971,1.206645406702077e-13,0,0,0,13,5.750955267558311e-14,5.684341886080803e-14,0.32,502.4662019028871,1738.8165257746468,2911.859191802592,0.2022969261216312,0.1436022951460671,0.2609915570971953,0.4472022467428689,0.0837915835985167,0.1738822079674807,0.0458472135764936,0.0804246000765285,0.0018870877824122,0.0088977645545627,26,1,1,1,1,0.0,502.4662019028871,0.87,35,0.1522995179948338,0.0003031040046436,0.0746782390051521,16.68930226961291,1.4205,15.268802269612909,19.77252993603369,939.1247181600248,502.4662019028871,300,300,1.0,731.2490166371665,0.407278920087808,deployment_scaling,medium,12,8,4,12,12,1.0,15.0,0.7,0.7,0.2,0.1,0.7,0.3,0.2036367700020491
montage,300,3.0,reference,1,PBQS,NonSharable,PBQS-NonSharable,411.23840618001793,822.4768123600358,1,3.0,downstream_reserved,1,queue_aware,1,1,1,0.0,1233.7152185400537,1233.7152185400537,3.0,12,12,1,1,1.0,0.0007731210025667,0,121,4,2.487603305785124,"{""1"":61,""4"":60}",0,0.0,0,251,49,0,0,0,0,0,0,0.0,0.0,0,0,0,0,0.0,0.0,0.395,559.2996713678212,1804.7140329357603,2541.678599129269,0.1732887856526294,0.1268189902197813,0.2197585810854773,0.3624336034444019,0.098724628001029,0.2962186662888541,0.0564788443361137,0.1435871525819648,0.0012510864157394,0.0053583017491044,31,1,1,1,1,0.0,559.2996713678212,0.8366666666666667,49,0.2685791590047302,0.0004802061806113,0.0,17.012482326901818,1.2165,15.795982326901818,20.92502480389187,1065.5547941265415,559.2996713678212,300,300,1.0,674.4155471722324,0.4533458475365829,deployment_scaling,medium,12,8,4,12,12,1.0,15.0,0.7,0.7,0.2,0.1,0.7,0.3,0.3170581480007968
montage,300,3.0,reference,1,PBQS,Sharable,PBQS-Sharable,411.23840618001793,822.4768123600358,1,3.0,downstream_reserved,1,queue_aware,1,1,1,0.0,1233.7152185400537,1233.7152185400537,3.0,12,12,1,1,1.0,0.0008393799980694,0,121,4,2.487603305785124,"{""1"":61,""4"":60}",0,0.0,0,271,29,0,0,0,0,0,0,0.0,0.0,0,0,0,0,0.0,0.0,0.215,801.3251478891171,1252.8341200683851,1437.9187733945184,0.306277853711624,0.2241451920163577,0.3884105154068902,0.6123878127164033,0.1378133511529992,0.2169166317417982,0.0788409028710373,0.115351335022561,0.0016050438806834,0.0031693283542875,10,1,1,1,1,0.0,801.3251478891171,0.9033333333333332,29,0.2751758449921908,0.0003434009848774,0.0,11.941443023962815,0.5605,11.380943023962816,697.156334716391,1065.5547941265418,801.3251478891171,300,300,1.0,432.3900706509365,0.6495219770713248,deployment_scaling,medium,12,8,4,12,12,1.0,15.0,0.7,0.7,0.2,0.1,0.7,0.3,0.3129005179980595
montage,300,3.0,reference,2,HDS,NonSharable,HDS-NonSharable,394.3225602934105,788.6451205868209,1,3.0,downstream_reserved,1,idle_only,1,1,1,0.0,1182.9676808802317,1182.9676808802317,3.0,12,12,1,1,1.0,0.0004447329993126,0,122,4,2.4918032786885247,"{""1"":61,""3"":1,""4"":60}",15,0.05,22,263,37,8,3,8,11,78,408,0.0110483129974454,2.4322338443908997e-13,0,0,0,15,5.3290705182007506e-15,3.552713678800501e-15,0.335,500.7186732598688,1762.219381977976,2832.4870138429164,0.1911454558751818,0.1362665903428363,0.2460243214075272,0.4144784571851274,0.0846108401788809,0.1865792021198217,0.0472354143667652,0.0990054487747599,0.0020890516329925,0.0085898536487743,24,1,1,1,1,0.0,500.7186732598688,0.8766666666666667,37,0.1425310270024056,0.0002846529091365,0.0594700769979681,17.87901083412175,1.3365,16.54251083412175,13.437453586016018,920.1421749509828,500.7186732598688,300,300,1.0,682.2490076203627,0.423273333120386,deployment_scaling,medium,12,8,4,12,12,1.0,15.0,0.7,0.7,0.2,0.1,0.7,0.3,0.1942165669970563
montage,300,3.0,reference,2,HDS,Sharable,HDS-Sharable,394.3225602934105,788.6451205868209,1,3.0,downstream_reserved,1,idle_only,1,1,1,0.0,1182.9676808802317,1182.9676808802317,3.0,12,12,1,1,1.0,0.0005242810002528,0,122,4,2.4918032786885247,"{""1"":61,""3"":1,""4"":60}",8,0.0266666666666666,29,263,37,5,3,8,11,111,463,0.030988326001534,0.0,0,0,0,8,2.176037128265307e-13,2.1671553440683058e-13,0.305,503.31386049094095,1779.961971014586,2913.859192782676,0.2025647258964951,0.1447295011098616,0.2603999506831286,0.4447906140301173,0.110616942695488,0.2317350500301475,0.0600426923711232,0.1301504362684039,0.0028428946784635,0.0087029255294432,18,1,1,1,1,0.0,503.31386049094095,0.8766666666666667,34,0.1379339030354458,0.000274051469397,0.0600024230006965,18.080951546414628,1.3965,16.68445154641463,21.81966784391633,907.3728526214394,503.31386049094095,300,300,1.0,679.6538203892906,0.4254671269771558,deployment_scaling,medium,12,8,4,12,12,1.0,15.0,0.7,0.7,0.2,0.1,0.7,0.3,0.1912121519999345
montage,300,3.0,reference,2,PBQS,NonSharable,PBQS-NonSharable,394.3225602934105,788.6451205868209,1,3.0,downstream_reserved,1,queue_aware,1,1,1,0.0,1182.9676808802317,1182.9676808802317,3.0,12,12,1,1,1.0,0.0007560359990748,0,121,4,2.487603305785124,"{""1"":61,""4"":60}",0,0.0,0,247,53,0,0,0,0,0,0,0.0,0.0,0,0,0,0,0.0,0.0,0.405,541.9089608578322,1895.912789124054,2670.403620169147,0.1657062082061241,0.1211517788546889,0.2102606375575592,0.323239281334701,0.0719758157213665,0.2316198704173043,0.0418422138190768,0.1316810801023648,0.0011873932588215,0.0059972563486789,37,1,1,1,1,0.0,541.9089608578322,0.8233333333333334,53,0.2660079880079138,0.0004908720970157,0.0,18.806558091290373,1.1945,17.612058091290372,17.022919486979916,1027.9009146443493,541.9089608578322,300,300,1.0,641.0587200223993,0.4580927861483118,deployment_scaling,medium,12,8,4,12,12,1.0,15.0,0.7,0.7,0.2,0.1,0.7,0.3,0.3159389969987387
montage,300,3.0,reference,2,PBQS,Sharable,PBQS-Sharable,394.3225602934105,788.6451205868209,1,3.0,downstream_reserved,1,queue_aware,1,1,1,0.0,1182.9676808802317,1182.9676808802317,3.0,12,12,1,1,1.0,0.0007807629990566,0,121,4,2.487603305785124,"{""1"":61,""4"":60}",0,0.0,0,272,28,0,0,0,0,0,0,0.0,0.0,0,0,0,0,0.0,0.0,0.235,770.054627864953,1297.9942568289637,1474.566555578966,0.3077401009542304,0.2249961607301365,0.3904840411783243,0.6118457825263983,0.139291330453607,0.2466975027949243,0.0809752216570343,0.1423822920447517,0.0016812606779735,0.0032922376300965,11,1,1,1,1,0.0,770.054627864953,0.9066666666666666,28,0.2910078739878372,0.0003779054932695,0.0,13.38120983292965,0.5525,12.82870983292965,724.752420328679,1027.900914644349,770.054627864953,300,300,1.0,412.9130530152785,0.6509515351188335,deployment_scaling,medium,12,8,4,12,12,1.0,15.0,0.7,0.7,0.2,0.1,0.7,0.3,0.3325599929994496
montage,300,3.0,reference,3,HDS,NonSharable,HDS-NonSharable,382.01274458324747,764.0254891664949,1,3.0,downstream_reserved,1,idle_only,1,1,1,0.0,1146.0382337497424,1146.0382337497424,3.0,12,12,1,1,1.0,0.0004233309991832,0,121,4,2.487603305785124,"{""1"":61,""4"":60}",29,0.0966666666666666,14,257,43,12,3,8,11,78,408,0.0126972789985302,4.241357689134309e-12,0,0,0,29,2.131628207280301e-14,1.4210854715202004e-14,0.45,490.5656584614621,1719.9841499809295,2811.6203350637784,0.1543094177028734,0.1102538531175455,0.1983649822882013,0.3454995657109811,0.0661270095448226,0.1422742544761913,0.0368846060115024,0.0753242997144758,0.0015216015852678,0.0101110348880543,33,1,1,1,1,0.0,490.5656584614621,0.8566666666666667,43,0.1870877779947477,0.0003813715346106,0.0932018759922357,17.242111477903943,1.3425,15.899611477903944,15.654768042415975,891.3888795343316,490.5656584614621,300,300,1.0,655.4725752882803,0.4280534837449286,deployment_scaling,medium,12,8,4,12,12,1.0,15.0,0.7,0.7,0.2,0.1,0.7,0.3,0.2387284969991014
montage,300,3.0,reference,3,HDS,Sharable,HDS-Sharable,382.01274458324747,764.0254891664949,1,3.0,downstream_reserved,1,idle_only,1,1,1,0.0,1146.0382337497424,1146.0382337497424,3.0,12,12,1,1,1.0,0.0004248929981258,0,121,4,2.487603305785124,"{""1"":61,""4"":60}",35,0.1166666666666666,15,250,50,17,3,8,11,111,463,0.038468244998512,4.500641835915859e-12,0,0,0,35,8.57980353430321e-13,3.979039320256561e-13,0.345,513.1600529149869,1681.641122338401,2802.455478801572,0.1755599761869089,0.1257628625261936,0.2253570898476243,0.3985303824702809,0.0699428440787438,0.1395234427335485,0.0382146642099287,0.0748468364866488,0.0017092538372886,0.0074573869902729,28,1,1,1,1,0.0,513.1600529149869,0.8333333333333334,37,0.2748435170360608,0.0005355902422155,0.1909149800085288,16.971367256763713,1.3785,15.592867256763713,51.72429422378565,884.7374490840238,513.1600529149869,300,300,1.0,632.8781808347555,0.4477687024768533,deployment_scaling,medium,12,8,4,12,12,1.0,15.0,0.7,0.7,0.2,0.1,0.7,0.3,0.3466069520000019
montage,300,3.0,reference,3,PBQS,NonSharable,PBQS-NonSharable,382.01274458324747,764.0254891664949,1,3.0,downstream_reserved,1,queue_aware,1,1,1,0.0,1146.0382337497424,1146.0382337497424,3.0,12,12,1,1,1.0,0.0007573279981443,0,122,4,2.4754098360655736,"{""1"":62,""4"":60}",0,0.0,0,249,51,0,0,0,0,0,0,0.0,0.0,0,0,0,0,0.0,0.0,0.425,538.6389022189185,1782.1666785242685,2555.712446854978,0.1558141225028139,0.1135953223249673,0.1980329226806604,0.3315798994635551,0.096914224818078,0.186736258785057,0.0585886767275472,0.1374791265875962,0.001233252149394,0.0067422972025419,34,1,1,1,1,0.0,538.6389022189185,0.83,51,0.2664918129667057,0.000494750401185,0.0,17.611571706250654,1.2145,16.397071706250653,17.460551587682033,1014.6344923584786,538.6389022189185,300,300,1.0,607.3993315308239,0.4700008135474996,deployment_scaling,medium,12,8,4,12,12,1.0,15.0,0.7,0.7,0.2,0.1,0.7,0.3,0.3143956690000777
montage,300,3.0,reference,3,PBQS,Sharable,PBQS-Sharable,382.01274458324747,764.0254891664949,1,3.0,downstream_reserved,1,queue_aware,1,1,1,0.0,1146.0382337497424,1146.0382337497424,3.0,12,12,1,1,1.0,0.0007881340025051,0,121,4,2.487603305785124,"{""1"":61,""4"":60}",0,0.0,0,272,28,0,0,0,0,0,0,0.0,0.0,0,0,0,0,0.0,0.0,0.225,797.1932830619211,1149.5498530902785,1290.4787959869989,0.2930789447076737,0.2136673919922005,0.372490497423147,0.6039491025943324,0.1309639024175076,0.251750639960912,0.0791731219655394,0.1531462126919558,0.0014213011062194,0.0025314866165567,11,1,1,1,1,0.0,797.1932830619211,0.9066666666666666,28,0.2752026659873081,0.0003452144816502,0.0,11.868637102778736,0.5325,11.336137102778734,804.6741032960816,1014.6344923584784,797.1932830619211,300,300,1.0,348.8449506878213,0.69560792963562,deployment_scaling,medium,12,8,4,12,12,1.0,15.0,0.7,0.7,0.2,0.1,0.7,0.3,0.314018457000202
montage,300,3.0,reference,4,HDS,NonSharable,HDS-NonSharable,422.5660157948087,845.1320315896173,1,3.0,downstream_reserved,1,idle_only,1,1,1,0.0,1267.698047384426,1267.698047384426,3.0,12,12,1,1,1.0,0.0004154590023972,0,126,4,2.4285714285714284,"{""1"":66,""4"":60}",21,0.07,17,262,38,9,3,8,11,78,408,0.0094554810020781,1.629137899233745e-13,0,0,0,21,1.3322676295501878e-15,8.881784197001252e-16,0.325,526.9602948095579,1787.3003935013214,2924.300268733565,0.185987802055233,0.1332901515995997,0.2386854525108662,0.4067395864094219,0.0578178840456148,0.1277652707667226,0.0321098789057916,0.0625719539505114,0.0013292939918323,0.0083793187010572,35,1,1,1,1,0.0,526.9602948095579,0.8733333333333333,38,0.1402414180047344,0.0002661327985923,0.0614603460053331,16.78948138200141,1.3685,15.420981382001408,14.312812807961883,927.366257013482,526.9602948095579,300,300,1.0,740.7377525748681,0.4156828165009855,deployment_scaling,medium,12,8,4,12,12,1.0,15.0,0.7,0.7,0.2,0.1,0.7,0.3,0.1913191269995877
montage,300,3.0,reference,4,HDS,Sharable,HDS-Sharable,422.5660157948087,845.1320315896173,1,3.0,downstream_reserved,1,idle_only,1,1,1,0.0,1267.698047384426,1267.698047384426,3.0,12,12,1,1,1.0,0.0004576220017042,0,121,4,2.487603305785124,"{""1"":61,""4"":60}",13,0.0433333333333333,30,257,43,6,3,9,11,111,463,0.0272018690011464,0.0,0,0,0,13,5.81756864903582e-14,5.684341886080803e-14,0.36,539.8347896676095,1781.5781868913025,2964.762571894703,0.1834865223450584,0.1315091592010777,0.2354638854890392,0.412897097668107,0.0859751145678997,0.1824720740354044,0.0463905100389395,0.1036162451363665,0.002706784424616,0.0079754119613112,17,1,1,1,1,0.0,539.8347896676095,0.8566666666666667,37,0.1317524389924074,0.0002440606672895,0.0570589720009593,16.765703729121256,1.3905,15.375203729121257,34.614302360251834,916.6315568231976,539.8347896676095,300,300,1.0,727.8632577168165,0.4258386220452275,deployment_scaling,medium,12,8,4,12,12,1.0,15.0,0.7,0.7,0.2,0.1,0.7,0.3,0.1833095990004949
montage,300,3.0,reference,4,PBQS,NonSharable,PBQS-NonSharable,422.5660157948087,845.1320315896173,1,3.0,downstream_reserved,1,queue_aware,1,1,1,0.0,1267.698047384426,1267.698047384426,3.0,12,12,1,1,1.0,0.0007752550009172,0,121,4,2.495867768595041,"{""1"":60,""2"":1,""4"":60}",0,0.0,0,249,51,0,0,0,0,0,0,0.0,0.0,0,0,0,0,0.0,0.0,0.44,580.3533573227796,1944.1623730245128,2707.7168387241027,0.1675509667410903,0.1256994292567433,0.2094025042254373,0.341143271429865,0.0861168336180161,0.2005576839265208,0.0462643577623967,0.1024103737997198,0.0011216965691822,0.0058317315857978,35,1,1,1,1,0.0,580.3533573227796,0.83,51,0.2684910600037256,0.0004626337671971,0.0,17.854377218186936,1.1785,16.675877218186937,17.02731514161358,1043.898410575387,580.3533573227796,300,300,1.0,687.3446900616464,0.4578009396797541,deployment_scaling,medium,12,8,4,12,12,1.0,15.0,0.7,0.7,0.2,0.1,0.7,0.3,0.3170552989977295
montage,300,3.0,reference,4,PBQS,Sharable,PBQS-Sharable,422.5660157948087,845.1320315896173,1,3.0,downstream_reserved,1,queue_aware,1,1,1,0.0,1267.698047384426,1267.698047384426,3.0,12,12,1,1,1.0,0.0007651490013813,0,120,4,2.5,"{""1"":60,""4"":60}",0,0.0,0,271,29,0,0,0,0,0,0,0.0,0.0,0,0,0,0,0.0,0.0,0.235,815.6279959400512,1259.842227182721,1339.0765470405197,0.3039296606001174,0.2280129181866506,0.3798464030135841,0.599941615273211,0.1378703722312723,0.2714329998595869,0.0740677978713789,0.1403968577535686,0.0013191386569308,0.0037417484803825,11,1,1,1,1,0.0,815.6279959400512,0.9033333333333332,29,0.2734206339810043,0.0003352271321509,0.0,11.685816051452605,0.4845,11.201316051452604,740.0973005682109,1043.898410575387,815.6279959400512,300,300,1.0,452.0700514443748,0.6433929575129449,deployment_scaling,medium,12,8,4,12,12,1.0,15.0,0.7,0.7,0.2,0.1,0.7,0.3,0.3094434339982399
montage,300,3.0,reference,5,HDS,NonSharable,HDS-NonSharable,379.8511617328074,759.7023234656147,1,3.0,downstream_reserved,1,idle_only,1,1,1,0.0,1139.553485198422,1139.553485198422,3.0,12,12,1,1,1.0,0.0004779019982379,0,121,4,2.495867768595041,"{""1"":60,""2"":1,""4"":60}",25,0.0833333333333333,14,261,39,11,4,8,11,79,423,0.0132008179971307,1.8425181927748963e-12,0,0,0,25,4.440892098500626e-16,4.440892098500626e-16,0.35,483.0232487139447,1697.8461441825805,2716.64509912076,0.1640465438597584,0.1134376970677444,0.2146553906517724,0.3712436410666859,0.068487827264738,0.1292438544509892,0.0395196025744376,0.0689128763632385,0.0013851001739535,0.0082909271873988,34,1,1,1,1,0.0,483.0232487139447,0.87,39,0.2119072759924165,0.0004387103033997,0.098806300004071,15.9753182782824,1.3785,14.5968182782824,14.693264762976778,868.7101200960451,483.0232487139447,300,300,1.0,656.5302364844774,0.4238706256335475,deployment_scaling,medium,12,8,4,12,12,1.0,15.0,0.7,0.7,0.2,0.1,0.7,0.3,0.2740573480004968
montage,300,3.0,reference,5,HDS,Sharable,HDS-Sharable,379.8511617328074,759.7023234656147,1,3.0,downstream_reserved,1,idle_only,1,1,1,0.0,1139.553485198422,1139.553485198422,3.0,12,12,1,1,1.0,0.0004368009977042,0,120,4,2.5,"{""1"":60,""4"":60}",23,0.0766666666666666,20,257,43,10,3,8,11,111,463,0.0436767720020725,1.2049391535108986e-13,0,0,0,23,3.361755318564974e-13,2.273736754432321e-13,0.305,496.58900061025497,1698.2426866242988,2815.912039935766,0.1874174254728242,0.1284583936987861,0.2463764572468623,0.4301835260538193,0.0632990604458444,0.1222940252854009,0.0369857838866092,0.0703090540399469,0.0018962438084917,0.0093078305480159,25,1,1,1,1,0.0,496.58900061025497,0.8566666666666667,33,0.2411582369713869,0.0004856294373718,0.1546381530024518,16.014490617816147,1.4145,14.599990617816148,52.899786970547865,851.7633815865622,496.58900061025497,300,300,1.0,642.9644845881671,0.4357750707276259,deployment_scaling,medium,12,8,4,12,12,1.0,15.0,0.7,0.7,0.2,0.1,0.7,0.3,0.2988594730013574
montage,300,3.0,reference,5,PBQS,NonSharable,PBQS-NonSharable,379.8511617328074,759.7023234656147,1,3.0,downstream_reserved,1,queue_aware,1,1,1,0.0,1139.553485198422,1139.553485198422,3.0,12,12,1,1,1.0,0.0008292950005852,0,120,4,2.5,"{""1"":60,""4"":60}",0,0.0,0,251,49,0,0,0,0,0,0,0.0,0.0,0,0,0,0,0.0,0.0,0.455,526.9684506162814,1784.8290570665777,2480.079553309789,0.1585471721671611,0.1124221832454575,0.2046721610888647,0.3333147663128384,0.0726344682080612,0.201182366248325,0.0443889357732805,0.1224485438348038,0.0008994278985992,0.0057737785484357,44,1,1,1,1,0.0,526.9684506162814,0.8366666666666667,49,0.2625754080036131,0.0004982753857399,0.0,16.53518158135438,1.2425,15.29268158135438,16.250374691673855,979.945412959745,526.9684506162814,300,300,1.0,612.5850345821407,0.462434152903779,deployment_scaling,medium,12,8,4,12,12,1.0,15.0,0.7,0.7,0.2,0.1,0.7,0.3,0.3103856969974004
montage,300,3.0,reference,5,PBQS,Sharable,PBQS-Sharable,379.8511617328074,759.7023234656147,1,3.0,downstream_reserved,1,queue_aware,1,1,1,0.0,1139.553485198422,1139.553485198422,3.0,12,12,1,1,1.0,0.0008333509977092,0,120,4,2.5,"{""1"":60,""4"":60}",0,0.0,0,273,27,0,0,0,0,0,0,0.0,0.0,0,0,0,0,0.0,0.0,0.21,792.6814503608232,1193.58839529518,1297.5982297669943,0.2972759478134271,0.2107915935852329,0.3837603020416213,0.6049045759010772,0.1207170710110492,0.1833269111363629,0.0737735464173647,0.1003200152911587,0.0014375049343933,0.0024016815793391,10,1,1,1,1,0.0,792.6814503608232,0.91,27,0.2829285929947218,0.0003569259667498,0.0,11.0792562871832,0.5165,10.562756287183198,713.895066654834,979.945412959745,792.6814503608232,300,300,1.0,346.8720348375989,0.6956070607100986,deployment_scaling,medium,12,8,4,12,12,1.0,15.0,0.7,0.7,0.2,0.1,0.7,0.3,0.3201557270003832
cybershake,450,3.0,reference,1,HDS,NonSharable,HDS-NonSharable,654.6314903923294,1309.2629807846588,1,3.0,downstream_reserved,1,idle_only,1,1,1,0.0,1963.894471176988,1963.894471176988,3.0,18,18,1,1,1.0,0.0012535369969555,0,200,4,2.25,"{""1"":100,""3"":50,""4"":50}",25,0.0555555555555555,28,397,53,11,3,15,17,114,666,0.0147818219993496,2.0673018871515457e-13,0,0,0,25,0.0,0.0,0.525,784.1385679730276,2409.898561367973,4056.5147006718335,0.1926887316108794,0.1361616303325419,0.2492158328892169,0.4358313862136082,0.0477966961090332,0.1120900527396203,0.0257260696784945,0.062816066334893,0.001009951000827,0.0066903800218291,42,1,1,1,1,0.0,784.1385679730276,0.8822222222222222,53,0.3433342109819932,0.0004378489019734,0.1276536469995335,21.84461520905064,1.756,20.08861520905064,20.35595950834785,1385.943808159274,784.1385679730276,450,450,1.0,1179.7559032039603,0.3992773438091523,deployment_scaling,medium_plus,18,11,7,18,18,1.0,15.0,0.7,0.7,0.2,0.1,0.7,0.3,0.4567738750010903
cybershake,450,3.0,reference,1,HDS,Sharable,HDS-Sharable,654.6314903923294,1309.2629807846588,1,3.0,downstream_reserved,1,idle_only,1,1,1,0.0,1963.894471176988,1963.894471176988,3.0,18,18,1,1,1.0,0.0012115139979869,0,200,4,2.25,"{""1"":100,""3"":50,""4"":50}",26,0.0577777777777777,38,386,64,12,3,14,17,165,751,0.047359966996737,0.0,0,0,0,26,3.765876499528531e-13,1.8474111129762605e-13,0.46,843.2884023958142,2397.5486607447965,3839.744624816428,0.2031957714685378,0.1431712977581311,0.2632202451789444,0.4486014529871661,0.0750949825380033,0.1961429120098128,0.042753844148804,0.1151419490430629,0.0014379323585669,0.0062284089141254,26,1,1,1,1,0.0,843.2884023958142,0.8577777777777778,53,0.3959542469856387,0.0004695359806451,0.2073703259993635,21.68681600406523,1.697,19.98981600406523,45.40993304858044,1426.5526204991884,843.2884023958142,450,450,1.0,1120.606068781174,0.4293959857682272,deployment_scaling,medium_plus,18,11,7,18,18,1.0,15.0,0.7,0.7,0.2,0.1,0.7,0.3,0.5080664730012359
cybershake,450,3.0,reference,1,PBQS,NonSharable,PBQS-NonSharable,654.6314903923294,1309.2629807846588,1,3.0,downstream_reserved,1,queue_aware,1,1,1,0.0,1963.894471176988,1963.894471176988,3.0,18,18,1,1,1.0,0.0022501610001199,0,200,4,2.25,"{""1"":100,""3"":50,""4"":50}",0,0.0,0,378,72,0,0,0,0,0,0,0.0,0.0,0,0,0,0,0.0,0.0,0.5700000000000001,902.4443087017726,2548.3835351348,3478.1561742694794,0.1808444159759807,0.1314647384855479,0.2302240934664135,0.3713854954121858,0.091600200755733,0.2172117446907554,0.0537537479953187,0.1367664371511783,0.0010235526120793,0.0053876336723755,31,1,1,1,1,0.0,902.4443087017726,0.84,72,1.324562452969985,0.0014677497992928,0.0,22.65849499918525,1.462,21.19649499918525,23.72163639769462,1604.385340180643,902.4443087017726,450,450,1.0,1061.4501624752156,0.4595177194836368,deployment_scaling,medium_plus,18,11,7,18,18,1.0,15.0,0.7,0.7,0.2,0.1,0.7,0.3,1.440402374999394
cybershake,450,3.0,reference,1,PBQS,Sharable,PBQS-Sharable,654.6314903923294,1309.2629807846588,1,3.0,downstream_reserved,1,queue_aware,1,1,1,0.0,1963.894471176988,1963.894471176988,3.0,18,18,1,1,1.0,0.0022163510002428,0,200,4,2.25,"{""1"":100,""3"":50,""4"":50}",0,0.0,0,407,43,0,0,0,0,0,0,0.0,0.0,0,0,0,0,0.0,0.0,0.35,1256.5979169710615,1790.6121931660684,1962.6134903320185,0.3108263399587168,0.2259550192720354,0.3956976606453982,0.6218547830157531,0.1315680676078261,0.2320207103931494,0.0772080922538753,0.1344387400390077,0.0013138916130435,0.0023592792549774,10,1,1,1,1,0.0,1256.5979169710615,0.9044444444444444,43,1.3160514070004865,0.0010473130579212,0.0,15.900324263435406,0.766,15.134324263435406,955.0581658723888,1604.3853401806432,1256.5979169710615,450,450,1.0,707.2965542059264,0.6398500201581432,deployment_scaling,medium_plus,18,11,7,18,18,1.0,15.0,0.7,0.7,0.2,0.1,0.7,0.3,1.3929030449980928
cybershake,450,3.0,reference,2,HDS,NonSharable,HDS-NonSharable,660.7810710065075,1321.562142013015,1,3.0,downstream_reserved,1,idle_only,1,1,1,0.0,1982.3432130195224,1982.3432130195224,3.0,18,18,1,1,1.0,0.0011594669995247,0,200,4,2.25,"{""1"":100,""3"":50,""4"":50}",25,0.0555555555555555,29,396,54,11,3,14,17,114,666,0.0147140619992569,1.8916427185932597e-13,0,0,0,25,4.440892098500626e-15,3.552713678800501e-15,0.465,771.5599198653562,2527.0577938130923,4224.150460761269,0.1890499194816421,0.1327209146016438,0.2453789243616404,0.411001371622731,0.0458304702698109,0.1205801112303585,0.0254416537338567,0.0586067199787135,0.0009855518507332,0.0081900653606064,47,1,1,1,1,0.0,771.5599198653562,0.88,54,0.3040444150356052,0.000394064553131,0.1150420859994483,23.729888858650288,1.714,22.01588885865029,19.900096518522144,1331.6444440576486,771.5599198653562,450,450,1.0,1210.7832931541666,0.3892161129303685,deployment_scaling,medium_plus,18,11,7,18,18,1.0,15.0,0.7,0.7,0.2,0.1,0.7,0.3,0.4120817499970144
cybershake,450,3.0,reference,2,HDS,Sharable,HDS-Sharable,660.7810710065075,1321.562142013015,1,3.0,downstream_reserved,1,idle_only,1,1,1,0.0,1982.3432130195224,1982.3432130195224,3.0,18,18,1,1,1.0,0.0011929760003113,0,201,4,2.243781094527363,"{""1"":101,""3"":50,""4"":50}",21,0.0466666666666666,39,390,60,10,3,15,17,165,751,0.0452392130027874,0.0,0,0,0,21,1.1262102361797588e-12,3.410605131648481e-13,0.465,799.4819241457438,2564.8580649921046,4209.90566376473,0.2009934228129025,0.1416567813789282,0.2603300642468767,0.4460634407368544,0.0651993892976635,0.1667246618365765,0.0358953724692347,0.0931413239434875,0.0015239146199296,0.0072606540548899,29,1,1,1,1,0.0,799.4819241457438,0.8666666666666667,50,0.3420624550235516,0.0004278551455544,0.156052513011673,23.90354279449903,1.732,22.171542794499032,55.661518936313605,1338.1903222105632,799.4819241457438,450,450,1.0,1182.861288873779,0.403301466110889,deployment_scaling,medium_plus,18,11,7,18,18,1.0,15.0,0.7,0.7,0.2,0.1,0.7,0.3,0.4497278260023449
cybershake,450,3.0,reference,2,PBQS,NonSharable,PBQS-NonSharable,660.7810710065075,1321.562142013015,1,3.0,downstream_reserved,1,queue_aware,1,1,1,0.0,1982.3432130195224,1982.3432130195224,3.0,18,18,1,1,1.0,0.0021721750017604,0,200,4,2.25,"{""1"":100,""3"":50,""4"":50}",0,0.0,0,374,76,0,0,0,0,0,0,0.0,0.0,0,0,0,0,0.0,0.0,0.595,901.7165465909706,2776.688663841828,3704.5027797192975,0.1701192021123421,0.123224347341916,0.2170140568827682,0.3448003802433966,0.0798575793450675,0.2176644566729951,0.0484398885767063,0.1340226707737878,0.000981867973389,0.0053023077118165,36,1,1,1,1,0.0,901.7165465909706,0.8311111111111111,76,1.3083646130216948,0.0014509710595509,0.0,25.620436096246312,1.462,24.158436096246312,24.862826622656176,1572.2897339098886,901.7165465909706,450,450,1.0,1080.6266664285522,0.4548740806681341,deployment_scaling,medium_plus,18,11,7,18,18,1.0,15.0,0.7,0.7,0.2,0.1,0.7,0.3,1.4057177779977792
cybershake,450,3.0,reference,2,PBQS,Sharable,PBQS-Sharable,660.7810710065075,1321.562142013015,1,3.0,downstream_reserved,1,queue_aware,1,1,1,0.0,1982.3432130195224,1982.3432130195224,3.0,18,18,1,1,1.0,0.0021949990004941,0,200,4,2.25,"{""1"":100,""3"":50,""4"":50}",0,0.0,0,406,44,0,0,0,0,0,0,0.0,0.0,0,0,0,0,0.0,0.0,0.375,1262.5746877376823,2041.6891219005597,2234.50369583676,0.2964198218624142,0.2147090900654596,0.3781305536593687,0.5955642931476843,0.1283251027225539,0.2477727138420947,0.0778392449214509,0.1431311035036307,0.0014061244009722,0.003236301902608,11,1,1,1,1,0.0,1262.5746877376823,0.9022222222222224,44,1.3000813799917523,0.0010297065136964,0.0,18.798191249766667,0.812,17.986191249766666,1008.1552417198088,1572.2897339098863,1262.5746877376823,450,450,1.0,719.7685252818403,0.6369102380684712,deployment_scaling,medium_plus,18,11,7,18,18,1.0,15.0,0.7,0.7,0.2,0.1,0.7,0.3,1.375596272999246
cybershake,450,3.0,reference,3,HDS,NonSharable,HDS-NonSharable,637.0071390525676,1274.014278105135,1,3.0,downstream_reserved,1,idle_only,1,1,1,0.0,1911.021417157703,1911.021417157703,3.0,18,18,1,1,1.0,0.0012179840014141,0,200,4,2.25,"{""1"":100,""3"":50,""4"":50}",17,0.0377777777777777,35,398,52,8,3,15,17,114,666,0.0148227230019983,1.2304911776569252e-13,0,0,0,17,0.0,0.0,0.47,778.2647306991221,2489.523911746382,3936.8410582339593,0.1877014252237056,0.1342976266551615,0.2411052237922496,0.4177946245757011,0.0566033580885972,0.1867239078386582,0.0300958614096851,0.0928017082306442,0.0010467844643027,0.0064153250372518,40,1,1,1,1,0.0,778.2647306991221,0.8844444444444445,52,0.2750613350035564,0.0003534290122031,0.0885553330008406,22.642479996523488,1.634,21.008479996523487,19.18693285089097,1303.5192286761874,778.2647306991221,450,450,1.0,1132.7566864585806,0.4072506585806084,deployment_scaling,medium_plus,18,11,7,18,18,1.0,15.0,0.7,0.7,0.2,0.1,0.7,0.3,0.381662129999313
cybershake,450,3.0,reference,3,HDS,Sharable,HDS-Sharable,637.0071390525676,1274.014278105135,1,3.0,downstream_reserved,1,idle_only,1,1,1,0.0,1911.021417157703,1911.021417157703,3.0,18,18,1,1,1.0,0.0012048940006934,0,200,4,2.25,"{""1"":100,""3"":50,""4"":50}",28,0.0622222222222222,33,389,61,12,3,14,17,165,751,0.0505616439986624,1.5532851379166553e-13,0,0,0,28,7.247535904753022e-13,6.110667527536863e-13,0.475,814.2450418880841,2490.313626562761,3929.977484606584,0.1894615159538123,0.1343064205443683,0.2446166113632563,0.4234764036145761,0.0595209049247732,0.1518465026900054,0.0336349156231677,0.0908241096281111,0.0010514133663319,0.006089010075468,38,1,1,1,1,0.0,814.2450418880841,0.8644444444444445,52,0.4425554870213091,0.0005435163424453,0.2651508930030104,22.65279771505452,1.638,21.01479771505452,46.7432730300652,1321.2463792774774,814.2450418880841,450,450,1.0,1096.7763752696187,0.4260784492405772,deployment_scaling,medium_plus,18,11,7,18,18,1.0,15.0,0.7,0.7,0.2,0.1,0.7,0.3,0.5675893830011773
cybershake,450,3.0,reference,3,PBQS,NonSharable,PBQS-NonSharable,637.0071390525676,1274.014278105135,1,3.0,downstream_reserved,1,queue_aware,1,1,1,0.0,1911.021417157703,1911.021417157703,3.0,18,18,1,1,1.0,0.0022870560023875,0,200,4,2.25,"{""1"":100,""3"":50,""4"":50}",0,0.0,0,378,72,0,0,0,0,0,0,0.0,0.0,0,0,0,0,0.0,0.0,0.5700000000000001,866.1176699110506,2638.9055944251472,3622.3289621558233,0.169451853189365,0.1233549319282468,0.2155487744504833,0.3435603652376808,0.0715779306213342,0.2374552381091405,0.0422463889321711,0.1255880648923779,0.0008468099755974,0.0046602422984879,41,1,1,1,1,0.0,866.1176699110506,0.84,72,1.371370406039205,0.0015833534560956,0.0,23.677533457953608,1.474,22.203533457953608,23.163020652765077,1484.180777826781,866.1176699110506,450,450,1.0,1044.903747246652,0.4532223773814337,deployment_scaling,medium_plus,18,11,7,18,18,1.0,15.0,0.7,0.7,0.2,0.1,0.7,0.3,1.4773396860000505
cybershake,450,3.0,reference,3,PBQS,Sharable,PBQS-Sharable,637.0071390525676,1274.014278105135,1,3.0,downstream_reserved,1,queue_aware,1,1,1,0.0,1911.021417157703,1911.021417157703,3.0,18,18,1,1,1.0,0.0022974210005486,0,200,4,2.25,"{""1"":100,""3"":50,""4"":50}",0,0.0,0,409,41,0,0,0,0,0,0,0.0,0.0,0,0,0,0,0.0,0.0,0.305,1211.633723319685,1790.6627860057563,1925.8433453170412,0.3000131171221545,0.2183988958729615,0.3816273383713474,0.6033255194417809,0.1279159478925458,0.2227870736201392,0.0754979480181441,0.1289661379159987,0.0013617180792792,0.0023848009484316,10,1,1,1,1,0.0,1211.633723319685,0.9088888888888887,41,1.4031907680146103,0.0011580981455105,0.0,16.17159099059848,0.754,15.417590990598482,981.1275061102295,1484.1807778267812,1211.633723319685,450,450,1.0,699.3876938380176,0.6340241466899781,deployment_scaling,medium_plus,18,11,7,18,18,1.0,15.0,0.7,0.7,0.2,0.1,0.7,0.3,1.4856303320011648
cybershake,450,3.0,reference,4,HDS,NonSharable,HDS-NonSharable,672.4109098819199,1344.8218197638398,1,3.0,downstream_reserved,1,idle_only,1,1,1,0.0,2017.23272964576,2017.23272964576,3.0,18,18,1,1,1.0,0.0013332460002857,0,201,4,2.243781094527363,"{""1"":101,""3"":50,""4"":50}",23,0.0511111111111111,33,394,56,9,3,14,17,114,666,0.0144837089974316,6.37224762759976e-14,0,0,0,23,1.7763568394002505e-15,8.881784197001252e-16,0.52,856.3712384458911,2419.2571116810104,3967.407971453844,0.1921202122425415,0.1373053757303713,0.2469350487547116,0.4271497619002917,0.0476977280011636,0.1679882736479858,0.0260912185809718,0.0934755630889772,0.0008362082433618,0.0066697112516618,46,1,1,1,1,0.0,856.3712384458911,0.8755555555555555,56,0.313472071007709,0.0003660469396153,0.1092107749936985,22.195084879774587,1.692,20.503084879774587,20.941197963346927,1435.22319998498,856.3712384458911,450,450,1.0,1160.8614911998686,0.4245277333945875,deployment_scaling,medium_plus,18,11,7,18,18,1.0,15.0,0.7,0.7,0.2,0.1,0.7,0.3,0.4266600500013737
cybershake,450,3.0,reference,4,HDS,Sharable,HDS-Sharable,672.4109098819199,1344.8218197638398,1,3.0,downstream_reserved,1,idle_only,1,1,1,0.0,2017.23272964576,2017.23272964576,3.0,18,18,1,1,1.0,0.0011866269996971,0,200,4,2.25,"{""1"":100,""3"":50,""4"":50}",37,0.0822222222222222,35,378,72,17,3,14,17,165,751,0.0341333050018874,8.019542418698999e-14,0,0,0,37,1.871391930308164e-12,1.0729195309977513e-12,0.485,927.7495311555032,2442.1178841116152,3834.827843816879,0.2014322196543529,0.1445792275398941,0.2582852117688116,0.4344411062721393,0.0555770774683293,0.1109760718845271,0.0313523090256262,0.0660986100801603,0.0006816790963093,0.0044000982116487,52,1,1,1,1,0.0,927.7495311555032,0.84,57,0.5217199990038353,0.0005623500540647,0.3453734230024565,22.777997735526935,1.589,21.18899773552694,74.08148363719646,1485.7885834507165,927.7495311555032,450,450,1.0,1089.4831984902564,0.4599119960335081,deployment_scaling,medium_plus,18,11,7,18,18,1.0,15.0,0.7,0.7,0.2,0.1,0.7,0.3,0.6406834219997108
cybershake,450,3.0,reference,4,PBQS,NonSharable,PBQS-NonSharable,672.4109098819199,1344.8218197638398,1,3.0,downstream_reserved,1,queue_aware,1,1,1,0.0,2017.23272964576,2017.23272964576,3.0,18,18,1,1,1.0,0.0022946270000829,0,201,4,2.243781094527363,"{""1"":101,""3"":50,""4"":50}",0,0.0,0,375,75,0,0,0,0,0,0,0.0,0.0,0,0,0,0,0.0,0.0,0.615,941.3675111423204,2441.58753281644,3374.691773765418,0.1754216513347244,0.1286228984787994,0.2222204041906494,0.3584007936773521,0.0798744001064981,0.2001447439593508,0.0458988956677824,0.1282696236332524,0.0007470824315739,0.0038915098434701,42,1,1,1,1,0.0,941.3675111423204,0.8333333333333334,75,1.3781430530107173,0.0014639798343352,0.0,22.80804690719146,1.457,21.35104690719146,24.882776713487893,1612.8035715480844,941.3675111423204,450,450,1.0,1075.865218503439,0.4666628184778814,deployment_scaling,medium_plus,18,11,7,18,18,1.0,15.0,0.7,0.7,0.2,0.1,0.7,0.3,1.4856237519998103
cybershake,450,3.0,reference,4,PBQS,Sharable,PBQS-Sharable,672.4109098819199,1344.8218197638398,1,3.0,downstream_reserved,1,queue_aware,1,1,1,0.0,2017.23272964576,2017.23272964576,3.0,18,18,1,1,1.0,0.002455205998558,0,201,4,2.243781094527363,"{""1"":101,""3"":50,""4"":50}",0,0.0,0,407,43,0,0,0,0,0,0,0.0,0.0,0,0,0,0,0.0,0.0,0.33,1261.66928967037,1638.1767234793808,1767.8701550912988,0.3124698164399778,0.2291095379153614,0.3958300949645942,0.6251176633907299,0.1340922880168866,0.2068441194550456,0.0770545747991239,0.1220453345294108,0.0012078811315554,0.0023737138959236,10,1,1,1,1,0.0,1261.66928967037,0.9044444444444444,43,1.3521349709953938,0.0010717031650573,0.0,14.947917839662498,0.746,14.201917839662498,967.863603548204,1612.8035715480833,1261.66928967037,450,450,1.0,755.5634399753897,0.6254455775620535,deployment_scaling,medium_plus,18,11,7,18,18,1.0,15.0,0.7,0.7,0.2,0.1,0.7,0.3,1.4306669230027182
cybershake,450,3.0,reference,5,HDS,NonSharable,HDS-NonSharable,635.3966517144,1270.7933034288003,1,3.0,downstream_reserved,1,idle_only,1,1,1,0.0,1906.1899551432,1906.1899551432,3.0,18,18,1,1,1.0,0.001233487000718,0,200,4,2.25,"{""1"":100,""3"":50,""4"":50}",25,0.0555555555555555,28,397,53,10,3,13,17,114,666,0.0170692089996009,2.0638266006882992e-13,0,0,0,25,1.4654943925052066e-14,7.105427357601002e-15,0.48,788.7561037927492,2486.0775381888507,4025.2260675878183,0.1854409138813423,0.1311770874046699,0.2397047403580147,0.4186670959209084,0.0432911742302735,0.1085355094237298,0.0243164455703715,0.0572263043503996,0.0007925522085563,0.0060597358464291,55,1,1,1,1,0.0,788.7561037927492,0.8822222222222222,53,0.3326487080157676,0.0004217383629948,0.1273610229982296,23.39819107710762,1.678,21.720191077107614,19.57518701648891,1331.3613650284888,788.7561037927492,450,450,1.0,1117.433851350451,0.4137867276367505,deployment_scaling,medium_plus,18,11,7,18,18,1.0,15.0,0.7,0.7,0.2,0.1,0.7,0.3,0.4453376479978033
cybershake,450,3.0,reference,5,HDS,Sharable,HDS-Sharable,635.3966517144,1270.7933034288003,1,3.0,downstream_reserved,1,idle_only,1,1,1,0.0,1906.1899551432,1906.1899551432,3.0,18,18,1,1,1.0,0.001229230001627,0,200,4,2.25,"{""1"":100,""3"":50,""4"":50}",24,0.0533333333333333,35,391,59,11,3,14,17,165,751,0.0401241519975883,3.002695822768166e-11,0,0,0,24,5.613287612504791e-13,3.410605131648481e-13,0.465,789.198889875988,2460.733862177779,4053.75507605047,0.1901232655446975,0.1339775190735709,0.2462690120158241,0.4323079356199096,0.0521239825092515,0.1104665405143325,0.028546337807676,0.0633308324272904,0.0010125895823764,0.0053908548531568,43,1,1,1,1,0.0,789.198889875988,0.8688888888888889,50,0.4047125309807597,0.0005128143693212,0.2060217629987164,23.111633200851475,1.718,21.393633200851475,44.73825269704501,1296.923806859729,789.198889875988,450,450,1.0,1116.9910652672122,0.4140190161775878,deployment_scaling,medium_plus,18,11,7,18,18,1.0,15.0,0.7,0.7,0.2,0.1,0.7,0.3,0.5459299729991471
cybershake,450,3.0,reference,5,PBQS,NonSharable,PBQS-NonSharable,635.3966517144,1270.7933034288003,1,3.0,downstream_reserved,1,queue_aware,1,1,1,0.0,1906.1899551432,1906.1899551432,3.0,18,18,1,1,1.0,0.0022775120014557,0,200,4,2.25,"{""1"":100,""3"":50,""4"":50}",0,0.0,0,377,73,0,0,0,0,0,0,0.0,0.0,0,0,0,0,0.0,0.0,0.5700000000000001,874.0107791870096,2662.7439208770547,3584.476628666196,0.1667797012598371,0.1208045444787089,0.2127548580409652,0.3452820753217715,0.0874527362427025,0.2207934552908584,0.0521404946888238,0.1349371994511724,0.0010117361418065,0.0042422940472498,35,1,1,1,1,0.0,874.0107791870096,0.8377777777777777,73,1.3407495940191438,0.0015340195177756,0.0,24.62312925084484,1.443,23.18012925084484,23.589314573853127,1512.3354899093592,874.0107791870096,450,450,1.0,1032.1791759561906,0.4585119005735976,deployment_scaling,medium_plus,18,11,7,18,18,1.0,15.0,0.7,0.7,0.2,0.1,0.7,0.3,1.4417581540001263
cybershake,450,3.0,reference,5,PBQS,Sharable,PBQS-Sharable,635.3966517144,1270.7933034288003,1,3.0,downstream_reserved,1,queue_aware,1,1,1,0.0,1906.1899551432,1906.1899551432,3.0,18,18,1,1,1.0,0.0024141350004356,0,200,4,2.25,"{""1"":100,""3"":50,""4"":50}",0,0.0,0,407,43,0,0,0,0,0,0,0.0,0.0,0,0,0,0,0.0,0.0,0.315,1204.0102258155628,1926.8188946766868,2112.626576265459,0.2912026529933663,0.2109285697247299,0.3714767362620028,0.5861765464764951,0.1269667524521991,0.2153865645829296,0.0756992813068615,0.1227976977786422,0.0013951108748748,0.002748041524342,11,1,1,1,1,0.0,1204.0102258155628,0.9044444444444444,43,1.356305588993564,0.0011264900911243,0.0,17.71893678951185,0.775,16.943936789511852,925.2680010772514,1512.3354899093574,1204.0102258155628,450,450,1.0,702.1797293276375,0.6316318174728357,deployment_scaling,medium_plus,18,11,7,18,18,1.0,15.0,0.7,0.7,0.2,0.1,0.7,0.3,1.4371763359995384
epigenomics,450,3.0,reference,1,HDS,NonSharable,HDS-NonSharable,1061.2931566543912,2122.5863133087823,1,3.0,downstream_reserved,1,idle_only,1,1,1,0.0,3183.879469963173,3183.879469963173,3.0,18,18,1,1,1.0,0.0012318950030021,0,151,2,1.4966887417218544,"{""1"":76,""2"":75}",2,0.0088495575221238,39,185,41,1,2,16,16,88,537,0.0111892630011425,0.0,0,0,0,2,0.0,0.0,0.38,1132.0120193698383,791.0976330522991,1327.2516784162626,0.2305205485758207,0.1596499493337973,0.3013911478178441,0.5126704495762135,0.0696712389465991,0.1315622194393282,0.0349453022046772,0.0672706844332991,0.0010198527503396,0.0024240477984643,10,1,1,1,1,0.0,1132.0120193698383,0.8185840707964602,41,0.0931815059884684,8.231494400593036e-05,0.0111892630011425,7.78862335080655,0.533,7.25562335080655,15.59581823888048,1261.1693059574854,1132.0120193698383,226,226,1.0,2051.867450593335,0.3555448722381856,deployment_scaling,medium_plus,18,11,7,18,18,1.0,15.0,0.7,0.7,0.2,0.1,0.7,0.3,0.1305595250014448
epigenomics,450,3.0,reference,1,HDS,Sharable,HDS-Sharable,1061.2931566543912,2122.5863133087823,1,3.0,downstream_reserved,1,idle_only,1,1,1,0.0,3183.879469963173,3183.879469963173,3.0,18,18,1,1,1.0,0.0011816200021712,0,151,2,1.4966887417218544,"{""1"":76,""2"":75}",2,0.0088495575221238,40,184,42,1,2,16,16,104,553,0.0146953839976049,0.0,0,0,0,2,0.0,0.0,0.375,1122.4976474629648,782.2421298850278,1325.3468434881336,0.2254048773138252,0.1551988806713267,0.2956108739563237,0.5074631466704494,0.0845142915544107,0.1302822471377747,0.0426421041282197,0.0637723042404863,0.0012839244095914,0.0023816102490684,8,1,1,1,1,0.0,1122.4976474629648,0.8141592920353983,41,0.0948898970200389,8.453460658425983e-05,0.0146953839976049,7.72977932546838,0.545,7.18477932546838,18.921094237829475,1248.3593408093056,1122.4976474629648,226,226,1.0,2061.3818225002087,0.3525565769849787,deployment_scaling,medium_plus,18,11,7,18,18,1.0,15.0,0.7,0.7,0.2,0.1,0.7,0.3,0.1322434229987266
epigenomics,450,3.0,reference,1,PBQS,NonSharable,PBQS-NonSharable,1061.2931566543912,2122.5863133087823,1,3.0,downstream_reserved,1,queue_aware,1,1,1,0.0,3183.879469963173,3183.879469963173,3.0,18,18,1,1,1.0,0.0023196040019684,0,151,2,1.4966887417218544,"{""1"":76,""2"":75}",0,0.0,0,173,53,0,0,0,0,0,0,0.0,0.0,0,0,0,0,0.0,0.0,0.415,1214.766861715167,826.7907374958812,1149.1261568526163,0.2120808536735702,0.1499897344490278,0.2741719728981125,0.4290582668331458,0.065888506297807,0.1224476299095073,0.0347444369387814,0.0628403627729527,0.0005612997824502,0.0018219669775057,17,1,1,1,1,0.0,1214.766861715167,0.7654867256637168,53,0.6145256359777704,0.0005058794862992,0.0,8.771953605022482,0.495,8.276953605022483,18.005774852280034,1364.4052885294036,1214.766861715167,226,226,1.0,1969.1126082480068,0.3815366986016016,deployment_scaling,medium_plus,18,11,7,18,18,1.0,15.0,0.7,0.7,0.2,0.1,0.7,0.3,0.6540243390008982
epigenomics,450,3.0,reference,1,PBQS,Sharable,PBQS-Sharable,1061.2931566543912,2122.5863133087823,1,3.0,downstream_reserved,1,queue_aware,1,1,1,0.0,3183.879469963173,3183.879469963173,3.0,18,18,1,1,1.0,0.0022775619981985,0,151,2,1.4966887417218544,"{""1"":76,""2"":75}",0,0.0,0,186,40,0,0,0,0,0,0,0.0,0.0,0,0,0,0,0.0,0.0,0.33,1293.5966374707623,632.4316115555504,760.4079049719548,0.2839146912081666,0.2007927090204727,0.3670366733958604,0.5685022035539182,0.0928100441436437,0.1349916734571087,0.0489407471381952,0.0717602456919178,0.0006562588831763,0.0014384716795607,10,1,1,1,1,0.0,1293.5966374707623,0.8230088495575221,40,0.6056114909915777,0.000468160996596,0.0,7.028913838686587,0.303,6.725913838686587,163.2476811490759,1364.4052885294038,1293.5966374707623,226,226,1.0,1890.2828324924112,0.4062957312532075,deployment_scaling,medium_plus,18,11,7,18,18,1.0,15.0,0.7,0.7,0.2,0.1,0.7,0.3,0.6368464170009247
epigenomics,450,3.0,reference,2,HDS,NonSharable,HDS-NonSharable,1028.664506725809,2057.3290134516183,1,3.0,downstream_reserved,1,idle_only,1,1,1,0.0,3085.993520177427,3085.993520177427,3.0,18,18,1,1,1.0,0.0014920920002623,0,151,2,1.4966887417218544,"{""1"":76,""2"":75}",0,0.0,39,187,39,0,0,0,0,0,0,0.0,0.0,0,0,0,0,0.0,0.0,0.37,1112.153969134486,830.5646567863213,1374.7745139696767,0.2326953522508485,0.1609540769043216,0.3044366275973755,0.5299481581798677,0.0869301387749149,0.1427720334064239,0.0453385243837593,0.0739098304116936,0.0013750160980008,0.0024518150547913,8,1,1,1,1,0.0,1112.153969134486,0.827433628318584,39,0.0799399360184907,7.187847927270585e-05,0.0,8.431158030657107,0.551,7.880158030657107,15.166578541029882,1240.0786901408906,1112.153969134486,226,226,1.0,1973.839551042941,0.3603876553410726,deployment_scaling,medium_plus,18,11,7,18,18,1.0,15.0,0.7,0.7,0.2,0.1,0.7,0.3,0.1194995100013329
epigenomics,450,3.0,reference,2,HDS,Sharable,HDS-Sharable,1028.664506725809,2057.3290134516183,1,3.0,downstream_reserved,1,idle_only,1,1,1,0.0,3085.993520177427,3085.993520177427,3.0,18,18,1,1,1.0,0.0014922320006007,0,151,2,1.4966887417218544,"{""1"":76,""2"":75}",0,0.0,39,187,39,0,0,0,0,0,0,0.0,0.0,0,0,0,0,0.0,0.0,0.37,1112.153969134486,830.5646567863213,1374.7745139696767,0.2326953522508485,0.1609540769043216,0.3044366275973755,0.5299481581798677,0.0869301387749149,0.1427720334064239,0.0453385243837593,0.0739098304116936,0.0013750160980008,0.0024518150547913,8,1,1,1,1,0.0,1112.153969134486,0.827433628318584,39,0.0962326130138535,8.65281388050477e-05,0.0,8.431158030657107,0.551,7.880158030657107,15.166578541029882,1240.0786901408906,1112.153969134486,226,226,1.0,1973.839551042941,0.3603876553410726,deployment_scaling,medium_plus,18,11,7,18,18,1.0,15.0,0.7,0.7,0.2,0.1,0.7,0.3,0.1350581840015365
epigenomics,450,3.0,reference,2,PBQS,NonSharable,PBQS-NonSharable,1028.664506725809,2057.3290134516183,1,3.0,downstream_reserved,1,queue_aware,1,1,1,0.0,3085.993520177427,3085.993520177427,3.0,18,18,1,1,1.0,0.0029599580011563,0,151,2,1.4966887417218544,"{""1"":76,""2"":75}",0,0.0,0,167,59,0,0,0,0,0,0,0.0,0.0,0,0,0,0,0.0,0.0,0.465,1202.691659242012,1076.2662470998516,1326.3590226213971,0.1965827154452016,0.1392925164209676,0.2538729144694356,0.3857325411931347,0.0676872252591456,0.1425362903237453,0.0372927762715288,0.0794015245385652,0.0005217476198313,0.001927707145124,20,1,1,1,1,0.0,1202.691659242012,0.7389380530973452,59,0.6125456409972685,0.0005093122882246,0.0,10.71852938050151,0.521,10.197529380501509,19.09535107735121,1365.4931958236969,1202.691659242012,226,226,1.0,1883.3018609354149,0.3897259185342891,deployment_scaling,medium_plus,18,11,7,18,18,1.0,15.0,0.7,0.7,0.2,0.1,0.7,0.3,0.6516409399991971
epigenomics,450,3.0,reference,2,PBQS,Sharable,PBQS-Sharable,1028.664506725809,2057.3290134516183,1,3.0,downstream_reserved,1,queue_aware,1,1,1,0.0,3085.993520177427,3085.993520177427,3.0,18,18,1,1,1.0,0.0030546689995389,0,151,2,1.4966887417218544,"{""1"":76,""2"":75}",0,0.0,0,184,42,0,0,0,0,0,0,0.0,0.0,0,0,0,0,0.0,0.0,0.32,1297.2378013564312,962.5867120399294,1098.9999525015526,0.2733728386659835,0.1937036556479082,0.3530420216840588,0.5418623792951179,0.0941310003123038,0.1273127362099288,0.0518621692855941,0.0755398370306973,0.000839186862361,0.0015223030768365,12,1,1,1,1,0.0,1297.2378013564312,0.8141592920353983,42,0.5969835660143872,0.000460195937391,0.0,10.841263796035465,0.387,10.454263796035464,194.4897165524059,1365.4931958236973,1297.2378013564312,226,226,1.0,1788.7557188209958,0.4203630995575932,deployment_scaling,medium_plus,18,11,7,18,18,1.0,15.0,0.7,0.7,0.2,0.1,0.7,0.3,0.6314453199993295
epigenomics,450,3.0,reference,3,HDS,NonSharable,HDS-NonSharable,974.4987144525584,1948.9974289051163,1,3.0,downstream_reserved,1,idle_only,1,1,1,0.0,2923.496143357675,2923.496143357675,3.0,18,18,1,1,1.0,0.0011829220020445,0,151,2,1.4966887417218544,"{""1"":76,""2"":75}",2,0.0088495575221238,38,186,40,1,2,17,17,93,555,0.0124670359982701,2.934632210837621e-13,0,0,0,2,0.0,0.0,0.375,1065.567500831659,821.2846603670752,1289.1230120534794,0.2239884804321179,0.1524997447042773,0.2954772161599584,0.492693015299026,0.0474914747090419,0.1378525486252987,0.0266250545692039,0.071343560334827,0.0006595521811903,0.0021187738374866,16,1,1,1,1,0.0,1065.567500831659,0.8230088495575221,40,0.0936937099904753,8.792846057837618e-05,0.0124670359982701,8.029051096573104,0.527,7.502051096573104,14.476996240658712,1182.4632367176623,1065.567500831659,226,226,1.0,1857.9286425260163,0.3644839769167063,deployment_scaling,medium_plus,18,11,7,18,18,1.0,15.0,0.7,0.7,0.2,0.1,0.7,0.3,0.1307341350002389
epigenomics,450,3.0,reference,3,HDS,Sharable,HDS-Sharable,974.4987144525584,1948.9974289051163,1,3.0,downstream_reserved,1,idle_only,1,1,1,0.0,2923.496143357675,2923.496143357675,3.0,18,18,1,1,1.0,0.0011732169987226,0,151,2,1.4966887417218544,"{""1"":76,""2"":75}",4,0.0176991150442477,36,186,40,2,2,17,17,110,572,0.0337014319993613,0.0,0,0,0,4,0.0,0.0,0.35,1068.3591335176377,812.2365306744302,1291.9000236718869,0.2261722855426787,0.1536358217248417,0.2987087493605157,0.5024316492333583,0.0541895137175721,0.1383870196548587,0.0303346674480793,0.0715474239969131,0.0006591284270389,0.0023950267847511,16,1,1,1,1,0.0,1068.3591335176377,0.8230088495575221,39,0.123960621011065,0.0001160289804449,0.0457584770010726,7.960666059031945,0.531,7.429666059031946,22.83776325005892,1175.6900592060583,1068.3591335176377,226,226,1.0,1855.1370098400373,0.3654388722027225,deployment_scaling,medium_plus,18,11,7,18,18,1.0,15.0,0.7,0.7,0.2,0.1,0.7,0.3,0.1607374150007672
epigenomics,450,3.0,reference,3,PBQS,NonSharable,PBQS-NonSharable,974.4987144525584,1948.9974289051163,1,3.0,downstream_reserved,1,queue_aware,1,1,1,0.0,2923.496143357675,2923.496143357675,3.0,18,18,1,1,1.0,0.0022620890013058,0,151,2,1.4966887417218544,"{""1"":76,""2"":75}",0,0.0,0,175,51,0,0,0,0,0,0,0.0,0.0,0,0,0,0,0.0,0.0,0.385,1134.1661309498609,1016.3080245125972,1254.6066429256762,0.210051155226715,0.1455846319562843,0.2745176784971456,0.4182779506680154,0.0631654473203953,0.1068748845392548,0.03724904090536,0.0659172193539895,0.0006373140635909,0.0018178796306604,16,1,1,1,1,0.0,1134.1661309498609,0.7743362831858407,51,0.5899980500034872,0.0005202042574744,0.0,9.84848473683902,0.488,9.36048473683902,16.473063330095627,1279.9305290441273,1134.1661309498609,226,226,1.0,1789.330012407814,0.3879485640939671,deployment_scaling,medium_plus,18,11,7,18,18,1.0,15.0,0.7,0.7,0.2,0.1,0.7,0.3,0.6422562640000251
epigenomics,450,3.0,reference,3,PBQS,Sharable,PBQS-Sharable,974.4987144525584,1948.9974289051163,1,3.0,downstream_reserved,1,queue_aware,1,1,1,0.0,2923.496143357675,2923.496143357675,3.0,18,18,1,1,1.0,0.0022344579992932,0,151,2,1.4966887417218544,"{""1"":76,""2"":75}",0,0.0,0,186,40,0,0,0,0,0,0,0.0,0.0,0,0,0,0,0.0,0.0,0.325,1191.159337021078,845.1013077559618,912.1932094124052,0.2651465402042141,0.1837707649284245,0.3465223154800036,0.5333043871017199,0.0902147707328372,0.1339078513136985,0.0532001882017876,0.0790686008004429,0.0006908663881623,0.0014590571085666,10,1,1,1,1,0.0,1191.159337021078,0.8230088495575221,40,0.6163000520355126,0.0005173951400799,0.0,8.051584275684197,0.359,7.692584275684197,137.73302386656692,1279.9305290441278,1191.159337021078,226,226,1.0,1732.336806336597,0.4074434439489341,deployment_scaling,medium_plus,18,11,7,18,18,1.0,15.0,0.7,0.7,0.2,0.1,0.7,0.3,0.6472194960006163
epigenomics,450,3.0,reference,4,HDS,NonSharable,HDS-NonSharable,1042.14192872864,2084.2838574572806,1,3.0,downstream_reserved,1,idle_only,1,1,1,0.0,3126.4257861859205,3126.4257861859205,3.0,18,18,1,1,1.0,0.0011597070006246,0,151,2,1.4966887417218544,"{""1"":76,""2"":75}",2,0.0088495575221238,39,185,41,1,2,17,17,93,555,0.0137989440008823,1.560267982445058e-14,0,0,0,2,0.0,0.0,0.36,1128.014713856553,844.0003990509796,1360.8600034174242,0.2386735661387345,0.164112523369709,0.3132346089077601,0.5208593404889398,0.0577649743282459,0.1487288066269225,0.0310305691178454,0.0727948305458754,0.0007465276170361,0.0025728401118854,14,1,1,1,1,0.0,1128.014713856553,0.8185840707964602,41,0.0910957300038717,8.075757247210531e-05,0.0137989440008823,8.001959055093362,0.502,7.499959055093362,15.244822775190558,1281.3139776027915,1128.014713856553,226,226,1.0,1998.4110723293677,0.3608000928218652,deployment_scaling,medium_plus,18,11,7,18,18,1.0,15.0,0.7,0.7,0.2,0.1,0.7,0.3,0.1271605479996651
epigenomics,450,3.0,reference,4,HDS,Sharable,HDS-Sharable,1042.14192872864,2084.2838574572806,1,3.0,downstream_reserved,1,idle_only,1,1,1,0.0,3126.4257861859205,3126.4257861859205,3.0,18,18,1,1,1.0,0.0011700219984049,0,151,2,1.4966887417218544,"{""1"":76,""2"":75}",2,0.0088495575221238,39,185,41,1,2,17,17,110,572,0.0124675360020773,0.0,0,0,0,2,0.0,0.0,0.36,1128.014713856553,844.0003990509796,1360.8600034174242,0.2386735661387345,0.164112523369709,0.3132346089077601,0.5208593404889398,0.0577649743282459,0.1487288066269225,0.0310305691178454,0.0727948305458754,0.0007465276170361,0.0025728401118854,14,1,1,1,1,0.0,1128.014713856553,0.8185840707964602,41,0.0904576329739939,8.019189099469245e-05,0.0124675360020773,8.001959055093362,0.502,7.499959055093362,15.244822775190558,1281.3139776027915,1128.014713856553,226,226,1.0,1998.4110723293677,0.3608000928218652,deployment_scaling,medium_plus,18,11,7,18,18,1.0,15.0,0.7,0.7,0.2,0.1,0.7,0.3,0.1261776399987866
epigenomics,450,3.0,reference,4,PBQS,NonSharable,PBQS-NonSharable,1042.14192872864,2084.2838574572806,1,3.0,downstream_reserved,1,queue_aware,1,1,1,0.0,3126.4257861859205,3126.4257861859205,3.0,18,18,1,1,1.0,0.0021960900012345,0,151,2,1.4966887417218544,"{""1"":76,""2"":75}",0,0.0,0,167,59,0,0,0,0,0,0,0.0,0.0,0,0,0,0,0.0,0.0,0.47,1225.3761443562094,1023.3006093337244,1324.9025319778575,0.2000917329053699,0.1422409700905619,0.257942495720178,0.3979970120708497,0.0593638601474669,0.1358771735719976,0.0323700880496732,0.0781750028379303,0.0004468805426491,0.00201834554643,22,1,1,1,1,0.0,1225.3761443562094,0.7389380530973452,59,0.594349338014581,0.0004850342001123,0.0,9.723095988625412,0.516,9.207095988625412,19.37005607295241,1408.909422730808,1225.3761443562094,226,226,1.0,1901.0496418297112,0.3919415422462676,deployment_scaling,medium_plus,18,11,7,18,18,1.0,15.0,0.7,0.7,0.2,0.1,0.7,0.3,0.6307353270021849
epigenomics,450,3.0,reference,4,PBQS,Sharable,PBQS-Sharable,1042.14192872864,2084.2838574572806,1,3.0,downstream_reserved,1,queue_aware,1,1,1,0.0,3126.4257861859205,3126.4257861859205,3.0,18,18,1,1,1.0,0.0021785039971291,0,151,2,1.4966887417218544,"{""1"":76,""2"":75}",0,0.0,0,182,44,0,0,0,0,0,0,0.0,0.0,0,0,0,0,0.0,0.0,0.355,1328.7554923681637,832.1335468588727,942.5684070281536,0.2687799397236313,0.1910699598231428,0.3464899196241197,0.5336778116404575,0.0958041959856191,0.145151755507117,0.0522403740571943,0.0788220124368192,0.0005786985681448,0.0012122829478279,11,1,1,1,1,0.0,1328.7554923681637,0.8053097345132744,44,0.5810599460019148,0.0004372963644096,0.0,7.778750623558784,0.366,7.412750623558784,201.9154520250744,1408.9094227308076,1328.7554923681637,226,226,1.0,1797.6702938177568,0.4250078470562953,deployment_scaling,medium_plus,18,11,7,18,18,1.0,15.0,0.7,0.7,0.2,0.1,0.7,0.3,0.612372362997121
epigenomics,450,3.0,reference,5,HDS,NonSharable,HDS-NonSharable,977.667598789451,1955.335197578902,1,3.0,downstream_reserved,1,idle_only,1,1,1,0.0,2933.002796368353,2933.002796368353,3.0,18,18,1,1,1.0,0.0011666870013868,0,151,2,1.4966887417218544,"{""1"":76,""2"":75}",4,0.0176991150442477,36,186,40,2,2,17,17,93,555,0.0106966890016337,3.461372303638356e-13,0,0,0,4,0.0,0.0,0.335,1097.691340795632,797.0552535351628,1171.303604320946,0.2340613748227065,0.1624294854208802,0.3056932642245328,0.5122704873003359,0.0514016314102827,0.1244882335054634,0.0274846435808171,0.0648141141987436,0.0005473651156471,0.0019038231880644,17,1,1,1,1,0.0,1097.691340795632,0.8230088495575221,40,0.0963025239980197,8.773187909837884e-05,0.0201974170013272,7.699258304604237,0.479,7.220258304604237,14.47798966368645,1229.449169520806,1097.691340795632,226,226,1.0,1835.311455572721,0.3742551293012044,deployment_scaling,medium_plus,18,11,7,18,18,1.0,15.0,0.7,0.7,0.2,0.1,0.7,0.3,0.130700274999981
epigenomics,450,3.0,reference,5,HDS,Sharable,HDS-Sharable,977.667598789451,1955.335197578902,1,3.0,downstream_reserved,1,idle_only,1,1,1,0.0,2933.002796368353,2933.002796368353,3.0,18,18,1,1,1.0,0.001155120000476,0,151,2,1.4966887417218544,"{""1"":76,""2"":75}",4,0.0176991150442477,36,186,40,2,2,17,17,110,572,0.0168668680016708,0.0,0,0,0,4,2.8421709430404014e-14,2.8421709430404014e-14,0.355,1098.3917897821411,785.1508046552054,1147.494706561031,0.2412632632787897,0.1674273157415226,0.3150992108160568,0.5254056280003444,0.0599303277736005,0.1231325099832288,0.0320449692616068,0.064304087509757,0.0006083909234123,0.0018764079766694,15,1,1,1,1,0.0,1098.3917897821411,0.8230088495575221,39,0.101997516980191,9.286077875766126e-05,0.0285081239999271,7.592022713564578,0.467,7.1250227135645785,15.206640098155807,1229.449169520806,1098.3917897821411,226,226,1.0,1834.611006586212,0.3744939456389782,deployment_scaling,medium_plus,18,11,7,18,18,1.0,15.0,0.7,0.7,0.2,0.1,0.7,0.3,0.1355310590006411
epigenomics,450,3.0,reference,5,PBQS,NonSharable,PBQS-NonSharable,977.667598789451,1955.335197578902,1,3.0,downstream_reserved,1,queue_aware,1,1,1,0.0,2933.002796368353,2933.002796368353,3.0,18,18,1,1,1.0,0.0022343370001181,0,151,2,1.4966887417218544,"{""1"":76,""2"":75}",0,0.0,0,173,53,0,0,0,0,0,0,0.0,0.0,0,0,0,0,0.0,0.0,0.415,1166.7342615354555,958.4275486596716,1157.7186797819202,0.2048038092978702,0.1441811391108045,0.2654264794849358,0.4182756669952718,0.0666522221219224,0.1227237392090555,0.0378031860194462,0.076353673810341,0.0004934443035891,0.0014548962222036,18,1,1,1,1,0.0,1166.7342615354555,0.7654867256637168,53,0.5865563550432853,0.000502733462435,0.0,9.107919184723512,0.468,8.639919184723512,17.211845508568675,1330.1166210449644,1166.7342615354555,226,226,1.0,1766.268534832897,0.3977951412048113,deployment_scaling,medium_plus,18,11,7,18,18,1.0,15.0,0.7,0.7,0.2,0.1,0.7,0.3,0.6204966959994636
epigenomics,450,3.0,reference,5,PBQS,Sharable,PBQS-Sharable,977.667598789451,1955.335197578902,1,3.0,downstream_reserved,1,queue_aware,1,1,1,0.0,2933.002796368353,2933.002796368353,3.0,18,18,1,1,1.0,0.0022468759998446,0,151,2,1.4966887417218544,"{""1"":76,""2"":75}",0,0.0,0,184,42,0,0,0,0,0,0,0.0,0.0,0,0,0,0,0.0,0.0,0.32,1244.7311474817236,867.7847853156901,976.4331530939572,0.2633191833829761,0.1853757502853201,0.341262616480632,0.527824055970224,0.0937135275932269,0.1231597107876421,0.0531515649945608,0.0697873837250051,0.0006509362251623,0.0016176906268191,11,1,1,1,1,0.0,1244.7311474817236,0.8141592920353983,42,0.5890221500012558,0.0004732123488617,0.0,8.28677707797166,0.372,7.91477707797166,138.83346141241796,1330.1166210449644,1244.7311474817236,226,226,1.0,1688.2716488866292,0.4243879852494348,deployment_scaling,medium_plus,18,11,7,18,18,1.0,15.0,0.7,0.7,0.2,0.1,0.7,0.3,0.6195749930011516
inspiral,450,3.0,reference,1,HDS,NonSharable,HDS-NonSharable,912.718512270131,1825.4370245402615,1,3.0,downstream_reserved,1,idle_only,1,1,1,0.0,2738.1555368103927,2738.1555368103927,3.0,18,18,1,1,1.0,0.0012139179998484,0,301,2,1.4983388704318936,"{""1"":151,""2"":150}",8,0.0177777777777777,32,410,40,4,2,16,17,93,555,0.0107892169980914,2.4314134851490216e-13,0,0,0,8,0.0,0.0,0.37,1082.24961755983,1497.5332819296736,2428.179737601832,0.2504640452374012,0.1749156725533322,0.3260124179214701,0.5698013694306556,0.0474095252220876,0.1294024108922166,0.026347342047434,0.0716982399429807,0.0007373537905543,0.0037817815509167,27,1,1,1,1,0.0,1082.24961755983,0.9111111111111112,40,0.149063485001534,0.0001377348465482,0.0406300839968025,14.774385274040473,1.0735,13.700885274040472,15.203247523283824,1367.5232866335734,1082.24961755983,450,450,1.0,1655.9059192505626,0.3952476778658508,deployment_scaling,medium_plus,18,11,7,18,18,1.0,15.0,0.7,0.7,0.2,0.1,0.7,0.3,0.2362474029978329
inspiral,450,3.0,reference,1,HDS,Sharable,HDS-Sharable,912.718512270131,1825.4370245402615,1,3.0,downstream_reserved,1,idle_only,1,1,1,0.0,2738.1555368103927,2738.1555368103927,3.0,18,18,1,1,1.0,0.001212426002894,0,301,2,1.4983388704318936,"{""1"":151,""2"":150}",8,0.0177777777777777,35,407,43,4,2,16,17,110,572,0.0342674359999364,0.0,0,0,0,8,5.684341886080801e-13,3.410605131648481e-13,0.36,1099.8385741632435,1485.6268008634877,2339.254903894233,0.2510583482820016,0.1768122038146786,0.3253044927493245,0.5715868480393977,0.0615322262398594,0.1247739286908596,0.0329954892148749,0.0658394138305599,0.0010161097241219,0.0035464622360019,19,1,1,1,1,0.0,1099.8385741632435,0.9044444444444444,40,0.1813293720297224,0.000164869078326,0.0725682019983651,14.82260954621781,1.0175,13.80510954621781,24.245017198443904,1371.8084352945546,1099.8385741632435,450,450,1.0,1638.316962647149,0.4016713292497684,deployment_scaling,medium_plus,18,11,7,18,18,1.0,15.0,0.7,0.7,0.2,0.1,0.7,0.3,0.2668065860016213
inspiral,450,3.0,reference,1,PBQS,NonSharable,PBQS-NonSharable,912.718512270131,1825.4370245402615,1,3.0,downstream_reserved,1,queue_aware,1,1,1,0.0,2738.1555368103927,2738.1555368103927,3.0,18,18,1,1,1.0,0.0022316729991871,0,301,2,1.4983388704318936,"{""1"":151,""2"":150}",0,0.0,0,387,63,0,0,0,0,0,0,0.0,0.0,0,0,0,0,0.0,0.0,0.51,1290.404196295456,1858.6635724828895,2290.872962011821,0.2102667678358674,0.154218480783646,0.2663150548880889,0.433465541360904,0.0894111839446316,0.2091195564794319,0.0517617980495401,0.1197187675172398,0.0011984590337834,0.004225866032602,21,1,1,1,1,0.0,1290.404196295456,0.86,63,1.1436914970327052,0.0008863048495316,0.0,23.50585706603642,0.9015,22.60435706603642,19.9056525998377,1638.499746344217,1290.404196295456,450,450,1.0,1447.7513405149368,0.4712676759767324,deployment_scaling,medium_plus,18,11,7,18,18,1.0,15.0,0.7,0.7,0.2,0.1,0.7,0.3,1.225399044000369
inspiral,450,3.0,reference,1,PBQS,Sharable,PBQS-Sharable,912.718512270131,1825.4370245402615,1,3.0,downstream_reserved,1,queue_aware,1,1,1,0.0,2738.1555368103927,2738.1555368103927,3.0,18,18,1,1,1.0,0.0021691399997507,0,301,2,1.4983388704318936,"{""1"":151,""2"":150}",0,0.0,0,401,49,0,0,0,0,0,0,0.0,0.0,0,0,0,0,0.0,0.0,0.385,1463.2297601402004,1545.9588733109647,1665.4635636679714,0.2765152015375791,0.2028078651401371,0.350222537935021,0.557312838892591,0.1182759229967165,0.2118317537501634,0.0684721325697934,0.1165084211372765,0.0012129297772863,0.0026621542078871,12,1,1,1,1,0.0,1463.2297601402004,0.8911111111111111,49,1.121803000998625,0.0007666622368937,0.0,17.646412802584763,0.6315000000000001,17.014912802584764,322.3221849901502,1638.499746344217,1463.2297601402004,450,450,1.0,1274.9257766701924,0.534385187572171,deployment_scaling,medium_plus,18,11,7,18,18,1.0,15.0,0.7,0.7,0.2,0.1,0.7,0.3,1.194551094999042
inspiral,450,3.0,reference,2,HDS,NonSharable,HDS-NonSharable,916.175804204772,1832.351608409544,1,3.0,downstream_reserved,1,idle_only,1,1,1,0.0,2748.5274126143163,2748.5274126143163,3.0,18,18,1,1,1.0,0.0014782809994358,0,301,2,1.4983388704318936,"{""1"":151,""2"":150}",4,0.0088888888888888,36,410,40,2,2,17,17,93,555,0.0103192370006581,4.1940970795322513e-14,0,0,0,4,0.0,0.0,0.37,1106.5429387743352,1628.9713601485582,2488.309044411583,0.2582165558439276,0.1830460064854255,0.3333871052024298,0.5674019456066723,0.0742477093031335,0.1739253741281714,0.0411312610015224,0.1052204983985405,0.0010869350275357,0.0041273554142292,18,1,1,1,1,0.0,1106.5429387743352,0.9111111111111112,40,0.1277860639493155,0.0001154822460761,0.0198404660004598,15.738816227165715,0.9945,14.744316227165717,14.827393333679195,1361.7646694560135,1106.5429387743352,450,450,1.0,1641.984473839981,0.4025948344905991,deployment_scaling,medium_plus,18,11,7,18,18,1.0,15.0,0.7,0.7,0.2,0.1,0.7,0.3,0.2139858820009976
inspiral,450,3.0,reference,2,HDS,Sharable,HDS-Sharable,916.175804204772,1832.351608409544,1,3.0,downstream_reserved,1,idle_only,1,1,1,0.0,2748.5274126143163,2748.5274126143163,3.0,18,18,1,1,1.0,0.0014780810015508,0,301,2,1.4983388704318936,"{""1"":151,""2"":150}",2,0.0044444444444444,42,406,44,1,2,17,17,110,572,0.0186339790016063,0.0,0,0,0,2,0.0,0.0,0.385,1134.541261996808,1656.734419367491,2388.534566574988,0.2532682589037995,0.1806893362821727,0.3258471815254262,0.5441495915879817,0.0929561554987454,0.1888718005662649,0.0524413614687734,0.1154451602462693,0.0012465564751983,0.0042501177098464,15,1,1,1,1,0.0,1134.541261996808,0.9022222222222224,43,0.1258485330290568,0.0001109245976718,0.0186339790016063,16.099379269541476,0.9515,15.147879269541477,16.775697831630964,1403.9059462969929,1134.541261996808,450,450,1.0,1613.9861506175084,0.4127814977539796,deployment_scaling,medium_plus,18,11,7,18,18,1.0,15.0,0.7,0.7,0.2,0.1,0.7,0.3,0.2082178220007335
inspiral,450,3.0,reference,2,PBQS,NonSharable,PBQS-NonSharable,916.175804204772,1832.351608409544,1,3.0,downstream_reserved,1,queue_aware,1,1,1,0.0,2748.5274126143163,2748.5274126143163,3.0,18,18,1,1,1.0,0.0028928780011483,0,301,2,1.4983388704318936,"{""1"":151,""2"":150}",0,0.0,0,385,65,0,0,0,0,0,0,0.0,0.0,0,0,0,0,0.0,0.0,0.505,1277.8893644776592,1986.138909790799,2397.8677493823093,0.2016260390612527,0.1472204018881311,0.2560316762343743,0.4087507003117436,0.065654358890272,0.2134453567245869,0.0391438471046225,0.1187576480511534,0.0008496232983286,0.0032032116520279,28,1,1,1,1,0.0,1277.8893644776592,0.8555555555555555,65,1.1906393140197906,0.0009317233143312,0.0,23.22340336223758,0.8845000000000001,22.33890336223758,20.64751865198189,1594.1277312158002,1277.8893644776592,450,450,1.0,1470.638048136657,0.4649360085014286,deployment_scaling,medium_plus,18,11,7,18,18,1.0,15.0,0.7,0.7,0.2,0.1,0.7,0.3,1.2745911339989109
inspiral,450,3.0,reference,2,PBQS,Sharable,PBQS-Sharable,916.175804204772,1832.351608409544,1,3.0,downstream_reserved,1,queue_aware,1,1,1,0.0,2748.5274126143163,2748.5274126143163,3.0,18,18,1,1,1.0,0.0029444939973473,0,301,2,1.4983388704318936,"{""1"":151,""2"":150}",0,0.0,0,403,47,0,0,0,0,0,0,0.0,0.0,0,0,0,0,0.0,0.0,0.355,1439.6685550418918,1657.5886164938952,1740.7671627885022,0.2822764546857537,0.2061085626433835,0.3584443467281238,0.565293521707731,0.1165532256207911,0.223125841737141,0.0694903083415352,0.132822237607986,0.0010337178375209,0.0023237362638581,12,1,1,1,1,0.0,1439.6685550418918,0.8955555555555555,47,1.1789077820176317,0.0008188744401542,0.0,16.724525680573734,0.6565,16.068025680573733,348.6376990711832,1594.1277312158013,1439.6685550418918,450,450,1.0,1308.8588575724243,0.5237963239640832,deployment_scaling,medium_plus,18,11,7,18,18,1.0,15.0,0.7,0.7,0.2,0.1,0.7,0.3,1.2727231970020512
inspiral,450,3.0,reference,3,HDS,NonSharable,HDS-NonSharable,878.5748678285764,1757.149735657153,1,3.0,downstream_reserved,1,idle_only,1,1,1,0.0,2635.7246034857294,2635.7246034857294,3.0,18,18,1,1,1.0,0.0015582910018565,0,300,2,1.5,"{""1"":150,""2"":150}",4,0.0088888888888888,37,409,41,2,2,17,17,93,555,0.0116142560000298,7.277816062807752e-14,0,0,0,4,2.8421709430404014e-14,2.8421709430404014e-14,0.355,1067.7531112017898,1572.8199844535018,2466.367615529461,0.2342389648844858,0.1658713578580003,0.3026065719109713,0.5246753085236023,0.0623376744710573,0.1534708339788211,0.0342268849278844,0.0861609372369493,0.0011269415953263,0.0039840549160303,18,1,1,1,1,0.0,1067.7531112017898,0.9088888888888887,41,0.1308342490192444,0.0001225323041877,0.0216807559991139,14.8615188653916,1.0075,13.8540188653916,15.12901450298071,1290.7012589680617,1067.7531112017898,450,450,1.0,1567.9714922839396,0.4051079956493531,deployment_scaling,medium_plus,18,11,7,18,18,1.0,15.0,0.7,0.7,0.2,0.1,0.7,0.3,0.2165484780016413
inspiral,450,3.0,reference,3,HDS,Sharable,HDS-Sharable,878.5748678285764,1757.149735657153,1,3.0,downstream_reserved,1,idle_only,1,1,1,0.0,2635.7246034857294,2635.7246034857294,3.0,18,18,1,1,1.0,0.0015638980003132,0,300,2,1.5,"{""1"":150,""2"":150}",6,0.0133333333333333,38,406,44,3,2,16,17,110,572,0.0185796389996539,0.0,0,0,0,6,0.0,0.0,0.365,1104.417529918729,1520.8386581027662,2248.8869552782166,0.2416607923881255,0.1705760361696406,0.3127455486066104,0.5375405818345976,0.0869628266719554,0.2130292109231152,0.0501010950368463,0.1289729391944158,0.0013499900658293,0.0043929160099991,13,1,1,1,1,0.0,1104.417529918729,0.9022222222222224,41,0.1550010799801384,0.0001403464503062,0.0487811540006077,14.109124855086172,0.9395,13.169624855086171,21.54565871243415,1322.34983131311,1104.417529918729,450,450,1.0,1531.3070735670003,0.4190185607624346,deployment_scaling,medium_plus,18,11,7,18,18,1.0,15.0,0.7,0.7,0.2,0.1,0.7,0.3,0.2381772970002202
inspiral,450,3.0,reference,3,PBQS,NonSharable,PBQS-NonSharable,878.5748678285764,1757.149735657153,1,3.0,downstream_reserved,1,queue_aware,1,1,1,0.0,2635.7246034857294,2635.7246034857294,3.0,18,18,1,1,1.0,0.0029305940006452,0,300,2,1.5,"{""1"":150,""2"":150}",0,0.0,0,386,64,0,0,0,0,0,0,0.0,0.0,0,0,0,0,0.0,0.0,0.49,1253.7361552531547,1872.1653777770364,2289.799969026676,0.1961760223060435,0.1438781067154217,0.2484739378966653,0.4012335558525867,0.0882756186730863,0.1805673024925261,0.0526493730554047,0.1074838678291545,0.0011125245580782,0.0029790783405835,21,1,1,1,1,0.0,1253.7361552531547,0.8577777777777778,64,1.1490415340012987,0.0009164938964125,0.0,21.657422798751195,0.8865000000000001,20.770922798751197,20.346008806603407,1540.736854473933,1253.7361552531547,450,450,1.0,1381.988448232575,0.4756703919654946,deployment_scaling,medium_plus,18,11,7,18,18,1.0,15.0,0.7,0.7,0.2,0.1,0.7,0.3,1.235556113999337
inspiral,450,3.0,reference,3,PBQS,Sharable,PBQS-Sharable,878.5748678285764,1757.149735657153,1,3.0,downstream_reserved,1,queue_aware,1,1,1,0.0,2635.7246034857294,2635.7246034857294,3.0,18,18,1,1,1.0,0.0029345699986151,0,300,2,1.5,"{""1"":150,""2"":150}",0,0.0,0,402,48,0,0,0,0,0,0,0.0,0.0,0,0,0,0,0.0,0.0,0.375,1425.094592736908,1561.6540517192443,1668.7773169110917,0.2652520864983123,0.1945394118969082,0.3359647610997164,0.5349780744701155,0.1164915669337124,0.2664522269543313,0.0694779380478201,0.1513731533335156,0.0010233238970867,0.0023589199406831,12,1,1,1,1,0.0,1425.094592736908,0.8933333333333333,48,1.1793712299695471,0.0008275739982316,0.0,15.52189416115981,0.6465,14.87539416115981,313.3456255714833,1540.7368544739325,1425.094592736908,450,450,1.0,1210.6300107488214,0.5406841787841679,deployment_scaling,medium_plus,18,11,7,18,18,1.0,15.0,0.7,0.7,0.2,0.1,0.7,0.3,1.2568913659997634
inspiral,450,3.0,reference,4,HDS,NonSharable,HDS-NonSharable,931.321134558873,1862.6422691177463,1,3.0,downstream_reserved,1,idle_only,1,1,1,0.0,2793.9634036766192,2793.9634036766192,3.0,18,18,1,1,1.0,0.0015177499990386,0,301,2,1.4983388704318936,"{""1"":151,""2"":150}",0,0.0,38,412,38,0,0,0,0,0,0,0.0,0.0,0,0,0,0,0.0,0.0,0.37,1051.7194256560028,1436.198511054939,2414.452811030678,0.252291750357233,0.1767860701708672,0.3277974305435988,0.5794197670473595,0.0834785946583755,0.1336279711986282,0.0435700368332273,0.0647973905624139,0.0016138266975174,0.0044185292493176,12,1,1,1,1,0.0,1051.7194256560028,0.9155555555555556,38,0.1114037640036258,0.0001059253649652,0.0,13.606980249250157,1.0655,12.541480249250156,15.116736150785758,1321.0770688679795,1051.7194256560028,450,450,1.0,1742.2439780206164,0.3764256268611211,deployment_scaling,medium_plus,18,11,7,18,18,1.0,15.0,0.7,0.7,0.2,0.1,0.7,0.3,0.1973803030014096
inspiral,450,3.0,reference,4,HDS,Sharable,HDS-Sharable,931.321134558873,1862.6422691177463,1,3.0,downstream_reserved,1,idle_only,1,1,1,0.0,2793.9634036766192,2793.9634036766192,3.0,18,18,1,1,1.0,0.001590538999153,0,301,2,1.4983388704318936,"{""1"":151,""2"":150}",0,0.0,38,412,38,0,0,0,0,0,0,0.0,0.0,0,0,0,0,0.0,0.0,0.37,1051.7194256560028,1436.198511054939,2414.452811030678,0.252291750357233,0.1767860701708672,0.3277974305435988,0.5794197670473595,0.0834785946583755,0.1336279711986282,0.0435700368332273,0.0647973905624139,0.0016138266975174,0.0044185292493176,12,1,1,1,1,0.0,1051.7194256560028,0.9155555555555556,38,0.1156780790406628,0.0001099894859967,0.0,13.606980249250157,1.0655,12.541480249250156,15.116736150785758,1321.0770688679795,1051.7194256560028,450,450,1.0,1742.2439780206164,0.3764256268611211,deployment_scaling,medium_plus,18,11,7,18,18,1.0,15.0,0.7,0.7,0.2,0.1,0.7,0.3,0.2272555069976078
inspiral,450,3.0,reference,4,PBQS,NonSharable,PBQS-NonSharable,931.321134558873,1862.6422691177463,1,3.0,downstream_reserved,1,queue_aware,1,1,1,0.0,2793.9634036766192,2793.9634036766192,3.0,18,18,1,1,1.0,0.0029266079982335,0,300,2,1.5,"{""1"":150,""2"":150}",0,0.0,0,379,71,0,0,0,0,0,0,0.0,0.0,0,0,0,0,0.0,0.0,0.5750000000000001,1326.5459736938378,1841.865568299368,2258.4152833039034,0.1931580007790658,0.1430279271837414,0.2432880743743903,0.3893047498699539,0.0777029743127792,0.2220703685604983,0.0444525628004426,0.1211639829015878,0.0007491885362997,0.0024685632502968,27,1,1,1,1,0.0,1326.5459736938378,0.8422222222222222,71,1.1406885399774185,0.0008598937108836,0.0,20.57245548452527,0.9285,19.64395548452527,22.793831464849276,1658.438234446004,1326.5459736938378,450,450,1.0,1467.4174299827814,0.4747900319482409,deployment_scaling,medium_plus,18,11,7,18,18,1.0,15.0,0.7,0.7,0.2,0.1,0.7,0.3,1.223667229001876
inspiral,450,3.0,reference,4,PBQS,Sharable,PBQS-Sharable,931.321134558873,1862.6422691177463,1,3.0,downstream_reserved,1,queue_aware,1,1,1,0.0,2793.9634036766192,2793.9634036766192,3.0,18,18,1,1,1.0,0.0029333079983189,0,300,2,1.5,"{""1"":150,""2"":150}",0,0.0,0,397,53,0,0,0,0,0,0,0.0,0.0,0,0,0,0,0.0,0.0,0.415,1511.1063432055564,1628.2492736322,1831.182693969567,0.2591740263617845,0.1919108896389441,0.326437163084625,0.5215214573729571,0.1193721370562104,0.2292482196054996,0.0682907889439895,0.1208775761135653,0.0013050661115485,0.0027080440734745,12,1,1,1,1,0.0,1511.1063432055564,0.8822222222222222,53,1.1581405500146502,0.0007664189586802,0.0,18.759271570366018,0.6995,18.059771570366017,359.86923697345344,1658.4382344460034,1511.1063432055564,450,450,1.0,1282.8570604710628,0.5408468633544263,deployment_scaling,medium_plus,18,11,7,18,18,1.0,15.0,0.7,0.7,0.2,0.1,0.7,0.3,1.2333070900021994
inspiral,450,3.0,reference,5,HDS,NonSharable,HDS-NonSharable,863.2658478082446,1726.531695616489,1,3.0,downstream_reserved,1,idle_only,1,1,1,0.0,2589.7975434247337,2589.7975434247337,3.0,18,18,1,1,1.0,0.0012174230032542,0,300,2,1.5,"{""1"":150,""2"":150}",2,0.0044444444444444,41,407,43,1,2,17,17,93,555,0.0130255869989923,7.311789812238187e-15,0,0,0,2,0.0,0.0,0.38,1065.956459859148,1597.1161353491923,2328.058334101051,0.2296879145328774,0.1616766506065374,0.2976991784592175,0.5146022555227465,0.0724195900109763,0.1994767457893753,0.0408419471693969,0.1192098768913085,0.0014677324630231,0.0043922900490076,13,1,1,1,1,0.0,1065.956459859148,0.9044444444444444,43,0.1300607419616426,0.0001220131842709,0.0130255869989923,15.434968113943617,0.9435,14.491468113943617,15.701296000599514,1327.673819248686,1065.956459859148,450,450,1.0,1523.8410835655857,0.4115983747708452,deployment_scaling,medium_plus,18,11,7,18,18,1.0,15.0,0.7,0.7,0.2,0.1,0.7,0.3,0.2175484219987993
inspiral,450,3.0,reference,5,HDS,Sharable,HDS-Sharable,863.2658478082446,1726.531695616489,1,3.0,downstream_reserved,1,idle_only,1,1,1,0.0,2589.7975434247337,2589.7975434247337,3.0,18,18,1,1,1.0,0.0012687589987763,0,300,2,1.5,"{""1"":150,""2"":150}",2,0.0044444444444444,41,407,43,1,2,17,17,110,572,0.0123255649996281,0.0,0,0,0,2,0.0,0.0,0.38,1065.956459859148,1597.1161353491923,2328.058334101051,0.2296879145328774,0.1616766506065374,0.2976991784592175,0.5146022555227465,0.0724195900109763,0.1994767457893753,0.0408419471693969,0.1192098768913085,0.0014677324630231,0.0043922900490076,13,1,1,1,1,0.0,1065.956459859148,0.9044444444444444,43,0.1290352729920414,0.0001210511665824,0.0123255649996281,15.434968113943617,0.9435,14.491468113943617,15.701296000599514,1327.673819248686,1065.956459859148,450,450,1.0,1523.8410835655857,0.4115983747708452,deployment_scaling,medium_plus,18,11,7,18,18,1.0,15.0,0.7,0.7,0.2,0.1,0.7,0.3,0.2114208809980482
inspiral,450,3.0,reference,5,PBQS,NonSharable,PBQS-NonSharable,863.2658478082446,1726.531695616489,1,3.0,downstream_reserved,1,queue_aware,1,1,1,0.0,2589.7975434247337,2589.7975434247337,3.0,18,18,1,1,1.0,0.0021880389977013,0,300,2,1.5,"{""1"":150,""2"":150}",0,0.0,0,386,64,0,0,0,0,0,0,0.0,0.0,0,0,0,0,0.0,0.0,0.505,1214.255497745842,2024.6228106735116,2494.0439086876427,0.1950798634889202,0.1420296360268925,0.248130090950948,0.3994381484281216,0.0741036641116617,0.2087408756159383,0.0439376061234906,0.1150736129194472,0.0011494981266417,0.0039706046925602,24,1,1,1,1,0.0,1214.255497745842,0.8577777777777778,64,1.1465799550023803,0.0009442658131924,0.0,24.75498940529151,0.9275,23.827489405291512,19.468780270250512,1533.842489963987,1214.255497745842,450,450,1.0,1375.5420456788918,0.4688611667073084,deployment_scaling,medium_plus,18,11,7,18,18,1.0,15.0,0.7,0.7,0.2,0.1,0.7,0.3,1.2468048649971024
inspiral,450,3.0,reference,5,PBQS,Sharable,PBQS-Sharable,863.2658478082446,1726.531695616489,1,3.0,downstream_reserved,1,queue_aware,1,1,1,0.0,2589.7975434247337,2589.7975434247337,3.0,18,18,1,1,1.0,0.0022237809971557,0,300,2,1.5,"{""1"":150,""2"":150}",0,0.0,0,402,48,0,0,0,0,0,0,0.0,0.0,0,0,0,0,0.0,0.0,0.375,1380.7444498754974,1651.8129314264834,1748.424150193587,0.2610223525555975,0.1900396538387998,0.3320050512723952,0.5325841979041621,0.1140445414992744,0.1734607173576084,0.0676193843448645,0.0974928229741917,0.0011565843916469,0.0018030312979782,12,1,1,1,1,0.0,1380.7444498754974,0.8933333333333333,48,1.149511914998584,0.0008325305345983,0.0,17.29926124368742,0.6395000000000001,16.659761243687417,310.229881033674,1533.8424899639867,1380.7444498754974,450,450,1.0,1209.0530935492363,0.5331476405872285,deployment_scaling,medium_plus,18,11,7,18,18,1.0,15.0,0.7,0.7,0.2,0.1,0.7,0.3,1.222720889996708
montage,450,3.0,reference,1,HDS,NonSharable,HDS-NonSharable,617.0608318140263,1234.1216636280528,1,3.0,downstream_reserved,1,idle_only,1,1,1,0.0,1851.182495442079,1851.182495442079,3.0,18,18,1,1,1.0,0.0011730369988072,0,181,4,2.4917127071823204,"{""1"":91,""4"":90}",24,0.0533333333333333,33,393,57,11,3,14,17,114,666,0.0144546150004316,2.1923995066396959e-13,0,0,0,24,0.0,0.0,0.495,776.9882855717677,2604.6593814873986,4191.921473700029,0.1933013337590019,0.1381785880411408,0.2484240794768631,0.4232395058954384,0.0580487790248293,0.1552427916763653,0.031912650609384,0.0854423718129131,0.0008713671998159,0.0061594131201152,52,1,1,1,1,0.0,776.9882855717677,0.8733333333333333,57,0.3091937780263833,0.0003979387897706,0.1123311199989984,24.28059281009984,1.7725,22.50809281009984,20.609875332162,1447.4791101623994,776.9882855717677,450,450,1.0,1074.1942098703112,0.4197253849822169,deployment_scaling,medium_plus,18,11,7,18,18,1.0,15.0,0.7,0.7,0.2,0.1,0.7,0.3,0.4182181280011718
montage,450,3.0,reference,1,HDS,Sharable,HDS-Sharable,617.0608318140263,1234.1216636280528,1,3.0,downstream_reserved,1,idle_only,1,1,1,0.0,1851.182495442079,1851.182495442079,3.0,18,18,1,1,1.0,0.0012141480001446,0,181,4,2.4917127071823204,"{""1"":91,""4"":90}",21,0.0466666666666666,39,390,60,10,3,14,17,165,751,0.0597576740001386,1.6175943136294646e-13,0,0,0,21,2.997602166487923e-13,2.273736754432321e-13,0.495,758.4871125610941,2595.6057372280648,4313.825012100613,0.2050507425445814,0.1461516970342102,0.2639497880549526,0.452348896695539,0.0682059272623382,0.1790987266678536,0.0366495340579791,0.0983346157562346,0.0013629167572363,0.0071718548003121,35,1,1,1,1,0.0,758.4871125610941,0.8666666666666667,52,0.3724197410047054,0.000491003386659,0.1785512729984475,24.252163656025168,1.8165,22.435663656025167,35.82758432081627,1411.3285576900817,758.4871125610941,450,450,1.0,1092.6953828809849,0.4097311391116847,deployment_scaling,medium_plus,18,11,7,18,18,1.0,15.0,0.7,0.7,0.2,0.1,0.7,0.3,0.4863861419980821
montage,450,3.0,reference,1,PBQS,NonSharable,PBQS-NonSharable,617.0608318140263,1234.1216636280528,1,3.0,downstream_reserved,1,queue_aware,1,1,1,0.0,1851.182495442079,1851.182495442079,3.0,18,18,1,1,1.0,0.0022461949993157,0,181,4,2.4917127071823204,"{""1"":91,""4"":90}",0,0.0,0,379,71,0,0,0,0,0,0,0.0,0.0,0,0,0,0,0.0,0.0,0.595,851.1481510770653,2665.665511048797,3732.974494129048,0.1824364227086048,0.1332614895164601,0.2316113559007496,0.3773261346074786,0.0979716250174812,0.276154320150395,0.0563841258842223,0.1436701514384346,0.0010896911864192,0.0046765510763512,34,1,1,1,1,0.0,851.1481510770653,0.8422222222222222,71,1.3538818450033432,0.0015906535698751,0.0,24.572641846591026,1.5765,22.996141846591023,24.345392090250453,1607.4093334278589,851.1481510770653,450,450,1.0,1000.0343443650136,0.4597861924325313,deployment_scaling,medium_plus,18,11,7,18,18,1.0,15.0,0.7,0.7,0.2,0.1,0.7,0.3,1.4530029099987587
montage,450,3.0,reference,1,PBQS,Sharable,PBQS-Sharable,617.0608318140263,1234.1216636280528,1,3.0,downstream_reserved,1,queue_aware,1,1,1,0.0,1851.182495442079,1851.182495442079,3.0,18,18,1,1,1.0,0.0023285079987545,0,181,4,2.4917127071823204,"{""1"":91,""4"":90}",0,0.0,0,407,43,0,0,0,0,0,0,0.0,0.0,0,0,0,0,0.0,0.0,0.33,1194.7027414875924,1857.481559062525,2116.6065901565044,0.3107120324255926,0.226960974332721,0.3944630905184642,0.623026873421651,0.1395968463047353,0.2266460592773203,0.0803400592128812,0.1214181928604603,0.0015571798601791,0.0030595494051346,10,1,1,1,1,0.0,1194.7027414875924,0.9044444444444444,43,1.3544172329784487,0.0011336855486679,0.0,17.36717023070085,0.8365,16.53067023070085,1066.3810070152797,1607.4093334278596,1194.7027414875924,450,450,1.0,656.4797539544866,0.6453727519729419,deployment_scaling,medium_plus,18,11,7,18,18,1.0,15.0,0.7,0.7,0.2,0.1,0.7,0.3,1.4505503969994606
montage,450,3.0,reference,2,HDS,NonSharable,HDS-NonSharable,580.0810395047026,1160.1620790094053,1,3.0,downstream_reserved,1,idle_only,1,1,1,0.0,1740.243118514108,1740.243118514108,3.0,18,18,1,1,1.0,0.0012405769994074,0,180,4,2.5,"{""1"":90,""4"":90}",25,0.0555555555555555,29,396,54,12,3,13,17,114,666,0.0170216280021122,1.0048281687243876e-13,0,0,0,25,8.881784197001252e-16,8.881784197001252e-16,0.475,724.6843754991149,2722.2509655516874,4462.150891519339,0.1952142123748664,0.1384609035288199,0.251967521220913,0.4298263119167597,0.0537849970423923,0.1342024182908463,0.0304285153750306,0.0759321020420266,0.0009506044962987,0.0072387727436815,54,1,1,1,1,0.0,724.6843754991149,0.88,54,0.3503848589498375,0.0004834999494897,0.1365466510069382,25.063264782592334,1.7825,23.28076478259234,19.76302308092274,1392.6372506103014,724.6843754991149,450,450,1.0,1015.558743014993,0.4164270887149841,deployment_scaling,medium_plus,18,11,7,18,18,1.0,15.0,0.7,0.7,0.2,0.1,0.7,0.3,0.4854410139996616
montage,450,3.0,reference,2,HDS,Sharable,HDS-Sharable,580.0810395047026,1160.1620790094053,1,3.0,downstream_reserved,1,idle_only,1,1,1,0.0,1740.243118514108,1740.243118514108,3.0,18,18,1,1,1.0,0.0011704630014719,0,180,4,2.5,"{""1"":90,""4"":90}",42,0.0933333333333333,28,380,70,20,3,14,17,165,751,0.0483768410012999,1.88924718854592e-14,0,0,0,42,1.1262102361797588e-12,2.842170943040401e-13,0.45,788.1402908527668,2778.540205281621,4490.5688835132505,0.2055328710661351,0.1458604637954988,0.2652052783367714,0.452917245909523,0.0653177547830037,0.1657741842291915,0.0373301790544044,0.0996879900967578,0.0012834629570624,0.0067980665856096,37,1,1,1,1,0.0,788.1402908527668,0.8444444444444444,52,0.5271970269968733,0.0006689126708982,0.3451528120021976,25.50757870043181,1.7765,23.73107870043181,84.41648355278645,1413.1018072377117,788.1402908527668,450,450,1.0,952.102827661341,0.4528909107399395,deployment_scaling,medium_plus,18,11,7,18,18,1.0,15.0,0.7,0.7,0.2,0.1,0.7,0.3,0.6386682510019455
montage,450,3.0,reference,2,PBQS,NonSharable,PBQS-NonSharable,580.0810395047026,1160.1620790094053,1,3.0,downstream_reserved,1,queue_aware,1,1,1,0.0,1740.243118514108,1740.243118514108,3.0,18,18,1,1,1.0,0.0022400860034395,0,180,4,2.5,"{""1"":90,""4"":90}",0,0.0,0,374,76,0,0,0,0,0,0,0.0,0.0,0,0,0,0,0.0,0.0,0.625,811.2264681513249,2830.358058986043,3961.5639443006967,0.1730413379038591,0.1256134059582126,0.2204692698495055,0.3455417840187228,0.0728634610262341,0.2312181484226414,0.0437970979966647,0.1435771154160833,0.0009742822373584,0.0054024333793023,42,1,1,1,1,0.0,811.2264681513249,0.8311111111111111,76,1.3775835990272751,0.0016981492260312,0.0,25.722121530067184,1.5765,24.145621530067185,24.195940624331666,1575.670535125376,811.2264681513249,450,450,1.0,929.016650362783,0.4661569751495318,deployment_scaling,medium_plus,18,11,7,18,18,1.0,15.0,0.7,0.7,0.2,0.1,0.7,0.3,1.4818243900008383
montage,450,3.0,reference,2,PBQS,Sharable,PBQS-Sharable,580.0810395047026,1160.1620790094053,1,3.0,downstream_reserved,1,queue_aware,1,1,1,0.0,1740.243118514108,1740.243118514108,3.0,18,18,1,1,1.0,0.0022940359995118,0,180,4,2.5,"{""1"":90,""4"":90}",0,0.0,0,408,42,0,0,0,0,0,0,0.0,0.0,0,0,0,0,0.0,0.0,0.34,1177.016486939944,1903.88706051756,2108.6219473637298,0.3153817932763882,0.2289405624722262,0.4018230240805503,0.6252660853672123,0.1381026639847537,0.2736765133971241,0.083011372544642,0.1661561099998863,0.0014189754612569,0.0039081965157532,11,1,1,1,1,0.0,1177.016486939944,0.9066666666666666,42,1.364616364986432,0.0011593859390484,0.0,17.562353542319318,0.8285,16.733853542319316,1166.324131814329,1575.670535125375,1177.016486939944,450,450,1.0,563.2266315741638,0.676351754773741,deployment_scaling,medium_plus,18,11,7,18,18,1.0,15.0,0.7,0.7,0.2,0.1,0.7,0.3,1.441042878999724
montage,450,3.0,reference,3,HDS,NonSharable,HDS-NonSharable,582.1300567759951,1164.2601135519903,1,3.0,downstream_reserved,1,idle_only,1,1,1,0.0,1746.3901703279853,1746.3901703279853,3.0,18,18,1,1,1.0,0.0012094109988538,0,181,4,2.4917127071823204,"{""1"":91,""4"":90}",21,0.0466666666666666,32,397,53,10,3,14,17,114,666,0.0144823670016194,8.802447398631883e-14,0,0,0,21,0.0,0.0,0.47,707.2442706091447,2602.429175066049,4382.746636966918,0.1782675064205503,0.1253701006623399,0.2311649121787607,0.403111569867767,0.0452177869954357,0.1069104079830094,0.0250602702986253,0.0588947943974501,0.0013489116124467,0.0077159539848824,39,1,1,1,1,0.0,707.2442706091447,0.8822222222222222,53,0.3283546950297022,0.0004642733899376,0.104759294012183,24.852350673776943,1.8885,22.963850673776943,20.024350060908773,1281.894792179499,707.2442706091447,450,450,1.0,1039.1458997188406,0.4049749492556516,deployment_scaling,medium_plus,18,11,7,18,18,1.0,15.0,0.7,0.7,0.2,0.1,0.7,0.3,0.4476778780008317
montage,450,3.0,reference,3,HDS,Sharable,HDS-Sharable,582.1300567759951,1164.2601135519903,1,3.0,downstream_reserved,1,idle_only,1,1,1,0.0,1746.3901703279853,1746.3901703279853,3.0,18,18,1,1,1.0,0.0012176939999335,0,181,4,2.4917127071823204,"{""1"":91,""4"":90}",43,0.0955555555555555,30,377,73,21,3,14,17,165,751,0.0749192469993431,7.179196600948645e-14,0,0,0,43,7.744915819785092e-13,2.273736754432321e-13,0.47,800.2046710478334,2667.645540614393,4292.7287415203255,0.188279301572312,0.1331826463056268,0.2433759568389972,0.4206231994222884,0.0554099334696569,0.1366854922152373,0.0319141131581893,0.0819764567752825,0.0012665595484338,0.0073958172023085,36,1,1,1,1,0.0,800.2046710478334,0.8377777777777777,53,0.6099965629800863,0.000762300677627,0.4150493799934338,25.262081598163697,1.7765,23.485581598163694,75.87424627792808,1337.581774162877,800.2046710478334,450,450,1.0,946.185499280152,0.4582049788436159,deployment_scaling,medium_plus,18,11,7,18,18,1.0,15.0,0.7,0.7,0.2,0.1,0.7,0.3,0.722996675001923
montage,450,3.0,reference,3,PBQS,NonSharable,PBQS-NonSharable,582.1300567759951,1164.2601135519903,1,3.0,downstream_reserved,1,queue_aware,1,1,1,0.0,1746.3901703279853,1746.3901703279853,3.0,18,18,1,1,1.0,0.0024163080015568,0,181,4,2.4917127071823204,"{""1"":91,""4"":90}",0,0.0,0,377,73,0,0,0,0,0,0,0.0,0.0,0,0,0,0,0.0,0.0,0.595,807.3450660987492,2773.311712848892,3849.967523779269,0.1624089962183006,0.118071191756763,0.2067468006798383,0.3416320091333809,0.0855648433087889,0.2132556830747521,0.0509581478695053,0.1187897940732269,0.0010462960903755,0.0048119239598091,39,1,1,1,1,0.0,807.3450660987492,0.8377777777777777,73,1.472114240979863,0.0018234015451328,0.0,25.92741097603968,1.5965,24.33091097603968,25.68401639536483,1496.3482000042084,807.3450660987492,450,450,1.0,939.045104229236,0.4622936385098432,deployment_scaling,medium_plus,18,11,7,18,18,1.0,15.0,0.7,0.7,0.2,0.1,0.7,0.3,1.5863518990008745
montage,450,3.0,reference,3,PBQS,Sharable,PBQS-Sharable,582.1300567759951,1164.2601135519903,1,3.0,downstream_reserved,1,queue_aware,1,1,1,0.0,1746.3901703279853,1746.3901703279853,3.0,18,18,1,1,1.0,0.002400323999609,0,181,4,2.4917127071823204,"{""1"":91,""4"":90}",0,0.0,0,408,42,0,0,0,0,0,0,0.0,0.0,0,0,0,0,0.0,0.0,0.335,1169.4237369463174,1851.0029682632191,2005.350034607924,0.296003493107548,0.2151942688470036,0.3768127173680923,0.5937889682556385,0.1329122983930653,0.2833377236725347,0.0791559277534953,0.1685867760598343,0.0014138445812327,0.0029942601075795,11,1,1,1,1,0.0,1169.4237369463174,0.9066666666666666,42,1.5134466709714616,0.001294181589749,0.0,17.7449410193543,0.7925,16.9524410193543,1186.5451518225188,1496.348200004209,1169.4237369463174,450,450,1.0,576.9664333816679,0.6696234076527645,deployment_scaling,medium_plus,18,11,7,18,18,1.0,15.0,0.7,0.7,0.2,0.1,0.7,0.3,1.5928580969994073
montage,450,3.0,reference,4,HDS,NonSharable,HDS-NonSharable,627.9761147940447,1255.9522295880893,1,3.0,downstream_reserved,1,idle_only,1,1,1,0.0,1883.928344382134,1883.928344382134,3.0,18,18,1,1,1.0,0.0011618300013651,0,180,4,2.5,"{""1"":90,""4"":90}",22,0.0488888888888888,29,399,51,10,3,15,17,114,666,0.014178064000589,1.8604897170929462e-13,0,0,0,22,8.881784197001252e-15,7.105427357601002e-15,0.46,766.4754340043451,2549.598107394002,4336.109829290504,0.2007087030640013,0.1420492876474501,0.2593681184805524,0.4538714713818003,0.0717373636952435,0.1719543293570495,0.0392529761145123,0.0890803247657051,0.0014377286398967,0.0066474768420528,33,1,1,1,1,0.0,766.4754340043451,0.8866666666666667,51,0.3121406469799694,0.0004072415541738,0.1120368740012054,23.76392212156911,1.8695,21.89442212156911,20.06674014355252,1388.8467024283088,766.4754340043451,450,450,1.0,1117.452910377789,0.4068495685040099,deployment_scaling,medium_plus,18,11,7,18,18,1.0,15.0,0.7,0.7,0.2,0.1,0.7,0.3,0.4282014149976021
montage,450,3.0,reference,4,HDS,Sharable,HDS-Sharable,627.9761147940447,1255.9522295880893,1,3.0,downstream_reserved,1,idle_only,1,1,1,0.0,1883.928344382134,1883.928344382134,3.0,18,18,1,1,1.0,0.0012435110002115,0,181,4,2.4972375690607733,"{""1"":90,""2"":1,""4"":90}",25,0.0555555555555555,41,384,66,12,3,14,17,165,751,0.0432043880027777,0.0,0,0,0,25,6.989964163039987e-13,3.410605131648481e-13,0.52,812.6232212384735,2578.0061969078,4180.744310758643,0.2028000239319031,0.1446647386782583,0.2609353091855478,0.4424378750488212,0.0591612579393978,0.1674440550238468,0.0326439756854926,0.0942475970075819,0.0010268704819367,0.005450789491182,42,1,1,1,1,0.0,812.6232212384735,0.8533333333333334,54,0.4394160969932272,0.0005407378050599,0.2327921060059452,23.86555291360837,1.7815,22.084052913608367,48.408712476053445,1433.498715158181,812.6232212384735,450,450,1.0,1071.3051231436607,0.4313450793718945,deployment_scaling,medium_plus,18,11,7,18,18,1.0,15.0,0.7,0.7,0.2,0.1,0.7,0.3,0.5535876770009054
montage,450,3.0,reference,4,PBQS,NonSharable,PBQS-NonSharable,627.9761147940447,1255.9522295880893,1,3.0,downstream_reserved,1,queue_aware,1,1,1,0.0,1883.928344382134,1883.928344382134,3.0,18,18,1,1,1.0,0.0022157989988045,0,180,4,2.5,"{""1"":90,""4"":90}",0,0.0,0,371,79,0,0,0,0,0,0,0.0,0.0,0,0,0,0,0.0,0.0,0.655,876.3338830768752,2704.401482916354,3779.672796011408,0.1662490258299209,0.1227286162271704,0.2097694354326714,0.3376286682682943,0.070803088881929,0.21220688816632,0.0394648135936224,0.121915326685727,0.0008073710526082,0.0040232824481353,45,1,1,1,1,0.0,876.3338830768752,0.8244444444444444,79,1.3694954650163709,0.0015627553509719,0.0,24.7207152016768,1.6255,23.0952152016768,26.64321099897115,1600.359887591715,876.3338830768752,450,450,1.0,1007.594461305259,0.4651630650868961,deployment_scaling,medium_plus,18,11,7,18,18,1.0,15.0,0.7,0.7,0.2,0.1,0.7,0.3,1.4750128609994135
montage,450,3.0,reference,4,PBQS,Sharable,PBQS-Sharable,627.9761147940447,1255.9522295880893,1,3.0,downstream_reserved,1,queue_aware,1,1,1,0.0,1883.928344382134,1883.928344382134,3.0,18,18,1,1,1.0,0.002251794001495,0,180,4,2.5,"{""1"":90,""4"":90}",0,0.0,0,406,44,0,0,0,0,0,0,0.0,0.0,0,0,0,0,0.0,0.0,0.345,1237.3568555974484,1796.7286531888456,1964.3271365563912,0.3069212784552386,0.22657590688093,0.3872666500295472,0.6061969271180738,0.1378984972814429,0.2894912635205367,0.0768630094532751,0.150711029290017,0.0012514438357021,0.0032275405398078,11,1,1,1,1,0.0,1237.3568555974484,0.9022222222222224,44,1.3856849399599014,0.0011198749444765,0.0,16.465020837572585,0.7725,15.692520837572584,1148.6316681264263,1600.3598875917148,1237.3568555974484,450,450,1.0,646.5714887846857,0.6567961352071808,deployment_scaling,medium_plus,18,11,7,18,18,1.0,15.0,0.7,0.7,0.2,0.1,0.7,0.3,1.4646910349983957
montage,450,3.0,reference,5,HDS,NonSharable,HDS-NonSharable,577.2366611389964,1154.4733222779928,1,3.0,downstream_reserved,1,idle_only,1,1,1,0.0,1731.7099834169892,1731.7099834169892,3.0,18,18,1,1,1.0,0.0011624110011325,0,181,4,2.4917127071823204,"{""1"":91,""4"":90}",30,0.0666666666666666,23,397,53,13,3,14,17,114,666,0.0139736990022356,3.8801381349619057e-13,0,0,0,30,4.440892098500626e-16,4.440892098500626e-16,0.505,707.8149607673796,2665.279019508714,4382.572808506566,0.1800111764722289,0.1267042322422073,0.2333181207022505,0.4113661811865261,0.0640308230271459,0.1173524225022185,0.0354031583788722,0.068007475042502,0.0012839361693245,0.0088765665049802,41,1,1,1,1,0.0,707.8149607673796,0.8822222222222222,53,0.3509902820005663,0.0004958785861491,0.1448554029993829,25.34250809006658,1.8205,23.52200809006658,19.892026130756864,1308.144456173153,707.8149607673796,450,450,1.0,1023.8950226496096,0.4087375874398597,deployment_scaling,medium_plus,18,11,7,18,18,1.0,15.0,0.7,0.7,0.2,0.1,0.7,0.3,0.4647322160017211
montage,450,3.0,reference,5,HDS,Sharable,HDS-Sharable,577.2366611389964,1154.4733222779928,1,3.0,downstream_reserved,1,idle_only,1,1,1,0.0,1731.7099834169892,1731.7099834169892,3.0,18,18,1,1,1.0,0.0012039629982609,0,181,4,2.4972375690607733,"{""1"":90,""2"":1,""4"":90}",23,0.0511111111111111,39,388,62,11,3,15,17,165,751,0.0317353390018979,1.3020358311439264e-14,0,0,0,23,6.181721801112873e-13,2.131628207280301e-13,0.45,769.5860612838368,2710.537838769212,4384.72310267,0.1954933620856919,0.1395690119144766,0.2514177122569072,0.4318790125408542,0.0644211557335032,0.1732094124256309,0.0352218568411401,0.0945577760657959,0.0016146152081275,0.0079126917413112,30,1,1,1,1,0.0,769.5860612838368,0.8622222222222222,52,0.3762679969986493,0.0004889225727022,0.1812454010032524,25.672578644150565,1.7885,23.884078644150566,57.19024563364463,1347.4625191274652,769.5860612838368,450,450,1.0,962.1239221331524,0.4444081680266685,deployment_scaling,medium_plus,18,11,7,18,18,1.0,15.0,0.7,0.7,0.2,0.1,0.7,0.3,0.5064391999985673
montage,450,3.0,reference,5,PBQS,NonSharable,PBQS-NonSharable,577.2366611389964,1154.4733222779928,1,3.0,downstream_reserved,1,queue_aware,1,1,1,0.0,1731.7099834169892,1731.7099834169892,3.0,18,18,1,1,1.0,0.0021981940008117,0,180,4,2.5,"{""1"":90,""4"":90}",0,0.0,0,377,73,0,0,0,0,0,0,0.0,0.0,0,0,0,0,0.0,0.0,0.5750000000000001,813.9777386560058,2809.175416599316,3901.1815443765104,0.165957861161976,0.119817613619283,0.2120981087046691,0.3488839575499302,0.0684059407830636,0.2137611008392807,0.0415371264022937,0.1259576300387347,0.0008404324284332,0.0062414180825827,50,1,1,1,1,0.0,813.9777386560058,0.8377777777777777,73,1.3917121110134758,0.0017097667969536,0.0,26.628397312018123,1.5575,25.07089731201812,23.90867928245413,1528.1117340686944,813.9777386560058,450,450,1.0,917.7322447609832,0.4700427591517806,deployment_scaling,medium_plus,18,11,7,18,18,1.0,15.0,0.7,0.7,0.2,0.1,0.7,0.3,1.512329305998719
montage,450,3.0,reference,5,PBQS,Sharable,PBQS-Sharable,577.2366611389964,1154.4733222779928,1,3.0,downstream_reserved,1,queue_aware,1,1,1,0.0,1731.7099834169892,1731.7099834169892,3.0,18,18,1,1,1.0,0.0022770200012018,0,180,4,2.5,"{""1"":90,""4"":90}",0,0.0,0,406,44,0,0,0,0,0,0,0.0,0.0,0,0,0,0,0.0,0.0,0.325,1208.0192950795806,1916.6722212193529,2116.175153616585,0.2878331654528022,0.207808673620944,0.3678576572846604,0.5788302022987475,0.1014040165378705,0.1809678984820378,0.0615740592763933,0.1119583926687827,0.0011556193485465,0.0021645105196483,14,1,1,1,1,0.0,1208.0192950795806,0.9022222222222224,44,1.3510139160098331,0.001118371139859,0.0,18.547138417967407,0.8065,17.740638417967407,1083.7148199460603,1528.1117340686933,1208.0192950795806,450,450,1.0,523.6906883374086,0.6975875329285401,deployment_scaling,medium_plus,18,11,7,18,18,1.0,15.0,0.7,0.7,0.2,0.1,0.7,0.3,1.4273800720002328
cybershake,100,3.0,reference,1,HDS,NonSharable,HDS-NonSharable,146.08280267568523,292.16560535137046,1,3.0,downstream_reserved,1,idle_only,1,1,1,0.0,438.2484080270557,438.2484080270557,3.0,5,5,1,1,1.0,0.0001194979995489,0,50,4,2.1,"{""1"":28,""3"":11,""4"":11}",10,0.1,5,85,15,4,3,2,4,36,157,0.004558688000543,0.0,0,0,0,10,7.105427357601002e-15,7.105427357601002e-15,0.115,198.8880203188856,567.0459509620299,752.9377301763343,0.169596593256299,0.1303957869527396,0.2087973995598584,0.3691007479227276,0.1322904490587239,0.1760848671039719,0.0718621418760877,0.0983321548721092,0.0025447806132197,0.0074880274460788,13,1,1,1,1,0.0,198.8880203188856,0.85,15,0.0222144620020117,0.0001116933134856,0.0149929869985498,5.413508684304543,0.321,5.092508684304543,4.645668244448769,332.19067313045485,198.8880203188856,100,100,1.0,239.36038770817007,0.4538248552099863,deployment_scaling,small,5,3,2,5,5,1.0,15.0,0.7,0.7,0.2,0.1,0.7,0.3,0.0301903690015024
cybershake,100,3.0,reference,1,HDS,Sharable,HDS-Sharable,146.08280267568523,292.16560535137046,1,3.0,downstream_reserved,1,idle_only,1,1,1,0.0,438.2484080270557,438.2484080270557,3.0,5,5,1,1,1.0,0.0001189070026157,0,52,4,2.0576923076923075,"{""1"":30,""3"":11,""4"":11}",10,0.1,6,84,16,5,3,1,4,48,177,0.0097631489988998,0.0,0,0,0,10,3.410605131648481e-13,3.1263880373444413e-13,0.105,201.23894463926217,552.0294403380657,807.5663919771486,0.1979444154315797,0.1510127978364646,0.2448760330266947,0.4366250568035834,0.1191295582721188,0.2161667446665626,0.063211997814502,0.1183014923307223,0.0024905262409049,0.0078108911493353,14,1,1,1,1,0.0,201.23894463926217,0.84,12,0.0298517600131162,0.0001483398755972,0.0228946329989412,5.319376599312829,0.347,4.972376599312828,12.578236776199097,314.37004089858004,201.23894463926217,100,100,1.0,237.00946338779352,0.4591892199796388,deployment_scaling,small,5,3,2,5,5,1.0,15.0,0.7,0.7,0.2,0.1,0.7,0.3,0.0379186880018096
cybershake,100,3.0,reference,1,PBQS,NonSharable,PBQS-NonSharable,146.08280267568523,292.16560535137046,1,3.0,downstream_reserved,1,queue_aware,1,1,1,0.0,438.2484080270557,438.2484080270557,3.0,5,5,1,1,1.0,0.0001987959985854,0,49,4,2.122448979591837,"{""1"":27,""3"":11,""4"":11}",0,0.0,0,84,16,0,0,0,0,0,0,0.0,0.0,0,0,0,0,0.0,0.0,0.125,204.72724781996212,586.2717551259151,739.122028034945,0.1762910036530021,0.1362500896597995,0.2163319176462048,0.363396572411326,0.1403558497810615,0.2805170509366017,0.0787003460605872,0.1730337902821591,0.0024306701382427,0.0071123904077793,13,1,1,1,1,0.0,204.72724781996212,0.84,16,0.0152894700004253,7.468214496719541e-05,0.0,5.576315117615624,0.33,5.246315117615624,8.393707661522088,348.860709514873,204.72724781996212,100,100,1.0,233.52116020709357,0.4671488682448861,deployment_scaling,small,5,3,2,5,5,1.0,15.0,0.7,0.7,0.2,0.1,0.7,0.3,0.0230121790009434
cybershake,100,3.0,reference,1,PBQS,Sharable,PBQS-Sharable,146.08280267568523,292.16560535137046,1,3.0,downstream_reserved,1,queue_aware,1,1,1,0.0,438.2484080270557,438.2484080270557,3.0,5,5,1,1,1.0,0.0002239129971712,0,45,4,2.2222222222222223,"{""1"":23,""3"":11,""4"":11}",0,0.0,0,90,10,0,0,0,0,0,0,0.0,0.0,0,0,0,0,0.0,0.0,0.08,274.5878724247083,472.6991462315396,511.97681024619385,0.2703128722679366,0.2089168041450259,0.3317089403908474,0.5814345158581214,0.1308081570908953,0.2012447384715753,0.0733467628649574,0.1165052602737185,0.0016941591474887,0.0028193217654707,10,1,1,1,1,0.0,274.5878724247083,0.9,10,0.0160034199907386,5.828159797962943e-05,0.0,4.56073424646062,0.223,4.33773424646062,205.77766462823888,348.86070951487284,274.5878724247083,100,100,1.0,163.6605356023474,0.6265576038504544,deployment_scaling,small,5,3,2,5,5,1.0,15.0,0.7,0.7,0.2,0.1,0.7,0.3,0.0229966859988053
cybershake,100,3.0,reference,2,HDS,NonSharable,HDS-NonSharable,145.74854315629162,291.4970863125833,1,3.0,downstream_reserved,1,idle_only,1,1,1,0.0,437.2456294688749,437.2456294688749,3.0,5,5,1,1,1.0,0.0001218910001625,0,53,4,2.056603773584906,"{""1"":30,""2"":1,""3"":11,""4"":11}",12,0.12,2,86,14,7,3,1,4,36,157,0.0073083730021608,0.0,0,0,0,12,8.881784197001252e-16,8.881784197001252e-16,0.115,204.03976630191616,466.48164204752806,619.6159669685325,0.2013757706978097,0.1451614180678732,0.2575901233277461,0.4055172847086334,0.1623866013390009,0.2387835219321649,0.0962740778594646,0.163229597155518,0.0027562863474832,0.0062317758114978,12,1,1,1,1,0.0,204.03976630191616,0.86,14,0.0343805710144806,0.0001684993647934,0.0270371419974253,5.455639165342756,0.301,5.154639165342756,4.2907127506994645,340.63451915525206,204.03976630191616,100,100,1.0,233.20586316695872,0.4666479263606696,deployment_scaling,small,5,3,2,5,5,1.0,15.0,0.7,0.7,0.2,0.1,0.7,0.3,0.0422514999991108
cybershake,100,3.0,reference,2,HDS,Sharable,HDS-Sharable,145.74854315629162,291.4970863125833,1,3.0,downstream_reserved,1,idle_only,1,1,1,0.0,437.2456294688749,437.2456294688749,3.0,5,5,1,1,1.0,0.0002433619993098,0,57,4,1.9824561403508767,"{""1"":34,""2"":1,""3"":11,""4"":11}",13,0.13,4,83,17,7,3,2,4,48,177,0.0097574399987934,0.0,0,0,0,13,9.956480084838404e-13,5.258016244624741e-13,0.1,208.6178728270539,478.06521266870783,737.8100676015157,0.2214587588230007,0.1583081327644349,0.2846093848815665,0.4714866136138,0.1373772416136996,0.1741398244973426,0.0761412700080881,0.0884015995704352,0.0033344583442438,0.0070197883075452,10,1,1,1,1,0.0,208.6178728270539,0.83,11,0.0417574049824907,0.0002001621645193,0.0346434309976757,5.236317228603235,0.358,4.878317228603235,25.768852129910123,311.181164985108,208.6178728270539,100,100,1.0,228.62775664182095,0.4771182574894194,deployment_scaling,small,5,3,2,5,5,1.0,15.0,0.7,0.7,0.2,0.1,0.7,0.3,0.0496388909996312
cybershake,100,3.0,reference,2,PBQS,NonSharable,PBQS-NonSharable,145.74854315629162,291.4970863125833,1,3.0,downstream_reserved,1,queue_aware,1,1,1,0.0,437.2456294688749,437.2456294688749,3.0,5,5,1,1,1.0,0.0001899029994092,0,52,4,2.076923076923077,"{""1"":29,""2"":1,""3"":11,""4"":11}",0,0.0,0,84,16,0,0,0,0,0,0,0.0,0.0,0,0,0,0,0.0,0.0,0.11,206.6235224485484,496.5804739219428,639.0103687872083,0.1974669224706443,0.1437749939553722,0.2511588509859163,0.367123995997311,0.1382734191553793,0.2911021094228133,0.0819561319118327,0.1769699979188222,0.0020882966878469,0.0055371643418807,16,1,1,1,1,0.0,206.6235224485484,0.84,16,0.0154360249944147,7.470603932937263e-05,0.0,5.715429820338073,0.32,5.395429820338073,13.324080928486955,352.4390361574185,206.6235224485484,100,100,1.0,230.62210702032647,0.4725570903922707,deployment_scaling,small,5,3,2,5,5,1.0,15.0,0.7,0.7,0.2,0.1,0.7,0.3,0.0228311200007738
cybershake,100,3.0,reference,2,PBQS,Sharable,PBQS-Sharable,145.74854315629162,291.4970863125833,1,3.0,downstream_reserved,1,queue_aware,1,1,1,0.0,437.2456294688749,437.2456294688749,3.0,5,5,1,1,1.0,0.0002068080029857,0,45,4,2.2222222222222223,"{""1"":23,""3"":11,""4"":11}",0,0.0,0,90,10,0,0,0,0,0,0,0.0,0.0,0,0,0,0,0.0,0.0,0.075,299.75108524446154,437.37214595303993,492.6665879331779,0.2933874078234106,0.2136526429390249,0.3731221727077963,0.5975518598563763,0.1222758580264397,0.2066903519695956,0.0737408184493751,0.1203601967968249,0.0018515837812731,0.0025111980370192,9,1,1,1,1,0.0,299.75108524446154,0.9,10,0.0163533119921339,5.455630620585426e-05,0.0,4.777772694877891,0.225,4.552772694877891,245.06085142133287,358.5311159138258,299.75108524446154,100,100,1.0,137.49454422441335,0.6855439255243583,deployment_scaling,small,5,3,2,5,5,1.0,15.0,0.7,0.7,0.2,0.1,0.7,0.3,0.0235329739989538
cybershake,100,3.0,reference,3,HDS,NonSharable,HDS-NonSharable,138.5255336816861,277.0510673633722,1,3.0,downstream_reserved,1,idle_only,1,1,1,0.0,415.5766010450584,415.5766010450584,3.0,5,5,1,1,1.0,0.0001192679992527,0,56,4,2.0,"{""1"":33,""2"":1,""3"":11,""4"":11}",5,0.05,6,89,11,4,3,2,4,36,157,0.0043887959982384,0.0,0,0,0,5,0.0,0.0,0.085,182.7460793407375,510.0723730287918,766.3546325827889,0.2358038439319872,0.1706617296939626,0.3009459581700118,0.4675058966739877,0.1352212908522187,0.1898087567128999,0.0742285630013852,0.1034139269571802,0.0035875663647319,0.007906842946989,11,1,1,1,1,0.0,182.7460793407375,0.89,11,0.0183328610073658,0.0001003187651056,0.0113660259994503,5.525492486392242,0.364,5.161492486392242,3.3643806392003563,308.5538918048319,182.7460793407375,100,100,1.0,232.83052170432083,0.4397410221874439,deployment_scaling,small,5,3,2,5,5,1.0,15.0,0.7,0.7,0.2,0.1,0.7,0.3,0.0260209400003077
cybershake,100,3.0,reference,3,HDS,Sharable,HDS-Sharable,138.5255336816861,277.0510673633722,1,3.0,downstream_reserved,1,idle_only,1,1,1,0.0,415.5766010450584,415.5766010450584,3.0,5,5,1,1,1.0,0.0001174749995698,0,56,4,2.0,"{""1"":33,""2"":1,""3"":11,""4"":11}",9,0.09,7,84,16,5,3,2,4,48,177,0.0074239550012862,0.0,0,0,0,9,5.275779813018744e-13,2.62456723021387e-13,0.085,201.87829746595656,512.5039018367972,770.6804598107315,0.2372792388686325,0.1717215142985458,0.3028369634387191,0.4774708547889122,0.1240126113103405,0.1911062960353743,0.0688658636345433,0.1008343591044744,0.0032631528597388,0.0081147901640396,11,1,1,1,1,0.0,201.87829746595656,0.84,11,0.0306282979763636,0.0001517166449332,0.0237890550015436,5.550944716856286,0.37,5.180944716856286,23.166418952994103,315.1307641606821,201.87829746595656,100,100,1.0,213.69830357910175,0.4857787877332106,deployment_scaling,small,5,3,2,5,5,1.0,15.0,0.7,0.7,0.2,0.1,0.7,0.3,0.0386768160024075
cybershake,100,3.0,reference,3,PBQS,NonSharable,PBQS-NonSharable,138.5255336816861,277.0510673633722,1,3.0,downstream_reserved,1,queue_aware,1,1,1,0.0,415.5766010450584,415.5766010450584,3.0,5,5,1,1,1.0,0.00018756999998,0,52,4,2.076923076923077,"{""1"":29,""2"":1,""3"":11,""4"":11}",0,0.0,0,86,14,0,0,0,0,0,0,0.0,0.0,0,0,0,0,0.0,0.0,0.1,189.0966926631048,487.97185117103845,632.3976621538325,0.2080190601819745,0.1525870657715488,0.2634510545924003,0.3893400851330837,0.1450052602818024,0.2281096883804607,0.0802279859102849,0.1062491904768366,0.0023193330024972,0.0057476066459255,14,1,1,1,1,0.0,189.0966926631048,0.86,14,0.0145066470031451,7.671549829266592e-05,0.0,5.299688311530216,0.315,4.984688311530215,8.387870945447359,327.0456715117903,189.0966926631048,100,100,1.0,226.47990838195352,0.4550224728427438,deployment_scaling,small,5,3,2,5,5,1.0,15.0,0.7,0.7,0.2,0.1,0.7,0.3,0.0217874859990843
cybershake,100,3.0,reference,3,PBQS,Sharable,PBQS-Sharable,138.5255336816861,277.0510673633722,1,3.0,downstream_reserved,1,queue_aware,1,1,1,0.0,415.5766010450584,415.5766010450584,3.0,5,5,1,1,1.0,0.0001945790027093,0,45,4,2.2222222222222223,"{""1"":23,""3"":11,""4"":11}",0,0.0,0,90,10,0,0,0,0,0,0,0.0,0.0,0,0,0,0,0.0,0.0,0.075,280.7473386071405,421.2380548469971,470.0203569425968,0.2831651893599675,0.2067657791172092,0.3595645996027257,0.5601612306744721,0.1260716840737056,0.2318675023414666,0.0733646748417618,0.1371519278934562,0.0017243534281466,0.0034959358690959,10,1,1,1,1,0.0,280.7473386071405,0.9,10,0.0153817270111176,5.478850516421744e-05,0.0,4.667817940937885,0.217,4.450817940937886,247.0162915934192,336.09673840468326,280.7473386071405,100,100,1.0,134.82926243791786,0.6755609865934219,deployment_scaling,small,5,3,2,5,5,1.0,15.0,0.7,0.7,0.2,0.1,0.7,0.3,0.0221964140000636
cybershake,100,3.0,reference,4,HDS,NonSharable,HDS-NonSharable,149.1449216118623,298.2898432237246,1,3.0,downstream_reserved,1,idle_only,1,1,1,0.0,447.43476483558686,447.43476483558686,3.0,5,5,1,1,1.0,0.000116233000881,0,59,4,1.9661016949152543,"{""1"":35,""2"":2,""3"":11,""4"":11}",10,0.1,3,87,13,6,3,1,4,36,157,0.0044870819983771,0.0,0,0,0,10,7.993605777301127e-15,7.105427357601002e-15,0.125,206.9535178019549,517.3166871534605,745.2340890273638,0.2019180182570035,0.145857602300015,0.2579784342139919,0.403777491431681,0.1152502224493174,0.1776289795579197,0.0650284011469051,0.0937573714810081,0.0024939278336039,0.0077589935413861,12,1,1,1,1,0.0,206.9535178019549,0.87,13,0.0283627160097239,0.0001370487262597,0.0210822340013692,4.73018644471135,0.36,4.37018644471135,4.54449243359821,314.9464433167112,206.9535178019549,100,100,1.0,240.48124703363197,0.4625333882538195,deployment_scaling,small,5,3,2,5,5,1.0,15.0,0.7,0.7,0.2,0.1,0.7,0.3,0.0363109030004125
cybershake,100,3.0,reference,4,HDS,Sharable,HDS-Sharable,149.1449216118623,298.2898432237246,1,3.0,downstream_reserved,1,idle_only,1,1,1,0.0,447.43476483558686,447.43476483558686,3.0,5,5,1,1,1.0,0.0001173849996121,0,54,4,2.0185185185185186,"{""1"":32,""3"":11,""4"":11}",13,0.13,6,81,19,6,3,2,4,48,177,0.0064753020014904,0.0,0,0,0,13,3.157474282033945e-13,3.1263880373444413e-13,0.1,206.68429558191497,530.5669153646278,814.3187681030705,0.2110987986642361,0.1533522101264037,0.2688453872020685,0.4295059833870777,0.1438737636765706,0.2149089674667627,0.0781205938983862,0.1241019861365611,0.0040800167432378,0.0091118471369188,8,1,1,1,1,0.0,206.68429558191497,0.81,12,0.0314090060055605,0.0001519660984262,0.0242205490030755,4.844188270400688,0.368,4.476188270400688,28.19290199254944,309.2443080386959,206.68429558191497,100,100,1.0,240.7504692536719,0.4619316866400906,deployment_scaling,small,5,3,2,5,5,1.0,15.0,0.7,0.7,0.2,0.1,0.7,0.3,0.0393744949979009
cybershake,100,3.0,reference,4,PBQS,NonSharable,PBQS-NonSharable,149.1449216118623,298.2898432237246,1,3.0,downstream_reserved,1,queue_aware,1,1,1,0.0,447.43476483558686,447.43476483558686,3.0,5,5,1,1,1.0,0.0001877600006991,0,52,4,2.0961538461538463,"{""1"":28,""2"":2,""3"":11,""4"":11}",0,0.0,0,84,16,0,0,0,0,0,0,0.0,0.0,0,0,0,0,0.0,0.0,0.135,217.1169726154524,580.1092343152297,764.0088354552705,0.1776332733076428,0.1323548506729194,0.2229116959423662,0.3525380273641386,0.1313577528393099,0.2747563820345426,0.0711880438490724,0.1433633925370938,0.0022475384350541,0.0071484200996878,13,1,1,1,1,0.0,217.1169726154524,0.84,16,0.0145597930022631,6.705967215216663e-05,0.0,5.216526822005505,0.344,4.872526822005505,16.511758167659057,338.43650626957304,217.1169726154524,100,100,1.0,230.3177922201345,0.4852483304359096,deployment_scaling,small,5,3,2,5,5,1.0,15.0,0.7,0.7,0.2,0.1,0.7,0.3,0.0220168759988155
cybershake,100,3.0,reference,4,PBQS,Sharable,PBQS-Sharable,149.1449216118623,298.2898432237246,1,3.0,downstream_reserved,1,queue_aware,1,1,1,0.0,447.43476483558686,447.43476483558686,3.0,5,5,1,1,1.0,0.0001979549997486,0,45,4,2.2222222222222223,"{""1"":23,""3"":11,""4"":11}",0,0.0,0,90,10,0,0,0,0,0,0,0.0,0.0,0,0,0,0,0.0,0.0,0.095,267.6338725845156,410.4763062852033,424.7429793952175,0.2842132372922286,0.2117677610766711,0.356658713507786,0.5640608437826216,0.1332043537250388,0.2155488333144624,0.0721887910602843,0.1241533212283128,0.0013561798989024,0.0027111753140639,10,1,1,1,1,0.0,267.6338725845156,0.9,10,0.0154558380090747,5.774993224818368e-05,0.0,3.718463397765293,0.203,3.515463397765293,210.9869805849718,338.43650626957293,267.6338725845156,100,100,1.0,179.80089225107133,0.5981517164471105,deployment_scaling,small,5,3,2,5,5,1.0,15.0,0.7,0.7,0.2,0.1,0.7,0.3,0.0223253160002059
cybershake,100,3.0,reference,5,HDS,NonSharable,HDS-NonSharable,155.7412354307668,311.48247086153367,1,3.0,downstream_reserved,1,idle_only,1,1,1,0.0,467.2237062923005,467.2237062923005,3.0,5,5,1,1,1.0,0.0001186260014947,0,58,4,2.0,"{""1"":33,""2"":3,""3"":11,""4"":11}",11,0.11,3,86,14,8,3,1,4,36,157,0.0043661020026775,5.666408619333365e-16,0,0,0,11,4.440892098500626e-16,4.440892098500626e-16,0.115,211.67441258475816,419.118760865677,638.5322059206285,0.1966068436328388,0.1280831467733255,0.2651305404923522,0.3939502532067697,0.1064668595779021,0.1902263493151375,0.0706276480859232,0.1134839311840339,0.0019898691901924,0.0067241219101049,15,1,1,1,1,0.0,211.67441258475816,0.86,14,0.0319451579925953,0.0001509164834923,0.0241733500042755,4.801390725271073,0.367,4.434390725271073,4.205248203588308,330.91821269368654,211.67441258475816,100,100,1.0,255.5492937075423,0.4530472442516267,deployment_scaling,small,5,3,2,5,5,1.0,15.0,0.7,0.7,0.2,0.1,0.7,0.3,0.0403555060001963
cybershake,100,3.0,reference,5,HDS,Sharable,HDS-Sharable,155.7412354307668,311.48247086153367,1,3.0,downstream_reserved,1,idle_only,1,1,1,0.0,467.2237062923005,467.2237062923005,3.0,5,5,1,1,1.0,0.0001182960004371,0,54,4,2.055555555555556,"{""1"":30,""2"":2,""3"":11,""4"":11}",17,0.17,2,81,19,10,3,2,4,48,177,0.0068242429988458,0.0,0,0,0,17,5.258016244624741e-13,2.273736754432321e-13,0.095,212.78030039013072,433.9848460175623,723.8674977302556,0.2325105023175877,0.1489406082845402,0.3160803963506352,0.5247319452199797,0.1157103511199986,0.1606119289604253,0.0758360411371892,0.1081972100361596,0.0027894789803181,0.0075258432016933,12,1,1,1,1,0.0,212.78030039013072,0.81,10,0.0429429639843874,0.0002018183257832,0.0360089029927621,5.029222351773304,0.415,4.614222351773304,24.994102913297485,314.83916713198784,212.78030039013072,100,100,1.0,254.44340590216973,0.4554141785284605,deployment_scaling,small,5,3,2,5,5,1.0,15.0,0.7,0.7,0.2,0.1,0.7,0.3,0.0511980219998804
cybershake,100,3.0,reference,5,PBQS,NonSharable,PBQS-NonSharable,155.7412354307668,311.48247086153367,1,3.0,downstream_reserved,1,queue_aware,1,1,1,0.0,467.2237062923005,467.2237062923005,3.0,5,5,1,1,1.0,0.0001881700009107,0,53,4,2.0943396226415096,"{""1"":28,""2"":3,""3"":11,""4"":11}",0,0.0,0,85,15,0,0,0,0,0,0,0.0,0.0,0,0,0,0,0.0,0.0,0.11,216.42850024123223,404.6567002618356,587.1964344102853,0.1970321524552827,0.1298779353948334,0.264186369515732,0.3868618089245972,0.118064593472913,0.1736957203834663,0.0809312686678419,0.1168706585889967,0.0018830765640901,0.0051263290951977,16,1,1,1,1,0.0,216.42850024123223,0.85,15,0.0182305560010718,8.423361979014758e-05,0.0,4.9644158796665945,0.339,4.625415879666594,15.640358232927182,348.1756280321375,216.42850024123223,100,100,1.0,250.79520605106825,0.4632224292699568,deployment_scaling,small,5,3,2,5,5,1.0,15.0,0.7,0.7,0.2,0.1,0.7,0.3,0.0262163500010501
cybershake,100,3.0,reference,5,PBQS,Sharable,PBQS-Sharable,155.7412354307668,311.48247086153367,1,3.0,downstream_reserved,1,queue_aware,1,1,1,0.0,467.2237062923005,467.2237062923005,3.0,5,5,1,1,1.0,0.0002022410008066,0,45,4,2.2222222222222223,"{""1"":23,""3"":11,""4"":11}",0,0.0,0,89,11,0,0,0,0,0,0,0.0,0.0,0,0,0,0,0.0,0.0,0.08,285.0902642794019,268.0680681645782,314.01917021577066,0.2709192096260137,0.1785821611678959,0.3632562580841314,0.5275388303517236,0.112037072545779,0.1565959999498884,0.076799505696356,0.1160587557263716,0.0012418440800713,0.0033475003563839,12,1,1,1,1,0.0,285.0902642794019,0.89,11,0.0154349579897825,5.414060009659108e-05,0.0,3.665230328711142,0.176,3.489230328711142,184.80322348933905,348.1756280321376,285.0902642794019,100,100,1.0,182.13344201289857,0.6101793647025396,deployment_scaling,small,5,3,2,5,5,1.0,15.0,0.7,0.7,0.2,0.1,0.7,0.3,0.0223726160002115
epigenomics,100,3.0,reference,1,HDS,NonSharable,HDS-NonSharable,234.64909757620487,469.2981951524097,1,3.0,downstream_reserved,1,idle_only,1,1,1,0.0,703.9472927286146,703.9472927286146,3.0,5,5,1,1,1.0,0.0001176849982584,0,34,2,1.4705882352941178,"{""1"":18,""2"":16}",0,0.0,8,41,8,0,0,0,0,0,0,0.0,0.0,0,0,0,0,0.0,0.0,0.08,244.2627390443712,165.85223702200463,331.70447404400926,0.1975232832244167,0.1441295326981678,0.2509170337506656,0.526652098029682,0.141614263325184,0.2391181865006673,0.0616345419032787,0.1031067579931012,0.0023523531647125,0.0031482419644237,6,1,1,1,1,0.0,244.2627390443712,0.8367346938775511,8,0.0024132130020007,9.879578897059426e-06,0.0,2.28573546709827,0.165,2.12073546709827,3.337960935325174,252.7930070542473,244.2627390443712,49,49,1.0,459.6845536842434,0.3469900965135741,deployment_scaling,small,5,3,2,5,5,1.0,15.0,0.7,0.7,0.2,0.1,0.7,0.3,0.006091652001487
epigenomics,100,3.0,reference,1,HDS,Sharable,HDS-Sharable,234.64909757620487,469.2981951524097,1,3.0,downstream_reserved,1,idle_only,1,1,1,0.0,703.9472927286146,703.9472927286146,3.0,5,5,1,1,1.0,0.0001335189990641,0,34,2,1.4705882352941178,"{""1"":18,""2"":16}",0,0.0,8,41,8,0,0,0,0,0,0,0.0,0.0,0,0,0,0,0.0,0.0,0.08,244.2627390443712,165.85223702200463,331.70447404400926,0.1975232832244167,0.1441295326981678,0.2509170337506656,0.526652098029682,0.141614263325184,0.2391181865006673,0.0616345419032787,0.1031067579931012,0.0023523531647125,0.0031482419644237,6,1,1,1,1,0.0,244.2627390443712,0.8367346938775511,8,0.002568093004811,1.0513650239321138e-05,0.0,2.28573546709827,0.165,2.12073546709827,3.337960935325174,252.7930070542473,244.2627390443712,49,49,1.0,459.6845536842434,0.3469900965135741,deployment_scaling,small,5,3,2,5,5,1.0,15.0,0.7,0.7,0.2,0.1,0.7,0.3,0.0069804249978915
epigenomics,100,3.0,reference,1,PBQS,NonSharable,PBQS-NonSharable,234.64909757620487,469.2981951524097,1,3.0,downstream_reserved,1,queue_aware,1,1,1,0.0,703.9472927286146,703.9472927286146,3.0,5,5,1,1,1.0,0.0001888219994725,0,33,2,1.4848484848484849,"{""1"":17,""2"":16}",0,0.0,0,37,12,0,0,0,0,0,0,0.0,0.0,0,0,0,0,0.0,0.0,0.09,266.9865764089364,208.01707387997303,301.43469610487006,0.1961512160503848,0.1467452970046381,0.2455571350961316,0.4029221632436812,0.0930412224218725,0.1203114789021126,0.0481215470236325,0.0667027472864043,0.0016774676997255,0.0044537431069394,10,1,1,1,1,0.0,266.9865764089364,0.7551020408163265,12,0.007375821001915,2.7626186683699315e-05,0.0,3.237663383012907,0.143,3.0946633830129078,3.330685903255717,290.1039575354505,266.9865764089364,49,49,1.0,436.96071631967817,0.3792706913809596,deployment_scaling,small,5,3,2,5,5,1.0,15.0,0.7,0.7,0.2,0.1,0.7,0.3,0.0111565240003983
epigenomics,100,3.0,reference,1,PBQS,Sharable,PBQS-Sharable,234.64909757620487,469.2981951524097,1,3.0,downstream_reserved,1,queue_aware,1,1,1,0.0,703.9472927286146,703.9472927286146,3.0,5,5,1,1,1.0,0.0001940089969139,0,33,2,1.4848484848484849,"{""1"":17,""2"":16}",0,0.0,0,39,10,0,0,0,0,0,0,0.0,0.0,0,0,0,0,0.0,0.0,0.08,288.2327433256076,160.87999088079218,207.1605301065084,0.2206701180566829,0.1650884591302178,0.2762517769831481,0.4835065958924173,0.1149106431730938,0.1396133495634002,0.0594325587630064,0.0843809527764447,0.0014173741351592,0.0017846274581938,6,1,1,1,1,0.0,288.2327433256076,0.7959183673469388,10,0.0072010489820968,2.498345225810113e-05,0.0,2.1709574979685704,0.09,2.0809574979685705,44.121749744057965,290.1039575354504,288.2327433256076,49,49,1.0,415.71454940300697,0.4094521653863749,deployment_scaling,small,5,3,2,5,5,1.0,15.0,0.7,0.7,0.2,0.1,0.7,0.3,0.0106319330006954
epigenomics,100,3.0,reference,2,HDS,NonSharable,HDS-NonSharable,228.58243828919615,457.1648765783924,1,3.0,downstream_reserved,1,idle_only,1,1,1,0.0,685.7473148675886,685.7473148675886,3.0,5,5,1,1,1.0,0.0001497020020906,0,35,2,1.457142857142857,"{""1"":19,""2"":16}",0,0.0,10,39,10,0,0,0,0,0,0,0.0,0.0,0,0,0,0,0.0,0.0,0.1,255.66147557469708,180.9341050232072,301.641929456899,0.2043352684701685,0.1427428136937586,0.2659277232465784,0.4666146250708754,0.1165885142787457,0.19307105972281,0.0598233122993939,0.0955151306800138,0.0020303329396499,0.0026288564964092,6,1,1,1,1,0.0,255.66147557469708,0.7959183673469388,10,0.0027620490145636,1.0803540143679877e-05,0.0,2.2938048960833397,0.145,2.1488048960833392,3.7858243060304098,279.96877504252524,255.66147557469708,49,49,1.0,430.0858392928915,0.3728216939851422,deployment_scaling,small,5,3,2,5,5,1.0,15.0,0.7,0.7,0.2,0.1,0.7,0.3,0.0064617530006216
epigenomics,100,3.0,reference,2,HDS,Sharable,HDS-Sharable,228.58243828919615,457.1648765783924,1,3.0,downstream_reserved,1,idle_only,1,1,1,0.0,685.7473148675886,685.7473148675886,3.0,5,5,1,1,1.0,0.0001608700003998,0,35,2,1.457142857142857,"{""1"":19,""2"":16}",0,0.0,10,39,10,0,0,0,0,0,0,0.0,0.0,0,0,0,0,0.0,0.0,0.1,255.66147557469708,180.9341050232072,301.641929456899,0.2043352684701685,0.1427428136937586,0.2659277232465784,0.4666146250708754,0.1165885142787457,0.19307105972281,0.0598233122993939,0.0955151306800138,0.0020303329396499,0.0026288564964092,6,1,1,1,1,0.0,255.66147557469708,0.7959183673469388,10,0.0028618609867407,1.1193946918704376e-05,0.0,2.2938048960833397,0.145,2.1488048960833392,3.7858243060304098,279.96877504252524,255.66147557469708,49,49,1.0,430.0858392928915,0.3728216939851422,deployment_scaling,small,5,3,2,5,5,1.0,15.0,0.7,0.7,0.2,0.1,0.7,0.3,0.0069234610018611
epigenomics,100,3.0,reference,2,PBQS,NonSharable,PBQS-NonSharable,228.58243828919615,457.1648765783924,1,3.0,downstream_reserved,1,queue_aware,1,1,1,0.0,685.7473148675886,685.7473148675886,3.0,5,5,1,1,1.0,0.0002569030002632,0,33,2,1.4848484848484849,"{""1"":17,""2"":16}",0,0.0,0,35,14,0,0,0,0,0,0,0.0,0.0,0,0,0,0,0.0,0.0,0.115,272.2917716210076,242.14787506320516,282.5524681454284,0.1891508587271466,0.1377049032538161,0.2405968142004771,0.3693522632645192,0.0869952720549878,0.1459427264679046,0.0439527332908063,0.0656246950921404,0.000906427133729,0.0024595495761461,12,1,1,1,1,0.0,272.2917716210076,0.7142857142857143,14,0.0074987490079365,2.7539388955072013e-05,0.0,2.7615150564033226,0.123,2.638515056403323,4.244131312644978,310.25590114219614,272.2917716210076,49,49,1.0,413.455543246581,0.3970730409255552,deployment_scaling,small,5,3,2,5,5,1.0,15.0,0.7,0.7,0.2,0.1,0.7,0.3,0.0111002300000109
epigenomics,100,3.0,reference,2,PBQS,Sharable,PBQS-Sharable,228.58243828919615,457.1648765783924,1,3.0,downstream_reserved,1,queue_aware,1,1,1,0.0,685.7473148675886,685.7473148675886,3.0,5,5,1,1,1.0,0.000256031002209,0,33,2,1.4848484848484849,"{""1"":17,""2"":16}",0,0.0,0,39,10,0,0,0,0,0,0,0.0,0.0,0,0,0,0,0.0,0.0,0.075,294.702427280561,228.3538477037487,254.9644134265155,0.2648112022180054,0.1927868645553426,0.3368355398806681,0.517093168570327,0.1004746422055796,0.1681900593710524,0.0507629328242078,0.0787255303190131,0.0009301068160868,0.0022725130486996,10,1,1,1,1,0.0,294.702427280561,0.7959183673469388,10,0.008138190027239,2.761494061089412e-05,0.0,2.639162837527671,0.111,2.528162837527671,39.78041423931626,310.2559011421962,294.702427280561,49,49,1.0,391.0448875870276,0.4297536729508963,deployment_scaling,small,5,3,2,5,5,1.0,15.0,0.7,0.7,0.2,0.1,0.7,0.3,0.0119040579993452
epigenomics,100,3.0,reference,3,HDS,NonSharable,HDS-NonSharable,223.94868715046684,447.8973743009336,1,3.0,downstream_reserved,1,idle_only,1,1,1,0.0,671.8460614514005,671.8460614514005,3.0,5,5,1,1,1.0,0.0001139099986176,0,34,2,1.4705882352941178,"{""1"":18,""2"":16}",0,0.0,9,40,9,0,0,0,0,0,0,0.0,0.0,0,0,0,0,0.0,0.0,0.085,241.096873773179,155.4844527859715,300.92842180581147,0.2017346632107932,0.1358429279284833,0.2676263984931031,0.4683917215232493,0.0971712268351804,0.1950245992074335,0.052658207066027,0.0952348158286421,0.0023782492343465,0.0026715398966195,6,1,1,1,1,0.0,241.096873773179,0.8163265306122449,9,0.002659831996425,1.1032212715156948e-05,0.0,2.4377789805677668,0.161,2.2767789805677667,3.551179082937408,252.93152962255465,241.096873773179,49,49,1.0,430.7491876782215,0.3588573151003272,deployment_scaling,small,5,3,2,5,5,1.0,15.0,0.7,0.7,0.2,0.1,0.7,0.3,0.0064391589985461
epigenomics,100,3.0,reference,3,HDS,Sharable,HDS-Sharable,223.94868715046684,447.8973743009336,1,3.0,downstream_reserved,1,idle_only,1,1,1,0.0,671.8460614514005,671.8460614514005,3.0,5,5,1,1,1.0,0.000120049000543,0,34,2,1.4705882352941178,"{""1"":18,""2"":16}",0,0.0,9,40,9,0,0,0,0,0,0,0.0,0.0,0,0,0,0,0.0,0.0,0.085,241.096873773179,155.4844527859715,300.92842180581147,0.2017346632107932,0.1358429279284833,0.2676263984931031,0.4683917215232493,0.0971712268351804,0.1950245992074335,0.052658207066027,0.0952348158286421,0.0023782492343465,0.0026715398966195,6,1,1,1,1,0.0,241.096873773179,0.8163265306122449,9,0.0029075100028421,1.2059509347174377e-05,0.0,2.4377789805677668,0.161,2.2767789805677667,3.551179082937408,252.93152962255465,241.096873773179,49,49,1.0,430.7491876782215,0.3588573151003272,deployment_scaling,small,5,3,2,5,5,1.0,15.0,0.7,0.7,0.2,0.1,0.7,0.3,0.0067690299983951
epigenomics,100,3.0,reference,3,PBQS,NonSharable,PBQS-NonSharable,223.94868715046684,447.8973743009336,1,3.0,downstream_reserved,1,queue_aware,1,1,1,0.0,671.8460614514005,671.8460614514005,3.0,5,5,1,1,1.0,0.0001910149985633,0,33,2,1.4848484848484849,"{""1"":17,""2"":16}",0,0.0,0,34,15,0,0,0,0,0,0,0.0,0.0,0,0,0,0,0.0,0.0,0.125,251.3719886650632,226.12113469550684,293.60089806009,0.1692164330146574,0.1152439506541057,0.2231889153752091,0.3195550732938375,0.0721053925521533,0.1443306402775114,0.0453621139033105,0.0713334923612653,0.0009609294748277,0.0025623376759513,14,1,1,1,1,0.0,251.3719886650632,0.6938775510204082,15,0.0077432590005628,3.0803985128510955e-05,0.0,2.9868724358440493,0.145,2.841872435844049,4.525774587685197,287.5995659644538,251.3719886650632,49,49,1.0,420.4740727863373,0.3741511680845757,deployment_scaling,small,5,3,2,5,5,1.0,15.0,0.7,0.7,0.2,0.1,0.7,0.3,0.0117975190005381
epigenomics,100,3.0,reference,3,PBQS,Sharable,PBQS-Sharable,223.94868715046684,447.8973743009336,1,3.0,downstream_reserved,1,queue_aware,1,1,1,0.0,671.8460614514005,671.8460614514005,3.0,5,5,1,1,1.0,0.0002026719994319,0,33,2,1.4848484848484849,"{""1"":17,""2"":16}",0,0.0,0,40,9,0,0,0,0,0,0,0.0,0.0,0,0,0,0,0.0,0.0,0.09,281.19772002421473,179.8048353359206,200.96829934091755,0.2659115375944616,0.1810976367421661,0.3507254384467571,0.5325917888230626,0.080571758893302,0.1444810118078998,0.0506883767627292,0.0674660528993207,0.0010434136097784,0.002290558818115,9,1,1,1,1,0.0,281.19772002421473,0.8163265306122449,9,0.0080594899955031,2.8661292114349557e-05,0.0,2.569342040967359,0.098,2.471342040967359,56.98823090608173,287.5995659644538,281.19772002421473,49,49,1.0,390.64834142718576,0.4185448663890929,deployment_scaling,small,5,3,2,5,5,1.0,15.0,0.7,0.7,0.2,0.1,0.7,0.3,0.0119781979992694
epigenomics,100,3.0,reference,4,HDS,NonSharable,HDS-NonSharable,233.92134447719332,467.84268895438674,1,3.0,downstream_reserved,1,idle_only,1,1,1,0.0,701.7640334315801,701.7640334315801,3.0,5,5,1,1,1.0,0.0001200689985125,0,33,2,1.4848484848484849,"{""1"":17,""2"":16}",0,0.0,10,39,10,0,0,0,0,0,0,0.0,0.0,0,0,0,0,0.0,0.0,0.095,256.89692372328926,209.8060760282329,290.4007799181602,0.2195385779217575,0.1566468410778835,0.2824303147656315,0.4665222944266909,0.1250607651361265,0.1288330749152629,0.0629058809176948,0.0667335141383983,0.0015823372747521,0.0026536590259369,6,1,1,1,1,0.0,256.89692372328926,0.7959183673469388,10,0.0024656270179548,9.59772885646005e-06,0.0,1.9272278379397552,0.133,1.7942278379397552,3.620137795969957,279.9133766560146,256.89692372328926,49,49,1.0,444.8671097082908,0.3660730836647187,deployment_scaling,small,5,3,2,5,5,1.0,15.0,0.7,0.7,0.2,0.1,0.7,0.3,0.0060975100022915
epigenomics,100,3.0,reference,4,HDS,Sharable,HDS-Sharable,233.92134447719332,467.84268895438674,1,3.0,downstream_reserved,1,idle_only,1,1,1,0.0,701.7640334315801,701.7640334315801,3.0,5,5,1,1,1.0,0.0001198089994431,0,33,2,1.4848484848484849,"{""1"":17,""2"":16}",0,0.0,10,39,10,0,0,0,0,0,0,0.0,0.0,0,0,0,0,0.0,0.0,0.095,256.89692372328926,209.8060760282329,290.4007799181602,0.2195385779217575,0.1566468410778835,0.2824303147656315,0.4665222944266909,0.1250607651361265,0.1288330749152629,0.0629058809176948,0.0667335141383983,0.0015823372747521,0.0026536590259369,6,1,1,1,1,0.0,256.89692372328926,0.7959183673469388,10,0.0025176399867632,9.80019515327113e-06,0.0,1.9272278379397552,0.133,1.7942278379397552,3.620137795969957,279.9133766560146,256.89692372328926,49,49,1.0,444.8671097082908,0.3660730836647187,deployment_scaling,small,5,3,2,5,5,1.0,15.0,0.7,0.7,0.2,0.1,0.7,0.3,0.0062141439993865
epigenomics,100,3.0,reference,4,PBQS,NonSharable,PBQS-NonSharable,233.92134447719332,467.84268895438674,1,3.0,downstream_reserved,1,queue_aware,1,1,1,0.0,701.7640334315801,701.7640334315801,3.0,5,5,1,1,1.0,0.0001834540016716,0,34,2,1.4705882352941178,"{""1"":18,""2"":16}",0,0.0,0,36,13,0,0,0,0,0,0,0.0,0.0,0,0,0,0,0.0,0.0,0.1,268.84796326120744,233.86640157051625,300.7100459802396,0.1938570523124409,0.1413457890895914,0.2463683155352904,0.3782303100440014,0.1033445908329052,0.16198444846067,0.0512358886700716,0.0738127776653193,0.0009378756554335,0.0022714458639469,10,1,1,1,1,0.0,268.84796326120744,0.7346938775510204,13,0.0076354120101314,2.8400482999802333e-05,0.0,2.125710442278022,0.139,1.986710442278022,4.256983245777978,295.01964183432113,268.84796326120744,49,49,1.0,432.9160701703726,0.3831030808839811,deployment_scaling,small,5,3,2,5,5,1.0,15.0,0.7,0.7,0.2,0.1,0.7,0.3,0.0113225710010738
epigenomics,100,3.0,reference,4,PBQS,Sharable,PBQS-Sharable,233.92134447719332,467.84268895438674,1,3.0,downstream_reserved,1,queue_aware,1,1,1,0.0,701.7640334315801,701.7640334315801,3.0,5,5,1,1,1.0,0.0001857370007201,0,33,2,1.4848484848484849,"{""1"":17,""2"":16}",0,0.0,0,39,10,0,0,0,0,0,0,0.0,0.0,0,0,0,0,0.0,0.0,0.08,283.3395294302603,217.45918287203696,267.89560858328105,0.2584760697499212,0.1884610521194552,0.3284910873803873,0.4916994030572019,0.0980589712115267,0.137034228802927,0.0486153991380053,0.0696796375092761,0.0009156133215568,0.0016553581400573,11,1,1,1,1,0.0,283.3395294302603,0.7959183673469388,10,0.0074318049919384,2.622932637349365e-05,0.0,2.2628426056850754,0.11,2.152842605685076,33.58347114586763,295.01964183432113,283.3395294302603,49,49,1.0,418.42450400131975,0.4037532787833948,deployment_scaling,small,5,3,2,5,5,1.0,15.0,0.7,0.7,0.2,0.1,0.7,0.3,0.0109825149993412
epigenomics,100,3.0,reference,5,HDS,NonSharable,HDS-NonSharable,236.02826696775284,472.0565339355056,1,3.0,downstream_reserved,1,idle_only,1,1,1,0.0,708.0848009032585,708.0848009032585,3.0,5,5,1,1,1.0,0.0001664379997237,0,34,2,1.4705882352941178,"{""1"":18,""2"":16}",2,0.0408163265306122,8,39,10,1,2,4,4,28,124,0.0036630150025303,0.0,0,0,0,2,2.8421709430404014e-14,2.8421709430404014e-14,0.09,249.262608028659,168.33494684041213,280.3501669705006,0.2013150911142578,0.1258368414848773,0.2767933407436383,0.4616804342064254,0.0995738138681391,0.1707174781555755,0.0588584278807588,0.1018791038653387,0.0020077094802413,0.0027284846858368,6,1,1,1,1,0.0,249.262608028659,0.7959183673469388,10,0.0064575970100122,2.590680191097811e-05,0.0036630150025303,2.249559646212154,0.143,2.106559646212154,3.5440013384530165,277.0082605238552,249.262608028659,49,49,1.0,458.8221928745995,0.3520236668131989,deployment_scaling,small,5,3,2,5,5,1.0,15.0,0.7,0.7,0.2,0.1,0.7,0.3,0.0102478000007977
epigenomics,100,3.0,reference,5,HDS,Sharable,HDS-Sharable,236.02826696775284,472.0565339355056,1,3.0,downstream_reserved,1,idle_only,1,1,1,0.0,708.0848009032585,708.0848009032585,3.0,5,5,1,1,1.0,0.0002195669985667,0,34,2,1.4705882352941178,"{""1"":18,""2"":16}",2,0.0408163265306122,8,39,10,1,2,4,4,32,128,0.0050551380008982,0.0,0,0,0,2,8.526512829121202e-14,5.684341886080803e-14,0.085,248.07194319137335,151.11863770564008,268.2836372671487,0.208606453644021,0.1283759543555504,0.2888369529324917,0.5012293492282146,0.0900540003364896,0.180087446977774,0.0540580939088691,0.1022854339509402,0.0019524908327259,0.0024434343386696,6,1,1,1,1,0.0,248.07194319137335,0.7959183673469388,9,0.0081493660218257,3.285081705325672e-05,0.0050551380008982,2.117829173133978,0.149,1.9688291731339775,7.457699710316762,270.6638485832359,248.07194319137335,49,49,1.0,460.0128577118851,0.3503421382226025,deployment_scaling,small,5,3,2,5,5,1.0,15.0,0.7,0.7,0.2,0.1,0.7,0.3,0.0123611369999707
epigenomics,100,3.0,reference,5,PBQS,NonSharable,PBQS-NonSharable,236.02826696775284,472.0565339355056,1,3.0,downstream_reserved,1,queue_aware,1,1,1,0.0,708.0848009032585,708.0848009032585,3.0,5,5,1,1,1.0,0.000206838001759,0,34,2,1.4705882352941178,"{""1"":18,""2"":16}",0,0.0,0,36,13,0,0,0,0,0,0,0.0,0.0,0,0,0,0,0.0,0.0,0.105,260.0346243204462,146.7513583272507,204.21559059509127,0.1779264590636012,0.1121577714367333,0.2436951466904692,0.3721760851581462,0.079395763770053,0.1427178702204956,0.0491451937133039,0.0865732055351954,0.0011506183082853,0.0022843099173671,8,1,1,1,1,0.0,260.0346243204462,0.7346938775510204,13,0.0075501410028664,2.9035137234502437e-05,0.0,2.0548909381068627,0.121,1.9338909381068627,4.27099534750745,290.297346423354,260.0346243204462,49,49,1.0,448.0501765828123,0.3672365569614496,deployment_scaling,small,5,3,2,5,5,1.0,15.0,0.7,0.7,0.2,0.1,0.7,0.3,0.0111829130000842
epigenomics,100,3.0,reference,5,PBQS,Sharable,PBQS-Sharable,236.02826696775284,472.0565339355056,1,3.0,downstream_reserved,1,queue_aware,1,1,1,0.0,708.0848009032585,708.0848009032585,3.0,5,5,1,1,1.0,0.0001896020003187,0,33,2,1.4848484848484849,"{""1"":17,""2"":16}",0,0.0,0,40,9,0,0,0,0,0,0,0.0,0.0,0,0,0,0,0.0,0.0,0.085,262.2830310757191,133.1642433922158,177.0413607250215,0.2668896885954018,0.1682366571551,0.3655427200357037,0.5375876785617667,0.0787151479830976,0.1446596008840853,0.0487238992624925,0.0869879679646114,0.0008297185480751,0.002264727797135,10,1,1,1,1,0.0,262.2830310757191,0.8163265306122449,9,0.0071267950006586,2.71721543381171e-05,0.0,1.913194018626584,0.088,1.825194018626584,14.02132005070036,290.29734642335404,262.2830310757191,49,49,1.0,445.8017698275394,0.3704118923907721,deployment_scaling,small,5,3,2,5,5,1.0,15.0,0.7,0.7,0.2,0.1,0.7,0.3,0.0106260440006735
inspiral,100,3.0,reference,1,HDS,NonSharable,HDS-NonSharable,197.57972622065745,395.1594524413148,1,3.0,downstream_reserved,1,idle_only,1,1,1,0.0,592.7391786619722,592.7391786619722,3.0,5,5,1,1,1.0,0.0001154109995695,0,67,2,1.492537313432836,"{""1"":34,""2"":33}",0,0.0,10,90,10,0,0,0,0,0,0,0.0,0.0,0,0,0,0,0.0,0.0,0.085,259.37937164067864,352.2698047607508,458.6196383787278,0.2443243588427554,0.1935509778822881,0.2950977398032227,0.5395841719870963,0.1352739193102458,0.2828915344904388,0.0647910401557983,0.1184586443031495,0.0022816017815689,0.004782419047558,9,1,1,1,1,0.0,259.37937164067864,0.9,10,0.0044791349755541,1.726866306762123e-05,0.0,4.188334793437634,0.206,3.982334793437634,3.0306239371049,323.7505031922578,259.37937164067864,100,100,1.0,333.3598070212936,0.4375944445349338,deployment_scaling,small,5,3,2,5,5,1.0,15.0,0.7,0.7,0.2,0.1,0.7,0.3,0.0112084809989028
inspiral,100,3.0,reference,1,HDS,Sharable,HDS-Sharable,197.57972622065745,395.1594524413148,1,3.0,downstream_reserved,1,idle_only,1,1,1,0.0,592.7391786619722,592.7391786619722,3.0,5,5,1,1,1.0,0.0001194979995489,0,67,2,1.492537313432836,"{""1"":34,""2"":33}",0,0.0,10,90,10,0,0,0,0,0,0,0.0,0.0,0,0,0,0,0.0,0.0,0.085,259.37937164067864,352.2698047607508,458.6196383787278,0.2443243588427554,0.1935509778822881,0.2950977398032227,0.5395841719870963,0.1352739193102458,0.2828915344904388,0.0647910401557983,0.1184586443031495,0.0022816017815689,0.004782419047558,9,1,1,1,1,0.0,259.37937164067864,0.9,10,0.0043181690052733,1.664808183457005e-05,0.0,4.188334793437634,0.206,3.982334793437634,3.0306239371049,323.7505031922578,259.37937164067864,100,100,1.0,333.3598070212936,0.4375944445349338,deployment_scaling,small,5,3,2,5,5,1.0,15.0,0.7,0.7,0.2,0.1,0.7,0.3,0.0111412810001638
inspiral,100,3.0,reference,1,PBQS,NonSharable,PBQS-NonSharable,197.57972622065745,395.1594524413148,1,3.0,downstream_reserved,1,queue_aware,1,1,1,0.0,592.7391786619722,592.7391786619722,3.0,5,5,1,1,1.0,0.000228649998462,0,69,2,1.4782608695652173,"{""1"":36,""2"":33}",0,0.0,0,83,17,0,0,0,0,0,0,0.0,0.0,0,0,0,0,0.0,0.0,0.155,295.08411212345817,438.7608325568863,528.1712925735019,0.1724853335650455,0.1381706870323203,0.2067999800977707,0.3613656348726907,0.1169291651732848,0.2148987803972491,0.0615178559934602,0.1005555992886037,0.0016613471247498,0.0042844541954876,16,1,1,1,1,0.0,295.08411212345817,0.83,17,0.0163155650043336,5.529123505472727e-05,0.0,5.858851564943683,0.204,5.654851564943684,4.950409114012372,368.5929475701445,295.08411212345817,100,100,1.0,297.65506653851406,0.4978312936721515,deployment_scaling,small,5,3,2,5,5,1.0,15.0,0.7,0.7,0.2,0.1,0.7,0.3,0.0240556229982757
inspiral,100,3.0,reference,1,PBQS,Sharable,PBQS-Sharable,197.57972622065745,395.1594524413148,1,3.0,downstream_reserved,1,queue_aware,1,1,1,0.0,592.7391786619722,592.7391786619722,3.0,5,5,1,1,1.0,0.0001963119975698,0,67,2,1.492537313432836,"{""1"":34,""2"":33}",0,0.0,0,88,12,0,0,0,0,0,0,0.0,0.0,0,0,0,0,0.0,0.0,0.1,325.8996479878772,392.0962196036982,434.8420666671256,0.2395629632847855,0.1919037319893338,0.2872221945802371,0.5119346494029784,0.1323411175016803,0.3231419915957497,0.0696262715672073,0.1594215342565773,0.0012714752625333,0.0028437345033687,12,1,1,1,1,0.0,325.8996479878772,0.88,12,0.0165052289921732,5.064512678696473e-05,0.0,4.392194477967959,0.173,4.219194477967959,80.44106573236402,368.5929475701445,325.8996479878772,100,100,1.0,266.83953067409504,0.5498196503958979,deployment_scaling,small,5,3,2,5,5,1.0,15.0,0.7,0.7,0.2,0.1,0.7,0.3,0.0234146789989608
inspiral,100,3.0,reference,2,HDS,NonSharable,HDS-NonSharable,205.13288797315948,410.2657759463189,1,3.0,downstream_reserved,1,idle_only,1,1,1,0.0,615.3986639194784,615.3986639194784,3.0,5,5,1,1,1.0,0.0001468689988541,0,67,2,1.492537313432836,"{""1"":34,""2"":33}",0,0.0,12,88,12,0,0,0,0,0,0,0.0,0.0,0,0,0,0,0.0,0.0,0.1,284.2150145730176,381.184742332862,507.711412266748,0.2248538439288408,0.1641146742260579,0.2855930136316237,0.476309487696494,0.122103251422089,0.2043649937377544,0.0698950419962777,0.0961803674148539,0.0018303132429701,0.0033339401199652,11,1,1,1,1,0.0,284.2150145730176,0.88,12,0.0047221099921443,1.6614569076297835e-05,0.0,4.750021794796913,0.245,4.505021794796913,3.7210189314889153,342.94283114147566,284.2150145730176,100,100,1.0,331.1836493464608,0.4618388554223536,deployment_scaling,small,5,3,2,5,5,1.0,15.0,0.7,0.7,0.2,0.1,0.7,0.3,0.0117897470008756
inspiral,100,3.0,reference,2,HDS,Sharable,HDS-Sharable,205.13288797315948,410.2657759463189,1,3.0,downstream_reserved,1,idle_only,1,1,1,0.0,615.3986639194784,615.3986639194784,3.0,5,5,1,1,1.0,0.0001531980014988,0,67,2,1.492537313432836,"{""1"":34,""2"":33}",0,0.0,12,88,12,0,0,0,0,0,0,0.0,0.0,0,0,0,0,0.0,0.0,0.1,284.2150145730176,381.184742332862,507.711412266748,0.2248538439288408,0.1641146742260579,0.2855930136316237,0.476309487696494,0.122103251422089,0.2043649937377544,0.0698950419962777,0.0961803674148539,0.0018303132429701,0.0033339401199652,11,1,1,1,1,0.0,284.2150145730176,0.88,12,0.0049375250055163,1.7372498820775232e-05,0.0,4.750021794796913,0.245,4.505021794796913,3.7210189314889153,342.94283114147566,284.2150145730176,100,100,1.0,331.1836493464608,0.4618388554223536,deployment_scaling,small,5,3,2,5,5,1.0,15.0,0.7,0.7,0.2,0.1,0.7,0.3,0.0128316280024591
inspiral,100,3.0,reference,2,PBQS,NonSharable,PBQS-NonSharable,205.13288797315948,410.2657759463189,1,3.0,downstream_reserved,1,queue_aware,1,1,1,0.0,615.3986639194784,615.3986639194784,3.0,5,5,1,1,1.0,0.0002637930010678,0,67,2,1.492537313432836,"{""1"":34,""2"":33}",0,0.0,0,86,14,0,0,0,0,0,0,0.0,0.0,0,0,0,0,0.0,0.0,0.11,298.11517393215104,471.79641275709935,611.973199248566,0.2268907811649025,0.1700899259484238,0.2836916363813812,0.43975735882158,0.1378159329683885,0.2585457833446669,0.0775355271266429,0.1178491461225047,0.0028523136917566,0.0050745472501804,12,1,1,1,1,0.0,298.11517393215104,0.86,14,0.0154358419931668,5.1778115785142566e-05,0.0,7.300662186594319,0.247,7.05366218659432,3.1813239783013376,369.39618141012727,298.11517393215104,100,100,1.0,317.28348998732736,0.4844260987397233,deployment_scaling,small,5,3,2,5,5,1.0,15.0,0.7,0.7,0.2,0.1,0.7,0.3,0.0226469250010268
inspiral,100,3.0,reference,2,PBQS,Sharable,PBQS-Sharable,205.13288797315948,410.2657759463189,1,3.0,downstream_reserved,1,queue_aware,1,1,1,0.0,615.3986639194784,615.3986639194784,3.0,5,5,1,1,1.0,0.0002676379990589,0,67,2,1.492537313432836,"{""1"":34,""2"":33}",0,0.0,0,89,11,0,0,0,0,0,0,0.0,0.0,0,0,0,0,0.0,0.0,0.08,331.32055020085346,353.1247162914859,374.6298063173391,0.2836134764561281,0.2126124074355298,0.3546145454767265,0.5596911839547385,0.1240038410010674,0.3118672471854199,0.0697648157992846,0.1598735997131683,0.0017232436844548,0.0035701301131212,10,1,1,1,1,0.0,331.32055020085346,0.89,11,0.0162144380083191,4.8938823741810126e-05,0.0,4.963484460950457,0.157,4.806484460950457,79.42663430752245,369.3961814101274,331.32055020085346,100,100,1.0,284.07811371862493,0.5383836033875513,deployment_scaling,small,5,3,2,5,5,1.0,15.0,0.7,0.7,0.2,0.1,0.7,0.3,0.023413626000547
inspiral,100,3.0,reference,3,HDS,NonSharable,HDS-NonSharable,190.4280733895773,380.8561467791545,1,3.0,downstream_reserved,1,idle_only,1,1,1,0.0,571.2842201687318,571.2842201687318,3.0,5,5,1,1,1.0,0.000123944999359,0,67,2,1.492537313432836,"{""1"":34,""2"":33}",2,0.02,8,90,10,1,2,3,3,23,106,0.003699228996993,0.0,0,0,0,2,7.105427357601002e-15,7.105427357601002e-15,0.095,220.28517046505996,367.3335387765598,588.3486581066733,0.2218313518460537,0.1541235706732735,0.2895391330188339,0.4750885113507125,0.1115059404862575,0.1734124951959226,0.0654200901822818,0.0913291142399338,0.0031310604309796,0.0064020485665257,8,1,1,1,1,0.0,220.28517046505996,0.9,10,0.0086345769850595,3.919726855344125e-05,0.003699228996993,4.040688491557097,0.291,3.7496884915570967,3.2836436834480387,285.05310681042755,220.28517046505996,100,100,1.0,350.9990497036719,0.3855964556486393,deployment_scaling,small,5,3,2,5,5,1.0,15.0,0.7,0.7,0.2,0.1,0.7,0.3,0.0156969859999662
inspiral,100,3.0,reference,3,HDS,Sharable,HDS-Sharable,190.4280733895773,380.8561467791545,1,3.0,downstream_reserved,1,idle_only,1,1,1,0.0,571.2842201687318,571.2842201687318,3.0,5,5,1,1,1.0,0.0001152019976871,0,69,2,1.4782608695652173,"{""1"":36,""2"":33}",2,0.02,10,88,12,1,2,3,3,26,109,0.0103204789993469,0.0,0,0,0,2,6.394884621840903e-14,5.684341886080803e-14,0.09,250.84335421518156,327.15633570428207,490.8465437625851,0.2197597229403661,0.1518921100771936,0.2876273358035386,0.4631492462056819,0.1081437616375828,0.1568240528977921,0.0707996223458544,0.1140446965730746,0.0019290994802159,0.0046478083443971,12,1,1,1,1,0.0,250.84335421518156,0.88,11,0.015473043986276,6.168408979654589e-05,0.0103204789993469,4.199785306649079,0.237,3.962785306649079,10.90460156026534,305.67850249575,250.84335421518156,100,100,1.0,320.4408659535503,0.4390867896562828,deployment_scaling,small,5,3,2,5,5,1.0,15.0,0.7,0.7,0.2,0.1,0.7,0.3,0.0224969320006493
inspiral,100,3.0,reference,3,PBQS,NonSharable,PBQS-NonSharable,190.4280733895773,380.8561467791545,1,3.0,downstream_reserved,1,queue_aware,1,1,1,0.0,571.2842201687318,571.2842201687318,3.0,5,5,1,1,1.0,0.0001903329975903,0,70,2,1.4714285714285715,"{""1"":37,""2"":33}",0,0.0,0,83,17,0,0,0,0,0,0,0.0,0.0,0,0,0,0,0.0,0.0,0.14,281.09997525512154,425.90444612314303,574.1197870853962,0.1692417841388373,0.1234447956513707,0.2150387726263039,0.3434087443953562,0.107651506541974,0.2280073655773687,0.0659968405916676,0.1096050083363233,0.001896193865186,0.0054686263005912,18,1,1,1,1,0.0,281.09997525512154,0.83,17,0.0150669619797554,5.360001176122807e-05,0.0,6.561446948560229,0.248,6.3134469485602285,4.726032515559735,350.2769192832633,281.09997525512154,100,100,1.0,290.1842449136103,0.4920492555738668,deployment_scaling,small,5,3,2,5,5,1.0,15.0,0.7,0.7,0.2,0.1,0.7,0.3,0.0223767620009311
inspiral,100,3.0,reference,3,PBQS,Sharable,PBQS-Sharable,190.4280733895773,380.8561467791545,1,3.0,downstream_reserved,1,queue_aware,1,1,1,0.0,571.2842201687318,571.2842201687318,3.0,5,5,1,1,1.0,0.0002009390009334,0,67,2,1.492537313432836,"{""1"":34,""2"":33}",0,0.0,0,88,12,0,0,0,0,0,0,0.0,0.0,0,0,0,0,0.0,0.0,0.105,327.27874357301016,319.5725828416679,361.4560605224459,0.2444603548672095,0.1783091492742022,0.3106115604602169,0.4864957212267546,0.1155774565999839,0.3335063344332302,0.0708559241225798,0.2020203170473236,0.0014141877292048,0.0023897397222094,8,1,1,1,1,0.0,327.27874357301016,0.88,12,0.0160263559992017,4.8968520913508606e-05,0.0,3.5436008440779614,0.176,3.367600844077961,86.31509371427165,350.27691928326334,327.27874357301016,100,100,1.0,244.0054765957217,0.5728825198013462,deployment_scaling,small,5,3,2,5,5,1.0,15.0,0.7,0.7,0.2,0.1,0.7,0.3,0.0228250799991656
inspiral,100,3.0,reference,4,HDS,NonSharable,HDS-NonSharable,203.6687508333731,407.3375016667462,1,3.0,downstream_reserved,1,idle_only,1,1,1,0.0,611.0062525001193,611.0062525001193,3.0,5,5,1,1,1.0,0.0001229529989359,0,68,2,1.4852941176470589,"{""1"":35,""2"":33}",0,0.0,11,89,11,0,0,0,0,0,0,0.0,0.0,0,0,0,0,0.0,0.0,0.09,261.0245816650475,377.7341781046624,515.762498896562,0.2218374673507444,0.1621574813770445,0.2815174533244444,0.4733163313701814,0.1524870821818269,0.243989208685055,0.0797446214203482,0.1248468017029663,0.0031091657402014,0.005030512536841,6,1,1,1,1,0.0,261.0245816650475,0.89,11,0.0045503620021918,1.743269531614826e-05,0.0,4.002185553645088,0.237,3.765185553645088,3.981819763196898,312.38877870431975,261.0245816650475,100,100,1.0,349.98167083507184,0.4272044362835657,deployment_scaling,small,5,3,2,5,5,1.0,15.0,0.7,0.7,0.2,0.1,0.7,0.3,0.0122392170014791
inspiral,100,3.0,reference,4,HDS,Sharable,HDS-Sharable,203.6687508333731,407.3375016667462,1,3.0,downstream_reserved,1,idle_only,1,1,1,0.0,611.0062525001193,611.0062525001193,3.0,5,5,1,1,1.0,0.0001189070026157,0,68,2,1.4852941176470589,"{""1"":35,""2"":33}",0,0.0,11,89,11,0,0,0,0,0,0,0.0,0.0,0,0,0,0,0.0,0.0,0.09,261.0245816650475,377.7341781046624,515.762498896562,0.2218374673507444,0.1621574813770445,0.2815174533244444,0.4733163313701814,0.1524870821818269,0.243989208685055,0.0797446214203482,0.1248468017029663,0.0031091657402014,0.005030512536841,6,1,1,1,1,0.0,261.0245816650475,0.89,11,0.0045780910113535,1.7538926725407964e-05,0.0,4.002185553645088,0.237,3.765185553645088,3.981819763196898,312.38877870431975,261.0245816650475,100,100,1.0,349.98167083507184,0.4272044362835657,deployment_scaling,small,5,3,2,5,5,1.0,15.0,0.7,0.7,0.2,0.1,0.7,0.3,0.0114317330007907
inspiral,100,3.0,reference,4,PBQS,NonSharable,PBQS-NonSharable,203.6687508333731,407.3375016667462,1,3.0,downstream_reserved,1,queue_aware,1,1,1,0.0,611.0062525001193,611.0062525001193,3.0,5,5,1,1,1.0,0.0001883699987956,0,68,2,1.4852941176470589,"{""1"":35,""2"":33}",0,0.0,0,85,15,0,0,0,0,0,0,0.0,0.0,0,0,0,0,0.0,0.0,0.125,292.8388443616099,478.6286207564248,574.2460040384553,0.2011628909612201,0.1524598646525594,0.2498659172698807,0.3933427137376277,0.1083080648228037,0.2579568459808127,0.0580572297908632,0.1268977355467725,0.0015014383397662,0.003768956989666,16,1,1,1,1,0.0,292.8388443616099,0.85,15,0.0311786019992723,0.0001064701715622,0.0,5.672136760680339,0.251,5.421136760680339,4.576211204404635,354.0084423638649,292.8388443616099,100,100,1.0,318.1674081385094,0.4792730731696608,deployment_scaling,small,5,3,2,5,5,1.0,15.0,0.7,0.7,0.2,0.1,0.7,0.3,0.0386128620011732
inspiral,100,3.0,reference,4,PBQS,Sharable,PBQS-Sharable,203.6687508333731,407.3375016667462,1,3.0,downstream_reserved,1,queue_aware,1,1,1,0.0,611.0062525001193,611.0062525001193,3.0,5,5,1,1,1.0,0.0002001979992201,0,67,2,1.492537313432836,"{""1"":34,""2"":33}",0,0.0,0,88,12,0,0,0,0,0,0,0.0,0.0,0,0,0,0,0.0,0.0,0.1,321.4417991995871,433.4654355252101,483.91963357602606,0.245865755619269,0.1863398345753504,0.3053916766631875,0.4916783921720344,0.1233380685738805,0.3544859830978396,0.0661138817397409,0.1740530827520779,0.0017945197267852,0.0039387021069608,8,1,1,1,1,0.0,321.4417991995871,0.88,12,0.0161596750040189,5.027247559047291e-05,0.0,4.43503561300947,0.224,4.21103561300947,84.22967310254647,354.0084423638648,321.4417991995871,100,100,1.0,289.56445330053225,0.5260859408300806,deployment_scaling,small,5,3,2,5,5,1.0,15.0,0.7,0.7,0.2,0.1,0.7,0.3,0.023361619998468
inspiral,100,3.0,reference,5,HDS,NonSharable,HDS-NonSharable,206.4451882168001,412.8903764336002,1,3.0,downstream_reserved,1,idle_only,1,1,1,0.0,619.3355646504002,619.3355646504002,3.0,5,5,1,1,1.0,0.0001167240006907,0,70,2,1.4714285714285715,"{""1"":37,""2"":33}",2,0.02,9,89,11,2,2,3,3,23,106,0.0033782610007619,0.0,0,0,0,2,2.8421709430404014e-14,2.8421709430404014e-14,0.11,264.29713703396953,278.9587555942535,379.11820120803947,0.222403733098607,0.1418467260060025,0.3029607401912114,0.4801045423585793,0.1266202371811504,0.1800917464067762,0.0866976325251118,0.1404586195606481,0.0024968083396303,0.0034881201129781,6,1,1,1,1,0.0,264.29713703396953,0.89,11,0.0115080040159227,4.354191704484366e-05,0.0065838940026878,3.4011202104107983,0.243,3.1581202104107984,3.615898806297912,316.8689979566624,264.29713703396953,100,100,1.0,355.0384276164307,0.4267430325645174,deployment_scaling,small,5,3,2,5,5,1.0,15.0,0.7,0.7,0.2,0.1,0.7,0.3,0.0185224330016353
inspiral,100,3.0,reference,5,HDS,Sharable,HDS-Sharable,206.4451882168001,412.8903764336002,1,3.0,downstream_reserved,1,idle_only,1,1,1,0.0,619.3355646504002,619.3355646504002,3.0,5,5,1,1,1.0,0.0001173150012618,0,68,2,1.4852941176470589,"{""1"":35,""2"":33}",4,0.04,9,87,13,2,2,3,3,26,109,0.0042485070007387,0.0,0,0,0,4,2.557953848736361e-13,2.557953848736361e-13,0.115,264.24442369008534,278.9587555942535,379.11820120803947,0.222403733098607,0.1418467260060025,0.3029607401912114,0.4801045423585794,0.1266454962803284,0.1801276723802612,0.0867149275811566,0.1404866392380778,0.0024973064205918,0.0034888159478134,6,1,1,1,1,0.0,264.24442369008534,0.87,11,0.0126998040359467,4.806082133578524e-05,0.0076137079995532,3.4011202104107983,0.243,3.1581202104107984,8.876288416386705,316.86899795666244,264.24442369008534,100,100,1.0,355.0911409603149,0.4266579198293656,deployment_scaling,small,5,3,2,5,5,1.0,15.0,0.7,0.7,0.2,0.1,0.7,0.3,0.0196987650015216
inspiral,100,3.0,reference,5,PBQS,NonSharable,PBQS-NonSharable,206.4451882168001,412.8903764336002,1,3.0,downstream_reserved,1,queue_aware,1,1,1,0.0,619.3355646504002,619.3355646504002,3.0,5,5,1,1,1.0,0.0002036539990513,0,68,2,1.4852941176470589,"{""1"":35,""2"":33}",0,0.0,0,84,16,0,0,0,0,0,0,0.0,0.0,0,0,0,0,0.0,0.0,0.13,280.656377811765,324.7870027811694,412.6192372462722,0.1817186581657108,0.1217153247175627,0.241721991613859,0.3644379375700628,0.0951409013639992,0.1372055430197876,0.0620072266472118,0.0849994069206456,0.0013449578445791,0.006518189065563,18,1,1,1,1,0.0,280.656377811765,0.84,16,0.0150026360024639,5.345553206179475e-05,0.0,5.057283128814476,0.249,4.808283128814477,4.681930639049192,349.8604200672603,280.656377811765,100,100,1.0,338.6791868386352,0.4531572120683699,deployment_scaling,small,5,3,2,5,5,1.0,15.0,0.7,0.7,0.2,0.1,0.7,0.3,0.0221350729989353
inspiral,100,3.0,reference,5,PBQS,Sharable,PBQS-Sharable,206.4451882168001,412.8903764336002,1,3.0,downstream_reserved,1,queue_aware,1,1,1,0.0,619.3355646504002,619.3355646504002,3.0,5,5,1,1,1.0,0.0002090009984385,0,67,2,1.492537313432836,"{""1"":34,""2"":33}",0,0.0,0,88,12,0,0,0,0,0,0,0.0,0.0,0,0,0,0,0.0,0.0,0.09,313.69021820935166,275.08330902627,313.21184973647337,0.2422915442209478,0.162287099623417,0.3222959888184787,0.485917250093417,0.1064023485932625,0.1516180861261604,0.0693467735792822,0.1110095211763711,0.0012753105893208,0.0038388024792748,12,1,1,1,1,0.0,313.69021820935166,0.88,12,0.0151765250011521,4.83806128472378e-05,0.0,3.968358898385151,0.157,3.811358898385151,60.03927837459909,349.86042006726024,313.69021820935166,100,100,1.0,305.64534644104856,0.5064947600521248,deployment_scaling,small,5,3,2,5,5,1.0,15.0,0.7,0.7,0.2,0.1,0.7,0.3,0.0228766370019002
montage,100,3.0,reference,1,HDS,NonSharable,HDS-NonSharable,131.89029769230743,263.7805953846149,1,3.0,downstream_reserved,1,idle_only,1,1,1,0.0,395.6708930769223,395.6708930769223,3.0,5,5,1,1,1.0,0.0001225730011356,0,50,4,2.26,"{""1"":27,""2"":3,""4"":20}",7,0.07,6,87,13,6,3,0,4,36,157,0.0050744369982567,0.0,0,0,0,7,0.0,0.0,0.095,187.0951217966864,592.8167138184314,827.9567816486422,0.2102109695199469,0.1637159572000575,0.2567059818398364,0.4297256855931873,0.1513560952975791,0.2828127154674101,0.0806049370615852,0.1474868666141484,0.0035875727298081,0.0086722534315463,13,1,1,1,1,0.0,187.0951217966864,0.87,13,0.0233621170154947,0.0001248675902992,0.0154935529972135,7.215205096251354,0.3705,6.844705096251354,3.935967414574632,335.1860347626861,187.0951217966864,100,100,1.0,208.57577128023595,0.4728554085486223,deployment_scaling,small,5,3,2,5,5,1.0,15.0,0.7,0.7,0.2,0.1,0.7,0.3,0.0313273520005168
montage,100,3.0,reference,1,HDS,Sharable,HDS-Sharable,131.89029769230743,263.7805953846149,1,3.0,downstream_reserved,1,idle_only,1,1,1,0.0,395.6708930769223,395.6708930769223,3.0,5,5,1,1,1.0,0.0001924359967233,0,51,4,2.235294117647059,"{""1"":28,""2"":3,""4"":20}",10,0.1,5,85,15,8,3,2,4,48,177,0.0115898090007249,0.0,0,0,0,10,8.526512829121202e-14,7.105427357601003e-14,0.085,188.36252661906124,595.8087972606664,863.6940060678673,0.2309294733214387,0.1792979350105522,0.2825610116323253,0.494302300988362,0.1443615050363687,0.2163884731634779,0.0759444459205222,0.117849792175872,0.0031894961968636,0.0082370894486249,15,1,1,1,1,0.0,188.36252661906124,0.85,11,0.0385183390171732,0.0002044904562948,0.0308162010005617,7.261141763789235,0.3925,6.868641763789235,10.343445049783483,326.23951865231885,188.36252661906124,100,100,1.0,207.30836645786107,0.4760585878689887,deployment_scaling,small,5,3,2,5,5,1.0,15.0,0.7,0.7,0.2,0.1,0.7,0.3,0.0474779829964973
montage,100,3.0,reference,1,PBQS,NonSharable,PBQS-NonSharable,131.89029769230743,263.7805953846149,1,3.0,downstream_reserved,1,queue_aware,1,1,1,0.0,395.6708930769223,395.6708930769223,3.0,5,5,1,1,1.0,0.0001897520014608,0,46,4,2.3260869565217392,"{""1"":25,""2"":1,""4"":20}",0,0.0,0,86,14,0,0,0,0,0,0,0.0,0.0,0,0,0,0,0.0,0.0,0.1,188.09756785430764,616.2424735018642,817.8933795272147,0.2068177038366768,0.1636582706111354,0.2499771370622183,0.4169350984101529,0.1661058539904188,0.4351130633167087,0.086992862851072,0.1957451571323444,0.0028726176926892,0.0073772463657622,16,1,1,1,1,0.0,188.09756785430764,0.86,14,0.0152922920024138,8.129978594012786e-05,0.0,7.400611173718818,0.3685,7.0321111737188176,15.6925569410438,350.22548266452844,188.09756785430764,100,100,1.0,207.57332522261467,0.4753889435524883,deployment_scaling,small,5,3,2,5,5,1.0,15.0,0.7,0.7,0.2,0.1,0.7,0.3,0.0227475850006158
montage,100,3.0,reference,1,PBQS,Sharable,PBQS-Sharable,131.89029769230743,263.7805953846149,1,3.0,downstream_reserved,1,queue_aware,1,1,1,0.0,395.6708930769223,395.6708930769223,3.0,5,5,1,1,1.0,0.00024995199783,0,40,4,2.5,"{""1"":20,""4"":20}",0,0.0,0,88,12,0,0,0,0,0,0,0.0,0.0,0,0,0,0,0.0,0.0,0.11,259.83614191288444,495.7228720416067,560.6654886919891,0.2440589677421106,0.1927298857275773,0.2953880497566438,0.4894359081734495,0.1204700567216906,0.2382511420600338,0.0638660730539511,0.1216306468950734,0.002112708175347,0.0044141805577466,12,1,1,1,1,0.0,259.83614191288444,0.88,12,0.0166373350111825,6.40301033131896e-05,0.0,6.320454362036757,0.2525,6.067954362036756,235.85875630138847,352.3938538848837,259.83614191288444,100,100,1.0,135.83475116403787,0.6566976405372577,deployment_scaling,small,5,3,2,5,5,1.0,15.0,0.7,0.7,0.2,0.1,0.7,0.3,0.0238127510019694
montage,100,3.0,reference,2,HDS,NonSharable,HDS-NonSharable,138.89103635537984,277.78207271075973,1,3.0,downstream_reserved,1,idle_only,1,1,1,0.0,416.6731090661396,416.6731090661396,3.0,5,5,1,1,1.0,0.000120208998851,0,49,4,2.26530612244898,"{""1"":27,""2"":2,""4"":20}",12,0.12,2,86,14,8,3,1,4,36,157,0.0055685719999019,0.0,0,0,0,12,8.881784197001252e-16,8.881784197001252e-16,0.1,186.30629696982572,578.928050875111,844.1544706010345,0.2116055878398443,0.1554646216278472,0.2677465540518414,0.4032929104868329,0.1481587447957127,0.2579917520390752,0.0812809157893003,0.1304140342282806,0.0034194075774247,0.0088822374555676,15,1,1,1,1,0.0,186.30629696982572,0.86,14,0.0347987859822751,0.0001867826613928,0.0263803850066324,7.804546095901258,0.3705,7.434046095901258,4.010491359017708,338.7660448089396,186.30629696982572,100,100,1.0,230.3668120963138,0.44712819933924,deployment_scaling,small,5,3,2,5,5,1.0,15.0,0.7,0.7,0.2,0.1,0.7,0.3,0.0428413379995618
montage,100,3.0,reference,2,HDS,Sharable,HDS-Sharable,138.89103635537984,277.78207271075973,1,3.0,downstream_reserved,1,idle_only,1,1,1,0.0,416.6731090661396,416.6731090661396,3.0,5,5,1,1,1.0,0.0001145300011557,0,51,4,2.215686274509804,"{""1"":29,""2"":2,""4"":20}",8,0.08,7,85,15,6,3,1,4,48,177,0.0101191889989422,0.0,0,0,0,8,2.282618538629322e-13,2.273736754432321e-13,0.095,189.92181347819667,585.9595183377581,889.829362957249,0.2308356296267685,0.1681762934262638,0.2934949658272732,0.4618371279057862,0.1375553545547327,0.2708306318384695,0.0757517968158005,0.1265570889229919,0.0040183566598607,0.0081155112107244,13,1,1,1,1,0.0,189.92181347819667,0.85,12,0.0294210579959326,0.0001549114209532,0.0216784829935932,7.886797835602435,0.3965,7.490297835602435,13.573049690882918,332.5227320921661,189.92181347819667,100,100,1.0,226.75129558794288,0.4558053047960191,deployment_scaling,small,5,3,2,5,5,1.0,15.0,0.7,0.7,0.2,0.1,0.7,0.3,0.0374522019992582
montage,100,3.0,reference,2,PBQS,NonSharable,PBQS-NonSharable,138.89103635537984,277.78207271075973,1,3.0,downstream_reserved,1,queue_aware,1,1,1,0.0,416.6731090661396,416.6731090661396,3.0,5,5,1,1,1.0,0.0001960520021384,0,47,4,2.3191489361702127,"{""1"":25,""2"":2,""4"":20}",0,0.0,0,85,15,0,0,0,0,0,0,0.0,0.0,0,0,0,0,0.0,0.0,0.105,190.3333305017858,557.5181511254638,751.0576256546391,0.2067995874515591,0.1528946939224207,0.2607044809806976,0.3905545096868063,0.1546226167831416,0.3221755378989124,0.0861735992174216,0.1559518638728748,0.0030861936340518,0.0090378001334739,15,1,1,1,1,0.0,190.3333305017858,0.85,15,0.0150955889876058,7.931132685908758e-05,0.0,7.60526689790408,0.3425,7.26276689790408,11.488384996992284,351.4990587181257,190.3333305017858,100,100,1.0,226.3397785643537,0.4567929303822046,deployment_scaling,small,5,3,2,5,5,1.0,15.0,0.7,0.7,0.2,0.1,0.7,0.3,0.0227673640001739
montage,100,3.0,reference,2,PBQS,Sharable,PBQS-Sharable,138.89103635537984,277.78207271075973,1,3.0,downstream_reserved,1,queue_aware,1,1,1,0.0,416.6731090661396,416.6731090661396,3.0,5,5,1,1,1.0,0.0002064670006802,0,41,4,2.463414634146341,"{""1"":21,""4"":20}",0,0.0,0,89,11,0,0,0,0,0,0,0.0,0.0,0,0,0,0,0.0,0.0,0.08,271.4968410743898,424.93208217914525,478.6934975961542,0.2718886974247423,0.2011719807255848,0.3426054141238998,0.5335512364508371,0.1361580011967206,0.2201010709338266,0.0758483947352604,0.1272644966370983,0.0022207422857612,0.0063359654315176,11,1,1,1,1,0.0,271.4968410743898,0.89,11,0.0170538469828898,6.281416356596604e-05,0.0,6.422578346333531,0.2205,6.202078346333531,257.47154780484715,352.14381605755244,271.4968410743898,100,100,1.0,145.17626799174974,0.6515823439695372,deployment_scaling,small,5,3,2,5,5,1.0,15.0,0.7,0.7,0.2,0.1,0.7,0.3,0.0242417299996304
montage,100,3.0,reference,3,HDS,NonSharable,HDS-NonSharable,127.72499214193664,255.4499842838733,1,3.0,downstream_reserved,1,idle_only,1,1,1,0.0,383.17497642581,383.17497642581,3.0,5,5,1,1,1.0,0.000120208998851,0,54,4,2.1666666666666665,"{""1"":31,""2"":3,""4"":20}",8,0.08,4,88,12,7,3,1,4,36,157,0.0054609919970971,0.0,0,0,0,8,0.0,0.0,0.09,178.72833449443365,555.9288757898579,857.6493471811435,0.2275142666186961,0.1648129172993397,0.2902156159380525,0.4443066822251194,0.144845845167747,0.344636397033331,0.0822302562384288,0.1763431295935654,0.0051139057091153,0.011349256192299,10,1,1,1,1,0.0,178.72833449443365,0.88,12,0.0285888349935703,0.0001599569261048,0.0207993029980571,7.114734730387306,0.3885,6.726234730387306,3.508135509901112,319.90081120208595,178.72833449443365,100,100,1.0,204.44664193137632,0.4664405180149829,deployment_scaling,small,5,3,2,5,5,1.0,15.0,0.7,0.7,0.2,0.1,0.7,0.3,0.0367435469997872
montage,100,3.0,reference,3,HDS,Sharable,HDS-Sharable,127.72499214193664,255.4499842838733,1,3.0,downstream_reserved,1,idle_only,1,1,1,0.0,383.17497642581,383.17497642581,3.0,5,5,1,1,1.0,0.0001280200012843,0,51,4,2.235294117647059,"{""1"":28,""2"":3,""4"":20}",8,0.08,7,85,15,7,3,1,4,48,177,0.0057746989987208,0.0,0,0,0,8,7.602807272633072e-13,2.62456723021387e-13,0.095,176.69295882739362,556.0504775484754,879.9994815284255,0.2386965093010264,0.1731161569924165,0.3042768616096363,0.4765359489457211,0.1441043019990215,0.219890845079314,0.0801364424566863,0.1212800588867269,0.0047945521059084,0.0114799914521877,11,1,1,1,1,0.0,176.69295882739362,0.85,11,0.0267384880062309,0.000151327411028,0.0193944630009355,7.127707544456246,0.4005,6.727207544456246,10.862560708627027,314.513726304176,176.69295882739362,100,100,1.0,206.48201759841635,0.4611286480018999,deployment_scaling,small,5,3,2,5,5,1.0,15.0,0.7,0.7,0.2,0.1,0.7,0.3,0.034807254000043
montage,100,3.0,reference,3,PBQS,NonSharable,PBQS-NonSharable,127.72499214193664,255.4499842838733,1,3.0,downstream_reserved,1,queue_aware,1,1,1,0.0,383.17497642581,383.17497642581,3.0,5,5,1,1,1.0,0.000187960002222,0,51,4,2.235294117647059,"{""1"":28,""2"":3,""4"":20}",0,0.0,0,87,13,0,0,0,0,0,0,0.0,0.0,0,0,0,0,0.0,0.0,0.11,180.08592268068844,495.2762378764981,698.5744861538155,0.2194741932889378,0.1590406487250336,0.279907737852842,0.4210334797509797,0.1492652669576377,0.2617232970677516,0.0871124116664631,0.1377900985534237,0.0033605324426798,0.0112636991654082,13,1,1,1,1,0.0,180.08592268068844,0.87,13,0.0151486060094612,8.411876832994499e-05,0.0,6.585513627080427,0.3445,6.241013627080427,16.627038778299884,328.4061142057642,180.08592268068844,100,100,1.0,203.08905374512156,0.4699835160440246,deployment_scaling,small,5,3,2,5,5,1.0,15.0,0.7,0.7,0.2,0.1,0.7,0.3,0.0226187730004312
montage,100,3.0,reference,3,PBQS,Sharable,PBQS-Sharable,127.72499214193664,255.4499842838733,1,3.0,downstream_reserved,1,queue_aware,1,1,1,0.0,383.17497642581,383.17497642581,3.0,5,5,1,1,1.0,0.0002021110012719,0,42,4,2.452380952380953,"{""1"":21,""2"":1,""4"":20}",0,0.0,0,90,10,0,0,0,0,0,0,0.0,0.0,0,0,0,0,0.0,0.0,0.085,258.90691908374805,403.768996020009,498.8525850356928,0.2805764785950246,0.2030873057231539,0.3580656514668953,0.553529621546163,0.1319115191196263,0.2703465203308051,0.0784136316912961,0.1670253981221731,0.0030269683534055,0.0078346058273711,8,1,1,1,1,0.0,258.90691908374805,0.9,10,0.0160765889959293,6.209408791709071e-05,0.0,5.741455692228516,0.2325,5.508955692228516,296.29964558764743,332.11777292769784,258.90691908374805,100,100,1.0,124.26805734206192,0.6756884844067509,deployment_scaling,small,5,3,2,5,5,1.0,15.0,0.7,0.7,0.2,0.1,0.7,0.3,0.0230405119982606
montage,100,3.0,reference,4,HDS,NonSharable,HDS-NonSharable,136.54767166973625,273.0953433394725,1,3.0,downstream_reserved,1,idle_only,1,1,1,0.0,409.6430150092088,409.6430150092088,3.0,5,5,1,1,1.0,0.0001172749980469,0,56,4,2.125,"{""1"":33,""2"":3,""4"":20}",8,0.08,5,87,13,7,3,1,4,36,157,0.0044641679996857,0.0,0,0,0,8,8.881784197001252e-16,8.881784197001252e-16,0.11,198.71680378539267,522.260551416921,753.3849465705528,0.2057140670244404,0.1541189955918802,0.2573091384570006,0.4163204923708956,0.1349938205396368,0.170725462594451,0.0670164979092696,0.092111618742636,0.0030189147635186,0.0082641218215982,12,1,1,1,1,0.0,198.71680378539267,0.87,13,0.0265623340346792,0.0001336692898068,0.0187002280035812,5.704413951254545,0.3545,5.349913951254545,4.468254529682307,324.7299840492986,198.71680378539267,100,100,1.0,210.92621122381607,0.4850975032026984,deployment_scaling,small,5,3,2,5,5,1.0,15.0,0.7,0.7,0.2,0.1,0.7,0.3,0.0345105519991193
montage,100,3.0,reference,4,HDS,Sharable,HDS-Sharable,136.54767166973625,273.0953433394725,1,3.0,downstream_reserved,1,idle_only,1,1,1,0.0,409.6430150092088,409.6430150092088,3.0,5,5,1,1,1.0,0.000160258001415,0,52,4,2.1923076923076925,"{""1"":30,""2"":2,""4"":20}",13,0.13,7,80,20,9,3,1,4,48,177,0.0074335700010124,0.0,0,0,0,13,3.228528555609955e-13,3.1263880373444413e-13,0.12,202.73008215146783,569.2286821575948,861.6892897827682,0.1860358803922924,0.1388832556902017,0.233188505094383,0.3848547599018355,0.1299287757846342,0.2206942429977925,0.0648592933357999,0.1065074316665363,0.003978365604447,0.0092188233843028,10,1,1,1,1,0.0,202.73008215146783,0.8,14,0.0434991160036588,0.0002145666570152,0.0350704750053409,6.112158997179935,0.3865,5.725658997179935,22.17876229744465,323.2779983175418,202.73008215146783,100,100,1.0,206.9129328577409,0.494894517234501,deployment_scaling,small,5,3,2,5,5,1.0,15.0,0.7,0.7,0.2,0.1,0.7,0.3,0.0515684140009398
montage,100,3.0,reference,4,PBQS,NonSharable,PBQS-NonSharable,136.54767166973625,273.0953433394725,1,3.0,downstream_reserved,1,queue_aware,1,1,1,0.0,409.6430150092088,409.6430150092088,3.0,5,5,1,1,1.0,0.0001930580001499,0,49,4,2.26530612244898,"{""1"":27,""2"":2,""4"":20}",0,0.0,0,85,15,0,0,0,0,0,0,0.0,0.0,0,0,0,0,0.0,0.0,0.13,201.818365555037,579.3478816625673,804.8778824673809,0.1922086720216809,0.1451024256611493,0.2393149183822125,0.3752799303118941,0.142718739287872,0.2990695155816394,0.0721645490274757,0.1467195474879746,0.0026936712476683,0.007529119016127,14,1,1,1,1,0.0,201.818365555037,0.85,15,0.0150281140013248,7.446356014228356e-05,0.0,6.173112593219715,0.3665,5.806612593219715,21.247301757370817,337.75193728070474,201.818365555037,100,100,1.0,207.82464945417172,0.4926688803677029,deployment_scaling,small,5,3,2,5,5,1.0,15.0,0.7,0.7,0.2,0.1,0.7,0.3,0.0226012270031787
montage,100,3.0,reference,4,PBQS,Sharable,PBQS-Sharable,136.54767166973625,273.0953433394725,1,3.0,downstream_reserved,1,queue_aware,1,1,1,0.0,409.6430150092088,409.6430150092088,3.0,5,5,1,1,1.0,0.0001992170000448,0,41,4,2.463414634146341,"{""1"":21,""4"":20}",0,0.0,0,90,10,0,0,0,0,0,0,0.0,0.0,0,0,0,0,0.0,0.0,0.085,256.9686159784088,399.7396948075547,434.5681749299778,0.2849292730847067,0.2159777957010687,0.3538807504683447,0.5677035397711805,0.1442623005814796,0.3527821398877958,0.0730566032890403,0.157787216639496,0.0022611588781281,0.0053777912606709,8,1,1,1,1,0.0,256.9686159784088,0.9,10,0.0160565429941925,6.24844513913002e-05,0.0,4.546247098379615,0.1765,4.369747098379615,242.35393385333788,340.6221238627083,256.9686159784088,100,100,1.0,152.67439903079998,0.6272989079836553,deployment_scaling,small,5,3,2,5,5,1.0,15.0,0.7,0.7,0.2,0.1,0.7,0.3,0.0228996320001897
montage,100,3.0,reference,5,HDS,NonSharable,HDS-NonSharable,137.76925051894,275.53850103788,1,3.0,downstream_reserved,1,idle_only,1,1,1,0.0,413.30775155682,413.30775155682,3.0,5,5,1,1,1.0,0.0001158030026999,0,57,4,2.1403508771929824,"{""1"":32,""2"":5,""4"":20}",4,0.04,9,87,13,7,3,1,4,36,157,0.0044429160006984,0.0,0,0,0,4,4.440892098500626e-16,4.440892098500626e-16,0.115,196.5720140236969,457.1473804542557,699.0807618743277,0.2109240941146955,0.1398424800636571,0.2820057081657339,0.433172516584656,0.1244539993396348,0.1838417596761808,0.0799197206942054,0.1121673653871316,0.0026360622153223,0.0077774670491419,14,1,1,1,1,0.0,196.5720140236969,0.87,13,0.0235919429869682,0.000120016794375,0.015843933004362,5.503227232353028,0.3735,5.129727232353028,3.855129143026009,337.87456293603174,196.5720140236969,100,100,1.0,216.73573753312303,0.4756068892568857,deployment_scaling,small,5,3,2,5,5,1.0,15.0,0.7,0.7,0.2,0.1,0.7,0.3,0.0319968690018868
montage,100,3.0,reference,5,HDS,Sharable,HDS-Sharable,137.76925051894,275.53850103788,1,3.0,downstream_reserved,1,idle_only,1,1,1,0.0,413.30775155682,413.30775155682,3.0,5,5,1,1,1.0,0.0001230730013048,0,54,4,2.203703703703704,"{""1"":29,""2"":5,""4"":20}",10,0.1,8,82,18,9,3,1,4,48,177,0.0085233520003384,0.0,0,0,0,10,2.3092638912203256e-13,2.273736754432321e-13,0.11,200.047594010016,455.85147996658094,727.6553100527535,0.2156931220813318,0.1411254962786086,0.2902607478840551,0.4535335298162236,0.1398779645329217,0.1791167206457437,0.0899523499418805,0.127670357361036,0.0031172003696864,0.0082000931503774,12,1,1,1,1,0.0,200.047594010016,0.82,12,0.0369547810005315,0.0001847299448084,0.0292338619983638,5.526860028451631,0.4075,5.119360028451631,21.11057811949116,326.54414146768096,200.047594010016,100,100,1.0,213.26015754680404,0.4840160709700944,deployment_scaling,small,5,3,2,5,5,1.0,15.0,0.7,0.7,0.2,0.1,0.7,0.3,0.0451143330028571
montage,100,3.0,reference,5,PBQS,NonSharable,PBQS-NonSharable,137.76925051894,275.53850103788,1,3.0,downstream_reserved,1,queue_aware,1,1,1,0.0,413.30775155682,413.30775155682,3.0,5,5,1,1,1.0,0.0002524759984225,0,49,4,2.326530612244898,"{""1"":24,""2"":5,""4"":20}",0,0.0,0,85,15,0,0,0,0,0,0,0.0,0.0,0,0,0,0,0.0,0.0,0.115,201.93741306760813,434.30568433359446,630.9237083057056,0.1967891443196666,0.1300183548769549,0.2635599337623784,0.3884639790214726,0.1268123059657099,0.1915916830724796,0.0860223282921861,0.1227594316799183,0.0024352496028593,0.0050043243453768,15,1,1,1,1,0.0,201.93741306760813,0.85,15,0.0152598860040598,7.556740364377569e-05,0.0,5.635149503673589,0.3545,5.280649503673589,11.813614398594726,349.6175811193254,201.93741306760813,100,100,1.0,211.37033848921183,0.4885884968451808,deployment_scaling,small,5,3,2,5,5,1.0,15.0,0.7,0.7,0.2,0.1,0.7,0.3,0.0230770550006127
montage,100,3.0,reference,5,PBQS,Sharable,PBQS-Sharable,137.76925051894,275.53850103788,1,3.0,downstream_reserved,1,queue_aware,1,1,1,0.0,413.30775155682,413.30775155682,3.0,5,5,1,1,1.0,0.0002744090015767,0,40,4,2.5,"{""1"":20,""4"":20}",0,0.0,0,89,11,0,0,0,0,0,0,0.0,0.0,0,0,0,0,0.0,0.0,0.085,290.8094583790448,318.9855445795377,400.28342879759214,0.2705850734395417,0.178775237955813,0.3623949089232703,0.5297236077565537,0.110072713739229,0.1520783153407643,0.074667131436346,0.1238898127427587,0.0018474886518774,0.0047637019369533,11,1,1,1,1,0.0,290.8094583790448,0.89,11,0.0165324680128833,5.684982911159201e-05,0.0,4.756858924534978,0.2095,4.5473589245349775,265.09997108881726,349.61758111932545,290.8094583790448,100,100,1.0,122.49829317777515,0.7036148179743622,deployment_scaling,small,5,3,2,5,5,1.0,15.0,0.7,0.7,0.2,0.1,0.7,0.3,0.023712782000075
cybershake,200,3.0,reference,1,HDS,NonSharable,HDS-NonSharable,299.6406722567138,599.2813445134277,1,3.0,downstream_reserved,1,idle_only,1,1,1,0.0,898.9220167701415,898.9220167701415,3.0,8,8,1,1,1.0,0.0002162520031561,0,95,4,2.168421052631579,"{""1"":50,""2"":1,""3"":22,""4"":22}",17,0.0854271356783919,8,174,25,8,4,4,7,54,260,0.0066647849998844,0.0,0,0,0,17,2.8421709430404014e-14,2.8421709430404014e-14,0.215,379.8893304111254,1041.0727072797629,1648.5427434599742,0.1804455978326257,0.1263486351832156,0.2345425604820358,0.4125867197735225,0.11167148184315,0.1821847947538017,0.0635652155243801,0.1156672890427005,0.0033369019237542,0.0089226788464543,11,1,1,1,1,0.0,379.8893304111254,0.8743718592964824,25,0.0678580529711325,0.0001786258458422,0.0417130880014156,9.859427522647051,0.775,9.08442752264705,9.475623094552676,618.8800796602837,379.8893304111254,199,199,1.0,519.032686359016,0.4226054355372017,deployment_scaling,small_plus,8,5,3,8,8,1.0,15.0,0.7,0.7,0.2,0.1,0.7,0.3,0.0910769090005487
cybershake,200,3.0,reference,1,HDS,Sharable,HDS-Sharable,299.6406722567138,599.2813445134277,1,3.0,downstream_reserved,1,idle_only,1,1,1,0.0,898.9220167701415,898.9220167701415,3.0,8,8,1,1,1.0,0.0002285199989273,0,90,4,2.2222222222222223,"{""1"":46,""3"":22,""4"":22}",15,0.0753768844221105,17,167,32,6,3,5,7,75,295,0.023568737997266,0.0,0,0,0,15,3.979039320256561e-13,3.694822225952521e-13,0.245,387.71322448747287,1050.869907072358,1738.249017010019,0.1847570549465854,0.1302331541089916,0.2392809557841792,0.4274772732650446,0.1111265301691901,0.2363958880775329,0.061320277732615,0.1233172136151963,0.0029089378982009,0.009616242796113,13,1,1,1,1,0.0,387.71322448747287,0.8391959798994975,24,0.0811436229923856,0.0002092877360571,0.0546600589987065,9.946805120987811,0.784,9.162805120987812,35.185779706241604,615.5672735016643,387.71322448747287,199,199,1.0,511.2087922826686,0.4313090760425917,deployment_scaling,small_plus,8,5,3,8,8,1.0,15.0,0.7,0.7,0.2,0.1,0.7,0.3,0.1036264180002035
cybershake,200,3.0,reference,1,PBQS,NonSharable,PBQS-NonSharable,299.6406722567138,599.2813445134277,1,3.0,downstream_reserved,1,queue_aware,1,1,1,0.0,898.9220167701415,898.9220167701415,3.0,8,8,1,1,1.0,0.0003760200015676,0,89,4,2.235955056179775,"{""1"":45,""3"":22,""4"":22}",0,0.0,0,168,31,0,0,0,0,0,0,0.0,0.0,0,0,0,0,0.0,0.0,0.245,407.387067462376,1098.7744772217152,1490.8872784399198,0.1798819150481726,0.1300034998246227,0.2297603302717225,0.3791488637990602,0.1164985121619775,0.2325491510013043,0.0696532247460404,0.1439602605560444,0.0015069381814122,0.005243714724708,22,1,1,1,1,0.0,407.387067462376,0.8442211055276382,31,0.072508987992478,0.0001779854928732,0.0,10.65354802851738,0.6960000000000001,9.95754802851738,9.868321741011396,705.216886666252,407.387067462376,199,199,1.0,491.53494930776543,0.453195115774483,deployment_scaling,small_plus,8,5,3,8,8,1.0,15.0,0.7,0.7,0.2,0.1,0.7,0.3,0.0944610089973139
cybershake,200,3.0,reference,1,PBQS,Sharable,PBQS-Sharable,299.6406722567138,599.2813445134277,1,3.0,downstream_reserved,1,queue_aware,1,1,1,0.0,898.9220167701415,898.9220167701415,3.0,8,8,1,1,1.0,0.0003900810006598,0,89,4,2.235955056179775,"{""1"":45,""3"":22,""4"":22}",0,0.0,0,179,20,0,0,0,0,0,0,0.0,0.0,0,0,0,0,0.0,0.0,0.165,546.6522131957439,802.2860004058111,897.910324808112,0.2878110640770762,0.2080055997193963,0.3676165284347561,0.5876807388885434,0.1302290178867444,0.1930427155380845,0.0778625484822462,0.1183884170951018,0.0014527131341878,0.0023446273893799,11,1,1,1,1,0.0,546.6522131957439,0.8994974874371859,20,0.0748113800073042,0.000136853703692,0.0,7.935278310901307,0.363,7.572278310901307,371.15747691852073,705.2168866662521,546.6522131957439,199,199,1.0,352.26980357439754,0.608119728961456,deployment_scaling,small_plus,8,5,3,8,8,1.0,15.0,0.7,0.7,0.2,0.1,0.7,0.3,0.0941970549974939
cybershake,200,3.0,reference,2,HDS,NonSharable,HDS-NonSharable,293.285853908108,586.5717078162158,1,3.0,downstream_reserved,1,idle_only,1,1,1,0.0,879.8575617243239,879.8575617243239,3.0,8,8,1,1,1.0,0.0002192669999203,0,95,4,2.1578947368421053,"{""1"":51,""3"":22,""4"":22}",17,0.0854271356783919,7,175,24,8,3,4,7,54,260,0.0069614670028386,4.231211912539943e-12,0,0,0,17,4.440892098500626e-15,3.552713678800501e-15,0.225,348.6046742139424,1079.718041728402,1698.368182578727,0.193927213042798,0.1387041080569227,0.2491503180286734,0.4093618024779814,0.089438780340803,0.1355970506337437,0.0458542455911402,0.0679409059757826,0.0017343089037943,0.0077123480001998,24,1,1,1,1,0.0,348.6046742139424,0.8793969849246231,24,0.0678386180115921,0.0001946004257245,0.0412071940045279,10.373682228292123,0.8210000000000001,9.552682228292126,8.5371390455735,589.4809955682932,348.6046742139424,199,199,1.0,531.2528875103815,0.3962058057792392,deployment_scaling,small_plus,8,5,3,8,8,1.0,15.0,0.7,0.7,0.2,0.1,0.7,0.3,0.0911715799993544
cybershake,200,3.0,reference,2,HDS,Sharable,HDS-Sharable,293.285853908108,586.5717078162158,1,3.0,downstream_reserved,1,idle_only,1,1,1,0.0,879.8575617243239,879.8575617243239,3.0,8,8,1,1,1.0,0.0002208489968325,0,92,4,2.1956521739130435,"{""1"":48,""3"":22,""4"":22}",17,0.0854271356783919,15,167,32,8,3,4,7,75,295,0.0186208600025565,0.0,0,0,0,17,1.5187850976872141e-13,5.684341886080803e-14,0.22,373.9358126672103,1085.489732060615,1648.6059646208298,0.2044415115469051,0.1458921178382469,0.2629909052555633,0.424347329166942,0.1029579475771736,0.1651156081917879,0.0566733811715668,0.0848875881461688,0.0020281129283348,0.007373243914631,19,1,1,1,1,0.0,373.9358126672103,0.8391959798994975,24,0.0721868180116871,0.0001930460136909,0.0485344780063314,10.502494870417244,0.755,9.747494870417244,34.33531797652874,611.0601540003966,373.9358126672103,199,199,1.0,505.9217490571136,0.4249958503901243,deployment_scaling,small_plus,8,5,3,8,8,1.0,15.0,0.7,0.7,0.2,0.1,0.7,0.3,0.0947786819997418
cybershake,200,3.0,reference,2,PBQS,NonSharable,PBQS-NonSharable,293.285853908108,586.5717078162158,1,3.0,downstream_reserved,1,queue_aware,1,1,1,0.0,879.8575617243239,879.8575617243239,3.0,8,8,1,1,1.0,0.0003671769991342,0,91,4,2.208791208791209,"{""1"":47,""3"":22,""4"":22}",0,0.0,0,166,33,0,0,0,0,0,0,0.0,0.0,0,0,0,0,0.0,0.0,0.255,392.5454275767356,1206.2140949675454,1609.952668124086,0.1771778346710374,0.1287782250433629,0.2255774442987119,0.3447609431882047,0.0913361236260434,0.1726873360195234,0.0538082111479215,0.1133283583326579,0.0012400530178731,0.0062702441098712,29,1,1,1,1,0.0,392.5454275767356,0.8341708542713567,33,0.0725806050177197,0.0001848973390564,0.0,11.376522988023984,0.655,10.721522988023985,11.532761793282535,682.6266675126454,392.5454275767356,199,199,1.0,487.3121341475883,0.4461465635499391,deployment_scaling,small_plus,8,5,3,8,8,1.0,15.0,0.7,0.7,0.2,0.1,0.7,0.3,0.0939223360001051
cybershake,200,3.0,reference,2,PBQS,Sharable,PBQS-Sharable,293.285853908108,586.5717078162158,1,3.0,downstream_reserved,1,queue_aware,1,1,1,0.0,879.8575617243239,879.8575617243239,3.0,8,8,1,1,1.0,0.0003773120006371,0,89,4,2.235955056179775,"{""1"":45,""3"":22,""4"":22}",0,0.0,0,179,20,0,0,0,0,0,0,0.0,0.0,0,0,0,0,0.0,0.0,0.17,572.6766371715225,870.6325269597749,932.9288229228268,0.2898745137922288,0.2107943788105142,0.3689546487739433,0.5698597938394585,0.1257522366312173,0.2298057493374103,0.074118151220858,0.1281317892424933,0.001461581409159,0.0024207503091674,10,1,1,1,1,0.0,572.6766371715225,0.8994974874371859,20,0.0805922160216141,0.0001407290096897,0.0,8.230764895791808,0.359,7.871764895791808,482.9908034376787,683.8317526073502,572.6766371715225,199,199,1.0,307.18092455280134,0.6508742574754992,deployment_scaling,small_plus,8,5,3,8,8,1.0,15.0,0.7,0.7,0.2,0.1,0.7,0.3,0.099730226000247
cybershake,200,3.0,reference,3,HDS,NonSharable,HDS-NonSharable,285.1221394671304,570.2442789342608,1,3.0,downstream_reserved,1,idle_only,1,1,1,0.0,855.3664184013912,855.3664184013912,3.0,8,8,1,1,1.0,0.0002932560018962,0,93,4,2.182795698924731,"{""1"":49,""3"":22,""4"":22}",15,0.0753768844221105,11,173,26,7,3,4,7,54,260,0.0065278110014332,4.423183655559461e-12,0,0,0,15,4.440892098500626e-16,4.440892098500626e-16,0.215,380.4688409324885,1083.001336153627,1564.4298808483995,0.1907490090158687,0.1431396465123211,0.2383583715194162,0.4058080488352418,0.0975204478308536,0.2390794141519455,0.0519223802354511,0.1235296437306245,0.0016336021128031,0.0062403884363107,22,1,1,1,1,0.0,380.4688409324885,0.8693467336683417,26,0.0629549180157482,0.0001654666854227,0.0373376019997522,10.57433509530997,0.752,9.822335095309969,8.816995557574023,633.0605561829773,380.4688409324885,199,199,1.0,474.89757746890274,0.4448021722007197,deployment_scaling,small_plus,8,5,3,8,8,1.0,15.0,0.7,0.7,0.2,0.1,0.7,0.3,0.0855669939992367
cybershake,200,3.0,reference,3,HDS,Sharable,HDS-Sharable,285.1221394671304,570.2442789342608,1,3.0,downstream_reserved,1,idle_only,1,1,1,0.0,855.3664184013912,855.3664184013912,3.0,8,8,1,1,1.0,0.0003003179990628,0,90,4,2.2222222222222223,"{""1"":46,""3"":22,""4"":22}",18,0.0904522613065326,17,164,35,8,3,4,7,75,295,0.0133946070018282,0.0,0,0,0,18,3.002043058586424e-13,1.5631940186722204e-13,0.22,391.7745286098314,1072.6066515362916,1608.7248872234668,0.1997790834304136,0.1507818001459124,0.2487763667149149,0.4151671511283595,0.0950923284810937,0.192721262562883,0.0490760231829111,0.093916910762301,0.0015243950172612,0.0067422206774794,24,1,1,1,1,0.0,391.7745286098314,0.8241206030150754,25,0.0873184549709549,0.0002228793568606,0.0633237680049205,10.619745538069369,0.728,9.891745538069369,31.217056444562694,622.7507266925393,391.7745286098314,199,199,1.0,463.5918897915598,0.4580195342973897,deployment_scaling,small_plus,8,5,3,8,8,1.0,15.0,0.7,0.7,0.2,0.1,0.7,0.3,0.1106494460000249
cybershake,200,3.0,reference,3,PBQS,NonSharable,PBQS-NonSharable,285.1221394671304,570.2442789342608,1,3.0,downstream_reserved,1,queue_aware,1,1,1,0.0,855.3664184013912,855.3664184013912,3.0,8,8,1,1,1.0,0.0005032600020058,0,91,4,2.208791208791209,"{""1"":47,""3"":22,""4"":22}",0,0.0,0,166,33,0,0,0,0,0,0,0.0,0.0,0,0,0,0,0.0,0.0,0.255,400.8637322128632,1160.522028053836,1533.7500414659194,0.1752717148356824,0.1338708886110136,0.2166725410603512,0.3463062574816559,0.0966230418665464,0.2019328412560605,0.0533948103192588,0.1071902448799013,0.0010571206917337,0.004737605652651,33,1,1,1,1,0.0,400.8637322128632,0.8341708542713567,33,0.0702712209786113,0.0001752995228345,0.0,11.409400468756573,0.6890000000000001,10.720400468756573,14.325345081327995,685.6863898136787,400.8637322128632,199,199,1.0,454.50268618852806,0.4686456278726071,deployment_scaling,small_plus,8,5,3,8,8,1.0,15.0,0.7,0.7,0.2,0.1,0.7,0.3,0.0919961779982259
cybershake,200,3.0,reference,3,PBQS,Sharable,PBQS-Sharable,285.1221394671304,570.2442789342608,1,3.0,downstream_reserved,1,queue_aware,1,1,1,0.0,855.3664184013912,855.3664184013912,3.0,8,8,1,1,1.0,0.0005124330018588,0,89,4,2.235955056179775,"{""1"":45,""3"":22,""4"":22}",0,0.0,0,179,20,0,0,0,0,0,0,0.0,0.0,0,0,0,0,0.0,0.0,0.175,575.1229407980393,832.3899971787291,869.488733178687,0.2808343782557264,0.2146909698846245,0.3469777866268282,0.5723420546773931,0.1352774960168294,0.2506836570582829,0.0746394995954761,0.1242692097226361,0.0013222308286732,0.002081564704346,11,1,1,1,1,0.0,575.1229407980393,0.8994974874371859,20,0.0771467629965627,0.0001341396030725,0.0,8.284776302057631,0.342,7.942776302057632,486.8529253485922,686.8104656128717,575.1229407980393,199,199,1.0,280.24347760335195,0.6723702596051132,deployment_scaling,small_plus,8,5,3,8,8,1.0,15.0,0.7,0.7,0.2,0.1,0.7,0.3,0.0962948500018683
cybershake,200,3.0,reference,4,HDS,NonSharable,HDS-NonSharable,298.6854802516808,597.3709605033616,1,3.0,downstream_reserved,1,idle_only,1,1,1,0.0,896.0564407550424,896.0564407550424,3.0,8,8,1,1,1.0,0.0006358770006045,0,96,4,2.1666666666666665,"{""1"":50,""2"":2,""3"":22,""4"":22}",12,0.0603015075376884,12,175,24,8,3,5,7,54,260,0.0142897900004754,2.7750997885896425e-13,0,0,0,12,2.930988785010413e-14,2.8421709430404014e-14,0.245,384.9766545231358,1079.2861299025665,1703.4265200355585,0.1945800586022828,0.141048922301147,0.2481111949034186,0.4374768631032347,0.0839872072107725,0.1808301464126638,0.0461339606450424,0.1047215751182719,0.0024166836904935,0.0076247162758916,15,1,1,1,1,0.0,384.9766545231358,0.8793969849246231,24,0.0797819640392845,0.000207238447064,0.0494146849996468,9.750378912038634,0.788,8.962378912038634,9.01009133814992,629.966682868658,384.9766545231358,199,199,1.0,511.07978623190667,0.4296343812882407,deployment_scaling,small_plus,8,5,3,8,8,1.0,15.0,0.7,0.7,0.2,0.1,0.7,0.3,0.1048963680004817
cybershake,200,3.0,reference,4,HDS,Sharable,HDS-Sharable,298.6854802516808,597.3709605033616,1,3.0,downstream_reserved,1,idle_only,1,1,1,0.0,896.0564407550424,896.0564407550424,3.0,8,8,1,1,1.0,0.000222100999963,0,93,4,2.182795698924731,"{""1"":49,""3"":22,""4"":22}",16,0.0804020100502512,18,165,34,7,3,5,7,75,295,0.0261238729981414,0.0,0,0,0,16,3.419486915845482e-13,2.842170943040401e-13,0.235,413.8899578052732,1107.4823092340307,1724.961877820439,0.1909873695466807,0.1404984706752638,0.2414762684180975,0.4196817637676035,0.1005059242996009,0.2204311338921959,0.054522066060516,0.1267025674957537,0.001741787884263,0.0075722751436307,20,1,1,1,1,0.0,413.8899578052732,0.8291457286432161,26,0.1289956129803613,0.0003116664479234,0.0840050879887712,10.074141038233332,0.741,9.333141038233332,31.726892972823908,654.7035514774615,413.8899578052732,199,199,1.0,482.16648294976926,0.4619016604093798,deployment_scaling,small_plus,8,5,3,8,8,1.0,15.0,0.7,0.7,0.2,0.1,0.7,0.3,0.1527930350021051
cybershake,200,3.0,reference,4,PBQS,NonSharable,PBQS-NonSharable,298.6854802516808,597.3709605033616,1,3.0,downstream_reserved,1,queue_aware,1,1,1,0.0,896.0564407550424,896.0564407550424,3.0,8,8,1,1,1.0,0.000394878003135,0,91,4,2.208791208791209,"{""1"":47,""3"":22,""4"":22}",0,0.0,0,164,35,0,0,0,0,0,0,0.0,0.0,0,0,0,0,0.0,0.0,0.275,422.5276987037683,1100.977738783438,1474.2007949814815,0.1664607499884312,0.125758146507325,0.2071633534695375,0.3423534923613575,0.0904460331446412,0.1816450675985302,0.0493151600812158,0.1096487704134066,0.000982137993147,0.0044844724405795,30,1,1,1,1,0.0,422.5276987037683,0.8241206030150754,35,0.0740500030115072,0.0001752547897775,0.0,9.995771257560063,0.6960000000000001,9.299771257560064,13.270404964002845,718.9423339588507,422.5276987037683,199,199,1.0,473.52874205127415,0.4715413890086371,deployment_scaling,small_plus,8,5,3,8,8,1.0,15.0,0.7,0.7,0.2,0.1,0.7,0.3,0.0970175449983798
cybershake,200,3.0,reference,4,PBQS,Sharable,PBQS-Sharable,298.6854802516808,597.3709605033616,1,3.0,downstream_reserved,1,queue_aware,1,1,1,0.0,896.0564407550424,896.0564407550424,3.0,8,8,1,1,1.0,0.0004183730015938,0,89,4,2.235955056179775,"{""1"":45,""3"":22,""4"":22}",0,0.0,0,179,20,0,0,0,0,0,0,0.0,0.0,0,0,0,0,0.0,0.0,0.175,550.8509806540662,790.2551680871134,852.7556535888322,0.2940806583128953,0.2221727254962742,0.3659885911295164,0.5991186116323755,0.1387524233727001,0.2111408563140629,0.0756539312159624,0.1256160855028837,0.0012980162244676,0.0028366929778939,10,1,1,1,1,0.0,550.8509806540662,0.8994974874371859,20,0.0770381190086482,0.0001398529215962,0.0,6.9931312175150095,0.343,6.65013121751501,390.60712738290647,718.9423339588504,550.8509806540662,199,199,1.0,345.2054601009762,0.6147503166094131,deployment_scaling,small_plus,8,5,3,8,8,1.0,15.0,0.7,0.7,0.2,0.1,0.7,0.3,0.1085404449986526
cybershake,200,3.0,reference,5,HDS,NonSharable,HDS-NonSharable,287.934196509794,575.868393019588,1,3.0,downstream_reserved,1,idle_only,1,1,1,0.0,863.802589529382,863.802589529382,3.0,8,8,1,1,1.0,0.0002419400007056,0,97,4,2.134020618556701,"{""1"":53,""3"":22,""4"":22}",17,0.0854271356783919,8,174,25,10,3,4,7,54,260,0.0068840719977742,2.9816982265198384e-13,0,0,0,17,4.440892098500626e-16,4.440892098500626e-16,0.22,353.2711072389101,992.7355709002206,1565.515258309778,0.1781600816318325,0.1223379225797852,0.2339822406838798,0.3868178675081497,0.082135650076463,0.1692129249161365,0.0462229459955287,0.092235533734156,0.0020514460780494,0.0087840297747208,19,1,1,1,1,0.0,353.2711072389101,0.8743718592964824,25,0.0820335289972717,0.0002322112601803,0.0508027819996641,9.931378421959243,0.744,9.187378421959243,8.995635692363884,580.2268012622246,353.2711072389101,199,199,1.0,510.5314822904719,0.4089720400483861,deployment_scaling,small_plus,8,5,3,8,8,1.0,15.0,0.7,0.7,0.2,0.1,0.7,0.3,0.1059730419983679
cybershake,200,3.0,reference,5,HDS,Sharable,HDS-Sharable,287.934196509794,575.868393019588,1,3.0,downstream_reserved,1,idle_only,1,1,1,0.0,863.802589529382,863.802589529382,3.0,8,8,1,1,1.0,0.0002544089984439,0,95,4,2.168421052631579,"{""1"":50,""2"":1,""3"":22,""4"":22}",20,0.100502512562814,12,167,32,9,3,5,7,75,295,0.0364372410003852,0.0,0,0,0,20,1.9895196601282805e-13,1.4210854715202006e-13,0.21,362.7167817847677,1009.321329032956,1679.157187782847,0.2042253525824495,0.1397561284072218,0.2686945767576773,0.4496136830727567,0.106686860232853,0.179149468553286,0.0585616844212466,0.0987437077774347,0.0028906361448953,0.0097381580200029,14,1,1,1,1,0.0,362.7167817847677,0.8391959798994975,21,0.1150473519955994,0.0003171823245384,0.0879891559998213,10.12406448702113,0.804,9.32006448702113,42.18749123437413,566.5132406716734,362.7167817847677,199,199,1.0,501.0858077446143,0.4199070322101991,deployment_scaling,small_plus,8,5,3,8,8,1.0,15.0,0.7,0.7,0.2,0.1,0.7,0.3,0.1396872439981962
cybershake,200,3.0,reference,5,PBQS,NonSharable,PBQS-NonSharable,287.934196509794,575.868393019588,1,3.0,downstream_reserved,1,queue_aware,1,1,1,0.0,863.802589529382,863.802589529382,3.0,8,8,1,1,1.0,0.0003703009970195,0,93,4,2.193548387096774,"{""1"":48,""2"":1,""3"":22,""4"":22}",0,0.0,0,167,32,0,0,0,0,0,0,0.0,0.0,0,0,0,0,0.0,0.0,0.25,380.7679789039185,1058.6989703924355,1509.914913190492,0.1692987926313549,0.1179400154280716,0.2206575698346381,0.3370093735186963,0.0938616530960627,0.2332334447081335,0.0579396164042967,0.1533222560582721,0.001729852257125,0.0059237588005131,21,1,1,1,1,0.0,380.7679789039185,0.8391959798994975,32,0.0894592609874962,0.0002349442861372,0.0,10.670738689109012,0.7020000000000001,9.968738689109014,16.440345964957668,647.057997155897,380.7679789039185,199,199,1.0,483.03461062546353,0.4408043961889127,deployment_scaling,small_plus,8,5,3,8,8,1.0,15.0,0.7,0.7,0.2,0.1,0.7,0.3,0.1132900379998318
cybershake,200,3.0,reference,5,PBQS,Sharable,PBQS-Sharable,287.934196509794,575.868393019588,1,3.0,downstream_reserved,1,queue_aware,1,1,1,0.0,863.802589529382,863.802589529382,3.0,8,8,1,1,1.0,0.0004013569996459,0,89,4,2.235955056179775,"{""1"":45,""3"":22,""4"":22}",0,0.0,0,180,19,0,0,0,0,0,0,0.0,0.0,0,0,0,0,0.0,0.0,0.145,547.605102683792,677.6310069166562,747.7789862389335,0.2802186912518978,0.1952110600188772,0.3652263224849183,0.5675947343472783,0.1142139574648198,0.222660035270082,0.0705028375832634,0.1335469477977754,0.001319879181046,0.0032164060809971,10,1,1,1,1,0.0,547.605102683792,0.9045226130653268,19,0.0825090829894179,0.0001506725970686,0.0,6.9675419100907305,0.301,6.66654191009073,460.510008136681,647.0579971558972,547.605102683792,199,199,1.0,316.19748684559,0.6339470491540653,deployment_scaling,small_plus,8,5,3,8,8,1.0,15.0,0.7,0.7,0.2,0.1,0.7,0.3,0.1210421169998881
epigenomics,200,3.0,reference,1,HDS,NonSharable,HDS-NonSharable,476.2360478932682,952.4720957865364,1,3.0,downstream_reserved,1,idle_only,1,1,1,0.0,1428.7081436798046,1428.7081436798046,3.0,8,8,1,1,1.0,0.0002103039987559,0,67,2,1.492537313432836,"{""1"":34,""2"":33}",2,0.02,16,82,18,1,2,7,7,43,209,0.0054169460017874,0.0,0,0,0,2,0.0,0.0,0.175,496.5916334772243,354.5966999175564,642.5654244259572,0.2147729626354441,0.1472619601996853,0.2822839650712029,0.5021318707003564,0.080807254457321,0.1332301729179532,0.0404335623066457,0.0606318285242197,0.0014324851050443,0.002615386547428,8,1,1,1,1,0.0,496.5916334772243,0.82,18,0.0135167349835683,2.721901472427494e-05,0.0054169460017874,3.654131149899002,0.267,3.387131149899002,7.02167675278328,542.3024203563849,496.5916334772243,100,100,1.0,932.1165102025802,0.3475808797437065,deployment_scaling,small_plus,8,5,3,8,8,1.0,15.0,0.7,0.7,0.2,0.1,0.7,0.3,0.0226342160021886
epigenomics,200,3.0,reference,1,HDS,Sharable,HDS-Sharable,476.2360478932682,952.4720957865364,1,3.0,downstream_reserved,1,idle_only,1,1,1,0.0,1428.7081436798046,1428.7081436798046,3.0,8,8,1,1,1.0,0.0002349500027776,0,67,2,1.492537313432836,"{""1"":34,""2"":33}",2,0.02,16,82,18,1,2,7,7,50,216,0.0064807810013007,0.0,0,0,0,2,0.0,0.0,0.175,496.5916334772243,354.5966999175564,642.5654244259572,0.2147729626354441,0.1472619601996853,0.2822839650712029,0.5021318707003564,0.080807254457321,0.1332301729179532,0.0404335623066457,0.0606318285242197,0.0014324851050443,0.002615386547428,8,1,1,1,1,0.0,496.5916334772243,0.82,18,0.0146957389915769,2.9593206975064653e-05,0.0064807810013007,3.654131149899002,0.267,3.387131149899002,7.02167675278328,542.3024203563849,496.5916334772243,100,100,1.0,932.1165102025802,0.3475808797437065,deployment_scaling,small_plus,8,5,3,8,8,1.0,15.0,0.7,0.7,0.2,0.1,0.7,0.3,0.0250076759984949
epigenomics,200,3.0,reference,1,PBQS,NonSharable,PBQS-NonSharable,476.2360478932682,952.4720957865364,1,3.0,downstream_reserved,1,queue_aware,1,1,1,0.0,1428.7081436798046,1428.7081436798046,3.0,8,8,1,1,1.0,0.0004811369981325,0,67,2,1.492537313432836,"{""1"":34,""2"":33}",0,0.0,0,76,24,0,0,0,0,0,0,0.0,0.0,0,0,0,0,0.0,0.0,0.19,533.7000797056045,418.1078119187937,593.6452007072032,0.1998235349498818,0.1401404058813067,0.2595066640184568,0.4104341928414656,0.0632143407784845,0.1201125667200496,0.034031192295529,0.0634588956165976,0.0006619846811264,0.0019996151408666,15,1,1,1,1,0.0,533.7000797056045,0.76,24,0.0343679240068013,6.43955759305097e-05,0.0,4.1282200459089005,0.233,3.895220045908901,8.025559323044684,591.0252376917105,533.7000797056045,100,100,1.0,895.0080639742001,0.3735543064316814,deployment_scaling,small_plus,8,5,3,8,8,1.0,15.0,0.7,0.7,0.2,0.1,0.7,0.3,0.0437426200005575
epigenomics,200,3.0,reference,1,PBQS,Sharable,PBQS-Sharable,476.2360478932682,952.4720957865364,1,3.0,downstream_reserved,1,queue_aware,1,1,1,0.0,1428.7081436798046,1428.7081436798046,3.0,8,8,1,1,1.0,0.0003687690004881,0,67,2,1.492537313432836,"{""1"":34,""2"":33}",0,0.0,0,82,18,0,0,0,0,0,0,0.0,0.0,0,0,0,0,0.0,0.0,0.14,571.4936399905299,295.8869613445472,349.20349955871023,0.2711890831462681,0.1901905508389162,0.35218761545362,0.5472455904552874,0.1180678011134944,0.1493102515300218,0.0635613374136642,0.0816930666079941,0.0009752180698177,0.0015825226789391,6,1,1,1,1,0.0,571.4936399905299,0.82,18,0.0345800919931207,6.0508270912155296e-05,0.0,3.062453241314929,0.145,2.917453241314929,77.12676144356553,591.0252376917105,571.4936399905299,100,100,1.0,857.2145036892747,0.4000072670675631,deployment_scaling,small_plus,8,5,3,8,8,1.0,15.0,0.7,0.7,0.2,0.1,0.7,0.3,0.0434094539996294
epigenomics,200,3.0,reference,2,HDS,NonSharable,HDS-NonSharable,445.6866242310319,891.3732484620639,1,3.0,downstream_reserved,1,idle_only,1,1,1,0.0,1337.0598726930957,1337.0598726930957,3.0,8,8,1,1,1.0,0.0002794760002871,0,67,2,1.492537313432836,"{""1"":34,""2"":33}",0,0.0,18,82,18,0,0,0,0,0,0,0.0,0.0,0,0,0,0,0.0,0.0,0.19,498.7530348034867,348.51226874798414,538.0164905003634,0.239360292429075,0.1664100389284253,0.3123105459297247,0.5157430683352279,0.09182934488667,0.1274361639109046,0.0486036020302094,0.0715616625979201,0.0012475450152949,0.0025768021207701,8,1,1,1,1,0.0,498.7530348034867,0.82,18,0.0084730530215892,1.6988474115105395e-05,0.0,3.698701125439543,0.237,3.461701125439543,6.68279140167283,557.0025138020462,498.7530348034867,100,100,1.0,838.306837889609,0.3730222146289546,deployment_scaling,small_plus,8,5,3,8,8,1.0,15.0,0.7,0.7,0.2,0.1,0.7,0.3,0.0181691870020586
epigenomics,200,3.0,reference,2,HDS,Sharable,HDS-Sharable,445.6866242310319,891.3732484620639,1,3.0,downstream_reserved,1,idle_only,1,1,1,0.0,1337.0598726930957,1337.0598726930957,3.0,8,8,1,1,1.0,0.0002998460004164,0,67,2,1.492537313432836,"{""1"":34,""2"":33}",0,0.0,18,82,18,0,0,0,0,0,0,0.0,0.0,0,0,0,0,0.0,0.0,0.19,498.7530348034867,348.51226874798414,538.0164905003634,0.239360292429075,0.1664100389284253,0.3123105459297247,0.5157430683352279,0.09182934488667,0.1274361639109046,0.0486036020302094,0.0715616625979201,0.0012475450152949,0.0025768021207701,8,1,1,1,1,0.0,498.7530348034867,0.82,18,0.0080534730041108,1.61472160410693e-05,0.0,3.698701125439543,0.237,3.461701125439543,6.68279140167283,557.0025138020462,498.7530348034867,100,100,1.0,838.306837889609,0.3730222146289546,deployment_scaling,small_plus,8,5,3,8,8,1.0,15.0,0.7,0.7,0.2,0.1,0.7,0.3,0.0174966100021265
epigenomics,200,3.0,reference,2,PBQS,NonSharable,PBQS-NonSharable,445.6866242310319,891.3732484620639,1,3.0,downstream_reserved,1,queue_aware,1,1,1,0.0,1337.0598726930957,1337.0598726930957,3.0,8,8,1,1,1.0,0.000543108999409,0,67,2,1.492537313432836,"{""1"":34,""2"":33}",0,0.0,0,73,27,0,0,0,0,0,0,0.0,0.0,0,0,0,0,0.0,0.0,0.225,526.7580702074298,420.1006061518888,495.35505546417545,0.1968060462522651,0.1403893998628204,0.2532226926417097,0.3715905892775382,0.0851694549615478,0.1428980179024463,0.0457314368470234,0.0770412476371543,0.0007204226784849,0.0015845285472975,13,1,1,1,1,0.0,526.7580702074298,0.73,27,0.0392484680050984,7.450947640848277e-05,0.0,4.3908611041268495,0.208,4.182861104126849,8.550248721044639,601.976754629612,526.7580702074298,100,100,1.0,810.3018024856659,0.3939674512454238,deployment_scaling,small_plus,8,5,3,8,8,1.0,15.0,0.7,0.7,0.2,0.1,0.7,0.3,0.0492118939982901
epigenomics,200,3.0,reference,2,PBQS,Sharable,PBQS-Sharable,445.6866242310319,891.3732484620639,1,3.0,downstream_reserved,1,queue_aware,1,1,1,0.0,1337.0598726930957,1337.0598726930957,3.0,8,8,1,1,1.0,0.0005618670002149,0,67,2,1.492537313432836,"{""1"":34,""2"":33}",0,0.0,0,81,19,0,0,0,0,0,0,0.0,0.0,0,0,0,0,0.0,0.0,0.16,569.9721536359788,403.5860633270939,462.3259698145856,0.2714566155203657,0.1936405515349248,0.3492726795058066,0.5280497847628173,0.0983901087315583,0.1717551399699892,0.0528302200109237,0.0934193547873983,0.0007670919896842,0.0018774984262682,10,1,1,1,1,0.0,569.9721536359788,0.81,19,0.0379817479733901,6.663790104673739e-05,0.0,4.081291482072421,0.179,3.9022914820724215,80.76813451019643,601.9767546296117,569.9721536359788,100,100,1.0,767.0877190571169,0.4262876818582142,deployment_scaling,small_plus,8,5,3,8,8,1.0,15.0,0.7,0.7,0.2,0.1,0.7,0.3,0.0472584159979305
epigenomics,200,3.0,reference,3,HDS,NonSharable,HDS-NonSharable,439.0532774865613,878.1065549731226,1,3.0,downstream_reserved,1,idle_only,1,1,1,0.0,1317.159832459684,1317.159832459684,3.0,8,8,1,1,1.0,0.0002266070005134,0,67,2,1.492537313432836,"{""1"":34,""2"":33}",0,0.0,17,83,17,0,0,0,0,0,0,0.0,0.0,0,0,0,0,0.0,0.0,0.155,466.7802117411071,315.5661019137029,551.7781628079375,0.213095380063355,0.1505392320359669,0.275651528090743,0.5009936898144564,0.0811643254212589,0.1823790956578211,0.0395477358515154,0.0807748573791531,0.0014451560074158,0.0026218238468829,8,1,1,1,1,0.0,466.7802117411071,0.83,17,0.0081724829797167,1.7508203591649862e-05,0.0,3.766865329970182,0.26,3.506865329970182,6.556976159278701,511.0135636107455,466.7802117411071,100,100,1.0,850.3796207185769,0.3543838797979701,deployment_scaling,small_plus,8,5,3,8,8,1.0,15.0,0.7,0.7,0.2,0.1,0.7,0.3,0.0221171960001811
epigenomics,200,3.0,reference,3,HDS,Sharable,HDS-Sharable,439.0532774865613,878.1065549731226,1,3.0,downstream_reserved,1,idle_only,1,1,1,0.0,1317.159832459684,1317.159832459684,3.0,8,8,1,1,1.0,0.0002411290006421,0,67,2,1.492537313432836,"{""1"":34,""2"":33}",0,0.0,17,83,17,0,0,0,0,0,0,0.0,0.0,0,0,0,0,0.0,0.0,0.155,466.7802117411071,315.5661019137029,551.7781628079375,0.213095380063355,0.1505392320359669,0.275651528090743,0.5009936898144564,0.0811643254212589,0.1823790956578211,0.0395477358515154,0.0807748573791531,0.0014451560074158,0.0026218238468829,8,1,1,1,1,0.0,466.7802117411071,0.83,17,0.0094207689980976,2.01824515288637e-05,0.0,3.766865329970182,0.26,3.506865329970182,6.556976159278701,511.0135636107455,466.7802117411071,100,100,1.0,850.3796207185769,0.3543838797979701,deployment_scaling,small_plus,8,5,3,8,8,1.0,15.0,0.7,0.7,0.2,0.1,0.7,0.3,0.0195349610003177
epigenomics,200,3.0,reference,3,PBQS,NonSharable,PBQS-NonSharable,439.0532774865613,878.1065549731226,1,3.0,downstream_reserved,1,queue_aware,1,1,1,0.0,1317.159832459684,1317.159832459684,3.0,8,8,1,1,1.0,0.0003689099976327,0,67,2,1.492537313432836,"{""1"":34,""2"":33}",0,0.0,0,75,25,0,0,0,0,0,0,0.0,0.0,0,0,0,0,0.0,0.0,0.205,509.503835399414,433.6989058250845,575.3031348261547,0.1898165625053506,0.13575782107148,0.2438753039392212,0.3818275917441703,0.0640593459433706,0.1081978557838999,0.0365547694592152,0.0567915600421023,0.0007307451164905,0.0016591419459346,15,1,1,1,1,0.0,509.503835399414,0.75,25,0.0356616429926361,6.999288428256884e-05,0.0,4.697927761261235,0.246,4.451927761261235,8.047776531829708,572.7413876162556,509.503835399414,100,100,1.0,807.6559970602699,0.386820052391029,deployment_scaling,small_plus,8,5,3,8,8,1.0,15.0,0.7,0.7,0.2,0.1,0.7,0.3,0.0453626730013638
epigenomics,200,3.0,reference,3,PBQS,Sharable,PBQS-Sharable,439.0532774865613,878.1065549731226,1,3.0,downstream_reserved,1,queue_aware,1,1,1,0.0,1317.159832459684,1317.159832459684,3.0,8,8,1,1,1.0,0.0003888190003635,0,67,2,1.492537313432836,"{""1"":34,""2"":33}",0,0.0,0,82,18,0,0,0,0,0,0,0.0,0.0,0,0,0,0,0.0,0.0,0.14,547.2670392127243,337.3104768571896,382.5262768903648,0.2576081919715474,0.1842427571684372,0.3309736267746575,0.530316099644681,0.0894585644101944,0.1365512202827868,0.0510485573964158,0.0798376151600405,0.0008207544519965,0.0016399587646529,9,1,1,1,1,0.0,547.2670392127243,0.82,18,0.0353816929855383,6.46516059809431e-05,0.0,3.837820329518076,0.157,3.680820329518076,83.33868308058268,572.7413876162555,547.2670392127243,100,100,1.0,769.8927932469596,0.4154902280847341,deployment_scaling,small_plus,8,5,3,8,8,1.0,15.0,0.7,0.7,0.2,0.1,0.7,0.3,0.0441826960013713
epigenomics,200,3.0,reference,4,HDS,NonSharable,HDS-NonSharable,461.673340167516,923.346680335032,1,3.0,downstream_reserved,1,idle_only,1,1,1,0.0,1385.020020502548,1385.020020502548,3.0,8,8,1,1,1.0,0.0002109140004904,0,67,2,1.492537313432836,"{""1"":34,""2"":33}",0,0.0,19,81,19,0,0,0,0,0,0,0.0,0.0,0,0,0,0,0.0,0.0,0.175,509.3512197466959,344.2021031849474,568.5790551700827,0.2250145818739338,0.1608465040508296,0.2891826596970381,0.5009065578741261,0.1201367445526994,0.1417603305194929,0.0597316037606387,0.0713108071796698,0.0016935205726235,0.0024477038859181,6,1,1,1,1,0.0,509.3512197466959,0.81,19,0.0079054350135265,1.5520597000745413e-05,0.0,3.605565000110385,0.225,3.3805650001103844,7.443897782816942,571.0334759765037,509.3512197466959,100,100,1.0,875.6688007558522,0.3677572975168114,deployment_scaling,small_plus,8,5,3,8,8,1.0,15.0,0.7,0.7,0.2,0.1,0.7,0.3,0.0168344900012016
epigenomics,200,3.0,reference,4,HDS,Sharable,HDS-Sharable,461.673340167516,923.346680335032,1,3.0,downstream_reserved,1,idle_only,1,1,1,0.0,1385.020020502548,1385.020020502548,3.0,8,8,1,1,1.0,0.0003020799995283,0,67,2,1.492537313432836,"{""1"":34,""2"":33}",0,0.0,19,81,19,0,0,0,0,0,0,0.0,0.0,0,0,0,0,0.0,0.0,0.175,509.3512197466959,344.2021031849474,568.5790551700827,0.2250145818739338,0.1608465040508296,0.2891826596970381,0.5009065578741261,0.1201367445526994,0.1417603305194929,0.0597316037606387,0.0713108071796698,0.0016935205726235,0.0024477038859181,6,1,1,1,1,0.0,509.3512197466959,0.81,19,0.0080685469911259,1.5840831784281308e-05,0.0,3.605565000110385,0.225,3.3805650001103844,7.443897782816942,571.0334759765037,509.3512197466959,100,100,1.0,875.6688007558522,0.3677572975168114,deployment_scaling,small_plus,8,5,3,8,8,1.0,15.0,0.7,0.7,0.2,0.1,0.7,0.3,0.0169274670006416
epigenomics,200,3.0,reference,4,PBQS,NonSharable,PBQS-NonSharable,461.673340167516,923.346680335032,1,3.0,downstream_reserved,1,queue_aware,1,1,1,0.0,1385.020020502548,1385.020020502548,3.0,8,8,1,1,1.0,0.0003727250004885,0,67,2,1.492537313432836,"{""1"":34,""2"":33}",0,0.0,0,73,27,0,0,0,0,0,0,0.0,0.0,0,0,0,0,0.0,0.0,0.215,538.0718714471749,395.0647176018976,546.4110606326981,0.1833498762150688,0.1347613826562804,0.2319383697738573,0.3795983258483146,0.0704329161332458,0.1420655215848259,0.0352694542558168,0.0719274804759328,0.0005160645429773,0.0017105446046054,18,1,1,1,1,0.0,538.0718714471749,0.73,27,0.0348814129974925,6.482667994459002e-05,0.0,4.028465915445986,0.241,3.787465915445986,9.582515567169644,614.9492878742697,538.0718714471749,100,100,1.0,846.9481490553732,0.3884939303996039,deployment_scaling,small_plus,8,5,3,8,8,1.0,15.0,0.7,0.7,0.2,0.1,0.7,0.3,0.0443705249999766
epigenomics,200,3.0,reference,4,PBQS,Sharable,PBQS-Sharable,461.673340167516,923.346680335032,1,3.0,downstream_reserved,1,queue_aware,1,1,1,0.0,1385.020020502548,1385.020020502548,3.0,8,8,1,1,1.0,0.0003971910009568,0,67,2,1.492537313432836,"{""1"":34,""2"":33}",0,0.0,0,81,19,0,0,0,0,0,0,0.0,0.0,0,0,0,0,0.0,0.0,0.145,578.8518863871401,341.71473119326424,439.7110878154315,0.2718636095602745,0.1998186018696571,0.3439086172508919,0.5394291998897103,0.098206394122255,0.1434321358001987,0.049177090986421,0.0741517756522147,0.0007287783142413,0.0014571273004272,11,1,1,1,1,0.0,578.8518863871401,0.81,19,0.0357159789964498,6.170141246212119e-05,0.0,3.7705484463613854,0.162,3.6085484463613855,73.60292721453044,614.9492878742698,578.8518863871401,100,100,1.0,806.168134115408,0.4179375588932688,deployment_scaling,small_plus,8,5,3,8,8,1.0,15.0,0.7,0.7,0.2,0.1,0.7,0.3,0.0449878750005154
epigenomics,200,3.0,reference,5,HDS,NonSharable,HDS-NonSharable,433.4982320925098,866.9964641850195,1,3.0,downstream_reserved,1,idle_only,1,1,1,0.0,1300.494696277529,1300.494696277529,3.0,8,8,1,1,1.0,0.0002059569997072,0,67,2,1.492537313432836,"{""1"":34,""2"":33}",2,0.02,16,82,18,1,2,7,7,43,209,0.0053476129978662,0.0,0,0,0,2,0.0,0.0,0.16,476.81901967261535,342.9356898014029,588.6156088647334,0.2202430747199164,0.1462937806722271,0.2941923687676056,0.4957808355092675,0.0849388335115884,0.1363470519821973,0.0485598068565967,0.0721240252197006,0.0015534155989019,0.0025950436765855,8,1,1,1,1,0.0,476.81901967261535,0.82,18,0.0139731199888046,2.9304871266248248e-05,0.0053476129978662,4.217145471594147,0.257,3.960145471594147,6.70405041419934,535.4433023500089,476.81901967261535,100,100,1.0,823.675676604914,0.3666443400633913,deployment_scaling,small_plus,8,5,3,8,8,1.0,15.0,0.7,0.7,0.2,0.1,0.7,0.3,0.0239166220017068
epigenomics,200,3.0,reference,5,HDS,Sharable,HDS-Sharable,433.4982320925098,866.9964641850195,1,3.0,downstream_reserved,1,idle_only,1,1,1,0.0,1300.494696277529,1300.494696277529,3.0,8,8,1,1,1.0,0.000227458000154,0,67,2,1.492537313432836,"{""1"":34,""2"":33}",2,0.02,16,82,18,1,2,7,7,50,216,0.0062295259995153,0.0,0,0,0,2,2.273736754432321e-13,2.273736754432321e-13,0.15,477.53325953233787,334.2179779967751,571.180185255478,0.2349259463679108,0.156046699383709,0.3138051933521126,0.5249444140686362,0.0848117916787499,0.1365907963461559,0.0484871766283455,0.0732798178457199,0.0015145807437824,0.0025569110016643,8,1,1,1,1,0.0,477.53325953233787,0.82,17,0.0144975799739768,3.0359309397998217e-05,0.0062295259995153,4.129403777157125,0.239,3.890403777157125,7.466912795345063,535.4433023500089,477.53325953233787,100,100,1.0,822.9614367451915,0.3671935463475592,deployment_scaling,small_plus,8,5,3,8,8,1.0,15.0,0.7,0.7,0.2,0.1,0.7,0.3,0.0246460220005246
epigenomics,200,3.0,reference,5,PBQS,NonSharable,PBQS-NonSharable,433.4982320925098,866.9964641850195,1,3.0,downstream_reserved,1,queue_aware,1,1,1,0.0,1300.494696277529,1300.494696277529,3.0,8,8,1,1,1.0,0.0003631809995567,0,67,2,1.492537313432836,"{""1"":34,""2"":33}",0,0.0,0,77,23,0,0,0,0,0,0,0.0,0.0,0,0,0,0,0.0,0.0,0.195,502.4412820687626,358.31626494314435,496.8181461174035,0.1983831358423379,0.1340709913974759,0.2626952802871999,0.4140854452935972,0.0744891492815252,0.1145806520723053,0.0432525607706151,0.0674743424764102,0.0007702976759378,0.0021874923772635,15,1,1,1,1,0.0,502.4412820687626,0.77,23,0.038522793984157,7.667123574229897e-05,0.0,4.612307650712943,0.222,4.390307650712942,7.741078485773198,571.4379145051641,502.4412820687626,100,100,1.0,798.0534142087668,0.3863462753880698,deployment_scaling,small_plus,8,5,3,8,8,1.0,15.0,0.7,0.7,0.2,0.1,0.7,0.3,0.0478592510007729
epigenomics,200,3.0,reference,5,PBQS,Sharable,PBQS-Sharable,433.4982320925098,866.9964641850195,1,3.0,downstream_reserved,1,queue_aware,1,1,1,0.0,1300.494696277529,1300.494696277529,3.0,8,8,1,1,1.0,0.0003936260000045,0,67,2,1.492537313432836,"{""1"":34,""2"":33}",0,0.0,0,83,17,0,0,0,0,0,0,0.0,0.0,0,0,0,0,0.0,0.0,0.13,533.6512605851736,290.79594272499014,361.7775016810951,0.2823144625448656,0.1907933339117927,0.3738355911779384,0.560233249514867,0.0876659216174744,0.1415457525368678,0.050903730796295,0.0820514618766037,0.000804937516245,0.0020595594084098,11,1,1,1,1,0.0,533.6512605851736,0.83,17,0.0370042630020179,6.934165762382172e-05,0.0,3.9961450729677086,0.146,3.8501450729677087,63.08593011195035,571.4379145051643,533.6512605851736,100,100,1.0,766.8434356923557,0.4103448188698271,deployment_scaling,small_plus,8,5,3,8,8,1.0,15.0,0.7,0.7,0.2,0.1,0.7,0.3,0.0459658809995744
inspiral,200,3.0,reference,1,HDS,NonSharable,HDS-NonSharable,408.9353734548579,817.8707469097158,1,3.0,downstream_reserved,1,idle_only,1,1,1,0.0,1226.8061203645736,1226.8061203645736,3.0,8,8,1,1,1.0,0.0002660970021679,0,133,2,1.4962406015037597,"{""1"":67,""2"":66}",10,0.050251256281407,10,179,20,5,2,6,7,43,209,0.0113766470021801,0.0,0,0,0,10,7.105427357601002e-15,7.105427357601002e-15,0.215,476.3030686516873,738.819503505995,1105.9031049757996,0.222595773927844,0.1592506909009484,0.2859408569547396,0.5025497770299581,0.1179839556421093,0.2417421126971997,0.0612400160004213,0.1164965697108291,0.0024686894359971,0.0047093359646561,8,1,1,1,1,0.0,476.3030686516873,0.8994974874371859,20,0.0557809760175587,0.0001171123591024,0.0350042540012509,6.943086019549024,0.473,6.470086019549024,7.536350041337997,603.0597324359497,476.3030686516873,199,199,1.0,750.5030517128864,0.3882464072726853,deployment_scaling,small_plus,8,5,3,8,8,1.0,15.0,0.7,0.7,0.2,0.1,0.7,0.3,0.0842449000010674
inspiral,200,3.0,reference,1,HDS,Sharable,HDS-Sharable,408.9353734548579,817.8707469097158,1,3.0,downstream_reserved,1,idle_only,1,1,1,0.0,1226.8061203645736,1226.8061203645736,3.0,8,8,1,1,1.0,0.0002192669999203,0,133,2,1.4962406015037597,"{""1"":67,""2"":66}",2,0.0100502512562814,17,180,19,1,2,6,6,44,197,0.0063279230016632,0.0,0,0,0,2,0.0,0.0,0.17,459.6064769470504,678.9307918286275,1078.650393670252,0.2338753771790612,0.1626059270403735,0.3051448273177488,0.5382525640395202,0.1041379330128269,0.1538193469784675,0.0565169447299643,0.0889672894894783,0.0024990762755073,0.0051314802035472,8,1,1,1,1,0.0,459.6064769470504,0.9045226130653268,18,0.020049802998983,4.362384780163343e-05,0.0063279230016632,6.463976326130084,0.473,5.990976326130085,10.121647052868624,581.3127691626818,459.6064769470504,199,199,1.0,767.1996434175232,0.3746366025712911,deployment_scaling,small_plus,8,5,3,8,8,1.0,15.0,0.7,0.7,0.2,0.1,0.7,0.3,0.0391386740011512
inspiral,200,3.0,reference,1,PBQS,NonSharable,PBQS-NonSharable,408.9353734548579,817.8707469097158,1,3.0,downstream_reserved,1,queue_aware,1,1,1,0.0,1226.8061203645736,1226.8061203645736,3.0,8,8,1,1,1.0,0.0004008270007034,0,133,2,1.4962406015037597,"{""1"":67,""2"":66}",0,0.0,0,170,29,0,0,0,0,0,0,0.0,0.0,0,0,0,0,0.0,0.0,0.23,576.602207841824,888.7077229135822,1065.9938891581949,0.2030066252516971,0.1494695375486023,0.2565437129547919,0.417952117367541,0.1092760896735611,0.1840134831838103,0.0637787646150647,0.1013174960341045,0.0012178850665525,0.0031634725123676,18,1,1,1,1,0.0,576.602207841824,0.8542713567839196,29,0.0736271400201076,0.0001276913945503,0.0,9.8455681868724,0.4,9.4455681868724,8.584577321393695,727.2366842195214,576.602207841824,199,199,1.0,650.2039125227496,0.4700027154009253,deployment_scaling,small_plus,8,5,3,8,8,1.0,15.0,0.7,0.7,0.2,0.1,0.7,0.3,0.0951234949970967
inspiral,200,3.0,reference,1,PBQS,Sharable,PBQS-Sharable,408.9353734548579,817.8707469097158,1,3.0,downstream_reserved,1,queue_aware,1,1,1,0.0,1226.8061203645736,1226.8061203645736,3.0,8,8,1,1,1.0,0.0003912419997504,0,133,2,1.4962406015037597,"{""1"":67,""2"":66}",0,0.0,0,176,23,0,0,0,0,0,0,0.0,0.0,0,0,0,0,0.0,0.0,0.175,652.7365769854521,784.1689094673218,856.916262265674,0.2552083288878478,0.1879045614896714,0.3225120962860241,0.5269831045068997,0.1206628309024209,0.2183432714544933,0.0704246126751258,0.1206199907888341,0.0011147302616153,0.0025827070977414,12,1,1,1,1,0.0,652.7365769854521,0.8844221105527639,23,0.0732772259798366,0.000112261559354,0.0,7.803202513799839,0.312,7.491202513799839,151.72594088857795,727.2366842195215,652.7365769854521,199,199,1.0,574.0695433791216,0.5320617220196753,deployment_scaling,small_plus,8,5,3,8,8,1.0,15.0,0.7,0.7,0.2,0.1,0.7,0.3,0.0930205630029377
inspiral,200,3.0,reference,2,HDS,NonSharable,HDS-NonSharable,404.8119226421807,809.6238452843616,1,3.0,downstream_reserved,1,idle_only,1,1,1,0.0,1214.4357679265422,1214.4357679265422,3.0,8,8,1,1,1.0,0.0003189749986631,0,133,2,1.4962406015037597,"{""1"":67,""2"":66}",0,0.0,20,179,20,0,0,0,0,0,0,0.0,0.0,0,0,0,0,0.0,0.0,0.19,477.12934922658377,703.7868465157741,1046.391388192815,0.235252643522883,0.1674941986308896,0.3030110884148764,0.4926652323351828,0.0906984319699236,0.1765512307992856,0.0476374272184915,0.0903096190057288,0.0016403236958641,0.0047943064331953,13,1,1,1,1,0.0,477.12934922658377,0.8994974874371859,20,0.0149588330168626,3.135173520788559e-05,0.0,7.522275334686009,0.464,7.058275334686009,7.072403236815397,591.1982788022194,477.12934922658377,199,199,1.0,737.3064186999584,0.3928815025278833,deployment_scaling,small_plus,8,5,3,8,8,1.0,15.0,0.7,0.7,0.2,0.1,0.7,0.3,0.0353601469978457
inspiral,200,3.0,reference,2,HDS,Sharable,HDS-Sharable,404.8119226421807,809.6238452843616,1,3.0,downstream_reserved,1,idle_only,1,1,1,0.0,1214.4357679265422,1214.4357679265422,3.0,8,8,1,1,1.0,0.0003065669989155,0,133,2,1.4962406015037597,"{""1"":67,""2"":66}",0,0.0,20,179,20,0,0,0,0,0,0,0.0,0.0,0,0,0,0,0.0,0.0,0.19,477.12934922658377,703.7868465157741,1046.391388192815,0.235252643522883,0.1674941986308896,0.3030110884148764,0.4926652323351828,0.0906984319699236,0.1765512307992856,0.0476374272184915,0.0903096190057288,0.0016403236958641,0.0047943064331953,13,1,1,1,1,0.0,477.12934922658377,0.8994974874371859,20,0.0150576139931217,3.155876706710631e-05,0.0,7.522275334686009,0.464,7.058275334686009,7.072403236815397,591.1982788022194,477.12934922658377,199,199,1.0,737.3064186999584,0.3928815025278833,deployment_scaling,small_plus,8,5,3,8,8,1.0,15.0,0.7,0.7,0.2,0.1,0.7,0.3,0.0356275359990831
inspiral,200,3.0,reference,2,PBQS,NonSharable,PBQS-NonSharable,404.8119226421807,809.6238452843616,1,3.0,downstream_reserved,1,queue_aware,1,1,1,0.0,1214.4357679265422,1214.4357679265422,3.0,8,8,1,1,1.0,0.0005619069997919,0,133,2,1.4962406015037597,"{""1"":67,""2"":66}",0,0.0,0,171,28,0,0,0,0,0,0,0.0,0.0,0,0,0,0,0.0,0.0,0.225,555.5869080684105,827.0357788431321,995.1193523881605,0.2167024300366742,0.1600017208686485,0.2734031392046999,0.4144373592796052,0.0927916631007348,0.2336967597776997,0.0531508863642579,0.1213570986260637,0.001210386328521,0.0031352550320522,19,1,1,1,1,0.0,555.5869080684105,0.8592964824120602,28,0.072793489020114,0.0001310208861349,0.0,9.958662761984751,0.408,9.550662761984754,8.560416874914772,696.2547635897367,555.5869080684105,199,199,1.0,658.8488598581317,0.4574856264460883,deployment_scaling,small_plus,8,5,3,8,8,1.0,15.0,0.7,0.7,0.2,0.1,0.7,0.3,0.0923206909974396
inspiral,200,3.0,reference,2,PBQS,Sharable,PBQS-Sharable,404.8119226421807,809.6238452843616,1,3.0,downstream_reserved,1,queue_aware,1,1,1,0.0,1214.4357679265422,1214.4357679265422,3.0,8,8,1,1,1.0,0.000527765998413,0,133,2,1.4962406015037597,"{""1"":67,""2"":66}",0,0.0,0,178,21,0,0,0,0,0,0,0.0,0.0,0,0,0,0,0.0,0.0,0.165,628.9111732153217,710.2407510265986,761.5292967550932,0.286606439725924,0.2116151792133739,0.361597700238474,0.5525831457061404,0.1229597327705902,0.286238701196202,0.0704310987159945,0.1535984353038263,0.0011265148431132,0.0020101481696514,11,1,1,1,1,0.0,628.9111732153217,0.8944723618090452,21,0.0721985179989133,0.0001147992293248,0.0,7.350779926535087,0.292,7.058779926535087,167.32584560661084,696.254763589737,628.9111732153217,199,199,1.0,585.5245947112205,0.5178628543600033,deployment_scaling,small_plus,8,5,3,8,8,1.0,15.0,0.7,0.7,0.2,0.1,0.7,0.3,0.0906483810031204
inspiral,200,3.0,reference,3,HDS,NonSharable,HDS-NonSharable,387.8586052324056,775.7172104648114,1,3.0,downstream_reserved,1,idle_only,1,1,1,0.0,1163.575815697217,1163.575815697217,3.0,8,8,1,1,1.0,0.0003001869990839,0,133,2,1.4962406015037597,"{""1"":67,""2"":66}",2,0.0100502512562814,17,180,19,1,2,7,7,43,209,0.0056258080003317,0.0,0,0,0,2,0.0,0.0,0.175,481.2373762988379,672.9753910009536,1063.1810681690458,0.2225853519329663,0.1636849235308954,0.2814857803350372,0.5049511927798574,0.1130852362322916,0.2312176816462172,0.0586465536974789,0.1197577356962174,0.0024495208271061,0.0039960044406103,8,1,1,1,1,0.0,481.2373762988379,0.9045226130653268,19,0.0213780170015525,4.442301877291681e-05,0.0056258080003317,6.787762390862604,0.479,6.308762390862604,7.277986075634018,575.6443597690375,481.2373762988379,199,199,1.0,682.338439398379,0.4135848904787347,deployment_scaling,small_plus,8,5,3,8,8,1.0,15.0,0.7,0.7,0.2,0.1,0.7,0.3,0.0407529080002859
inspiral,200,3.0,reference,3,HDS,Sharable,HDS-Sharable,387.8586052324056,775.7172104648114,1,3.0,downstream_reserved,1,idle_only,1,1,1,0.0,1163.575815697217,1163.575815697217,3.0,8,8,1,1,1.0,0.0002759610033535,0,133,2,1.4962406015037597,"{""1"":67,""2"":66}",4,0.0201005025125628,18,177,22,2,2,7,7,50,216,0.006045592999726,0.0,0,0,0,4,4.085620730620576e-14,2.664535259100376e-14,0.18,492.8670790993325,693.4374505111302,1034.8895279776723,0.2192948682782976,0.1629225316114947,0.2756672049451005,0.4917520768646922,0.1167059553841152,0.1844372034752891,0.0594904315440644,0.0815823974830819,0.0016655587523028,0.0046925412790805,12,1,1,1,1,0.0,492.8670790993325,0.8894472361809045,20,0.0259171530015009,5.258446770042364e-05,0.0107521620011539,7.217815587500836,0.422,6.795815587500837,11.31078457418635,590.1024922376306,492.8670790993325,199,199,1.0,670.7087365978845,0.4235796863859752,deployment_scaling,small_plus,8,5,3,8,8,1.0,15.0,0.7,0.7,0.2,0.1,0.7,0.3,0.0449045909990672
inspiral,200,3.0,reference,3,PBQS,NonSharable,PBQS-NonSharable,387.8586052324056,775.7172104648114,1,3.0,downstream_reserved,1,queue_aware,1,1,1,0.0,1163.575815697217,1163.575815697217,3.0,8,8,1,1,1.0,0.0005354070017347,0,133,2,1.4962406015037597,"{""1"":67,""2"":66}",0,0.0,0,171,28,0,0,0,0,0,0,0.0,0.0,0,0,0,0,0.0,0.0,0.21,563.5183059368588,853.4454558772725,1056.5286368777993,0.2021943774670624,0.1533843189068608,0.2510044360272641,0.4133721362941541,0.1104957439115767,0.2504687438553231,0.0634166874965943,0.1381663211024516,0.0016342859624542,0.0035063234505031,15,1,1,1,1,0.0,563.5183059368588,0.8592964824120602,28,0.0723271050082985,0.0001283491667374,0.0,10.371054158273962,0.4,9.971054158273962,8.4575709699254,694.4651889741789,563.5183059368588,199,199,1.0,600.0575097603581,0.4842987438675816,deployment_scaling,small_plus,8,5,3,8,8,1.0,15.0,0.7,0.7,0.2,0.1,0.7,0.3,0.0919474649999756
inspiral,200,3.0,reference,3,PBQS,Sharable,PBQS-Sharable,387.8586052324056,775.7172104648114,1,3.0,downstream_reserved,1,queue_aware,1,1,1,0.0,1163.575815697217,1163.575815697217,3.0,8,8,1,1,1.0,0.0004992440008209,0,133,2,1.4962406015037597,"{""1"":67,""2"":66}",0,0.0,0,178,21,0,0,0,0,0,0,0.0,0.0,0,0,0,0,0.0,0.0,0.175,637.7864502163532,697.831348769335,745.3004226619244,0.2739407694715039,0.2078110127125211,0.3400705262304868,0.5511628483922054,0.1220360953128637,0.2443271242998641,0.0700400272969214,0.1424263167260872,0.0010941053711924,0.002030828736201,12,1,1,1,1,0.0,637.7864502163532,0.8944723618090452,21,0.0721335179914604,0.00011309979691,0.0,7.521762216067461,0.271,7.250762216067461,132.0701598728495,694.4651889741789,637.7864502163532,199,199,1.0,525.7893654808638,0.5481262515190644,deployment_scaling,small_plus,8,5,3,8,8,1.0,15.0,0.7,0.7,0.2,0.1,0.7,0.3,0.0902899870015971
inspiral,200,3.0,reference,4,HDS,NonSharable,HDS-NonSharable,419.5820650970464,839.164130194093,1,3.0000000000000004,downstream_reserved,1,idle_only,1,1,1,0.0,1258.7461952911394,1258.7461952911394,3.0000000000000004,8,8,1,1,1.0,0.0002760509996733,0,133,2,1.4962406015037597,"{""1"":67,""2"":66}",0,0.0,16,183,16,0,0,0,0,0,0,0.0,0.0,0,0,0,0,0.0,0.0,0.15,444.0034719837998,667.2582000063504,1195.78627654232,0.2429894516890448,0.1722776322631736,0.3137012711149159,0.5784039316322159,0.0962891581897294,0.1686856859758851,0.0474904167994177,0.0778760445177879,0.0028967874493829,0.0055235163366558,8,1,1,1,1,0.0,444.0034719837998,0.9195979899497488,16,0.0139048279852431,3.131693525529574e-05,0.0,6.576244868713254,0.515,6.061244868713255,6.734458377142222,555.2677743669273,444.0034719837998,199,199,1.0,814.7427233073397,0.3527347082714357,deployment_scaling,small_plus,8,5,3,8,8,1.0,15.0,0.7,0.7,0.2,0.1,0.7,0.3,0.0331639569994877
inspiral,200,3.0,reference,4,HDS,Sharable,HDS-Sharable,419.5820650970464,839.164130194093,1,3.0000000000000004,downstream_reserved,1,idle_only,1,1,1,0.0,1258.7461952911394,1258.7461952911394,3.0000000000000004,8,8,1,1,1.0,0.0002910729999712,0,133,2,1.4962406015037597,"{""1"":67,""2"":66}",0,0.0,16,183,16,0,0,0,0,0,0,0.0,0.0,0,0,0,0,0.0,0.0,0.15,444.0034719837998,667.2582000063504,1195.78627654232,0.2429894516890448,0.1722776322631736,0.3137012711149159,0.5784039316322159,0.0962891581897294,0.1686856859758851,0.0474904167994177,0.0778760445177879,0.0028967874493829,0.0055235163366558,8,1,1,1,1,0.0,444.0034719837998,0.9195979899497488,16,0.0137821430143958,3.104061991411344e-05,0.0,6.576244868713254,0.515,6.061244868713255,6.734458377142222,555.2677743669273,444.0034719837998,199,199,1.0,814.7427233073397,0.3527347082714357,deployment_scaling,small_plus,8,5,3,8,8,1.0,15.0,0.7,0.7,0.2,0.1,0.7,0.3,0.0506470019972766
inspiral,200,3.0,reference,4,PBQS,NonSharable,PBQS-NonSharable,419.5820650970464,839.164130194093,1,3.0000000000000004,downstream_reserved,1,queue_aware,1,1,1,0.0,1258.7461952911394,1258.7461952911394,3.0000000000000004,8,8,1,1,1.0,0.0005171800003154,0,133,2,1.4962406015037597,"{""1"":67,""2"":66}",0,0.0,0,166,33,0,0,0,0,0,0,0.0,0.0,0,0,0,0,0.0,0.0,0.255,608.226273703617,894.9752350917489,1087.134119598314,0.1860513237800365,0.1429586269561349,0.2291440206039382,0.3764466616279239,0.1105867452652711,0.240038391631104,0.0591020607126287,0.1065924874144435,0.0013871309722161,0.0035867343951133,18,1,1,1,1,0.0,608.226273703617,0.8341708542713567,33,0.0747797500225715,0.0001229472537699,0.0,11.173060558000904,0.407,10.766060558000904,10.0789268982199,745.3643900232894,608.226273703617,199,199,1.0,650.5199215875224,0.4832000890878072,deployment_scaling,small_plus,8,5,3,8,8,1.0,15.0,0.7,0.7,0.2,0.1,0.7,0.3,0.0943913650007743
inspiral,200,3.0,reference,4,PBQS,Sharable,PBQS-Sharable,419.5820650970464,839.164130194093,1,3.0000000000000004,downstream_reserved,1,queue_aware,1,1,1,0.0,1258.7461952911394,1258.7461952911394,3.0000000000000004,8,8,1,1,1.0,0.0005156369988981,0,133,2,1.4962406015037597,"{""1"":67,""2"":66}",0,0.0,0,175,24,0,0,0,0,0,0,0.0,0.0,0,0,0,0,0.0,0.0,0.19,688.8029647696842,794.7459529888658,886.6755553925478,0.2532365240339387,0.1945825755791836,0.3118904724886937,0.5176141597383955,0.1220627803485815,0.2234213281799135,0.065235321263946,0.1160255531001971,0.0012200968665133,0.0023165701985098,11,1,1,1,1,0.0,688.8029647696842,0.8793969849246231,24,0.0708173049824836,0.000102812137294,0.0,8.124089900955216,0.329,7.795089900955216,178.6308662107584,745.3643900232895,688.8029647696842,199,199,1.0,569.9432305214552,0.5472135426080623,deployment_scaling,small_plus,8,5,3,8,8,1.0,15.0,0.7,0.7,0.2,0.1,0.7,0.3,0.0891454230004455
inspiral,200,3.0,reference,5,HDS,NonSharable,HDS-NonSharable,387.97927253336127,775.9585450667224,1,3.0,downstream_reserved,1,idle_only,1,1,1,0.0,1163.9378176000837,1163.9378176000837,3.0,8,8,1,1,1.0,0.0002246240001113,0,133,2,1.4962406015037597,"{""1"":67,""2"":66}",0,0.0,17,182,17,0,0,0,0,0,0,0.0,0.0,0,0,0,0,0.0,0.0,0.16,443.1140054067783,667.3229662157245,1080.9811087341482,0.2410630252156663,0.1621312914388616,0.319994758992471,0.5374660514023278,0.1006683391183031,0.1467434617987988,0.0577534915608281,0.0913736352064309,0.0027846214776109,0.0052144387557541,8,1,1,1,1,0.0,443.1140054067783,0.914572864321608,17,0.0147787339592468,3.335199018518954e-05,0.0,7.056973071739992,0.495,6.561973071739992,6.446061201667687,548.2153724303744,443.1140054067783,199,199,1.0,720.8238121933055,0.3807024728524006,deployment_scaling,small_plus,8,5,3,8,8,1.0,15.0,0.7,0.7,0.2,0.1,0.7,0.3,0.0342790670001704
inspiral,200,3.0,reference,5,HDS,Sharable,HDS-Sharable,387.97927253336127,775.9585450667224,1,3.0,downstream_reserved,1,idle_only,1,1,1,0.0,1163.9378176000837,1163.9378176000837,3.0,8,8,1,1,1.0,0.0002177739988837,0,133,2,1.4962406015037597,"{""1"":67,""2"":66}",0,0.0,17,182,17,0,0,0,0,0,0,0.0,0.0,0,0,0,0,0.0,0.0,0.16,443.1140054067783,667.3229662157245,1080.9811087341482,0.2410630252156663,0.1621312914388616,0.319994758992471,0.5374660514023278,0.1006683391183031,0.1467434617987988,0.0577534915608281,0.0913736352064309,0.0027846214776109,0.0052144387557541,8,1,1,1,1,0.0,443.1140054067783,0.914572864321608,17,0.0146435899987409,3.304700329951912e-05,0.0,7.056973071739992,0.495,6.561973071739992,6.446061201667687,548.2153724303744,443.1140054067783,199,199,1.0,720.8238121933055,0.3807024728524006,deployment_scaling,small_plus,8,5,3,8,8,1.0,15.0,0.7,0.7,0.2,0.1,0.7,0.3,0.0345681580001837
inspiral,200,3.0,reference,5,PBQS,NonSharable,PBQS-NonSharable,387.97927253336127,775.9585450667224,1,3.0,downstream_reserved,1,queue_aware,1,1,1,0.0,1163.9378176000837,1163.9378176000837,3.0,8,8,1,1,1.0,0.0003691400015668,0,133,2,1.4962406015037597,"{""1"":67,""2"":66}",0,0.0,0,171,28,0,0,0,0,0,0,0.0,0.0,0,0,0,0,0.0,0.0,0.24,520.3074458034706,829.0755380233907,1057.1305154118609,0.1947923342748413,0.1377610495613702,0.2518236189883125,0.3871834192063739,0.0837365441089708,0.1658738750893731,0.0492160483134499,0.0906418619722801,0.0014594872628395,0.0052018483451025,20,1,1,1,1,0.0,520.3074458034706,0.8592964824120602,28,0.0699360020080348,0.0001344128410463,0.0,11.044597812654136,0.435,10.609597812654137,7.868627471191472,650.4681442667082,520.3074458034706,199,199,1.0,643.6303717966131,0.4470234044601192,deployment_scaling,small_plus,8,5,3,8,8,1.0,15.0,0.7,0.7,0.2,0.1,0.7,0.3,0.0893813339971529
inspiral,200,3.0,reference,5,PBQS,Sharable,PBQS-Sharable,387.97927253336127,775.9585450667224,1,3.0,downstream_reserved,1,queue_aware,1,1,1,0.0,1163.9378176000837,1163.9378176000837,3.0,8,8,1,1,1.0,0.0003924550001102,0,133,2,1.4962406015037597,"{""1"":67,""2"":66}",0,0.0,0,178,21,0,0,0,0,0,0,0.0,0.0,0,0,0,0,0.0,0.0,0.17,598.8324911766992,657.4227613390148,713.824962043109,0.2639121948239787,0.1866440026315338,0.3411803870164235,0.5162445589418321,0.1091342270861158,0.1600027959986674,0.0641435044886916,0.0847943839551213,0.0013174551533253,0.0026018474315695,12,1,1,1,1,0.0,598.8324911766992,0.8944723618090452,21,0.07168796199403,0.0001197128797289,0.0,8.025386622423158,0.276,7.749386622423158,145.63006729568812,650.4681442667084,598.8324911766992,199,199,1.0,565.1053264233844,0.5144883877142409,deployment_scaling,small_plus,8,5,3,8,8,1.0,15.0,0.7,0.7,0.2,0.1,0.7,0.3,0.0899312029978318
montage,200,3.0,reference,1,HDS,NonSharable,HDS-NonSharable,272.9981987425032,545.9963974850064,1,3.0,downstream_reserved,1,idle_only,1,1,1,0.0,818.9945962275095,818.9945962275095,3.0,8,8,1,1,1.0,0.0002300220003235,0,88,4,2.363636363636364,"{""1"":48,""4"":40}",22,0.11,4,174,26,10,3,4,7,54,260,0.0067396569975244,4.548771252152256e-13,0,0,0,22,0.0,0.0,0.265,356.45431214483733,1169.389260562508,1815.248315281368,0.1880727476704441,0.1354706174316962,0.240674877909192,0.4139157172432887,0.0991576059735772,0.2213622703386459,0.0539369634365847,0.1054258291456514,0.0024216721421088,0.0097083582256242,19,1,1,1,1,0.0,356.45431214483733,0.87,26,0.0770625820041459,0.0002161920318496,0.0498219440014509,12.08272163770786,0.8485,11.23422163770786,9.24426155506718,645.7085188995304,356.45431214483733,200,200,1.0,462.5402840826722,0.435234022039649,deployment_scaling,small_plus,8,5,3,8,8,1.0,15.0,0.7,0.7,0.2,0.1,0.7,0.3,0.1001735360005113
montage,200,3.0,reference,1,HDS,Sharable,HDS-Sharable,272.9981987425032,545.9963974850064,1,3.0,downstream_reserved,1,idle_only,1,1,1,0.0,818.9945962275095,818.9945962275095,3.0,8,8,1,1,1.0,0.000301889002003,0,85,4,2.411764705882353,"{""1"":45,""4"":40}",20,0.1,13,167,33,10,3,4,7,75,295,0.0175739299993438,0.0,0,0,0,20,2.8421709430404014e-14,2.8421709430404014e-14,0.21,362.6228734243596,1161.1288302013156,1847.813440039052,0.1898497055124677,0.1346104512959702,0.2450889597289651,0.4253323367608974,0.1066177963652242,0.2119924604656334,0.0605220424944769,0.1232012397908614,0.0025526389803298,0.0094021544855973,18,1,1,1,1,0.0,362.6228734243596,0.835,25,0.0989084530119726,0.0002727584503369,0.0733755589935754,12.022638194818322,0.8545,11.168138194818322,27.200017268543387,637.9985051413462,362.6228734243596,200,200,1.0,456.37172280315,0.4427658925891449,deployment_scaling,small_plus,8,5,3,8,8,1.0,15.0,0.7,0.7,0.2,0.1,0.7,0.3,0.1219352719999733
montage,200,3.0,reference,1,PBQS,NonSharable,PBQS-NonSharable,272.9981987425032,545.9963974850064,1,3.0,downstream_reserved,1,queue_aware,1,1,1,0.0,818.9945962275095,818.9945962275095,3.0,8,8,1,1,1.0,0.0003610980020312,0,83,4,2.4457831325301207,"{""1"":43,""4"":40}",0,0.0,0,168,32,0,0,0,0,0,0,0.0,0.0,0,0,0,0,0.0,0.0,0.275,383.5757623199268,1222.7933717594192,1678.0208226157704,0.1826058047524659,0.134079195887573,0.2311324136173587,0.3713082512426226,0.1126121095584389,0.3575959067877328,0.0646966946696845,0.1702131966904928,0.0016623480545252,0.0067934587229412,24,1,1,1,1,0.0,383.5757623199268,0.84,32,0.0723928910010727,0.0001887316616754,0.0,12.413954527283147,0.7525000000000001,11.66145452728315,16.381045419358852,712.9118423858356,383.5757623199268,200,200,1.0,435.4188339075828,0.4683495643155291,deployment_scaling,small_plus,8,5,3,8,8,1.0,15.0,0.7,0.7,0.2,0.1,0.7,0.3,0.0943604290005168
montage,200,3.0,reference,1,PBQS,Sharable,PBQS-Sharable,272.9981987425032,545.9963974850064,1,3.0,downstream_reserved,1,queue_aware,1,1,1,0.0,818.9945962275095,818.9945962275095,3.0,8,8,1,1,1.0,0.000434576999396,0,81,4,2.4814814814814814,"{""1"":41,""4"":40}",0,0.0,0,180,20,0,0,0,0,0,0,0.0,0.0,0,0,0,0,0.0,0.0,0.15,530.1212483588032,894.7198047729363,1021.8736886428048,0.2921692876039455,0.2145267134201169,0.369811861787774,0.5940932019881965,0.1425932894259699,0.2072248451119673,0.0819211587822226,0.1184486151019765,0.0018965655674954,0.003500408562795,10,1,1,1,1,0.0,530.1212483588032,0.9,20,0.0763532949895307,0.000144029870951,0.0,9.425365991391288,0.3885,9.036865991391286,436.6853980552801,712.9118423858358,530.1212483588032,200,200,1.0,288.87334786870633,0.6472829623060665,deployment_scaling,small_plus,8,5,3,8,8,1.0,15.0,0.7,0.7,0.2,0.1,0.7,0.3,0.0956274960008158
montage,200,3.0,reference,2,HDS,NonSharable,HDS-NonSharable,261.9171200229772,523.8342400459544,1,3.0,downstream_reserved,1,idle_only,1,1,1,0.0,785.7513600689316,785.7513600689316,3.0,8,8,1,1,1.0,0.0002880489992094,0,84,4,2.4285714285714284,"{""1"":44,""4"":40}",21,0.105,5,174,26,12,3,4,7,54,260,0.0076127570027892,2.3574585250414946e-13,0,0,0,21,1.5099033134902132e-14,1.4210854715202004e-14,0.205,337.19491278781703,1204.757681269079,1736.3498077687195,0.2034915004114913,0.1465890711144371,0.2603939297085454,0.4141443083628658,0.0963205225424166,0.1545271844190847,0.0553008403298035,0.0869442625862417,0.0015746277062936,0.0073644118237672,30,1,1,1,1,0.0,337.19491278781703,0.87,26,0.0844548980130639,0.0002504631440457,0.0559831879945704,12.4624565509115,0.7865,11.6759565509115,8.580499808100196,646.0651210460705,337.19491278781703,200,200,1.0,448.5564472811146,0.4291369126720136,deployment_scaling,small_plus,8,5,3,8,8,1.0,15.0,0.7,0.7,0.2,0.1,0.7,0.3,0.1077787209978851
montage,200,3.0,reference,2,HDS,Sharable,HDS-Sharable,261.9171200229772,523.8342400459544,1,3.0,downstream_reserved,1,idle_only,1,1,1,0.0,785.7513600689316,785.7513600689316,3.0,8,8,1,1,1.0,0.0002195669985667,0,82,4,2.463414634146341,"{""1"":42,""4"":40}",22,0.11,12,166,34,10,3,4,7,75,295,0.019092262002232,0.0,0,0,0,22,2.5845992013273644e-13,5.684341886080803e-14,0.205,345.69147670119395,1190.98507653748,1817.0938501352744,0.2048469995856917,0.1455030151933747,0.2641909839780088,0.426644035074168,0.0948956131530531,0.1757616597716592,0.0535615512632254,0.0989248444138728,0.002397317697851,0.0089579761663855,20,1,1,1,1,0.0,345.69147670119395,0.83,24,0.1461319290028768,0.0004227235522187,0.1195250429991574,12.388275713058707,0.8225,11.565775713058708,40.79656676722495,614.367410506802,345.69147670119395,200,200,1.0,440.05988336773765,0.4399502110576906,deployment_scaling,small_plus,8,5,3,8,8,1.0,15.0,0.7,0.7,0.2,0.1,0.7,0.3,0.1699437450006371
montage,200,3.0,reference,2,PBQS,NonSharable,PBQS-NonSharable,261.9171200229772,523.8342400459544,1,3.0,downstream_reserved,1,queue_aware,1,1,1,0.0,785.7513600689316,785.7513600689316,3.0,8,8,1,1,1.0,0.0007008140019024,0,83,4,2.4457831325301207,"{""1"":43,""4"":40}",0,0.0,0,164,36,0,0,0,0,0,0,0.0,0.0,0,0,0,0,0.0,0.0,0.275,347.299605747085,1261.370719694559,1685.692849521452,0.1705889249404336,0.124176315721285,0.2170015341595821,0.3160723615648363,0.1039757652884215,0.1821609390573588,0.0610787370123836,0.1141727988132953,0.0013544708983645,0.0057446144573561,33,1,1,1,1,0.0,347.299605747085,0.82,36,0.0717021530072088,0.0002064561888947,0.0,12.87136085831534,0.7425,12.12886085831534,12.18769754996173,682.7163009800464,347.299605747085,200,200,1.0,438.4517543218466,0.441996824181911,deployment_scaling,small_plus,8,5,3,8,8,1.0,15.0,0.7,0.7,0.2,0.1,0.7,0.3,0.0939357559982454
montage,200,3.0,reference,2,PBQS,Sharable,PBQS-Sharable,261.9171200229772,523.8342400459544,1,3.0,downstream_reserved,1,queue_aware,1,1,1,0.0,785.7513600689316,785.7513600689316,3.0,8,8,1,1,1.0,0.0004474170018511,0,80,4,2.5,"{""1"":40,""4"":40}",0,0.0,0,180,20,0,0,0,0,0,0,0.0,0.0,0,0,0,0,0.0,0.0,0.155,528.618179228284,916.5206687877863,980.080230002061,0.301361284463951,0.2201824028601702,0.3825401660677318,0.5720131251717528,0.1388491411080096,0.2338980264698968,0.0809169889158304,0.1421285327054349,0.0016988610079751,0.0023835603343699,11,1,1,1,1,0.0,528.618179228284,0.9,20,0.0779498480005713,0.0001474596430156,0.0,9.738560451061158,0.3685,9.37006045106116,544.5261958037876,686.4157502061034,528.618179228284,200,200,1.0,257.1331808406476,0.6727550292523959,deployment_scaling,small_plus,8,5,3,8,8,1.0,15.0,0.7,0.7,0.2,0.1,0.7,0.3,0.0969052389991702
montage,200,3.0,reference,3,HDS,NonSharable,HDS-NonSharable,259.04862361733734,518.0972472346746,1,3.0,downstream_reserved,1,idle_only,1,1,1,0.0,777.145870852012,777.145870852012,3.0,8,8,1,1,1.0,0.0003008380008395,0,87,4,2.3793103448275863,"{""1"":47,""4"":40}",19,0.095,7,174,26,9,3,4,7,54,260,0.0064802400011103,0.0,0,0,0,19,4.440892098500626e-16,4.440892098500626e-16,0.215,335.89817981654056,1136.0643433391106,1804.4936696449329,0.1860379921193801,0.1377824318139539,0.2342935524248063,0.3850235797521406,0.1020531707248897,0.261326047670308,0.0550908491530154,0.1301027895988155,0.0022973570438663,0.0109011371855835,21,1,1,1,1,0.0,335.89817981654056,0.87,26,0.0734977379870542,0.0002188095750539,0.0441965550162422,11.736304427445363,0.8785000000000001,10.857804427445364,8.91330776496354,600.6367844133393,335.89817981654056,200,200,1.0,441.2476910354714,0.4322202464362112,deployment_scaling,small_plus,8,5,3,8,8,1.0,15.0,0.7,0.7,0.2,0.1,0.7,0.3,0.0989600590000918
montage,200,3.0,reference,3,HDS,Sharable,HDS-Sharable,259.04862361733734,518.0972472346746,1,3.0,downstream_reserved,1,idle_only,1,1,1,0.0,777.145870852012,777.145870852012,3.0,8,8,1,1,1.0,0.0003036620000784,0,86,4,2.395348837209302,"{""1"":46,""4"":40}",28,0.14,10,162,38,13,3,4,7,75,295,0.0211864949997107,0.0,0,0,0,28,8.828493491819246e-13,2.842170943040401e-13,0.19,367.29569041471046,1109.4785889051664,1801.7349346645397,0.1976516634388448,0.1446910156959516,0.250612311181738,0.4304510251309946,0.0880498916935436,0.2684292032793114,0.048691443264744,0.133603417645241,0.0027537705962082,0.0088813731278315,16,1,1,1,1,0.0,367.29569041471046,0.81,23,0.1380085719865746,0.0003757424211287,0.1106127509956422,11.483618391973812,0.8385,10.645118391973812,52.538340809963536,594.0224146807725,367.29569041471046,200,200,1.0,409.8501804373015,0.4726212982538676,deployment_scaling,small_plus,8,5,3,8,8,1.0,15.0,0.7,0.7,0.2,0.1,0.7,0.3,0.1619509219999599
montage,200,3.0,reference,3,PBQS,NonSharable,PBQS-NonSharable,259.04862361733734,518.0972472346746,1,3.0,downstream_reserved,1,queue_aware,1,1,1,0.0,777.145870852012,777.145870852012,3.0,8,8,1,1,1.0,0.0005252830014796,0,84,4,2.4285714285714284,"{""1"":44,""4"":40}",0,0.0,0,169,31,0,0,0,0,0,0,0.0,0.0,0,0,0,0,0.0,0.0,0.25,369.5976884335505,1216.1977215917575,1685.7799814510502,0.1816452767094859,0.1366668185892817,0.22662373482969,0.3645803798786163,0.1149279666235848,0.2927850287700729,0.0666801710939041,0.156359851814395,0.0014741443398899,0.0061999650818336,28,1,1,1,1,0.0,369.5976884335505,0.845,31,0.0751041739858919,0.0002032052048382,0.0,12.27737145346654,0.7785,11.498871453466542,17.40602773966768,678.1195065742264,369.5976884335505,200,200,1.0,407.5481824184615,0.4755834165706211,deployment_scaling,small_plus,8,5,3,8,8,1.0,15.0,0.7,0.7,0.2,0.1,0.7,0.3,0.0976528710016282
montage,200,3.0,reference,3,PBQS,Sharable,PBQS-Sharable,259.04862361733734,518.0972472346746,1,3.0,downstream_reserved,1,queue_aware,1,1,1,0.0,777.145870852012,777.145870852012,3.0,8,8,1,1,1.0,0.0006343550012388,0,80,4,2.5,"{""1"":40,""4"":40}",0,0.0,0,180,20,0,0,0,0,0,0,0.0,0.0,0,0,0,0,0.0,0.0,0.17,523.7968796196824,825.242630055937,903.8697983794096,0.2881269906426328,0.2167818501761021,0.3594721311091635,0.5650995888118554,0.1419155913161454,0.2218794754372186,0.0823381478665369,0.1224561764604627,0.0015620642306826,0.0023742024232235,11,1,1,1,1,0.0,523.7968796196824,0.9,20,0.0847894869984884,0.0001618747462948,0.0,8.725730721179977,0.3545,8.371230721179977,511.29783868032274,678.1195065742265,523.7968796196824,200,200,1.0,253.3489912323296,0.6740007240152042,deployment_scaling,small_plus,8,5,3,8,8,1.0,15.0,0.7,0.7,0.2,0.1,0.7,0.3,0.1062421169990557
montage,200,3.0,reference,4,HDS,NonSharable,HDS-NonSharable,283.5046243431832,567.0092486863664,1,3.0,downstream_reserved,1,idle_only,1,1,1,0.0,850.5138730295496,850.5138730295496,3.0,8,8,1,1,1.0,0.0002273889986099,0,87,4,2.4022988505747125,"{""1"":46,""3"":1,""4"":40}",16,0.08,9,175,25,7,3,4,7,54,260,0.0077981619979254,1.1263705455116129e-06,0,0,0,16,8.881784197001252e-16,8.881784197001252e-16,0.225,374.4505158365711,1209.477507743263,1870.0392768775805,0.2020766203685031,0.1511947978530281,0.2529584428839782,0.43737903959231,0.1006312938231474,0.1390230049487651,0.0514114035603428,0.0689069207018503,0.0020393842306889,0.0063434495899187,22,1,1,1,1,0.0,374.4505158365711,0.875,25,0.0705515129920968,0.0001884134485286,0.0427670959979877,12.394272344675157,0.8785000000000001,11.515772344675154,9.227460868538964,656.068559388465,374.4505158365711,200,200,1.0,476.0633571929785,0.4402638542540992,deployment_scaling,small_plus,8,5,3,8,8,1.0,15.0,0.7,0.7,0.2,0.1,0.7,0.3,0.0937712710001505
montage,200,3.0,reference,4,HDS,Sharable,HDS-Sharable,283.5046243431832,567.0092486863664,1,3.0,downstream_reserved,1,idle_only,1,1,1,0.0,850.5138730295496,850.5138730295496,3.0,8,8,1,1,1.0,0.0002258659988001,0,86,4,2.4186046511627906,"{""1"":45,""3"":1,""4"":40}",17,0.085,17,166,34,8,3,4,7,75,295,0.0196941680005693,0.0,0,0,0,17,4.272138198757602e-13,2.557953848736361e-13,0.22,387.0891835827047,1186.0244737341363,1821.6140556425096,0.1958880898656387,0.1463498535396744,0.2454263261916029,0.4189504325289249,0.1115435117880693,0.1840347129672248,0.0565886762880007,0.0875408500819153,0.0023555962214586,0.0070600883827976,18,1,1,1,1,0.0,387.0891835827047,0.83,26,0.0911483380041318,0.0002354711572162,0.0654085550013405,12.13864807260214,0.8105,11.328148072602142,29.82168102010569,653.5626747451229,387.0891835827047,200,200,1.0,463.42468944684487,0.4551238913997773,deployment_scaling,small_plus,8,5,3,8,8,1.0,15.0,0.7,0.7,0.2,0.1,0.7,0.3,0.1146292929988703
montage,200,3.0,reference,4,PBQS,NonSharable,PBQS-NonSharable,283.5046243431832,567.0092486863664,1,3.0,downstream_reserved,1,queue_aware,1,1,1,0.0,850.5138730295496,850.5138730295496,3.0,8,8,1,1,1.0,0.0003659450012492,0,86,4,2.4069767441860463,"{""1"":45,""2"":1,""4"":40}",0,0.0,0,167,33,0,0,0,0,0,0,0.0,0.0,0,0,0,0,0.0,0.0,0.295,401.8324155910537,1150.5960093495164,1587.6802323821712,0.1752112007373845,0.1342411852624526,0.2161812162123164,0.3566326921710292,0.1101904307606577,0.1884158031191762,0.0560787547283917,0.098334907342087,0.0014475083221344,0.0051263884519288,25,1,1,1,1,0.0,401.8324155910537,0.835,33,0.0751453890006814,0.0001870067871208,0.0,11.793220357525184,0.7485,11.044720357525184,20.950350765686544,706.1327304986379,401.8324155910537,200,200,1.0,448.6814574384959,0.4724583905489014,deployment_scaling,small_plus,8,5,3,8,8,1.0,15.0,0.7,0.7,0.2,0.1,0.7,0.3,0.0975281559985887
montage,200,3.0,reference,4,PBQS,Sharable,PBQS-Sharable,283.5046243431832,567.0092486863664,1,3.0,downstream_reserved,1,queue_aware,1,1,1,0.0,850.5138730295496,850.5138730295496,3.0,8,8,1,1,1.0,0.00040461199751,0,82,4,2.475609756097561,"{""1"":41,""2"":1,""4"":40}",0,0.0,0,180,20,0,0,0,0,0,0,0.0,0.0,0,0,0,0,0.0,0.0,0.175,547.8486534791847,784.9097722865257,856.3077582561898,0.2920186678956409,0.2237353087707544,0.3603020270205273,0.5884439420821981,0.1414380626860449,0.2750714173127617,0.0719814812581849,0.1339675675376665,0.0015862801329507,0.0036209114631905,10,1,1,1,1,0.0,547.8486534791847,0.9,20,0.0775939269842638,0.0001416338736829,0.0,8.451730461021256,0.3325,8.119230461021257,475.5665530706394,706.1327304986377,547.8486534791847,200,200,1.0,302.6652195503649,0.6441384095567253,deployment_scaling,small_plus,8,5,3,8,8,1.0,15.0,0.7,0.7,0.2,0.1,0.7,0.3,0.1259314630005974
montage,200,3.0,reference,5,HDS,NonSharable,HDS-NonSharable,261.6343347890429,523.268669578086,1,3.0,downstream_reserved,1,idle_only,1,1,1,0.0,784.9030043671289,784.9030043671289,3.0,8,8,1,1,1.0,0.0002326670000911,0,89,4,2.348314606741573,"{""1"":49,""4"":40}",17,0.085,10,173,27,7,3,4,7,54,260,0.0082639169995673,8.212995889655854e-14,0,0,0,17,4.440892098500626e-16,4.440892098500626e-16,0.22,339.8686116984256,1125.7609832596972,1722.9728155197108,0.1836442878816358,0.1265339647503011,0.2407546110129706,0.3741491550927552,0.0920414940998896,0.1450057212415034,0.0543225450361114,0.0806157494167415,0.0020199404581103,0.0083817381200174,23,1,1,1,1,0.0,339.8686116984256,0.865,27,0.0705789540006662,0.0002076654082528,0.0419440519981435,11.836635603783336,0.8245,11.012135603783335,8.87546401871716,606.1216312502635,339.8686116984256,200,200,1.0,445.0343926687033,0.433007148408692,deployment_scaling,small_plus,8,5,3,8,8,1.0,15.0,0.7,0.7,0.2,0.1,0.7,0.3,0.0945520140012377
montage,200,3.0,reference,5,HDS,Sharable,HDS-Sharable,261.6343347890429,523.268669578086,1,3.0,downstream_reserved,1,idle_only,1,1,1,0.0,784.9030043671289,784.9030043671289,3.0,8,8,1,1,1.0,0.000341594000929,0,88,4,2.386363636363636,"{""1"":46,""2"":2,""4"":40}",15,0.075,16,169,31,9,3,4,7,75,295,0.0080361670006823,0.0,0,0,0,15,2.717825964282383e-13,1.2789769243681806e-13,0.21,342.93031727426427,1109.4999979847416,1867.9202868361335,0.1902857137116066,0.1284419869708508,0.2521294404523623,0.4186624599851575,0.0930738605840613,0.163394583303099,0.0557007269538038,0.1129664521317991,0.0029073665095502,0.0100595429676478,17,1,1,1,1,0.0,342.93031727426427,0.845,23,0.0691678390248853,0.0002016964833399,0.0413890900017577,11.772547721583692,0.8905000000000001,10.882047721583692,30.0783631814584,577.7541947795173,342.93031727426427,200,200,1.0,441.9726870928647,0.4369078922697851,deployment_scaling,small_plus,8,5,3,8,8,1.0,15.0,0.7,0.7,0.2,0.1,0.7,0.3,0.0929243950013187
montage,200,3.0,reference,5,PBQS,NonSharable,PBQS-NonSharable,261.6343347890429,523.268669578086,1,3.0,downstream_reserved,1,queue_aware,1,1,1,0.0,784.9030043671289,784.9030043671289,3.0,8,8,1,1,1.0,0.0003909519982698,0,89,4,2.359550561797753,"{""1"":48,""2"":1,""4"":40}",0,0.0,0,168,32,0,0,0,0,0,0,0.0,0.0,0,0,0,0,0.0,0.0,0.255,362.5510208560039,1152.2502979424214,1634.2718856095917,0.1686707882541063,0.1175574713050315,0.2197841052031811,0.335736887140208,0.0856858685790854,0.1808291102010613,0.0524856209294459,0.1092517451541612,0.0016637904134957,0.0060362662452962,25,1,1,1,1,0.0,362.5510208560039,0.84,32,0.0747770560083154,0.0002062525043558,0.0,11.93255012124513,0.7085,11.22405012124513,25.22101809123058,644.6148233091994,362.5510208560039,200,200,1.0,422.351983511125,0.4619055078637781,deployment_scaling,small_plus,8,5,3,8,8,1.0,15.0,0.7,0.7,0.2,0.1,0.7,0.3,0.0972871519988984
montage,200,3.0,reference,5,PBQS,Sharable,PBQS-Sharable,261.6343347890429,523.268669578086,1,3.0,downstream_reserved,1,queue_aware,1,1,1,0.0,784.9030043671289,784.9030043671289,3.0,8,8,1,1,1.0,0.000462077998236,0,81,4,2.4814814814814814,"{""1"":41,""4"":40}",0,0.0,0,180,20,0,0,0,0,0,0,0.0,0.0,0,0,0,0,0.0,0.0,0.17,529.431469501724,795.457239121267,910.5525013249936,0.2796408508625337,0.1949069398156251,0.3643747619094424,0.5382059994263367,0.1177597310781314,0.1529985805170226,0.0723107532808201,0.1091379942765393,0.001595273469319,0.0024414117234299,11,1,1,1,1,0.0,529.431469501724,0.9,20,0.0770020129966724,0.0001454428333645,0.0,8.726205650675894,0.3565,8.369705650675893,486.78708874922864,645.8471993116041,529.431469501724,200,200,1.0,255.4715348654049,0.6745183373690958,deployment_scaling,small_plus,8,5,3,8,8,1.0,15.0,0.7,0.7,0.2,0.1,0.7,0.3,0.0963411329976224
cybershake,800,3.0,reference,1,HDS,NonSharable,HDS-NonSharable,1159.9766646486316,2319.953329297264,1,3.0,downstream_reserved,1,idle_only,1,1,1,0.0,3479.929993945895,3479.929993945895,3.0,40,40,1,1,1.0,0.0149307239989866,0,356,4,2.247191011235955,"{""1"":178,""2"":1,""3"":88,""4"":89}",45,0.05625,56,699,101,21,3,36,39,246,1900,0.0976384999994479,2.2943971997282265e-11,0,0,0,45,0.0,0.0,0.86,1471.0550754600956,4374.670309481361,6726.51297268568,0.1943132151783627,0.1399660347950487,0.2486603955616768,0.4210666346659647,0.0369692499861335,0.1595610922648137,0.0204421484480493,0.0893861179800102,0.000517578253222,0.0048768166089647,73,1,1,1,1,0.0,1471.0550754600956,0.87375,101,3.166940845971112,0.0021528363545332,1.1755786669964436,39.0431953222261,2.8385,36.2046953222261,37.43655385434053,2551.6638060757464,1471.0550754600956,800,800,1.0,2008.8749184857995,0.4227254795410597,deployment_scaling,xlarge,40,24,16,40,40,1.0,15.0,0.7,0.7,0.2,0.1,0.7,0.3,3.6971005190025608
cybershake,800,3.0,reference,1,HDS,Sharable,HDS-Sharable,1159.9766646486316,2319.953329297264,1,3.0,downstream_reserved,1,idle_only,1,1,1,0.0,3479.929993945895,3479.929993945895,3.0,40,40,1,1,1.0,0.0142473160012741,0,356,4,2.247191011235955,"{""1"":178,""2"":1,""3"":88,""4"":89}",35,0.04375,71,694,106,17,3,36,39,363,2095,0.2098203429995919,2.339143428453013e-13,0,0,0,35,1.4210854715202004e-12,6.821210263296962e-13,0.8150000000000001,1517.5670153943795,4337.136914021775,6804.6193667755615,0.2057712970482418,0.1475337491218108,0.2640088449746728,0.4510569841482992,0.0351392434692265,0.1612387468159236,0.0196678247801842,0.1024900486962041,0.0005415633795164,0.0051975172092696,69,1,1,1,1,0.0,1517.5670153943795,0.8675,94,3.396954880969133,0.0022384216621144,1.3646027389986557,39.066035227147374,2.9105,36.155535227147375,79.34193414409124,2543.961390596408,1517.5670153943795,800,800,1.0,1962.362978551516,0.4360912483971004,deployment_scaling,xlarge,40,24,16,40,40,1.0,15.0,0.7,0.7,0.2,0.1,0.7,0.3,3.938702594998176
cybershake,800,3.0,reference,1,PBQS,NonSharable,PBQS-NonSharable,1159.9766646486316,2319.953329297264,1,3.0,downstream_reserved,1,queue_aware,1,1,1,0.0,3479.929993945895,3479.929993945895,3.0,40,40,1,1,1.0,0.028890883000713,0,356,4,2.247191011235955,"{""1"":178,""2"":1,""3"":88,""4"":89}",0,0.0,0,673,127,0,0,0,0,0,0,0.0,0.0,0,0,0,0,0.0,0.0,0.965,1605.3531722533294,4560.640635406406,6065.077599762241,0.184106359574194,0.1350487309369511,0.2331639882114369,0.372979208788993,0.08282750857328,0.2308170122067696,0.0483942902124672,0.1308719364127426,0.0007897766674547,0.0044209480120279,41,1,1,1,1,0.0,1605.3531722533294,0.84125,127,30.75491674901059,0.0191577263374649,0.0,41.06345098317927,2.5245,38.53895098317926,41.855360098286255,2842.101570972127,1605.3531722533294,800,800,1.0,1874.5768216925655,0.461317663012243,deployment_scaling,xlarge,40,24,16,40,40,1.0,15.0,0.7,0.7,0.2,0.1,0.7,0.3,31.235329974002525
cybershake,800,3.0,reference,1,PBQS,Sharable,PBQS-Sharable,1159.9766646486316,2319.953329297264,1,3.0,downstream_reserved,1,queue_aware,1,1,1,0.0,3479.929993945895,3479.929993945895,3.0,40,40,1,1,1.0,0.0285162549989763,0,356,4,2.247191011235955,"{""1"":178,""2"":1,""3"":88,""4"":89}",0,0.0,0,723,77,0,0,0,0,0,0,0.0,0.0,0,0,0,0,0.0,0.0,0.585,2230.024965971585,3349.956777783103,3643.709884515637,0.308458900690097,0.2262658562189269,0.3906519451612672,0.615173500210417,0.1341584344348594,0.2127139827895791,0.0783858203913828,0.127094210523803,0.0011829868255439,0.0027924525751478,12,1,1,1,1,0.0,2230.024965971585,0.90375,77,30.892316882996965,0.0138529018080018,0.0,29.765647106811645,1.3895,28.376147106811644,1677.6783966664193,2842.1015709721264,2230.024965971585,800,800,1.0,1249.90502797431,0.6408246630970177,deployment_scaling,xlarge,40,24,16,40,40,1.0,15.0,0.7,0.7,0.2,0.1,0.7,0.3,31.19120210500114
cybershake,800,3.0,reference,2,HDS,NonSharable,HDS-NonSharable,1174.7305678098037,2349.4611356196065,1,3.0,downstream_reserved,1,idle_only,1,1,1,0.0,3524.19170342941,3524.19170342941,3.0,40,40,1,1,1.0,0.0143554780006525,0,356,4,2.247191011235955,"{""1"":178,""2"":1,""3"":88,""4"":89}",49,0.06125,46,705,95,22,3,36,39,246,1900,0.1172987820027628,2.1662172065302467e-13,0,0,0,49,1.7763568394002505e-15,8.881784197001252e-16,0.865,1400.6258270874855,4198.493702941178,7048.206662007939,0.1876009123617577,0.1293501541236878,0.2458516705998276,0.4170795994092551,0.029262172372697,0.102070980908025,0.0165949364842172,0.0638841300354691,0.0005016835746921,0.0051093367594599,82,1,1,1,1,0.0,1400.6258270874855,0.88125,95,3.3426869089962565,0.0023865666649508,1.393912273011665,37.79429955389158,3.0425,34.75179955389158,36.6224883148056,2377.353716632754,1400.6258270874855,800,800,1.0,2123.565876341924,0.3974317928631774,deployment_scaling,xlarge,40,24,16,40,40,1.0,15.0,0.7,0.7,0.2,0.1,0.7,0.3,3.915849648998119
cybershake,800,3.0,reference,2,HDS,Sharable,HDS-Sharable,1174.7305678098037,2349.4611356196065,1,3.0,downstream_reserved,1,idle_only,1,1,1,0.0,3524.19170342941,3524.19170342941,3.0,40,40,1,1,1.0,0.0152665639980114,0,356,4,2.247191011235955,"{""1"":178,""2"":1,""3"":88,""4"":89}",53,0.06625,61,686,114,25,3,36,39,363,2095,0.1451171849985257,1.398416463406273e-13,0,0,0,53,3.173461493588548e-12,5.684341886080801e-13,0.795,1454.763258087191,4289.159844115292,6993.471226701229,0.2073665110023071,0.144097933820314,0.2706350881843004,0.4504869668317676,0.0427225641956204,0.121235604100767,0.0242967289479793,0.0671723119083604,0.00068790481792,0.0047209598751951,57,1,1,1,1,0.0,1454.763258087191,0.8575,90,3.966396828014695,0.0027264895548915,2.0081381809941377,38.37111222707585,2.9635,35.407612227075845,91.52092018674436,2432.629620891545,1454.763258087191,800,800,1.0,2069.428445342219,0.4127934518067087,deployment_scaling,xlarge,40,24,16,40,40,1.0,15.0,0.7,0.7,0.2,0.1,0.7,0.3,4.5105408700001135
cybershake,800,3.0,reference,2,PBQS,NonSharable,PBQS-NonSharable,1174.7305678098037,2349.4611356196065,1,3.0,downstream_reserved,1,queue_aware,1,1,1,0.0,3524.19170342941,3524.19170342941,3.0,40,40,1,1,1.0,0.0298379340019891,0,356,4,2.247191011235955,"{""1"":178,""2"":1,""3"":88,""4"":89}",0,0.0,0,670,130,0,0,0,0,0,0,0.0,0.0,0,0,0,0,0.0,0.0,1.06,1595.2191141886906,4481.764198531478,6234.795156164623,0.1730892064399377,0.1228340340263008,0.2233443788535745,0.353456832403048,0.0695747625829336,0.2044107127676856,0.0426456659222602,0.1260117281906153,0.00072164813193,0.0049475374863692,46,1,1,1,1,0.0,1595.2191141886906,0.8375,130,31.79531149004106,0.0199316264500828,0.0,40.59389825745679,2.6545,37.93939825745679,44.05173063351063,2756.9632927437747,1595.2191141886906,800,800,1.0,1928.97258924072,0.4526482236015635,deployment_scaling,xlarge,40,24,16,40,40,1.0,15.0,0.7,0.7,0.2,0.1,0.7,0.3,32.302032902000064
cybershake,800,3.0,reference,2,PBQS,Sharable,PBQS-Sharable,1174.7305678098037,2349.4611356196065,1,3.0,downstream_reserved,1,queue_aware,1,1,1,0.0,3524.19170342941,3524.19170342941,3.0,40,40,1,1,1.0,0.0311387010006001,0,356,4,2.247191011235955,"{""1"":178,""2"":1,""3"":88,""4"":89}",0,0.0,0,725,75,0,0,0,0,0,0,0.0,0.0,0,0,0,0,0.0,0.0,0.6,2177.956437411632,2960.7178037707527,3192.7023666431724,0.309087868642746,0.2193464893326802,0.3988292479528119,0.6126585094986164,0.1273980843130833,0.2112832458626373,0.0780883173877244,0.127671305925232,0.0011199104885005,0.0024739875583507,11,1,1,1,1,0.0,2177.956437411632,0.90625,75,32.075389347992314,0.0147272869176905,0.0,26.18173911832059,1.3045,24.87723911832059,1661.6724723181749,2756.963292743774,2177.956437411632,800,800,1.0,1346.235266017778,0.6180016924993753,deployment_scaling,xlarge,40,24,16,40,40,1.0,15.0,0.7,0.7,0.2,0.1,0.7,0.3,32.37902911699712
cybershake,800,3.0,reference,3,HDS,NonSharable,HDS-NonSharable,1158.654503639705,2317.3090072794093,1,3.0,downstream_reserved,1,idle_only,1,1,1,0.0,3475.963510919114,3475.963510919114,3.0,40,40,1,1,1.0,0.0144410350003454,0,356,4,2.247191011235955,"{""1"":178,""2"":1,""3"":88,""4"":89}",35,0.04375,61,704,96,15,3,36,39,246,1900,0.0756430050023482,2.580283391477514e-13,0,0,0,35,0.0,0.0,0.88,1474.2981602280445,4265.419447149663,6769.592313045833,0.1928296756957579,0.1371000263903765,0.2485593250011392,0.4298562107109276,0.0324522766183341,0.1272186461484159,0.0183550418828847,0.0798504622283862,0.0005535649838083,0.0055794117158024,69,1,1,1,1,0.0,1474.2981602280445,0.88,96,2.8658232519774174,0.001943855950776,0.8990310260014667,38.73117522347664,2.8745000000000003,35.85667522347664,35.59692798086244,2475.971773694944,1474.2981602280445,800,800,1.0,2001.6653506910695,0.4241408621226321,deployment_scaling,xlarge,40,24,16,40,40,1.0,15.0,0.7,0.7,0.2,0.1,0.7,0.3,3.3999737160011136
cybershake,800,3.0,reference,3,HDS,Sharable,HDS-Sharable,1158.654503639705,2317.3090072794093,1,3.0,downstream_reserved,1,idle_only,1,1,1,0.0,3475.963510919114,3475.963510919114,3.0,40,40,1,1,1.0,0.0146325909990991,0,356,4,2.247191011235955,"{""1"":178,""2"":1,""3"":88,""4"":89}",52,0.065,65,683,117,25,3,36,39,363,2095,0.2039076030014257,2.048143124015647e-14,0,0,0,52,4.149569576838985e-12,9.094947017729282e-13,0.8250000000000001,1521.3454267021182,4295.83995853428,6820.107674979685,0.200840233678193,0.1430578299249399,0.2586226374314461,0.4411541142962331,0.043106564543869,0.1659498832518448,0.0243088074512851,0.1002358083024988,0.0006642812006666,0.0052401390068717,56,1,1,1,1,0.0,1521.3454267021182,0.85375,94,4.009319562002929,0.0026353775359841,2.076072681989899,38.910176150574365,2.8715,36.03867615057437,93.05285188128614,2488.1092046307544,1521.3454267021182,800,800,1.0,1954.618084216996,0.4376758909934138,deployment_scaling,xlarge,40,24,16,40,40,1.0,15.0,0.7,0.7,0.2,0.1,0.7,0.3,4.517070179001166
cybershake,800,3.0,reference,3,PBQS,NonSharable,PBQS-NonSharable,1158.654503639705,2317.3090072794093,1,3.0,downstream_reserved,1,queue_aware,1,1,1,0.0,3475.963510919114,3475.963510919114,3.0,40,40,1,1,1.0,0.0281889880025119,0,356,4,2.247191011235955,"{""1"":178,""2"":1,""3"":88,""4"":89}",0,0.0,0,669,131,0,0,0,0,0,0,0.0,0.0,0,0,0,0,0.0,0.0,0.99,1599.5790116968828,4553.634406904803,6102.874661621388,0.1749957641143861,0.1280224865027144,0.2219690417260579,0.3564814315093884,0.0738181467395931,0.2310816382766801,0.0435907838742762,0.1267309568011304,0.0007343337373398,0.0039634742154443,44,1,1,1,1,0.0,1599.5790116968828,0.83625,131,30.790918008980952,0.0192493886102675,0.0,41.08337746822989,2.5685,38.51487746822989,43.04492353198813,2801.944051663793,1599.5790116968828,800,800,1.0,1876.3844992222312,0.4601829123556945,deployment_scaling,xlarge,40,24,16,40,40,1.0,15.0,0.7,0.7,0.2,0.1,0.7,0.3,31.247265623002026
cybershake,800,3.0,reference,3,PBQS,Sharable,PBQS-Sharable,1158.654503639705,2317.3090072794093,1,3.0,downstream_reserved,1,queue_aware,1,1,1,0.0,3475.963510919114,3475.963510919114,3.0,40,40,1,1,1.0,0.0309627589995216,0,356,4,2.247191011235955,"{""1"":178,""2"":1,""3"":88,""4"":89}",0,0.0,0,723,77,0,0,0,0,0,0,0.0,0.0,0,0,0,0,0.0,0.0,0.58,2258.9947738274464,3265.490651381118,3526.5871505740174,0.3008699102317517,0.2201088364432634,0.3816309840202399,0.6064813964640244,0.1306753335322603,0.2270455819638335,0.0771658524806677,0.1344946194357316,0.001201983401701,0.0024047043984616,11,1,1,1,1,0.0,2258.9947738274464,0.90375,77,31.56333409197032,0.0139722917722789,0.0,29.00763934865998,1.4005,27.607139348659977,1765.1615239004504,2801.944051663793,2258.9947738274464,800,800,1.0,1216.9687370916677,0.6498902438794943,deployment_scaling,xlarge,40,24,16,40,40,1.0,15.0,0.7,0.7,0.2,0.1,0.7,0.3,31.871604525000294
cybershake,800,3.0,reference,4,HDS,NonSharable,HDS-NonSharable,1146.416820367803,2292.8336407356064,1,3.0,downstream_reserved,1,idle_only,1,1,1,0.0,3439.250461103409,3439.250461103409,3.0,40,40,1,1,1.0,0.0142412979985238,0,356,4,2.247191011235955,"{""1"":178,""2"":1,""3"":88,""4"":89}",60,0.075,35,705,95,27,3,36,39,246,1900,0.0906936089995724,3.0964846384133543e-13,0,0,0,60,8.881784197001252e-16,4.440892098500626e-16,0.795,1437.4395178698771,4262.34208348871,6726.119979869324,0.1985533012478223,0.1382298004402276,0.2588768020554171,0.435131436466469,0.0285455114961806,0.1073599094740887,0.0164334571107525,0.0620922065552367,0.0004255916220602,0.0043841836564696,90,1,1,1,1,0.0,1437.4395178698771,0.88125,95,3.1802611639577663,0.0022124486800464,1.519870196989359,37.8565686536429,2.9315,34.9250686536429,35.32544196398624,2480.249187858874,1437.4395178698771,800,800,1.0,2001.810943233532,0.4179513920625326,deployment_scaling,xlarge,40,24,16,40,40,1.0,15.0,0.7,0.7,0.2,0.1,0.7,0.3,3.7217149890020655
cybershake,800,3.0,reference,4,HDS,Sharable,HDS-Sharable,1146.416820367803,2292.8336407356064,1,3.0,downstream_reserved,1,idle_only,1,1,1,0.0,3439.250461103409,3439.250461103409,3.0,40,40,1,1,1.0,0.0142833609970693,0,356,4,2.247191011235955,"{""1"":178,""2"":1,""3"":88,""4"":89}",47,0.05875,59,694,106,22,3,37,39,363,2095,0.1417474959998799,1.4443243667635125e-13,0,0,0,47,5.915978817938594e-11,5.8093974075745785e-11,0.795,1433.518346688615,4238.575056352879,6926.213728293224,0.2079093906700335,0.143057682423583,0.2727610989164839,0.4603427463138931,0.0386077469564475,0.1254142453943997,0.0222327510577753,0.0791404363123873,0.0006382637918539,0.0046458863715749,61,1,1,1,1,0.0,1433.518346688615,0.8675,87,3.4196148329865537,0.0023854698761866,1.5926250500015158,37.30512481911215,2.9935,34.31162481911215,95.47325827413523,2402.989135758522,1433.518346688615,800,800,1.0,2005.732114414794,0.4168112682984715,deployment_scaling,xlarge,40,24,16,40,40,1.0,15.0,0.7,0.7,0.2,0.1,0.7,0.3,3.9643920669986974
cybershake,800,3.0,reference,4,PBQS,NonSharable,PBQS-NonSharable,1146.416820367803,2292.8336407356064,1,3.0,downstream_reserved,1,queue_aware,1,1,1,0.0,3439.250461103409,3439.250461103409,3.0,40,40,1,1,1.0,0.0280753789993468,0,356,4,2.247191011235955,"{""1"":178,""2"":1,""3"":88,""4"":89}",0,0.0,0,675,125,0,0,0,0,0,0,0.0,0.0,0,0,0,0,0.0,0.0,1.005,1557.5383848242116,4556.11509816422,6315.430275525015,0.1776078112094083,0.1266658138046046,0.228549808614212,0.3637753229437582,0.0786162692469867,0.1981969500699505,0.0464048000155045,0.1148337545330489,0.0007603181249144,0.0043907374072615,44,1,1,1,1,0.0,1557.5383848242116,0.84375,125,31.294310259036138,0.0200921598876473,0.0,40.06515448045959,2.6235,37.44165448045959,42.09955675324509,2728.3149220781866,1557.5383848242116,800,800,1.0,1881.7120762791976,0.4528714620930832,deployment_scaling,xlarge,40,24,16,40,40,1.0,15.0,0.7,0.7,0.2,0.1,0.7,0.3,31.78419617899999
cybershake,800,3.0,reference,4,PBQS,Sharable,PBQS-Sharable,1146.416820367803,2292.8336407356064,1,3.0,downstream_reserved,1,queue_aware,1,1,1,0.0,3439.250461103409,3439.250461103409,3.0,40,40,1,1,1.0,0.028725296997436,0,356,4,2.247191011235955,"{""1"":178,""2"":1,""3"":88,""4"":89}",0,0.0,0,728,72,0,0,0,0,0,0,0.0,0.0,0,0,0,0,0.0,0.0,0.555,2129.872973090331,3045.4389123374463,3294.077903871466,0.3170382424392242,0.2261043966044813,0.4079720882739671,0.631554380110691,0.1293540421351663,0.1975115595880741,0.0763537689332619,0.1185074970102736,0.0012562086066776,0.0024726493563993,10,1,1,1,1,0.0,2129.872973090331,0.91,72,31.49730391601406,0.0147883485606717,0.0,26.08403566698868,1.3175,24.76653566698868,1658.2850854422852,2728.314922078185,2129.872973090331,800,800,1.0,1309.3774880130782,0.6192840554005501,deployment_scaling,xlarge,40,24,16,40,40,1.0,15.0,0.7,0.7,0.2,0.1,0.7,0.3,31.798695000998123
cybershake,800,3.0,reference,5,HDS,NonSharable,HDS-NonSharable,1125.3993538683349,2250.7987077366697,1,3.0,downstream_reserved,1,idle_only,1,1,1,0.0,3376.198061605005,3376.198061605005,3.0,40,40,1,1,1.0,0.0141941479996603,0,356,4,2.247191011235955,"{""1"":178,""2"":1,""3"":88,""4"":89}",42,0.0525,55,703,97,20,3,36,39,246,1900,0.0738203010005236,3.9685626039255295e-12,0,0,0,42,8.437694987151191e-15,7.105427357601002e-15,0.885,1398.223608859364,4355.146608990111,7018.288524441123,0.1822398863759515,0.1272270451173544,0.2372527276345486,0.4085373954999923,0.030247093442063,0.1453157472061499,0.0175396951058911,0.0805978966643057,0.0005711856301203,0.0061197229176438,74,1,1,1,1,0.0,1398.223608859364,0.87875,97,2.944933399972797,0.0021061963060223,1.054492469997058,39.80125802915863,2.9285,36.87275802915863,35.89472602803138,2377.6876418099555,1398.223608859364,800,800,1.0,1977.9744527456403,0.4141414642583691,deployment_scaling,xlarge,40,24,16,40,40,1.0,15.0,0.7,0.7,0.2,0.1,0.7,0.3,3.465245917999709
cybershake,800,3.0,reference,5,HDS,Sharable,HDS-Sharable,1125.3993538683349,2250.7987077366697,1,3.0,downstream_reserved,1,idle_only,1,1,1,0.0,3376.198061605005,3376.198061605005,3.0,40,40,1,1,1.0,0.0142944460021681,0,356,4,2.247191011235955,"{""1"":178,""2"":1,""3"":88,""4"":89}",51,0.06375,62,687,113,24,3,36,39,363,2095,0.1387722559993562,3.223424700160984e-13,0,0,0,51,3.802735903946086e-12,9.094947017729282e-13,0.81,1443.4380256401532,4362.883323171469,7043.917892591688,0.1976820997337871,0.1377440542937242,0.2576201451738499,0.4415430072647203,0.0363677942870296,0.1662210141319687,0.021217833005852,0.0909892533258599,0.0006521552933832,0.0047098790984133,63,1,1,1,1,0.0,1443.4380256401532,0.85875,90,3.665679609966901,0.0025395476250815,1.7701195149929845,39.84915174260949,2.9145,36.934651742609496,83.46298079238824,2384.33223922949,1443.4380256401532,800,800,1.0,1932.7600359648516,0.4275335745421167,deployment_scaling,xlarge,40,24,16,40,40,1.0,15.0,0.7,0.7,0.2,0.1,0.7,0.3,4.181078959998558
cybershake,800,3.0,reference,5,PBQS,NonSharable,PBQS-NonSharable,1125.3993538683349,2250.7987077366697,1,3.0,downstream_reserved,1,queue_aware,1,1,1,0.0,3376.198061605005,3376.198061605005,3.0,40,40,1,1,1.0,0.0278103040000132,0,356,4,2.247191011235955,"{""1"":178,""2"":1,""3"":88,""4"":89}",0,0.0,0,670,130,0,0,0,0,0,0,0.0,0.0,0,0,0,0,0.0,0.0,1.01,1555.7894427133122,4612.68035599016,6358.389294830443,0.1655773051201124,0.1185799949970211,0.2125746152432036,0.3448250586193657,0.0868585023651021,0.2019855536246126,0.052823299722846,0.1257958433364462,0.000924509559083,0.0040285363031695,38,1,1,1,1,0.0,1555.7894427133122,0.8375,130,30.98615522204273,0.0199166766217429,0.0,41.964753322280735,2.6135,39.35125332228073,42.485023398392,2689.635457231052,1555.7894427133122,800,800,1.0,1820.4086188916924,0.4608110704185726,deployment_scaling,xlarge,40,24,16,40,40,1.0,15.0,0.7,0.7,0.2,0.1,0.7,0.3,31.47149863999948
cybershake,800,3.0,reference,5,PBQS,Sharable,PBQS-Sharable,1125.3993538683349,2250.7987077366697,1,3.0,downstream_reserved,1,queue_aware,1,1,1,0.0,3376.198061605005,3376.198061605005,3.0,40,40,1,1,1.0,0.0287753759985207,0,356,4,2.247191011235955,"{""1"":178,""2"":1,""3"":88,""4"":89}",0,0.0,0,725,75,0,0,0,0,0,0,0.0,0.0,0,0,0,0,0.0,0.0,0.59,2147.880258995585,3148.6891867099025,3430.406956269927,0.2953541118358761,0.2115210721568485,0.3791871515149037,0.5976967682735667,0.1258296782826318,0.1992126631424114,0.0765237556366533,0.1222720753041909,0.0011284871145982,0.0022105260547214,12,1,1,1,1,0.0,2147.880258995585,0.90625,75,31.2497896130044,0.0145491302329943,0.0,27.896382475668997,1.3305,26.565882475668992,1687.0526564359957,2689.63545723105,2147.880258995585,800,800,1.0,1228.3178026094197,0.6361831325661351,deployment_scaling,xlarge,40,24,16,40,40,1.0,15.0,0.7,0.7,0.2,0.1,0.7,0.3,31.54757303199949
epigenomics,800,3.0,reference,1,HDS,NonSharable,HDS-NonSharable,1839.2204646462924,3678.4409292925848,1,3.0,downstream_reserved,1,idle_only,1,1,1,0.0,5517.661393938877,5517.661393938877,3.0,40,40,1,1,1.0,0.0143034399989119,0,267,2,1.49812734082397,"{""1"":134,""2"":133}",2,0.005,69,329,71,1,2,39,39,203,1657,0.0534646079977392,1.197785344069713e-13,0,0,0,2,0.0,0.0,0.635,1978.4832609267887,1400.673593601382,2247.406778901216,0.2366817851451853,0.1642151383491517,0.309148431941219,0.5205667747226811,0.0500441455149155,0.1268142771914844,0.0258122298843764,0.0636765939177402,0.0006339383040593,0.0024572986857328,15,1,1,1,1,0.0,1978.4832609267887,0.8225,71,1.4051770889818729,0.0007102294554282,0.0534646079977392,12.960679363227785,0.921,12.039679363227783,27.15113347813334,2217.614460318621,1978.4832609267887,400,400,1.0,3539.1781330120884,0.3585727937383295,deployment_scaling,xlarge,40,24,16,40,40,1.0,15.0,0.7,0.7,0.2,0.1,0.7,0.3,1.584894408002583
epigenomics,800,3.0,reference,1,HDS,Sharable,HDS-Sharable,1839.2204646462924,3678.4409292925848,1,3.0,downstream_reserved,1,idle_only,1,1,1,0.0,5517.661393938877,5517.661393938877,3.0,40,40,1,1,1.0,0.0140867180016357,0,267,2,1.49812734082397,"{""1"":134,""2"":133}",2,0.005,69,329,71,1,2,39,39,242,1696,0.0542753949994221,7.597463393479099e-14,0,0,0,2,0.0,0.0,0.635,1978.4832609267887,1400.673593601382,2247.406778901216,0.2366817851451853,0.1642151383491517,0.309148431941219,0.5205667747226811,0.0500441455149155,0.1268142771914844,0.0258122298843764,0.0636765939177402,0.0006339383040593,0.0024572986857328,15,1,1,1,1,0.0,1978.4832609267887,0.8225,71,1.3666799379861914,0.0006907715445345,0.0542753949994221,12.960679363227785,0.921,12.039679363227783,27.15113347813334,2217.614460318621,1978.4832609267887,400,400,1.0,3539.1781330120884,0.3585727937383295,deployment_scaling,xlarge,40,24,16,40,40,1.0,15.0,0.7,0.7,0.2,0.1,0.7,0.3,1.5258062459979556
epigenomics,800,3.0,reference,1,PBQS,NonSharable,PBQS-NonSharable,1839.2204646462924,3678.4409292925848,1,3.0,downstream_reserved,1,queue_aware,1,1,1,0.0,5517.661393938877,5517.661393938877,3.0,40,40,1,1,1.0,0.0285013040011108,0,267,2,1.49812734082397,"{""1"":134,""2"":133}",0,0.0,0,309,91,0,0,0,0,0,0,0.0,0.0,0,0,0,0,0.0,0.0,0.715,2122.74056189797,1662.4388163799852,2211.785943499796,0.2198352387923527,0.1561960798435232,0.2834743977411823,0.4404334403779144,0.0673144908786489,0.1413681036898974,0.0360835964870022,0.0765027191905276,0.0005612294841492,0.0017242700053777,17,1,1,1,1,0.0,2122.74056189797,0.7725,91,13.889258043003792,0.0065430784582479,0.0,15.859941083811613,0.864,14.995941083811612,30.54727756831813,2404.7665844634125,2122.74056189797,400,400,1.0,3394.920832040907,0.3847174392088992,deployment_scaling,xlarge,40,24,16,40,40,1.0,15.0,0.7,0.7,0.2,0.1,0.7,0.3,14.056753070002742
epigenomics,800,3.0,reference,1,PBQS,Sharable,PBQS-Sharable,1839.2204646462924,3678.4409292925848,1,3.0,downstream_reserved,1,queue_aware,1,1,1,0.0,5517.661393938877,5517.661393938877,3.0,40,40,1,1,1.0,0.0282149970007594,0,267,2,1.49812734082397,"{""1"":134,""2"":133}",0,0.0,0,326,74,0,0,0,0,0,0,0.0,0.0,0,0,0,0,0.0,0.0,0.585,2274.613452674621,1294.734245262475,1476.3768012647754,0.2719014795589626,0.1931898882275155,0.3506130708904098,0.5416140955998678,0.0942299888516877,0.1397480729088092,0.0505115146875082,0.0753092944990424,0.0005481410059001,0.0013491766396288,11,1,1,1,1,0.0,2274.613452674621,0.815,74,13.594400950023555,0.0059765763426917,0.0,12.317961047155768,0.591,11.726961047155768,288.3531328628674,2404.766584463413,2274.613452674621,400,400,1.0,3243.047941264256,0.4122423052587591,deployment_scaling,xlarge,40,24,16,40,40,1.0,15.0,0.7,0.7,0.2,0.1,0.7,0.3,13.714367669999774
epigenomics,800,3.0,reference,2,HDS,NonSharable,HDS-NonSharable,1829.3863759009064,3658.772751801812,1,3.0,downstream_reserved,1,idle_only,1,1,1,0.0,5488.159127702718,5488.159127702718,3.0,40,40,1,1,1.0,0.0171127640023769,0,267,2,1.49812734082397,"{""1"":134,""2"":133}",0,0.0,70,330,70,0,0,0,0,0,0,0.0,0.0,0,0,0,0,0.0,0.0,0.625,1961.2378541139717,1367.5684146876995,2161.5099535647587,0.2387256286187123,0.1618442839074396,0.3156069733299851,0.5231285008263397,0.0689266255785161,0.1307447063399555,0.0363687147515403,0.0668170807597192,0.0009390575933754,0.0022197726939827,10,1,1,1,1,0.0,1961.2378541139717,0.825,70,1.3295590650086524,0.0006779183168526,0.0,12.976620682194232,0.911,12.065620682194233,27.150902674113865,2197.1397034706265,1961.2378541139717,400,400,1.0,3526.9212735887468,0.3573580518491496,deployment_scaling,xlarge,40,24,16,40,40,1.0,15.0,0.7,0.7,0.2,0.1,0.7,0.3,1.488885595001193
epigenomics,800,3.0,reference,2,HDS,Sharable,HDS-Sharable,1829.3863759009064,3658.772751801812,1,3.0,downstream_reserved,1,idle_only,1,1,1,0.0,5488.159127702718,5488.159127702718,3.0,40,40,1,1,1.0,0.017114746999141,0,267,2,1.49812734082397,"{""1"":134,""2"":133}",0,0.0,70,330,70,0,0,0,0,0,0,0.0,0.0,0,0,0,0,0.0,0.0,0.625,1961.2378541139717,1367.5684146876995,2161.5099535647587,0.2387256286187123,0.1618442839074396,0.3156069733299851,0.5231285008263397,0.0689266255785161,0.1307447063399555,0.0363687147515403,0.0668170807597192,0.0009390575933754,0.0022197726939827,10,1,1,1,1,0.0,1961.2378541139717,0.825,70,1.3307872869736457,0.0006785445652,0.0,12.976620682194232,0.911,12.065620682194233,27.150902674113865,2197.1397034706265,1961.2378541139717,400,400,1.0,3526.9212735887468,0.3573580518491496,deployment_scaling,xlarge,40,24,16,40,40,1.0,15.0,0.7,0.7,0.2,0.1,0.7,0.3,1.4991859490000934
epigenomics,800,3.0,reference,2,PBQS,NonSharable,PBQS-NonSharable,1829.3863759009064,3658.772751801812,1,3.0,downstream_reserved,1,queue_aware,1,1,1,0.0,5488.159127702718,5488.159127702718,3.0,40,40,1,1,1.0,0.0353430819995992,0,267,2,1.49812734082397,"{""1"":134,""2"":133}",0,0.0,0,301,99,0,0,0,0,0,0,0.0,0.0,0,0,0,0,0.0,0.0,0.78,2128.527081139661,1629.797748526957,2047.4408059496031,0.2067961039534187,0.1429657436088422,0.2706264642979953,0.4065643838279818,0.0659111302837649,0.1198422120535592,0.0376290828982912,0.0692376810879388,0.0005121809033501,0.0014115493639688,19,1,1,1,1,0.0,2128.527081139661,0.7525,99,13.32508956298625,0.0062602396187751,0.0,16.643969217385308,0.876,15.767969217385309,32.43290623711826,2414.992439938212,2128.527081139661,400,400,1.0,3359.632046563057,0.3878398988825672,deployment_scaling,xlarge,40,24,16,40,40,1.0,15.0,0.7,0.7,0.2,0.1,0.7,0.3,13.478100633001304
epigenomics,800,3.0,reference,2,PBQS,Sharable,PBQS-Sharable,1829.3863759009064,3658.772751801812,1,3.0,downstream_reserved,1,queue_aware,1,1,1,0.0,5488.159127702718,5488.159127702718,3.0,40,40,1,1,1.0,0.0339546249997511,0,267,2,1.49812734082397,"{""1"":134,""2"":133}",0,0.0,0,325,75,0,0,0,0,0,0,0.0,0.0,0,0,0,0,0.0,0.0,0.585,2269.5118850495696,1391.111595818984,1570.0685005336568,0.2715322756257934,0.1877202372603059,0.3553443139912808,0.5366649866529362,0.0927249775700914,0.130332108285529,0.0529372786160004,0.0812190164625855,0.0005568018631588,0.0014334345738418,12,1,1,1,1,0.0,2269.5118850495696,0.8125,75,13.490016684958391,0.005944016761412,0.0,13.619166123103682,0.626,12.993166123103682,287.886569622752,2414.992439938213,2269.5118850495696,400,400,1.0,3218.6472426531486,0.4135288048762467,deployment_scaling,xlarge,40,24,16,40,40,1.0,15.0,0.7,0.7,0.2,0.1,0.7,0.3,13.629771657000674
epigenomics,800,3.0,reference,3,HDS,NonSharable,HDS-NonSharable,1807.4097616137933,3614.819523227588,1,3.0,downstream_reserved,1,idle_only,1,1,1,0.0,5422.229284841381,5422.229284841381,3.0,40,40,1,1,1.0,0.0140600679987983,0,267,2,1.49812734082397,"{""1"":134,""2"":133}",0,0.0,69,331,69,0,0,0,0,0,0,0.0,0.0,0,0,0,0,0.0,0.0,0.605,1984.7921214558364,1402.2610577354783,2149.4536143768414,0.2437360840597813,0.1679299217882759,0.3195422463312868,0.5367595247841112,0.0696057777664016,0.1484880302227106,0.0378876794754783,0.0757314146930674,0.0007670782639638,0.0022045795407412,12,1,1,1,1,0.0,1984.7921214558364,0.8275,69,1.248324372991192,0.0006289446433692,0.0,13.17935028513581,0.887,12.292350285135807,25.631682060073768,2222.18443260622,1984.7921214558364,400,400,1.0,3437.4371633855444,0.3660472505293362,deployment_scaling,xlarge,40,24,16,40,40,1.0,15.0,0.7,0.7,0.2,0.1,0.7,0.3,1.398047130998748
epigenomics,800,3.0,reference,3,HDS,Sharable,HDS-Sharable,1807.4097616137933,3614.819523227588,1,3.0,downstream_reserved,1,idle_only,1,1,1,0.0,5422.229284841381,5422.229284841381,3.0,40,40,1,1,1.0,0.0139982549990236,0,267,2,1.49812734082397,"{""1"":134,""2"":133}",0,0.0,69,331,69,0,0,0,0,0,0,0.0,0.0,0,0,0,0,0.0,0.0,0.605,1984.7921214558364,1402.2610577354783,2149.4536143768414,0.2437360840597813,0.1679299217882759,0.3195422463312868,0.5367595247841112,0.0696057777664016,0.1484880302227106,0.0378876794754783,0.0757314146930674,0.0007670782639638,0.0022045795407412,12,1,1,1,1,0.0,1984.7921214558364,0.8275,69,1.250447752961918,0.0006300144682379,0.0,13.17935028513581,0.887,12.292350285135807,25.631682060073768,2222.18443260622,1984.7921214558364,400,400,1.0,3437.4371633855444,0.3660472505293362,deployment_scaling,xlarge,40,24,16,40,40,1.0,15.0,0.7,0.7,0.2,0.1,0.7,0.3,1.398741324999719
epigenomics,800,3.0,reference,3,PBQS,NonSharable,PBQS-NonSharable,1807.4097616137933,3614.819523227588,1,3.0,downstream_reserved,1,queue_aware,1,1,1,0.0,5422.229284841381,5422.229284841381,3.0,40,40,1,1,1.0,0.0279852640014723,0,267,2,1.49812734082397,"{""1"":134,""2"":133}",0,0.0,0,305,95,0,0,0,0,0,0,0.0,0.0,0,0,0,0,0.0,0.0,0.725,2123.695109872948,1659.490626343549,2054.3562225842106,0.2106853120996654,0.1475622662577795,0.2738083579415513,0.4210571576575185,0.0655202251790453,0.1058506910057509,0.0379212293953825,0.0626467933522672,0.0004908145271909,0.0014445959231369,19,1,1,1,1,0.0,2123.695109872948,0.7625,95,13.45015104704362,0.0063333719536832,0.0,16.371864938913614,0.874,15.497864938913612,30.98989242343215,2400.0257986478555,2123.695109872948,400,400,1.0,3298.534174968433,0.3916645715831386,deployment_scaling,xlarge,40,24,16,40,40,1.0,15.0,0.7,0.7,0.2,0.1,0.7,0.3,13.620426916000724
epigenomics,800,3.0,reference,3,PBQS,Sharable,PBQS-Sharable,1807.4097616137933,3614.819523227588,1,3.0,downstream_reserved,1,queue_aware,1,1,1,0.0,5422.229284841381,5422.229284841381,3.0,40,40,1,1,1.0,0.0278266179993806,0,267,2,1.49812734082397,"{""1"":134,""2"":133}",0,0.0,0,327,73,0,0,0,0,0,0,0.0,0.0,0,0,0,0,0.0,0.0,0.5700000000000001,2243.774158629374,1419.8453030829846,1575.0655760630832,0.2708811155567127,0.1897229137600022,0.3520393173534231,0.5479510955817023,0.0930207132981983,0.1243011922661408,0.0538377241205093,0.072057620968373,0.000643705729817,0.0012781259077466,10,1,1,1,1,0.0,2243.774158629374,0.8175,73,13.186178500007372,0.0058767850807508,0.0,13.441282443662832,0.624,12.817282443662831,287.93926841020766,2400.025798647856,2243.774158629374,400,400,1.0,3178.4551262120067,0.4138102689427329,deployment_scaling,xlarge,40,24,16,40,40,1.0,15.0,0.7,0.7,0.2,0.1,0.7,0.3,13.303906188000838
epigenomics,800,3.0,reference,4,HDS,NonSharable,HDS-NonSharable,1796.239920777929,3592.479841555858,1,3.0,downstream_reserved,1,idle_only,1,1,1,0.0,5388.719762333787,5388.719762333787,3.0,40,40,1,1,1.0,0.0148043859990139,0,267,2,1.49812734082397,"{""1"":134,""2"":133}",2,0.005,64,334,66,1,2,39,39,203,1657,0.0560258219993556,8.94182971154018e-14,0,0,0,2,0.0,0.0,0.61,1909.277616581316,1352.5915831361158,2203.3420493876106,0.2446083291770268,0.163727706073758,0.3254889522802955,0.5443852144009924,0.0664086374676873,0.1272586411435654,0.035714013082772,0.0681471101899675,0.0008556768125238,0.0023739026781454,11,1,1,1,1,0.0,1909.277616581316,0.835,66,1.319876291003311,0.0006912961632927,0.0560258219993556,12.109966706960767,0.945,11.164966706960769,26.0032050767289,2155.76544902793,1909.277616581316,400,400,1.0,3479.442145752472,0.3543100589358596,deployment_scaling,xlarge,40,24,16,40,40,1.0,15.0,0.7,0.7,0.2,0.1,0.7,0.3,1.4921802610006123
epigenomics,800,3.0,reference,4,HDS,Sharable,HDS-Sharable,1796.239920777929,3592.479841555858,1,3.0,downstream_reserved,1,idle_only,1,1,1,0.0,5388.719762333787,5388.719762333787,3.0,40,40,1,1,1.0,0.0143529950000811,0,267,2,1.49812734082397,"{""1"":134,""2"":133}",2,0.005,64,334,66,1,2,39,39,242,1696,0.0562083740005618,8.92946203515293e-14,0,0,0,2,2.273736754432321e-13,2.273736754432321e-13,0.61,1909.277616581316,1352.5915831361158,2203.3420493876106,0.2446083291770268,0.163727706073758,0.3254889522802955,0.5443852144009924,0.0553405312230728,0.1200168379396192,0.0297616775689767,0.0647328384718284,0.0007240342259816,0.0023756046436247,13,1,1,1,1,0.0,1909.277616581316,0.835,66,1.332236009016924,0.0006977696681964,0.0562083740005618,12.109966706960767,0.945,11.164966706960769,26.0032050767289,2155.76544902793,1909.277616581316,400,400,1.0,3479.442145752472,0.3543100589358596,deployment_scaling,xlarge,40,24,16,40,40,1.0,15.0,0.7,0.7,0.2,0.1,0.7,0.3,1.5036363059989526
epigenomics,800,3.0,reference,4,PBQS,NonSharable,PBQS-NonSharable,1796.239920777929,3592.479841555858,1,3.0,downstream_reserved,1,queue_aware,1,1,1,0.0,5388.719762333787,5388.719762333787,3.0,40,40,1,1,1.0,0.0278246460002264,0,267,2,1.49812734082397,"{""1"":134,""2"":133}",0,0.0,0,306,94,0,0,0,0,0,0,0.0,0.0,0,0,0,0,0.0,0.0,0.75,2041.886418234382,1581.8770276693774,2070.467215178891,0.2098342292961722,0.1439051339508857,0.2757633246414587,0.4143376804113002,0.0552469452382912,0.1303254847943478,0.0310275299370368,0.0732779978527517,0.0004140282146037,0.0018447281592283,20,1,1,1,1,0.0,2041.886418234382,0.765,94,13.806120419969377,0.0067614536717999,0.0,13.888250263226864,0.889,12.999250263226864,31.88703343872383,2336.864517519733,2041.886418234382,400,400,1.0,3346.8333440994047,0.3789186501229499,deployment_scaling,xlarge,40,24,16,40,40,1.0,15.0,0.7,0.7,0.2,0.1,0.7,0.3,13.988558327000646
epigenomics,800,3.0,reference,4,PBQS,Sharable,PBQS-Sharable,1796.239920777929,3592.479841555858,1,3.0,downstream_reserved,1,queue_aware,1,1,1,0.0,5388.719762333787,5388.719762333787,3.0,40,40,1,1,1.0,0.0283005239980411,0,267,2,1.49812734082397,"{""1"":134,""2"":133}",0,0.0,0,328,72,0,0,0,0,0,0,0.0,0.0,0,0,0,0,0.0,0.0,0.595,2210.7065549812787,1276.7510281544191,1460.2152161489742,0.2722173785463856,0.1866877413416895,0.3577470157510816,0.5409408605369752,0.0892990419892845,0.1242126348114572,0.0501517086007293,0.0691068447011367,0.0005439869775554,0.0011719747281966,10,1,1,1,1,0.0,2210.7065549812787,0.82,72,13.900032915018528,0.0062875974577893,0.0,11.167242267107197,0.609,10.558242267107197,325.8428892424341,2336.864517519733,2210.7065549812787,400,400,1.0,3178.0132073525083,0.4102470814002488,deployment_scaling,xlarge,40,24,16,40,40,1.0,15.0,0.7,0.7,0.2,0.1,0.7,0.3,14.03947294200043
epigenomics,800,3.0,reference,5,HDS,NonSharable,HDS-NonSharable,1740.5092058295515,3481.0184116591035,1,3.0,downstream_reserved,1,idle_only,1,1,1,0.0,5221.527617488655,5221.527617488655,3.0,40,40,1,1,1.0,0.0141878180002095,0,267,2,1.49812734082397,"{""1"":134,""2"":133}",8,0.02,60,332,68,4,2,39,39,203,1657,0.0697057379984471,2.342513852081816e-13,0,0,0,8,0.0,0.0,0.595,1915.552058732781,1500.7116451105508,2358.1703754881787,0.2361223416648314,0.1616625901759083,0.3105820931537545,0.5267755789879524,0.0349914735319142,0.1138184253677694,0.0185582446808408,0.0609796026149162,0.0004549638323714,0.0021754094370715,24,1,1,1,1,0.0,1915.552058732781,0.83,68,1.3867183750408003,0.000723926227282,0.2015041089980513,14.516376830411051,0.918,13.598376830411052,25.38035329219432,2149.2443622708456,1915.552058732781,400,400,1.0,3305.975558755874,0.366856636421294,deployment_scaling,xlarge,40,24,16,40,40,1.0,15.0,0.7,0.7,0.2,0.1,0.7,0.3,1.5497937629988885
epigenomics,800,3.0,reference,5,HDS,Sharable,HDS-Sharable,1740.5092058295515,3481.0184116591035,1,3.0,downstream_reserved,1,idle_only,1,1,1,0.0,5221.527617488655,5221.527617488655,3.0,40,40,1,1,1.0,0.0161981320015911,0,267,2,1.49812734082397,"{""1"":134,""2"":133}",8,0.02,60,332,68,4,2,39,39,242,1696,0.0617438570006925,1.4246801341057862e-13,0,0,0,8,9.947598300641405e-13,9.947598300641405e-13,0.585,1916.2570238491144,1484.412209594114,2325.5715044553053,0.2402288171720459,0.1644741134833154,0.3159835208607764,0.5346379010623994,0.0349786006406986,0.1146059672307629,0.0185514173529002,0.0613256871581869,0.0003992230013186,0.0021910305559253,27,1,1,1,1,0.0,1916.2570238491144,0.83,67,1.4973179249827808,0.0007813763531445,0.2246223260008264,14.373981346279557,0.906,13.467981346279556,26.13776413530562,2149.2443622708456,1916.2570238491144,400,400,1.0,3305.2705936395405,0.3669916476992143,deployment_scaling,xlarge,40,24,16,40,40,1.0,15.0,0.7,0.7,0.2,0.1,0.7,0.3,1.6631371149996994
epigenomics,800,3.0,reference,5,PBQS,NonSharable,PBQS-NonSharable,1740.5092058295515,3481.0184116591035,1,3.0,downstream_reserved,1,queue_aware,1,1,1,0.0,5221.527617488655,5221.527617488655,3.0,40,40,1,1,1.0,0.0317305419994227,0,267,2,1.49812734082397,"{""1"":134,""2"":133}",0,0.0,0,308,92,0,0,0,0,0,0,0.0,0.0,0,0,0,0,0.0,0.0,0.75,2049.328496895473,1809.3363608950924,2306.1285995174176,0.2065220582732904,0.143957101265316,0.2690870152812649,0.4224329876401243,0.0656918085170821,0.1090640389609942,0.0369052619318024,0.0603794051393255,0.0005758361975692,0.0017417772825898,18,1,1,1,1,0.0,2049.328496895473,0.77,92,14.657585770983133,0.0071523846924433,0.0,17.293156554597477,0.855,16.438156554597477,30.362708074540635,2331.8300917734864,2049.328496895473,400,400,1.0,3172.1991205931818,0.3924768089000586,deployment_scaling,xlarge,40,24,16,40,40,1.0,15.0,0.7,0.7,0.2,0.1,0.7,0.3,14.816774006001651
epigenomics,800,3.0,reference,5,PBQS,Sharable,PBQS-Sharable,1740.5092058295515,3481.0184116591035,1,3.0,downstream_reserved,1,queue_aware,1,1,1,0.0,5221.527617488655,5221.527617488655,3.0,40,40,1,1,1.0,0.0285662200003571,0,267,2,1.49812734082397,"{""1"":134,""2"":133}",0,0.0,0,328,72,0,0,0,0,0,0,0.0,0.0,0,0,0,0,0.0,0.0,0.5650000000000001,2197.861017504184,1504.6883348713473,1696.8325474699272,0.2666012024982477,0.185835530724317,0.3473668742721784,0.539775484206826,0.0918784860378922,0.1340459551693739,0.0516167794686934,0.0707311782412502,0.0006820392629512,0.0012822126909325,11,1,1,1,1,0.0,2197.861017504184,0.82,72,13.632508099992265,0.0062026251848594,0.0,14.71011008805614,0.648,14.06211008805614,278.20749185805266,2331.830091773488,2197.861017504184,400,400,1.0,3023.666599984471,0.4209229900734044,deployment_scaling,xlarge,40,24,16,40,40,1.0,15.0,0.7,0.7,0.2,0.1,0.7,0.3,13.75731551699937
inspiral,800,3.0,reference,1,HDS,NonSharable,HDS-NonSharable,1617.170287421883,3234.3405748437654,1,3.0,downstream_reserved,1,idle_only,1,1,1,0.0,4851.510862265648,4851.510862265648,3.0,40,40,1,1,1.0,0.0144292180011689,0,533,2,1.49906191369606,"{""1"":267,""2"":266}",0,0.0,75,724,75,0,0,0,0,0,0,0.0,0.0,0,0,0,0,0.0,0.0,0.66,1960.353293084902,2846.091386679344,4209.822594153444,0.24733089144929,0.1761966545787776,0.3184651283198024,0.5471508317108189,0.0907129049551706,0.1736860417131509,0.0494322833333192,0.0974076091504667,0.0013023256380114,0.0040181392624199,15,1,1,1,1,0.0,1960.353293084902,0.9061326658322904,75,1.4773125800165872,0.0007535950714739,0.0,27.09051604232722,1.73,25.36051604232722,27.42029676790317,2462.1787426986853,1960.353293084902,799,799,1.0,2891.1575691807457,0.404070679988011,deployment_scaling,xlarge,40,24,16,40,40,1.0,15.0,0.7,0.7,0.2,0.1,0.7,0.3,1.8457331719982903
inspiral,800,3.0,reference,1,HDS,Sharable,HDS-Sharable,1617.170287421883,3234.3405748437654,1,3.0,downstream_reserved,1,idle_only,1,1,1,0.0,4851.510862265648,4851.510862265648,3.0,40,40,1,1,1.0,0.0152184030011994,0,533,2,1.49906191369606,"{""1"":267,""2"":266}",0,0.0,75,724,75,0,0,0,0,0,0,0.0,0.0,0,0,0,0,0.0,0.0,0.66,1960.353293084902,2846.091386679344,4209.822594153444,0.24733089144929,0.1761966545787776,0.3184651283198024,0.5471508317108189,0.0907129049551706,0.1736860417131509,0.0494322833333192,0.0974076091504667,0.0013023256380114,0.0040181392624199,15,1,1,1,1,0.0,1960.353293084902,0.9061326658322904,75,1.4895719249907415,0.0007598487120893,0.0,27.09051604232722,1.73,25.36051604232722,27.42029676790317,2462.1787426986853,1960.353293084902,799,799,1.0,2891.1575691807457,0.404070679988011,deployment_scaling,xlarge,40,24,16,40,40,1.0,15.0,0.7,0.7,0.2,0.1,0.7,0.3,1.85103331999926
inspiral,800,3.0,reference,1,PBQS,NonSharable,PBQS-NonSharable,1617.170287421883,3234.3405748437654,1,3.0,downstream_reserved,1,queue_aware,1,1,1,0.0,4851.510862265648,4851.510862265648,3.0,40,40,1,1,1.0,0.0314726830001745,0,533,2,1.49906191369606,"{""1"":267,""2"":266}",0,0.0,0,685,114,0,0,0,0,0,0,0.0,0.0,0,0,0,0,0.0,0.0,0.915,2273.209014678853,3386.4284745878927,4001.669073207713,0.2070187860128803,0.1523468016593232,0.2616907703664373,0.4196630919844226,0.0766591707138931,0.194816839636116,0.0446496774503392,0.1082405559137892,0.0008386501212886,0.0024112034730794,24,1,1,1,1,0.0,2273.209014678853,0.8573216520650814,114,26.227536190017418,0.0115376703244873,0.0,35.83231337129152,1.587,34.24531337129152,36.468487198623166,2870.495549173451,2273.209014678853,799,799,1.0,2578.3018475867952,0.4685569257114407,deployment_scaling,xlarge,40,24,16,40,40,1.0,15.0,0.7,0.7,0.2,0.1,0.7,0.3,26.569916387001285
inspiral,800,3.0,reference,1,PBQS,Sharable,PBQS-Sharable,1617.170287421883,3234.3405748437654,1,3.0,downstream_reserved,1,queue_aware,1,1,1,0.0,4851.510862265648,4851.510862265648,3.0,40,40,1,1,1.0,0.0292962820021784,0,533,2,1.49906191369606,"{""1"":267,""2"":266}",0,0.0,0,712,87,0,0,0,0,0,0,0.0,0.0,0,0,0,0,0.0,0.0,0.665,2571.7543940896007,2928.3994234074794,3085.610970846887,0.2723093262169426,0.2003946391057252,0.34422401332816,0.5499033619106231,0.1185801634358838,0.1854251372098229,0.0690663100072015,0.10645301798178,0.0010656930365558,0.0016053722630533,12,1,1,1,1,0.0,2571.7543940896007,0.8911138923654568,87,25.650091747047554,0.0099737719146107,0.0,29.015393677873632,1.203,27.812393677873636,594.5305829532391,2870.495549173452,2571.7543940896007,799,799,1.0,2279.7564681760477,0.5300935042921032,deployment_scaling,xlarge,40,24,16,40,40,1.0,15.0,0.7,0.7,0.2,0.1,0.7,0.3,25.96775029900164
inspiral,800,3.0,reference,2,HDS,NonSharable,HDS-NonSharable,1622.1003369936643,3244.200673987329,1,3.0,downstream_reserved,1,idle_only,1,1,1,0.0,4866.301010980994,4866.301010980994,3.0,40,40,1,1,1.0,0.0173720900020271,0,533,2,1.49906191369606,"{""1"":267,""2"":266}",2,0.0025031289111389,75,722,77,1,2,39,39,203,1657,0.0548712929994508,7.734005859166903e-14,0,0,0,2,0.0,0.0,0.67,1986.1834392805947,2668.215355890293,3925.194042791256,0.2458928867581817,0.1710357556984276,0.3207500178179359,0.5311197279399746,0.0636239911225411,0.1735390896607903,0.0364989544296349,0.1012507563501688,0.0008515236775161,0.0040678287115357,20,1,1,1,1,0.0,1986.1834392805947,0.9036295369211514,77,1.69352807197356,0.0008526544117128,0.0548712929994508,24.857922166543,1.709,23.148922166543,28.65046013009564,2453.773143082683,1986.1834392805947,799,799,1.0,2880.117571700399,0.40815055106511,deployment_scaling,xlarge,40,24,16,40,40,1.0,15.0,0.7,0.7,0.2,0.1,0.7,0.3,2.03838395099956
inspiral,800,3.0,reference,2,HDS,Sharable,HDS-Sharable,1622.1003369936643,3244.200673987329,1,3.0,downstream_reserved,1,idle_only,1,1,1,0.0,4866.301010980994,4866.301010980994,3.0,40,40,1,1,1.0,0.0174292550000245,0,533,2,1.49906191369606,"{""1"":267,""2"":266}",2,0.0025031289111389,75,722,77,1,2,39,39,242,1696,0.1036039840000739,0.0,0,0,0,2,5.684341886080801e-13,5.684341886080801e-13,0.655,1987.8832764522965,2646.502862456729,3907.512916360885,0.2474090613517027,0.1719574328878103,0.3228606898155952,0.5373177424680736,0.0737641336214566,0.1733906965439293,0.0423230476476225,0.1011641769210114,0.0009967503068191,0.0034769362730466,17,1,1,1,1,0.0,1987.8832764522965,0.9036295369211514,76,1.6341379969708214,0.0008220492703611,0.1036039840000739,24.68022221907449,1.705,22.97522221907449,33.54765895235798,2450.1689056544155,1987.8832764522965,799,799,1.0,2878.417734528697,0.4084998589208851,deployment_scaling,xlarge,40,24,16,40,40,1.0,15.0,0.7,0.7,0.2,0.1,0.7,0.3,2.00363609499982
inspiral,800,3.0,reference,2,PBQS,NonSharable,PBQS-NonSharable,1622.1003369936643,3244.200673987329,1,3.0,downstream_reserved,1,queue_aware,1,1,1,0.0,4866.301010980994,4866.301010980994,3.0,40,40,1,1,1.0,0.0345511730010912,0,533,2,1.49906191369606,"{""1"":267,""2"":266}",0,0.0,0,688,111,0,0,0,0,0,0,0.0,0.0,0,0,0,0,0.0,0.0,0.88,2262.147009937368,3174.819455045442,3903.0120453173454,0.2099882763520348,0.1501622269809528,0.2698143257231169,0.423784840516808,0.0738432601365174,0.2147272239819138,0.0451491554540039,0.1321435074488979,0.0007970890348269,0.0027793867226996,27,1,1,1,1,0.0,2262.147009937368,0.8610763454317898,111,24.66489947202353,0.0109033141363816,0.0,36.27995047193472,1.56,34.71995047193472,35.10566971804276,2822.407037841941,2262.147009937368,799,799,1.0,2604.1540010436265,0.4648596551739702,deployment_scaling,xlarge,40,24,16,40,40,1.0,15.0,0.7,0.7,0.2,0.1,0.7,0.3,25.04205797899704
inspiral,800,3.0,reference,2,PBQS,Sharable,PBQS-Sharable,1622.1003369936643,3244.200673987329,1,3.0,downstream_reserved,1,queue_aware,1,1,1,0.0,4866.301010980994,4866.301010980994,3.0,40,40,1,1,1.0,0.0332613210011913,0,533,2,1.49906191369606,"{""1"":267,""2"":266}",0,0.0,0,716,83,0,0,0,0,0,0,0.0,0.0,0,0,0,0,0.0,0.0,0.64,2535.9525619379706,2600.163385421248,2753.6999060689573,0.2845002453801763,0.203445597845162,0.3655548929151906,0.5667484011730807,0.1152732693429571,0.219400839930786,0.0704802408186563,0.1335279857495168,0.0009037763075465,0.0018557352674294,12,1,1,1,1,0.0,2535.9525619379706,0.8961201501877347,83,24.597066367980005,0.0096993400969547,0.0,25.218263740550185,1.089,24.129263740550183,572.578163040529,2822.407037841942,2535.9525619379706,799,799,1.0,2330.3484490430237,0.5211252974724533,deployment_scaling,xlarge,40,24,16,40,40,1.0,15.0,0.7,0.7,0.2,0.1,0.7,0.3,24.895179859002383
inspiral,800,3.0,reference,3,HDS,NonSharable,HDS-NonSharable,1600.477087915039,3200.954175830077,1,3.0,downstream_reserved,1,idle_only,1,1,1,0.0,4801.431263745117,4801.431263745117,3.0,40,40,1,1,1.0,0.0140834420017199,0,533,2,1.49906191369606,"{""1"":267,""2"":266}",0,0.0,74,725,74,0,0,0,0,0,0,0.0,0.0,0,0,0,0,0.0,0.0,0.645,1927.7996927943143,2659.6550971875163,4123.193050636245,0.2376242635049333,0.1676172686275693,0.3076312583822973,0.5365486097456561,0.0869725525643412,0.1811964645259372,0.0481729515286779,0.1026026802363389,0.0013305829776481,0.0042218451810088,14,1,1,1,1,0.0,1927.7996927943143,0.90738423028786,74,1.5262501830256952,0.0007917057922202,0.0,24.92448864997615,1.789,23.13548864997615,27.944923084446312,2382.2758272707133,1927.7996927943143,799,799,1.0,2873.6315709508026,0.4015052151950688,deployment_scaling,xlarge,40,24,16,40,40,1.0,15.0,0.7,0.7,0.2,0.1,0.7,0.3,1.8770355209999248
inspiral,800,3.0,reference,3,HDS,Sharable,HDS-Sharable,1600.477087915039,3200.954175830077,1,3.0,downstream_reserved,1,idle_only,1,1,1,0.0,4801.431263745117,4801.431263745117,3.0,40,40,1,1,1.0,0.0145369479978398,0,533,2,1.49906191369606,"{""1"":267,""2"":266}",0,0.0,74,725,74,0,0,0,0,0,0,0.0,0.0,0,0,0,0,0.0,0.0,0.645,1927.7996927943143,2659.6550971875163,4123.193050636245,0.2376242635049333,0.1676172686275693,0.3076312583822973,0.5365486097456561,0.0869725525643412,0.1811964645259372,0.0481729515286779,0.1026026802363389,0.0013305829776481,0.0042218451810088,14,1,1,1,1,0.0,1927.7996927943143,0.90738423028786,74,1.5351457579963608,0.0007963201590571,0.0,24.92448864997615,1.789,23.13548864997615,27.944923084446312,2382.2758272707133,1927.7996927943143,799,799,1.0,2873.6315709508026,0.4015052151950688,deployment_scaling,xlarge,40,24,16,40,40,1.0,15.0,0.7,0.7,0.2,0.1,0.7,0.3,1.8980648329998075
inspiral,800,3.0,reference,3,PBQS,NonSharable,PBQS-NonSharable,1600.477087915039,3200.954175830077,1,3.0,downstream_reserved,1,queue_aware,1,1,1,0.0,4801.431263745117,4801.431263745117,3.0,40,40,1,1,1.0,0.0291145769988361,0,533,2,1.49906191369606,"{""1"":267,""2"":266}",0,0.0,0,681,118,0,0,0,0,0,0,0.0,0.0,0,0,0,0,0.0,0.0,0.92,2291.366805104631,3531.952971862828,4333.246763163748,0.1973070191398519,0.1447696311252019,0.2498444071545019,0.4058259209054886,0.0766007645523805,0.2280661038140297,0.0458171168137967,0.1286168542140769,0.0008708763729491,0.0025388983306676,26,1,1,1,1,0.0,2291.366805104631,0.8523153942428036,118,24.521925136010395,0.0107018767494498,0.0,38.92243836866973,1.663,37.25943836866973,36.76507284718917,2873.2475200108597,2291.366805104631,799,799,1.0,2510.0644586404856,0.477225785237497,deployment_scaling,xlarge,40,24,16,40,40,1.0,15.0,0.7,0.7,0.2,0.1,0.7,0.3,24.88257126199824
inspiral,800,3.0,reference,3,PBQS,Sharable,PBQS-Sharable,1600.477087915039,3200.954175830077,1,3.0,downstream_reserved,1,queue_aware,1,1,1,0.0,4801.431263745117,4801.431263745117,3.0,40,40,1,1,1.0,0.0280238330014981,0,533,2,1.49906191369606,"{""1"":267,""2"":266}",0,0.0,0,712,87,0,0,0,0,0,0,0.0,0.0,0,0,0,0,0.0,0.0,0.655,2617.793025376571,2955.7911238215547,3180.9230670812008,0.2707235844011922,0.1986374008462074,0.342809767956177,0.550430559389053,0.1173357798034836,0.2024500659782541,0.0701818991116984,0.1237440743096368,0.0012070646138547,0.0018765777411117,12,1,1,1,1,0.0,2617.793025376571,0.8911138923654568,87,24.067772727958072,0.0091939173550574,0.0,31.506046572403186,1.229,30.277046572403187,592.7185254908661,2873.247520010857,2617.793025376571,799,799,1.0,2183.638238368545,0.5452109759735876,deployment_scaling,xlarge,40,24,16,40,40,1.0,15.0,0.7,0.7,0.2,0.1,0.7,0.3,24.375528442997165
inspiral,800,3.0,reference,4,HDS,NonSharable,HDS-NonSharable,1585.7058344484187,3171.411668896838,1,3.0,downstream_reserved,1,idle_only,1,1,1,0.0,4757.117503345256,4757.117503345256,3.0,40,40,1,1,1.0,0.0171508899984473,0,533,2,1.49906191369606,"{""1"":267,""2"":266}",2,0.0025031289111389,73,724,75,1,2,39,39,203,1657,0.0525488240018603,1.7024936500208788e-13,0,0,0,2,0.0,0.0,0.645,1948.1169220187116,2677.153361862483,3971.465692565774,0.2421368688724776,0.167725390196452,0.3165483475485033,0.5396587661651872,0.0628329747043839,0.1899896296012841,0.0356327252327605,0.1029569166125446,0.0008386305849171,0.0040501587948523,20,1,1,1,1,0.0,1948.1169220187116,0.9061326658322904,75,1.496700240932114,0.0007682804989862,0.0525488240018603,23.72685816760389,1.728,21.99885816760389,28.461915307396144,2428.464447743342,1948.1169220187116,799,799,1.0,2809.000581326545,0.4095162502605358,deployment_scaling,xlarge,40,24,16,40,40,1.0,15.0,0.7,0.7,0.2,0.1,0.7,0.3,1.862966990000132
inspiral,800,3.0,reference,4,HDS,Sharable,HDS-Sharable,1585.7058344484187,3171.411668896838,1,3.0,downstream_reserved,1,idle_only,1,1,1,0.0,4757.117503345256,4757.117503345256,3.0,40,40,1,1,1.0,0.0168708940000215,0,533,2,1.49906191369606,"{""1"":267,""2"":266}",2,0.0025031289111389,73,724,75,1,2,39,39,242,1696,0.0551602029991045,1.1706402618384728e-13,0,0,0,2,1.1368683772161605e-13,1.1368683772161605e-13,0.645,1948.1169220187116,2677.153361862483,3971.465692565774,0.2421368688724776,0.167725390196452,0.3165483475485033,0.5396587661651872,0.0628329747043839,0.1899896296012841,0.0356327252327605,0.1029569166125446,0.0008386305849171,0.0040501587948523,20,1,1,1,1,0.0,1948.1169220187116,0.9061326658322904,75,1.49099041698355,0.0007653495537827,0.0551602029991045,23.72685816760389,1.728,21.99885816760389,28.461915307396144,2428.464447743342,1948.1169220187116,799,799,1.0,2809.000581326545,0.4095162502605358,deployment_scaling,xlarge,40,24,16,40,40,1.0,15.0,0.7,0.7,0.2,0.1,0.7,0.3,1.835754282001289
inspiral,800,3.0,reference,4,PBQS,NonSharable,PBQS-NonSharable,1585.7058344484187,3171.411668896838,1,3.0,downstream_reserved,1,queue_aware,1,1,1,0.0,4757.117503345256,4757.117503345256,3.0,40,40,1,1,1.0,0.0338572489999933,0,533,2,1.49906191369606,"{""1"":267,""2"":266}",0,0.0,0,686,113,0,0,0,0,0,0,0.0,0.0,0,0,0,0,0.0,0.0,0.895,2231.1954898430986,3270.291343182451,4020.856153283265,0.2034667514842464,0.1461810198205565,0.2607524831479363,0.4123733849162978,0.0743493139154826,0.2194546513518079,0.0439180330978216,0.1208808898884332,0.0007674022743211,0.0027064800866589,27,1,1,1,1,0.0,2231.1954898430986,0.8585732165206508,113,24.951238457062573,0.011182901081795,0.0,34.94692649766696,1.623,33.32392649766696,36.025720500590545,2795.8915497325,2231.1954898430986,799,799,1.0,2525.922013502158,0.4690225726554153,deployment_scaling,xlarge,40,24,16,40,40,1.0,15.0,0.7,0.7,0.2,0.1,0.7,0.3,25.31070687800093
inspiral,800,3.0,reference,4,PBQS,Sharable,PBQS-Sharable,1585.7058344484187,3171.411668896838,1,3.0,downstream_reserved,1,queue_aware,1,1,1,0.0,4757.117503345256,4757.117503345256,3.0,40,40,1,1,1.0,0.0336773310009448,0,533,2,1.49906191369606,"{""1"":267,""2"":266}",0,0.0,0,715,84,0,0,0,0,0,0,0.0,0.0,0,0,0,0,0.0,0.0,0.65,2518.805886344462,2719.0734739665386,2918.4204148514395,0.2745186329549356,0.1972283600753541,0.3518089058345172,0.5547403868516857,0.1152545124123622,0.2019756080488947,0.0680806751835452,0.1154087968203528,0.000950071602076,0.0020349521944098,12,1,1,1,1,0.0,2518.805886344462,0.8948685857321652,84,24.89912991395977,0.0098852912997181,0.0,25.73417149984561,1.167,24.56717149984561,590.7141777171261,2795.891549732496,2518.805886344462,799,799,1.0,2238.3116170007943,0.5294815367863439,deployment_scaling,xlarge,40,24,16,40,40,1.0,15.0,0.7,0.7,0.2,0.1,0.7,0.3,25.222088275000715
inspiral,800,3.0,reference,5,HDS,NonSharable,HDS-NonSharable,1534.9314985819706,3069.8629971639407,1,3.0,downstream_reserved,1,idle_only,1,1,1,0.0,4604.794495745911,4604.794495745911,3.0,40,40,1,1,1.0,0.0142777020009816,0,533,2,1.49906191369606,"{""1"":267,""2"":266}",6,0.0075093867334167,65,728,71,3,2,38,39,203,1657,0.0745744939995347,4.06176342618306e-13,0,0,0,6,0.0,0.0,0.63,1844.087543170828,2687.716388007881,4272.179216026756,0.2362733206661603,0.163745041120944,0.3088016002113765,0.5402136426784683,0.0470350303637487,0.1766385472639093,0.026621335838225,0.1047939767811663,0.0009086479248032,0.0046421057327212,21,1,1,1,1,0.0,1844.087543170828,0.9111389236545682,71,1.5765866129731876,0.0008549413062366,0.1504845469971769,24.337450080260915,1.825,22.51245008026092,27.14910466046867,2301.3101178102747,1844.087543170828,799,799,1.0,2760.706952575083,0.4004711925525597,deployment_scaling,xlarge,40,24,16,40,40,1.0,15.0,0.7,0.7,0.2,0.1,0.7,0.3,1.9413280640001176
inspiral,800,3.0,reference,5,HDS,Sharable,HDS-Sharable,1534.9314985819706,3069.8629971639407,1,3.0,downstream_reserved,1,idle_only,1,1,1,0.0,4604.794495745911,4604.794495745911,3.0,40,40,1,1,1.0,0.015216589999909,0,533,2,1.49906191369606,"{""1"":267,""2"":266}",6,0.0075093867334167,67,726,73,3,2,39,39,242,1696,0.0573927479999838,1.0958597847982802e-14,0,0,0,6,0.0,0.0,0.635,1857.8662041547,2746.0557934138,4213.302359538682,0.2348016139907059,0.1625852524393769,0.3070179755420351,0.5346476516466704,0.0601630463826063,0.1658983074114012,0.0343273490409809,0.0985839705649417,0.0008898364354217,0.0044190636724859,21,1,1,1,1,0.0,1857.8662041547,0.9086357947434291,72,1.7119434280248242,0.0009214567896205,0.1680718269999488,24.764165323508266,1.785,22.979165323508266,31.600958178155697,2309.6778551136163,1857.8662041547,799,799,1.0,2746.928291591211,0.403463434876642,deployment_scaling,xlarge,40,24,16,40,40,1.0,15.0,0.7,0.7,0.2,0.1,0.7,0.3,2.0852498480016948
inspiral,800,3.0,reference,5,PBQS,NonSharable,PBQS-NonSharable,1534.9314985819706,3069.8629971639407,1,3.0,downstream_reserved,1,queue_aware,1,1,1,0.0,4604.794495745911,4604.794495745911,3.0,40,40,1,1,1.0,0.0285218489989347,0,533,2,1.49906191369606,"{""1"":267,""2"":266}",0,0.0,0,688,111,0,0,0,0,0,0,0.0,0.0,0,0,0,0,0.0,0.0,0.86,2156.906015382653,3344.003416821246,4151.758186906962,0.1986482949103824,0.1431887578408695,0.2541078319798953,0.4078958085758208,0.0865514336607722,0.1970544180589449,0.0522069376935311,0.1208624147547056,0.0011298683570848,0.0029471335921037,20,1,1,1,1,0.0,2156.906015382653,0.8610763454317898,111,24.931786798009853,0.0115590510760325,0.0,36.66355263490889,1.643,35.02055263490889,34.266835082466486,2716.5860851149664,2156.906015382653,799,799,1.0,2447.8884803632577,0.4684044027101073,deployment_scaling,xlarge,40,24,16,40,40,1.0,15.0,0.7,0.7,0.2,0.1,0.7,0.3,25.289719568998407
inspiral,800,3.0,reference,5,PBQS,Sharable,PBQS-Sharable,1534.9314985819706,3069.8629971639407,1,3.0,downstream_reserved,1,queue_aware,1,1,1,0.0,4604.794495745911,4604.794495745911,3.0,40,40,1,1,1.0,0.0280185440024069,0,533,2,1.49906191369606,"{""1"":267,""2"":266}",0,0.0,0,716,83,0,0,0,0,0,0,0.0,0.0,0,0,0,0,0.0,0.0,0.63,2463.9409053821278,2734.0791278953893,2931.909609055248,0.2675343971776924,0.1928429238663324,0.3422258704890524,0.5454992138785079,0.1136492199316526,0.2019460960287152,0.0685520446390866,0.1203772993531023,0.0010850161558871,0.0021699714928498,12,1,1,1,1,0.0,2463.9409053821278,0.8961201501877347,83,24.98314039893376,0.0101395047033642,0.0,27.785848211986607,1.095,26.69084821198661,567.9744557267302,2716.586085114969,2463.9409053821278,799,799,1.0,2140.853590363784,0.5350816214835238,deployment_scaling,xlarge,40,24,16,40,40,1.0,15.0,0.7,0.7,0.2,0.1,0.7,0.3,25.280574506999983
montage,800,3.0,reference,1,HDS,NonSharable,HDS-NonSharable,1077.7017214286698,2155.4034428573395,1,3.0,downstream_reserved,1,idle_only,1,1,1,0.0,3233.1051642860093,3233.1051642860093,3.0,40,40,1,1,1.0,0.0160562499986554,0,321,4,2.4953271028037385,"{""1"":161,""4"":160}",43,0.05375,55,702,98,19,4,36,39,275,2083,0.0941355639988614,2.503448943379236e-13,0,0,0,43,7.105427357601002e-15,7.105427357601002e-15,0.84,1344.5913624223026,4610.129363437472,7373.705946148898,0.1958586721821895,0.1400030379079869,0.251714306456392,0.4273307975984808,0.0300418900172747,0.1320144886374615,0.0166594216203397,0.0729130840821871,0.0004895556595451,0.0059360884072227,93,1,1,1,1,0.0,1344.5913624223026,0.8775,98,3.015400560976559,0.0022426148532921,1.0705094499971892,42.261352284493285,3.1525,39.10885228449328,36.037863187456445,2512.705089879067,1344.5913624223026,800,800,1.0,1888.5138018637067,0.415882346567356,deployment_scaling,xlarge,40,24,16,40,40,1.0,15.0,0.7,0.7,0.2,0.1,0.7,0.3,3.5690909909972106
montage,800,3.0,reference,1,HDS,Sharable,HDS-Sharable,1077.7017214286698,2155.4034428573395,1,3.0,downstream_reserved,1,idle_only,1,1,1,0.0,3233.1051642860093,3233.1051642860093,3.0,40,40,1,1,1.0,0.014232664998417,0,321,4,2.4953271028037385,"{""1"":161,""4"":160}",31,0.03875,69,700,100,15,3,36,39,363,2095,0.1065948079994996,1.9287552233330122e-13,0,0,0,31,1.4070966614099234e-12,5.684341886080801e-13,0.795,1341.379265295417,4623.460061558215,7430.085222578493,0.2081793733865207,0.1487218326831038,0.2676369140899376,0.4560246540897264,0.0423879753184453,0.1799190507005625,0.0231524763962765,0.0920140929216761,0.0007183429208037,0.005957735667056,64,1,1,1,1,0.0,1341.379265295417,0.875,91,2.9720910980140616,0.0022156978081508,0.9762330490084424,42.37199786945923,3.1565,39.21549786945923,57.65099481393487,2489.894611329906,1341.379265295417,800,800,1.0,1891.725898990592,0.4148888443570452,deployment_scaling,xlarge,40,24,16,40,40,1.0,15.0,0.7,0.7,0.2,0.1,0.7,0.3,3.510876644999371
montage,800,3.0,reference,1,PBQS,NonSharable,PBQS-NonSharable,1077.7017214286698,2155.4034428573395,1,3.0,downstream_reserved,1,queue_aware,1,1,1,0.0,3233.1051642860093,3233.1051642860093,3.0,40,40,1,1,1.0,0.0278026929991028,0,321,4,2.4953271028037385,"{""1"":161,""4"":160}",0,0.0,0,676,124,0,0,0,0,0,0,0.0,0.0,0,0,0,0,0.0,0.0,0.995,1486.3807401885572,4752.285944386553,6492.70927145396,0.1855864928142069,0.136116471354589,0.2350565142738248,0.3790075653950541,0.079273742682213,0.2482244435969183,0.0458271041516489,0.1303308213799557,0.0008888752896343,0.0044421780947666,41,1,1,1,1,0.0,1486.3807401885572,0.845,124,32.22877085200889,0.0216827155927225,0.0,43.006604932085935,2.7605,40.246104932085935,45.13116316560295,2819.816286539203,1486.3807401885572,800,800,1.0,1746.724424097452,0.4597378262258925,deployment_scaling,xlarge,40,24,16,40,40,1.0,15.0,0.7,0.7,0.2,0.1,0.7,0.3,32.692842078002286
montage,800,3.0,reference,1,PBQS,Sharable,PBQS-Sharable,1077.7017214286698,2155.4034428573395,1,3.0,downstream_reserved,1,queue_aware,1,1,1,0.0,3233.1051642860093,3233.1051642860093,3.0,40,40,1,1,1.0,0.0283780799982196,0,321,4,2.4953271028037385,"{""1"":161,""4"":160}",0,0.0,0,726,74,0,0,0,0,0,0,0.0,0.0,0,0,0,0,0.0,0.0,0.555,2082.939153845872,3382.5190640949377,3753.17551087073,0.3200941343951458,0.2347696937125021,0.4054185750777895,0.6350937582295502,0.1131391323725858,0.2395984286934978,0.0654042388745325,0.1254050964843562,0.0012903730050718,0.0027011283575667,12,1,1,1,1,0.0,2082.939153845872,0.9075,74,32.12505031301407,0.0154229422658359,0.0,30.76046988975301,1.4725,29.28796988975301,1836.5071366717095,2819.816286539203,2082.939153845872,800,800,1.0,1150.1660104401376,0.6442534492396763,deployment_scaling,xlarge,40,24,16,40,40,1.0,15.0,0.7,0.7,0.2,0.1,0.7,0.3,32.43143819800025
montage,800,3.0,reference,2,HDS,NonSharable,HDS-NonSharable,1039.0015432801415,2078.003086560283,1,3.0,downstream_reserved,1,idle_only,1,1,1,0.0,3117.0046298404245,3117.0046298404245,3.0,40,40,1,1,1.0,0.014135580000584,0,321,4,2.498442367601246,"{""1"":160,""2"":1,""4"":160}",44,0.055,49,707,93,21,3,35,39,246,1900,0.0806612189990119,1.7866731509525973e-13,0,0,0,44,1.7763568394002505e-15,8.881784197001252e-16,0.79,1320.676143481898,4503.954756274459,7292.842194480407,0.2041837442418824,0.141433399819782,0.2669340886639827,0.4463770507560101,0.0334897482905432,0.1180484150174536,0.0197386022657257,0.0799972966373774,0.0006348761852245,0.0061502100994084,72,1,1,1,1,0.0,1320.676143481898,0.88375,93,3.0148196689915494,0.0022827849839424,1.1884998549940065,41.23494039049566,3.1765,38.05844039049566,34.5283144395796,2490.7839432185365,1320.676143481898,800,800,1.0,1796.3284863585266,0.4237004112340732,deployment_scaling,xlarge,40,24,16,40,40,1.0,15.0,0.7,0.7,0.2,0.1,0.7,0.3,3.556567622003058
montage,800,3.0,reference,2,HDS,Sharable,HDS-Sharable,1039.0015432801415,2078.003086560283,1,3.0,downstream_reserved,1,idle_only,1,1,1,0.0,3117.0046298404245,3117.0046298404245,3.0,40,40,1,1,1.0,0.0141334069994627,0,321,4,2.498442367601246,"{""1"":160,""2"":1,""4"":160}",29,0.03625,73,698,102,15,3,36,39,363,2095,0.1336762370010547,1.672506088048932e-13,0,0,0,29,9.388045896230324e-13,4.547473508864641e-13,0.785,1356.0463958767075,4541.389088028181,7489.075222335868,0.2056952902599527,0.1418128687435579,0.2695777117763476,0.4536703927412474,0.0455306619046033,0.1706743645484913,0.0271119903882374,0.1085638076637242,0.0008458604408309,0.0070432597695256,54,1,1,1,1,0.0,1356.0463958767075,0.8725,91,3.1615577709853824,0.0023314525082612,1.045331247991271,41.59441504452543,3.2365,38.35791504452543,72.49971272653949,2477.0403443672108,1356.0463958767075,800,800,1.0,1760.9582339637168,0.435047924823304,deployment_scaling,xlarge,40,24,16,40,40,1.0,15.0,0.7,0.7,0.2,0.1,0.7,0.3,3.702351863998047
montage,800,3.0,reference,2,PBQS,NonSharable,PBQS-NonSharable,1039.0015432801415,2078.003086560283,1,3.0,downstream_reserved,1,queue_aware,1,1,1,0.0,3117.0046298404245,3117.0046298404245,3.0,40,40,1,1,1.0,0.0283136939979158,0,321,4,2.498442367601246,"{""1"":160,""2"":1,""4"":160}",0,0.0,0,671,129,0,0,0,0,0,0,0.0,0.0,0,0,0,0,0.0,0.0,1.005,1436.5633564430807,4738.153685822871,6744.643717234586,0.178670449529374,0.126883071731757,0.230457827326991,0.3578596336407291,0.0705114445109574,0.2242099627656175,0.0431831606038536,0.1420862780457448,0.0008660166767999,0.0049655999126386,45,1,1,1,1,0.0,1436.5633564430807,0.83875,129,32.815867901001184,0.0228433140479463,0.0,42.79653182688295,2.8645,39.93203182688295,44.86797099091885,2769.8335643792434,1436.5633564430807,800,800,1.0,1680.4412733973438,0.4608794426194438,deployment_scaling,xlarge,40,24,16,40,40,1.0,15.0,0.7,0.7,0.2,0.1,0.7,0.3,33.31844053099849
montage,800,3.0,reference,2,PBQS,Sharable,PBQS-Sharable,1039.0015432801415,2078.003086560283,1,3.0,downstream_reserved,1,queue_aware,1,1,1,0.0,3117.0046298404245,3117.0046298404245,3.0,40,40,1,1,1.0,0.0279522860000724,0,321,4,2.498442367601246,"{""1"":160,""2"":1,""4"":160}",0,0.0,0,728,72,0,0,0,0,0,0,0.0,0.0,0,0,0,0,0.0,0.0,0.55,2056.349518543664,3124.75544263602,3517.847230860884,0.3239445533523231,0.2300496814575784,0.4178394252470678,0.6411651769396397,0.1354628336877454,0.2499431614289235,0.0829611894007076,0.1492380668655898,0.0013337660174951,0.0026184123826582,11,1,1,1,1,0.0,2056.349518543664,0.91,72,32.46624949494435,0.0157882933821179,0.0,28.429345881388144,1.4045,27.024845881388146,1965.2752424572643,2769.8335643792434,2056.349518543664,800,800,1.0,1060.6551112967609,0.6597197510896667,deployment_scaling,xlarge,40,24,16,40,40,1.0,15.0,0.7,0.7,0.2,0.1,0.7,0.3,32.7597966650028
montage,800,3.0,reference,3,HDS,NonSharable,HDS-NonSharable,1051.624517244158,2103.2490344883163,1,3.0,downstream_reserved,1,idle_only,1,1,1,0.0,3154.8735517324744,3154.8735517324744,3.0,40,40,1,1,1.0,0.0145118159998673,0,320,4,2.5,"{""1"":160,""4"":160}",42,0.0525,52,706,94,20,3,36,39,246,1900,0.1099585970005136,2.2691135545368093e-13,0,0,0,42,0.0,0.0,0.855,1334.0532542409103,4563.279365502159,7411.542004395314,0.1943437961664441,0.1389286831915793,0.2497589091413088,0.4358314720741754,0.0359226713870602,0.1491966668812131,0.019650051371427,0.077698895067028,0.0006519019021259,0.004837678569975,70,1,1,1,1,0.0,1334.0532542409103,0.8825,94,3.1329473559744656,0.0023484424973402,1.1425610240112292,41.29142866724513,3.2005,38.09092866724513,35.40773606279186,2458.089502498349,1334.0532542409103,800,800,1.0,1820.820297491564,0.4228547459559275,deployment_scaling,xlarge,40,24,16,40,40,1.0,15.0,0.7,0.7,0.2,0.1,0.7,0.3,3.706877313001314
montage,800,3.0,reference,3,HDS,Sharable,HDS-Sharable,1051.624517244158,2103.2490344883163,1,3.0,downstream_reserved,1,idle_only,1,1,1,0.0,3154.8735517324744,3154.8735517324744,3.0,40,40,1,1,1.0,0.0145051309991686,0,320,4,2.5,"{""1"":160,""4"":160}",42,0.0525,66,692,108,20,3,35,39,363,2095,0.1479271989992412,8.124966268515506e-14,0,0,0,42,2.9274360713316128e-12,8.242295734817162e-13,0.785,1361.516878168145,4542.413488570031,7367.846025224695,0.2012506424691608,0.1427135817779678,0.2597877031603538,0.4499364480935525,0.0434627463665934,0.1555241456975504,0.0244801624902434,0.0976791550393673,0.000808289141132,0.0059074119806234,55,1,1,1,1,0.0,1361.516878168145,0.865,91,3.6015784769988386,0.0026452690633145,1.5556979500033776,41.12850165178811,3.2045,37.92400165178811,72.06142031228299,2456.653006590797,1361.516878168145,800,800,1.0,1793.3566735643294,0.4315598884844302,deployment_scaling,xlarge,40,24,16,40,40,1.0,15.0,0.7,0.7,0.2,0.1,0.7,0.3,4.181587606999528
montage,800,3.0,reference,3,PBQS,NonSharable,PBQS-NonSharable,1051.624517244158,2103.2490344883163,1,3.0,downstream_reserved,1,queue_aware,1,1,1,0.0,3154.8735517324744,3154.8735517324744,3.0,40,40,1,1,1.0,0.0280453140003373,0,320,4,2.5,"{""1"":160,""4"":160}",0,0.0,0,670,130,0,0,0,0,0,0,0.0,0.0,0,0,0,0,0.0,0.0,1.015,1475.948376986908,4805.808643864993,6591.24548281534,0.1748833746071729,0.1280661413057419,0.2217006079086039,0.3620816642524633,0.0898161197471837,0.2362025061914812,0.0531595021156079,0.1236027689467578,0.0008363598996696,0.0046310482835738,44,1,1,1,1,0.0,1475.948376986908,0.8375,130,32.35279785297462,0.0219200063887204,0.0,42.79966289414781,2.7685,40.031162894147805,42.76281275769192,2824.2369811692142,1475.948376986908,800,800,1.0,1678.9251747455664,0.4678312308828993,deployment_scaling,xlarge,40,24,16,40,40,1.0,15.0,0.7,0.7,0.2,0.1,0.7,0.3,32.850724893000006
montage,800,3.0,reference,3,PBQS,Sharable,PBQS-Sharable,1051.624517244158,2103.2490344883163,1,3.0,downstream_reserved,1,queue_aware,1,1,1,0.0,3154.8735517324744,3154.8735517324744,3.0,40,40,1,1,1.0,0.0283420870000554,0,320,4,2.5,"{""1"":160,""4"":160}",0,0.0,0,724,76,0,0,0,0,0,0,0.0,0.0,0,0,0,0,0.0,0.0,0.59,2176.8776670585976,3342.7916900787127,3665.2115752427785,0.3076073642644024,0.2252591949752782,0.3899555335535266,0.6193502151686874,0.1370168410893233,0.2495844097843309,0.081096211618407,0.1462349353660716,0.001290688736644,0.0025243606506611,11,1,1,1,1,0.0,2176.8776670585976,0.905,76,32.78725806598959,0.0150615988037085,0.0,29.775527263857565,1.4485,28.32702726385757,2143.134479733716,2824.2369811692147,2176.8776670585976,800,800,1.0,977.9958846738768,0.6900047280383653,deployment_scaling,xlarge,40,24,16,40,40,1.0,15.0,0.7,0.7,0.2,0.1,0.7,0.3,33.0879259300018
montage,800,3.0,reference,4,HDS,NonSharable,HDS-NonSharable,1054.281632738926,2108.563265477852,1,3.0,downstream_reserved,1,idle_only,1,1,1,0.0,3162.844898216778,3162.844898216778,3.0,40,40,1,1,1.0,0.014245813999878,0,322,4,2.496894409937888,"{""1"":161,""3"":1,""4"":160}",49,0.06125,41,710,90,24,3,36,39,246,1900,0.073239747001935,1.268122348042385e-13,0,0,0,49,2.851052727237402e-13,2.273736754432321e-13,0.81,1286.582091801939,4573.575379197686,7743.403539687571,0.1971385161094846,0.1362659292525286,0.2580111029664407,0.4410124676740353,0.0337718580205543,0.1052566900852561,0.0187472423746724,0.0536413412290941,0.0007308128235747,0.005485818892649,68,1,1,1,1,0.0,1286.582091801939,0.8875,90,3.187501291038643,0.0024774954597528,1.3375397530035116,41.894921722475125,3.3165,38.57842172247513,34.82409187403675,2381.467325439791,1286.582091801939,800,800,1.0,1876.262806414839,0.4067800139448248,deployment_scaling,xlarge,40,24,16,40,40,1.0,15.0,0.7,0.7,0.2,0.1,0.7,0.3,3.7855890579994593
montage,800,3.0,reference,4,HDS,Sharable,HDS-Sharable,1054.281632738926,2108.563265477852,1,3.0,downstream_reserved,1,idle_only,1,1,1,0.0,3162.844898216778,3162.844898216778,3.0,40,40,1,1,1.0,0.0144125929982692,0,322,4,2.496894409937888,"{""1"":161,""3"":1,""4"":160}",31,0.03875,73,696,104,15,3,36,39,363,2095,0.1789617340000404,4.746082155410529e-06,0,0,0,31,2.892797112963308e-12,8.526512829121202e-13,0.8200000000000001,1323.93939127899,4623.659260254666,7846.717000528869,0.1992042494308974,0.1380425576808312,0.2603659411809636,0.4430350203391193,0.0445365334166598,0.1412334638350143,0.02428367162641,0.0818909920213123,0.0009591629570044,0.0073331533200687,51,1,1,1,1,0.0,1323.93939127899,0.87,89,3.432502017974912,0.0025926428661201,1.252557239000453,42.27559277093096,3.2965,38.97909277093096,89.7439836576688,2365.807008610897,1323.93939127899,800,800,1.0,1838.905506937788,0.4185913106347489,deployment_scaling,xlarge,40,24,16,40,40,1.0,15.0,0.7,0.7,0.2,0.1,0.7,0.3,3.996073766000336
montage,800,3.0,reference,4,PBQS,NonSharable,PBQS-NonSharable,1054.281632738926,2108.563265477852,1,3.0,downstream_reserved,1,queue_aware,1,1,1,0.0,3162.844898216778,3162.844898216778,3.0,40,40,1,1,1.0,0.0289289499996812,0,322,4,2.4937888198757765,"{""1"":161,""2"":1,""4"":160}",0,0.0,0,670,130,0,0,0,0,0,0,0.0,0.0,0,0,0,0,0.0,0.0,0.99,1457.526078979016,4800.999139100687,6727.444807561792,0.1723667319851915,0.1241173731685905,0.2206160908017925,0.3516800842854721,0.0708808127420137,0.2073658138557604,0.0406676879522338,0.1110891858194134,0.0008146911218231,0.0052834435765143,47,1,1,1,1,0.0,1457.526078979016,0.8375,130,32.503157951970934,0.0223002239347505,0.0,43.19431180169913,2.7965,40.39781180169913,49.52167899548555,2743.1046574266825,1457.526078979016,800,800,1.0,1705.318819237762,0.4608275542695039,deployment_scaling,xlarge,40,24,16,40,40,1.0,15.0,0.7,0.7,0.2,0.1,0.7,0.3,32.989606490998995
montage,800,3.0,reference,4,PBQS,Sharable,PBQS-Sharable,1054.281632738926,2108.563265477852,1,3.0,downstream_reserved,1,queue_aware,1,1,1,0.0,3162.844898216778,3162.844898216778,3.0,40,40,1,1,1.0,0.0280936960007238,0,322,4,2.4937888198757765,"{""1"":161,""2"":1,""4"":160}",0,0.0,0,729,71,0,0,0,0,0,0,0.0,0.0,0,0,0,0,0.0,0.0,0.5650000000000001,2100.392707591208,3096.327368116774,3318.101265593967,0.3219680465383766,0.2318418857300088,0.4120942073467444,0.6439212810860758,0.135262439217988,0.2648161763008588,0.0776064841383315,0.1412223392822365,0.0013585377967899,0.0029988501859152,10,1,1,1,1,0.0,2100.392707591208,0.91125,71,32.30763326102897,0.0153817108316283,0.0,28.092937633827827,1.3325,26.760437633827827,1955.3121900203785,2743.104657426683,2100.392707591208,800,800,1.0,1062.45219062557,0.6640833727810732,deployment_scaling,xlarge,40,24,16,40,40,1.0,15.0,0.7,0.7,0.2,0.1,0.7,0.3,32.6081734319996
montage,800,3.0,reference,5,HDS,NonSharable,HDS-NonSharable,1014.330012191381,2028.6600243827625,1,3.0000000000000004,downstream_reserved,1,idle_only,1,1,1,0.0,3042.9900365741432,3042.9900365741432,3.0000000000000004,40,40,1,1,1.0,0.0142391150002367,0,321,4,2.498442367601246,"{""1"":160,""2"":1,""4"":160}",53,0.06625,43,704,96,24,4,34,39,275,2083,0.0935496120000607,1.675955831361581e-13,0,0,0,53,1.3322676295501878e-15,8.881784197001252e-16,0.8300000000000001,1253.2085737895063,4756.2674059226165,7699.843158387988,0.1836481855019034,0.1272431421278799,0.2400532288759269,0.409379379400174,0.0340904292633198,0.133674974986408,0.0200240641207033,0.0726160468212627,0.0006209786746661,0.0061147477266823,82,1,1,1,1,0.0,1253.2085737895063,0.88,96,3.483667171036359,0.0027797983862353,1.4585299009922892,43.47358951730121,3.2085,40.265089517301206,35.24845761815282,2358.0252253450026,1253.2085737895063,800,800,1.0,1789.781462784637,0.4118345964748516,deployment_scaling,xlarge,40,24,16,40,40,1.0,15.0,0.7,0.7,0.2,0.1,0.7,0.3,4.067186399999628
montage,800,3.0,reference,5,HDS,Sharable,HDS-Sharable,1014.330012191381,2028.6600243827625,1,3.0000000000000004,downstream_reserved,1,idle_only,1,1,1,0.0,3042.9900365741432,3042.9900365741432,3.0000000000000004,40,40,1,1,1.0,0.0141833710003993,0,321,4,2.498442367601246,"{""1"":160,""2"":1,""4"":160}",40,0.05,68,692,108,18,3,35,39,363,2095,0.1420120699986,0.0,0,0,0,40,7.394085344003544e-13,2.273736754432321e-13,0.785,1313.7122944324528,4774.882612015343,7724.637632618256,0.2013167082258015,0.1408158233716888,0.2618175930799143,0.4460732869569998,0.0428119910249992,0.1607712237020148,0.024463247197808,0.0868390956759232,0.0009023348285639,0.006175710371717,54,1,1,1,1,0.0,1313.7122944324528,0.865,89,3.482961666009942,0.0026512362568051,1.409596326004248,43.59851116604302,3.1845,40.41401116604302,92.87892757379142,2382.031352350379,1313.7122944324528,800,800,1.0,1729.2777421416904,0.4317175799600893,deployment_scaling,xlarge,40,24,16,40,40,1.0,15.0,0.7,0.7,0.2,0.1,0.7,0.3,4.0344702750007855
montage,800,3.0,reference,5,PBQS,NonSharable,PBQS-NonSharable,1014.330012191381,2028.6600243827625,1,3.0000000000000004,downstream_reserved,1,queue_aware,1,1,1,0.0,3042.9900365741432,3042.9900365741432,3.0000000000000004,40,40,1,1,1.0,0.0280583740022848,0,320,4,2.5,"{""1"":160,""4"":160}",0,0.0,0,674,126,0,0,0,0,0,0,0.0,0.0,0,0,0,0,0.0,0.0,1.005,1409.627829830706,4907.392056620714,6893.506555231006,0.1712501851502406,0.1221381071155466,0.2203622631849347,0.3562923278450657,0.0688464685368026,0.2141993750023822,0.0423983557946036,0.1272442706935715,0.0007825715725735,0.0054177911624331,52,1,1,1,1,0.0,1409.627829830706,0.8425,126,32.26045362797959,0.0228857950625549,0.0,44.282586722886,2.8085,41.47408672288599,41.9226843888274,2693.5699985086967,1409.627829830706,800,800,1.0,1633.3622067434371,0.4632377408036775,deployment_scaling,xlarge,40,24,16,40,40,1.0,15.0,0.7,0.7,0.2,0.1,0.7,0.3,32.755323459001374
montage,800,3.0,reference,5,PBQS,Sharable,PBQS-Sharable,1014.330012191381,2028.6600243827625,1,3.0000000000000004,downstream_reserved,1,queue_aware,1,1,1,0.0,3042.9900365741432,3042.9900365741432,3.0000000000000004,40,40,1,1,1.0,0.0282150870007171,0,320,4,2.5,"{""1"":160,""4"":160}",0,0.0,0,726,74,0,0,0,0,0,0,0.0,0.0,0,0,0,0,0.0,0.0,0.5750000000000001,2089.279637137288,3183.7516612962177,3446.2257645820123,0.3028591237379255,0.2160035042506426,0.3897147432252085,0.6066599095740302,0.1021909044064745,0.1823411489534819,0.0629331673226191,0.1120029002315969,0.0010966148647286,0.0021424619765919,13,1,1,1,1,0.0,2089.279637137288,0.9075,74,32.53881406095388,0.0155741785266898,0.0,29.02146356029002,1.3365,27.68496356029002,1929.8455869462623,2693.5699985086944,2089.279637137288,800,800,1.0,953.7103994368554,0.686587735098022,deployment_scaling,xlarge,40,24,16,40,40,1.0,15.0,0.7,0.7,0.2,0.1,0.7,0.3,32.8487742469988
cybershake,750,3.0,reference,1,HDS,NonSharable,HDS-NonSharable,1090.5353117142224,2181.0706234284453,1,3.0,downstream_reserved,1,idle_only,1,1,1,0.0,3271.6059351426675,3271.6059351426675,3.0,35,35,1,1,1.0,0.0091122490011912,0,334,4,2.245508982035928,"{""1"":167,""2"":1,""3"":83,""4"":83}",46,0.0613333333333333,42,662,88,20,3,31,34,216,1579,0.0746491159989091,2.5167525222553224e-13,0,0,0,46,0.0,0.0,0.775,1337.1831363786348,4025.3209380487024,6474.566975499985,0.1963429352071043,0.1410245208995643,0.2516613495146443,0.4378148929913323,0.0319987719600635,0.1014147915539143,0.0170274825658797,0.0555403826107368,0.0005064744848704,0.005471120139798,80,1,1,1,1,0.0,1337.1831363786348,0.8826666666666667,88,2.1454317729876493,0.0016044412426542,0.9006905979949806,36.89503180167708,2.7475,34.14753180167708,33.17274358304753,2311.662634994235,1337.1831363786348,750,750,1.0,1934.422798764033,0.4087237775231396,deployment_scaling,xlarge_minus,35,21,14,35,35,1.0,15.0,0.7,0.7,0.2,0.1,0.7,0.3,2.593319350999081
cybershake,750,3.0,reference,1,HDS,Sharable,HDS-Sharable,1090.5353117142224,2181.0706234284453,1,3.0,downstream_reserved,1,idle_only,1,1,1,0.0,3271.6059351426675,3271.6059351426675,3.0,35,35,1,1,1.0,0.0087981420001597,0,334,4,2.245508982035928,"{""1"":167,""2"":1,""3"":83,""4"":83}",42,0.056,59,649,101,20,3,31,34,318,1749,0.1028444229996239,4.7254912318127446e-14,0,0,0,42,2.0463630789890885e-12,7.389644451905042e-13,0.775,1386.5365608821712,3987.044865485799,6349.783599988036,0.207506679086717,0.1490741933689872,0.2659391648044468,0.4566060352510403,0.0398772098044153,0.1571264143825219,0.0218527322103922,0.0788627670439083,0.0006105832201895,0.0050659802040938,62,1,1,1,1,0.0,1386.5365608821712,0.8653333333333333,86,2.3309447510328027,0.0016811275063311,1.113779331000842,36.234465822105285,2.7395,33.494965822105286,65.5310674729172,2356.087141895368,1386.5365608821712,750,750,1.0,1885.0693742604965,0.4238091592842484,deployment_scaling,xlarge_minus,35,21,14,35,35,1.0,15.0,0.7,0.7,0.2,0.1,0.7,0.3,2.740080117000616
cybershake,750,3.0,reference,1,PBQS,NonSharable,PBQS-NonSharable,1090.5353117142224,2181.0706234284453,1,3.0,downstream_reserved,1,queue_aware,1,1,1,0.0,3271.6059351426675,3271.6059351426675,3.0,35,35,1,1,1.0,0.0177667269999801,0,334,4,2.245508982035928,"{""1"":167,""2"":1,""3"":83,""4"":83}",0,0.0,0,632,118,0,0,0,0,0,0,0.0,0.0,0,0,0,0,0.0,0.0,0.91,1504.5675509833288,4169.234060512644,5609.1513608145215,0.1855186458244715,0.1363502591692181,0.2346870324797249,0.3755577735493871,0.0933467790402566,0.2170749421421457,0.0542915321964197,0.1258420984201943,0.0009058733059536,0.0047101495099749,37,1,1,1,1,0.0,1504.5675509833288,0.8426666666666667,118,18.364586964980845,0.0122058906248366,0.0,39.268563889775976,2.3835,36.88506388977598,38.87515264960542,2658.9490367296607,1504.5675509833288,750,750,1.0,1767.0383841593386,0.4598865452656412,deployment_scaling,xlarge_minus,35,21,14,35,35,1.0,15.0,0.7,0.7,0.2,0.1,0.7,0.3,18.74660661300004
cybershake,750,3.0,reference,1,PBQS,Sharable,PBQS-Sharable,1090.5353117142224,2181.0706234284453,1,3.0,downstream_reserved,1,queue_aware,1,1,1,0.0,3271.6059351426675,3271.6059351426675,3.0,35,35,1,1,1.0,0.0177560470001481,0,334,4,2.245508982035928,"{""1"":167,""2"":1,""3"":83,""4"":83}",0,0.0,0,679,71,0,0,0,0,0,0,0.0,0.0,0,0,0,0,0.0,0.0,0.56,2109.1520844036995,2943.130474480823,3156.944188750882,0.3144982757786278,0.2311461536392459,0.3978503979180097,0.6241664405468685,0.1331781958933396,0.232652785781815,0.0774579303597198,0.1333641569086223,0.0011603063553113,0.0023450794111316,11,1,1,1,1,0.0,2109.1520844036995,0.9053333333333332,71,18.363625652018527,0.0087066389322087,0.0,26.410977756325,1.2805,25.130477756325,1618.9219573764055,2658.94903672966,2109.1520844036995,750,750,1.0,1162.453850738968,0.6446840255874899,deployment_scaling,xlarge_minus,35,21,14,35,35,1.0,15.0,0.7,0.7,0.2,0.1,0.7,0.3,18.61850752600003
cybershake,750,3.0,reference,2,HDS,NonSharable,HDS-NonSharable,1099.5544677373457,2199.108935474692,1,3.0,downstream_reserved,1,idle_only,1,1,1,0.0,3298.6634032120373,3298.6634032120373,3.0,35,35,1,1,1.0,0.009555499000271,0,334,4,2.245508982035928,"{""1"":167,""2"":1,""3"":83,""4"":83}",38,0.0506666666666666,49,663,87,17,3,31,34,216,1579,0.0558874260023003,1.9799541479340986e-13,0,0,0,38,1.7763568394002505e-15,8.881784197001252e-16,0.79,1316.9670271267073,4069.2454823358657,6834.205310970251,0.1903463480931049,0.1316740393603314,0.2490186568258785,0.4264722402398323,0.0322475639384865,0.1286076220089856,0.0181790019285756,0.0730308212508209,0.0007220099396864,0.0067141077661075,59,1,1,1,1,0.0,1316.9670271267073,0.884,87,2.055582413009688,0.0015608457696123,0.687039418004133,36.87475511658425,2.8935,33.981255116584244,33.83732634952412,2226.185094051925,1316.9670271267073,750,750,1.0,1981.69637608533,0.3992426222828086,deployment_scaling,xlarge_minus,35,21,14,35,35,1.0,15.0,0.7,0.7,0.2,0.1,0.7,0.3,2.4977851180010475
cybershake,750,3.0,reference,2,HDS,Sharable,HDS-Sharable,1099.5544677373457,2199.108935474692,1,3.0,downstream_reserved,1,idle_only,1,1,1,0.0,3298.6634032120373,3298.6634032120373,3.0,35,35,1,1,1.0,0.0131123959981778,0,334,4,2.245508982035928,"{""1"":167,""2"":1,""3"":83,""4"":83}",54,0.072,52,644,106,26,3,31,34,318,1749,0.1374514689996431,4.039564269222595e-06,0,0,0,54,6.496252424881276e-10,6.468781066359951e-10,0.72,1383.9536309564164,4018.837995918656,6414.374571855889,0.2108302940054093,0.1463766423074,0.2752839457034186,0.4578361336128891,0.0370614089542816,0.142679041813901,0.021747529419319,0.0822308174963566,0.0006247519064578,0.0044627039248224,61,1,1,1,1,0.0,1383.9536309564164,0.8586666666666667,84,2.7502595230143925,0.0019872483163426,1.5226613199884014,36.309495225246565,2.7315,33.57799522524657,87.98361976026483,2307.4941134089613,1383.9536309564164,750,750,1.0,1914.709772255621,0.4195498181502262,deployment_scaling,xlarge_minus,35,21,14,35,35,1.0,15.0,0.7,0.7,0.2,0.1,0.7,0.3,3.164408069998899
cybershake,750,3.0,reference,2,PBQS,NonSharable,PBQS-NonSharable,1099.5544677373457,2199.108935474692,1,3.0,downstream_reserved,1,queue_aware,1,1,1,0.0,3298.6634032120373,3298.6634032120373,3.0,35,35,1,1,1.0,0.01854751999781,0,334,4,2.245508982035928,"{""1"":167,""2"":1,""3"":83,""4"":83}",0,0.0,0,629,121,0,0,0,0,0,0,0.0,0.0,0,0,0,0,0.0,0.0,0.97,1496.1935920377375,4289.509354058581,5859.138154895548,0.1760496351721242,0.125365050395663,0.2267342199485854,0.3581342445803743,0.0638267453944074,0.1959396822128459,0.0392467357582157,0.1251811708712131,0.0006473418385841,0.0038532789304706,50,1,1,1,1,0.0,1496.1935920377375,0.8386666666666667,121,18.74283769098838,0.0125270137438976,0.0,38.25338561052289,2.4465,35.80688561052289,40.89371149014067,2600.054615653518,1496.1935920377375,750,750,1.0,1802.4698111743,0.4535757090525925,deployment_scaling,xlarge_minus,35,21,14,35,35,1.0,15.0,0.7,0.7,0.2,0.1,0.7,0.3,19.1584167530018
cybershake,750,3.0,reference,2,PBQS,Sharable,PBQS-Sharable,1099.5544677373457,2199.108935474692,1,3.0,downstream_reserved,1,queue_aware,1,1,1,0.0,3298.6634032120373,3298.6634032120373,3.0,35,35,1,1,1.0,0.0177541889970598,0,334,4,2.245508982035928,"{""1"":167,""2"":1,""3"":83,""4"":83}",0,0.0,0,680,70,0,0,0,0,0,0,0.0,0.0,0,0,0,0,0.0,0.0,0.55,2068.1080799106803,2986.968871906939,3254.0571905922643,0.3101826905413617,0.2208812792685492,0.3994841018141742,0.6190606227746467,0.1269842775942435,0.2367563784661049,0.0780819757829273,0.1467701221592855,0.0013277714568873,0.0025458706564088,10,1,1,1,1,0.0,2068.1080799106803,0.9066666666666666,70,18.4578570829799,0.0089249963588832,0.0,26.59654223315283,1.2735,25.323042233152837,1616.1247354287057,2600.054615653516,2068.1080799106803,750,750,1.0,1230.555323301357,0.62695335265092,deployment_scaling,xlarge_minus,35,21,14,35,35,1.0,15.0,0.7,0.7,0.2,0.1,0.7,0.3,18.714877112000977
cybershake,750,3.0,reference,3,HDS,NonSharable,HDS-NonSharable,1085.130630197534,2170.2612603950683,1,3.0,downstream_reserved,1,idle_only,1,1,1,0.0,3255.391890592602,3255.391890592602,3.0,35,35,1,1,1.0,0.0089418160023342,0,334,4,2.245508982035928,"{""1"":167,""2"":1,""3"":83,""4"":83}",42,0.056,50,658,92,18,4,31,34,240,1732,0.0656002599971543,5.945671282250396e-13,0,0,0,42,1.4210854715202004e-14,1.4210854715202004e-14,0.8250000000000001,1334.4758135245436,3992.104677363321,6552.521219131244,0.1845212795942023,0.1295280874734177,0.2395144717149869,0.4119353000576891,0.0285027934029596,0.1105786498742399,0.016272801528066,0.0739307395150755,0.0005215292154783,0.0057710479856452,77,1,1,1,1,0.0,1334.4758135245436,0.8773333333333333,92,2.055852691017208,0.0015405694656896,0.7879219659880619,35.82686620028442,2.8125,33.01436620028442,34.648500766838936,2273.882856318444,1334.4758135245436,750,750,1.0,1920.9160770680585,0.4099278545790134,deployment_scaling,xlarge_minus,35,21,14,35,35,1.0,15.0,0.7,0.7,0.2,0.1,0.7,0.3,2.4727970919993822
cybershake,750,3.0,reference,3,HDS,Sharable,HDS-Sharable,1085.130630197534,2170.2612603950683,1,3.0,downstream_reserved,1,idle_only,1,1,1,0.0,3255.391890592602,3255.391890592602,3.0,35,35,1,1,1.0,0.0091712869980256,0,334,4,2.245508982035928,"{""1"":167,""2"":1,""3"":83,""4"":83}",50,0.0666666666666666,59,641,109,24,3,31,34,318,1749,0.1169972190000407,3.2219152498694745e-13,0,0,0,50,2.0476953466186387e-12,6.821210263296962e-13,0.81,1413.1509343550067,4006.7141853810726,6315.150827277796,0.1896263943236994,0.1337986241227383,0.2454541645246605,0.4207945466893203,0.0327971686192477,0.1406794617940552,0.0188149448526665,0.0832960309752052,0.0004672853456366,0.0045056590300679,78,1,1,1,1,0.0,1413.1509343550067,0.8546666666666667,92,2.591807972999959,0.0018340630926185,1.315908271990338,35.72089524297645,2.6815,33.03939524297645,74.42055043879687,2322.785897725048,1413.1509343550067,750,750,1.0,1842.2409562375956,0.4340954889144731,deployment_scaling,xlarge_minus,35,21,14,35,35,1.0,15.0,0.7,0.7,0.2,0.1,0.7,0.3,3.037810949001141
cybershake,750,3.0,reference,3,PBQS,NonSharable,PBQS-NonSharable,1085.130630197534,2170.2612603950683,1,3.0,downstream_reserved,1,queue_aware,1,1,1,0.0,3255.391890592602,3255.391890592602,3.0,35,35,1,1,1.0,0.0172014260024297,0,334,4,2.245508982035928,"{""1"":167,""2"":1,""3"":83,""4"":83}",0,0.0,0,625,125,0,0,0,0,0,0,0.0,0.0,0,0,0,0,0.0,0.0,0.975,1498.5617322423634,4244.626742237986,5724.21557263423,0.1710317521437875,0.1244778396082203,0.2175856646793547,0.3500933969780992,0.073270940995589,0.2281260574717123,0.0436785715215327,0.1280185269091216,0.0007323175192516,0.0045534456692692,43,1,1,1,1,0.0,1498.5617322423634,0.8333333333333334,125,17.943633088016213,0.0119739031779267,0.0,37.551087246657175,2.4035,35.147587246657174,41.09606030651662,2625.7004773357444,1498.5617322423634,750,750,1.0,1756.830158350239,0.4603322065687058,deployment_scaling,xlarge_minus,35,21,14,35,35,1.0,15.0,0.7,0.7,0.2,0.1,0.7,0.3,18.30851502400037
cybershake,750,3.0,reference,3,PBQS,Sharable,PBQS-Sharable,1085.130630197534,2170.2612603950683,1,3.0,downstream_reserved,1,queue_aware,1,1,1,0.0,3255.391890592602,3255.391890592602,3.0,35,35,1,1,1.0,0.0181188520000432,0,334,4,2.245508982035928,"{""1"":167,""2"":1,""3"":83,""4"":83}",0,0.0,0,678,72,0,0,0,0,0,0,0.0,0.0,0,0,0,0,0.0,0.0,0.5700000000000001,2118.780030300411,2947.424133804712,3129.8103557676795,0.3005043869442248,0.2187087275359385,0.3823000463525111,0.6078010364203114,0.1295568991248819,0.2267587047213623,0.0772319859366189,0.136006086273497,0.0010267953641097,0.0025178639734832,12,1,1,1,1,0.0,2118.780030300411,0.904,72,18.351621879981398,0.0086614096874319,0.0,25.85681360341612,1.2505,24.606313603416123,1654.0519305727616,2625.7004773357453,2118.780030300411,750,750,1.0,1136.611860292191,0.6508525245219292,deployment_scaling,xlarge_minus,35,21,14,35,35,1.0,15.0,0.7,0.7,0.2,0.1,0.7,0.3,18.606260612999904
cybershake,750,3.0,reference,4,HDS,NonSharable,HDS-NonSharable,1080.1228608723916,2160.245721744784,1,3.0,downstream_reserved,1,idle_only,1,1,1,0.0,3240.368582617175,3240.368582617175,3.0,35,35,1,1,1.0,0.0090637969988165,0,334,4,2.245508982035928,"{""1"":167,""2"":1,""3"":83,""4"":83}",39,0.052,48,663,87,18,3,31,34,216,1579,0.0578022170011536,2.079971532050254e-13,0,0,0,39,1.7763568394002505e-15,8.881784197001252e-16,0.79,1329.1875481949376,3985.980517795463,6511.946893742638,0.1951734059137166,0.1343518267352512,0.255994985092182,0.4335886297828744,0.0371474805166959,0.0986058109692044,0.0216062738598594,0.0615858974760909,0.0005866559786641,0.0057228486473916,68,1,1,1,1,0.0,1329.1875481949376,0.884,87,1.9594008570093135,0.0014741342255802,0.7170516839869379,35.62052488261237,2.8035,32.81702488261237,33.38213836711457,2263.332647466604,1329.1875481949376,750,750,1.0,1911.1810344222372,0.4101964064598422,deployment_scaling,xlarge_minus,35,21,14,35,35,1.0,15.0,0.7,0.7,0.2,0.1,0.7,0.3,2.3998981780023314
cybershake,750,3.0,reference,4,HDS,Sharable,HDS-Sharable,1080.1228608723916,2160.245721744784,1,3.0,downstream_reserved,1,idle_only,1,1,1,0.0,3240.368582617175,3240.368582617175,3.0,35,35,1,1,1.0,0.0094571029985672,0,334,4,2.245508982035928,"{""1"":167,""2"":1,""3"":83,""4"":83}",43,0.0573333333333333,61,646,104,20,3,31,34,318,1749,0.0907419010000012,3.435303827132254e-06,0,0,0,43,1.7346124536743446e-12,3.694822225952521e-13,0.745,1402.0541278516548,3994.844144951547,6321.524097127094,0.2088967785208534,0.1453869114127215,0.2724066456289853,0.4508740426045716,0.0431205192497246,0.1548932630696481,0.0248498361607752,0.0895598413946553,0.000637992337592,0.0049990226481631,58,1,1,1,1,0.0,1402.0541278516548,0.8613333333333333,86,2.440194451992284,0.0017404424005593,1.201196843998332,35.764241064529365,2.6865,33.07774106452936,86.06142281774098,2326.5100598395893,1402.0541278516548,750,750,1.0,1838.31445476552,0.4326835334020077,deployment_scaling,xlarge_minus,35,21,14,35,35,1.0,15.0,0.7,0.7,0.2,0.1,0.7,0.3,2.8480775839998387
cybershake,750,3.0,reference,4,PBQS,NonSharable,PBQS-NonSharable,1080.1228608723916,2160.245721744784,1,3.0,downstream_reserved,1,queue_aware,1,1,1,0.0,3240.368582617175,3240.368582617175,3.0,35,35,1,1,1.0,0.0175433949989383,0,334,4,2.245508982035928,"{""1"":167,""2"":1,""3"":83,""4"":83}",0,0.0,0,629,121,0,0,0,0,0,0,0.0,0.0,0,0,0,0,0.0,0.0,0.955,1467.3466121552383,4255.128234204713,5907.526579065335,0.1723644077697771,0.1229771967083671,0.2217516188311871,0.3510973028533762,0.0784430145987362,0.2147466823416752,0.0462469288891685,0.1200816055240965,0.000761465786026,0.0046533571325882,44,1,1,1,1,0.0,1467.3466121552383,0.8386666666666667,121,18.55202517400903,0.0126432466741854,0.0,37.91636323824404,2.4595,35.45686323824404,40.39169291868682,2548.966418715511,1467.3466121552383,750,750,1.0,1773.0219704619365,0.4528332424980169,deployment_scaling,xlarge_minus,35,21,14,35,35,1.0,15.0,0.7,0.7,0.2,0.1,0.7,0.3,18.95167633700112
cybershake,750,3.0,reference,4,PBQS,Sharable,PBQS-Sharable,1080.1228608723916,2160.245721744784,1,3.0,downstream_reserved,1,queue_aware,1,1,1,0.0,3240.368582617175,3240.368582617175,3.0,35,35,1,1,1.0,0.0181056220026221,0,334,4,2.245508982035928,"{""1"":167,""2"":1,""3"":83,""4"":83}",0,0.0,0,681,69,0,0,0,0,0,0,0.0,0.0,0,0,0,0,0.0,0.0,0.545,1988.789458995505,2902.780418395457,3202.830947446822,0.3095865576447453,0.2208813727286206,0.39829174256087,0.615692371670413,0.1302209015618376,0.2053412315446753,0.0767731429652468,0.1189508646343413,0.0013350748717882,0.0021544240314802,10,1,1,1,1,0.0,1988.789458995505,0.908,69,18.27504046104877,0.0091890272137097,0.0,25.42492408741232,1.2735,24.151424087412323,1531.7063482343472,2548.96641871551,1988.789458995505,750,750,1.0,1251.57912362167,0.6137540863913706,deployment_scaling,xlarge_minus,35,21,14,35,35,1.0,15.0,0.7,0.7,0.2,0.1,0.7,0.3,18.52728544600177
cybershake,750,3.0,reference,5,HDS,NonSharable,HDS-NonSharable,1060.145146192151,2120.290292384302,1,3.0,downstream_reserved,1,idle_only,1,1,1,0.0,3180.435438576453,3180.435438576453,3.0,35,35,1,1,1.0,0.0088825780003389,0,334,4,2.245508982035928,"{""1"":167,""2"":1,""3"":83,""4"":83}",34,0.0453333333333333,54,662,88,16,3,30,34,216,1579,0.071727054000803,1.713433552229647e-13,0,0,0,34,4.440892098500626e-16,4.440892098500626e-16,0.765,1281.6859545223404,4104.804249699895,6804.963192703833,0.1850441146674341,0.1281351967653375,0.2419530325695305,0.4151532589387204,0.0343737477120867,0.1056592082721661,0.020123294320759,0.067116379831852,0.0007001425204886,0.0063677351660728,63,1,1,1,1,0.0,1281.6859545223404,0.8826666666666667,88,2.051009850987612,0.0016002436819649,0.665884989008191,37.36702126913789,2.8025,34.56452126913789,32.846935517726166,2192.009207196444,1281.6859545223404,750,750,1.0,1898.7494840541128,0.4029907159807075,deployment_scaling,xlarge_minus,35,21,14,35,35,1.0,15.0,0.7,0.7,0.2,0.1,0.7,0.3,2.488681225997425
cybershake,750,3.0,reference,5,HDS,Sharable,HDS-Sharable,1060.145146192151,2120.290292384302,1,3.0,downstream_reserved,1,idle_only,1,1,1,0.0,3180.435438576453,3180.435438576453,3.0,35,35,1,1,1.0,0.0088955070023075,0,334,4,2.245508982035928,"{""1"":167,""2"":1,""3"":83,""4"":83}",42,0.056,59,649,101,20,3,31,34,318,1749,0.1182133649999741,3.824861168838186e-13,0,0,0,42,4.355626970209414e-12,7.318590178329032e-13,0.725,1345.018794453685,4092.0417849559535,6618.738968632675,0.2008140911343617,0.1401680244889517,0.2614601577797716,0.4475554249726127,0.0388677067792207,0.1002510617398247,0.0224922530806647,0.065906693561567,0.0006220113024516,0.0051748659296831,66,1,1,1,1,0.0,1345.018794453685,0.8653333333333333,83,2.5191493919774075,0.0018729473538699,1.233051069000794,37.29824659652007,2.7495000000000003,34.54874659652008,83.54074269644912,2228.8260163636114,1345.018794453685,750,750,1.0,1835.4166441227685,0.4229039766503509,deployment_scaling,xlarge_minus,35,21,14,35,35,1.0,15.0,0.7,0.7,0.2,0.1,0.7,0.3,2.952040112002578
cybershake,750,3.0,reference,5,PBQS,NonSharable,PBQS-NonSharable,1060.145146192151,2120.290292384302,1,3.0,downstream_reserved,1,queue_aware,1,1,1,0.0,3180.435438576453,3180.435438576453,3.0,35,35,1,1,1.0,0.017692667999654,0,334,4,2.245508982035928,"{""1"":167,""2"":1,""3"":83,""4"":83}",0,0.0,0,629,121,0,0,0,0,0,0,0.0,0.0,0,0,0,0,0.0,0.0,0.98,1457.063280328765,4421.320608810822,6126.942927388458,0.1684339981585547,0.1211976815429872,0.2156703147741222,0.34921391017767,0.0880873521631671,0.2131272698767859,0.0530034112950155,0.1321711995264071,0.0010046565345214,0.0046195808374437,35,1,1,1,1,0.0,1457.063280328765,0.8386666666666667,121,18.2332633100159,0.0125137072330186,0.0,39.605646462439104,2.4465,37.159146462439104,39.19528774296651,2535.2929878898844,1457.063280328765,750,750,1.0,1723.3721582476885,0.4581332677455446,deployment_scaling,xlarge_minus,35,21,14,35,35,1.0,15.0,0.7,0.7,0.2,0.1,0.7,0.3,18.607739081002364
cybershake,750,3.0,reference,5,PBQS,Sharable,PBQS-Sharable,1060.145146192151,2120.290292384302,1,3.0,downstream_reserved,1,queue_aware,1,1,1,0.0,3180.435438576453,3180.435438576453,3.0,35,35,1,1,1.0,0.0185771750002459,0,334,4,2.245508982035928,"{""1"":167,""2"":1,""3"":83,""4"":83}",0,0.0,0,681,69,0,0,0,0,0,0,0.0,0.0,0,0,0,0,0.0,0.0,0.545,2005.8810085662485,3020.12540138966,3324.5525125461327,0.2992565210001506,0.2153318031297734,0.3831812388705278,0.6123896106014209,0.1279725424890282,0.2302295958556573,0.0770028969817422,0.1327691998077882,0.0013936241223295,0.0025161519964678,10,1,1,1,1,0.0,2005.8810085662485,0.908,69,18.222909459007496,0.0090847410096537,0.0,26.80252471135559,1.2835,25.51902471135559,1506.105960558535,2535.2929878898826,2005.8810085662485,750,750,1.0,1174.554430010205,0.6306938302335326,deployment_scaling,xlarge_minus,35,21,14,35,35,1.0,15.0,0.7,0.7,0.2,0.1,0.7,0.3,18.47077586299929
epigenomics,750,3.0,reference,1,HDS,NonSharable,HDS-NonSharable,1727.3616537510748,3454.723307502149,1,3.0,downstream_reserved,1,idle_only,1,1,1,0.0,5182.084961253224,5182.084961253224,3.0,35,35,1,1,1.0,0.0090382600028533,0,251,2,1.49800796812749,"{""1"":126,""2"":125}",2,0.0053191489361702,63,311,65,1,2,34,34,178,1366,0.0359721339991665,0.0,0,0,0,2,0.0,0.0,0.5700000000000001,1851.6973261131775,1284.080712599067,2135.6498126767024,0.2396596678512037,0.1664084529313078,0.3129108827710996,0.5315117954286097,0.0581981230524883,0.1372772254555015,0.0299818200353874,0.0669817548571354,0.0007294626979385,0.0022141926758265,13,1,1,1,1,0.0,1851.6973261131775,0.8271276595744681,65,0.8129475690075196,0.0004390283214989,0.0359721339991665,11.622120853915884,0.875,10.747120853915884,25.14918428955572,2072.896002171577,1851.6973261131775,376,376,1.0,3330.387635140046,0.3573267015030505,deployment_scaling,xlarge_minus,35,21,14,35,35,1.0,15.0,0.7,0.7,0.2,0.1,0.7,0.3,0.9437487680006598
epigenomics,750,3.0,reference,1,HDS,Sharable,HDS-Sharable,1727.3616537510748,3454.723307502149,1,3.0,downstream_reserved,1,idle_only,1,1,1,0.0,5182.084961253224,5182.084961253224,3.0,35,35,1,1,1.0,0.0150148700013232,0,251,2,1.49800796812749,"{""1"":126,""2"":125}",2,0.0053191489361702,64,310,66,1,2,34,34,212,1400,0.0589258310028526,1.855549428876406e-11,0,0,0,2,0.0,0.0,0.5750000000000001,1861.2630221880504,1279.122900728595,2102.3471807048545,0.2427259502778238,0.1687775850507314,0.3166743155049162,0.5347133212414,0.0587154312350111,0.1356895242982322,0.0303559353026995,0.0652537960409627,0.0006408481993389,0.0021449431158379,15,1,1,1,1,0.0,1861.2630221880504,0.824468085106383,65,0.8539931269660883,0.0004588245276383,0.0589258310028526,11.866734981560803,0.86,11.006734981560804,28.04423985389032,2085.38195284146,1861.2630221880504,376,376,1.0,3320.821939065174,0.3591726179915673,deployment_scaling,xlarge_minus,35,21,14,35,35,1.0,15.0,0.7,0.7,0.2,0.1,0.7,0.3,0.9839258289975988
epigenomics,750,3.0,reference,1,PBQS,NonSharable,PBQS-NonSharable,1727.3616537510748,3454.723307502149,1,3.0,downstream_reserved,1,queue_aware,1,1,1,0.0,5182.084961253224,5182.084961253224,3.0,35,35,1,1,1.0,0.0176303349981026,0,251,2,1.49800796812749,"{""1"":126,""2"":125}",0,0.0,0,290,86,0,0,0,0,0,0,0.0,0.0,0,0,0,0,0.0,0.0,0.705,1985.7621906115464,1451.1225445783607,1892.802922052396,0.2171002846624884,0.1547253764992138,0.279475192825763,0.4357062674877363,0.0675835514073572,0.130285771496448,0.0357914529502048,0.0704748311039256,0.0004492695860294,0.0016576409462895,18,1,1,1,1,0.0,1985.7621906115464,0.7712765957446809,86,7.829532229006872,0.0039428347795239,0.0,13.117289260939833,0.8130000000000001,12.304289260939832,29.027659260626358,2248.2443402367194,1985.7621906115464,376,376,1.0,3196.3227706416774,0.3831975364084564,deployment_scaling,xlarge_minus,35,21,14,35,35,1.0,15.0,0.7,0.7,0.2,0.1,0.7,0.3,7.948393986000156
epigenomics,750,3.0,reference,1,PBQS,Sharable,PBQS-Sharable,1727.3616537510748,3454.723307502149,1,3.0,downstream_reserved,1,queue_aware,1,1,1,0.0,5182.084961253224,5182.084961253224,3.0,35,35,1,1,1.0,0.0175061600020853,0,251,2,1.49800796812749,"{""1"":126,""2"":125}",0,0.0,0,307,69,0,0,0,0,0,0,0.0,0.0,0,0,0,0,0.0,0.0,0.55,2120.6661194931385,1183.2888609538047,1357.1355548032832,0.271882599483864,0.1937682285130341,0.349996970454694,0.5430541884629758,0.0949264430584136,0.1284846295507765,0.0502719263741687,0.071081396727604,0.0004949478583736,0.0013584922821588,11,1,1,1,1,0.0,2120.6661194931385,0.8164893617021277,69,8.075186742011283,0.0038078538944835,0.0,10.58791159290628,0.54,10.047911592906278,258.8050846279252,2248.24434023672,2120.6661194931385,376,376,1.0,3061.4188417600853,0.4092302876833346,deployment_scaling,xlarge_minus,35,21,14,35,35,1.0,15.0,0.7,0.7,0.2,0.1,0.7,0.3,8.184660702001565
epigenomics,750,3.0,reference,2,HDS,NonSharable,HDS-NonSharable,1718.3831241372704,3436.7662482745413,1,3.0000000000000004,downstream_reserved,1,idle_only,1,1,1,0.0,5155.149372411812,5155.149372411812,3.0000000000000004,35,35,1,1,1.0,0.0107848909974563,0,251,2,1.49800796812749,"{""1"":126,""2"":125}",6,0.0159574468085106,64,306,70,3,2,33,34,178,1366,0.0545978260015544,1.167866128020597e-13,0,0,0,6,0.0,0.0,0.62,1884.8107946121688,1352.3476156190693,2111.2935739324794,0.2282997816716418,0.1554244160744279,0.3011751472688557,0.4998740858236908,0.0386547873425351,0.1293388903280045,0.0210446629941427,0.0671761709452184,0.0004273814734994,0.0022403201149515,22,1,1,1,1,0.0,1884.8107946121688,0.8138297872340425,70,0.9052525789411447,0.0004802883034885,0.1103282680051052,12.513163056210637,0.863,11.650163056210635,26.820094414118152,2099.4711604595013,1884.8107946121688,376,376,1.0,3270.338577799643,0.3656171060142082,deployment_scaling,xlarge_minus,35,21,14,35,35,1.0,15.0,0.7,0.7,0.2,0.1,0.7,0.3,1.0309296809973605
epigenomics,750,3.0,reference,2,HDS,Sharable,HDS-Sharable,1718.3831241372704,3436.7662482745413,1,3.0000000000000004,downstream_reserved,1,idle_only,1,1,1,0.0,5155.149372411812,5155.149372411812,3.0000000000000004,35,35,1,1,1.0,0.0106692680019477,0,251,2,1.49800796812749,"{""1"":126,""2"":125}",6,0.0159574468085106,65,305,71,3,2,33,34,212,1400,0.0490800789993954,0.0,0,0,0,6,1.5916157281026244e-12,7.958078640513122e-13,0.6,1887.1456495849293,1358.4098086037743,2111.1569863583586,0.2358112398150794,0.1603963671089415,0.3112261125212173,0.5138679649293065,0.0431944997707183,0.1245938904570993,0.0235460194233932,0.0649667116434849,0.0005216766868707,0.0022527657393552,18,1,1,1,1,0.0,1887.1456495849293,0.8111702127659575,68,0.915114730989444,0.0004849200331679,0.1296452839960693,12.557660600088276,0.859,11.698660600088276,31.48334953146053,2096.5812969115705,1887.1456495849293,376,376,1.0,3268.0037228268825,0.3660700230499892,deployment_scaling,xlarge_minus,35,21,14,35,35,1.0,15.0,0.7,0.7,0.2,0.1,0.7,0.3,1.0401514929981204
epigenomics,750,3.0,reference,2,PBQS,NonSharable,PBQS-NonSharable,1718.3831241372704,3436.7662482745413,1,3.0000000000000004,downstream_reserved,1,queue_aware,1,1,1,0.0,5155.149372411812,5155.149372411812,3.0000000000000004,35,35,1,1,1.0,0.0219801919993187,0,251,2,1.49800796812749,"{""1"":126,""2"":125}",0,0.0,0,284,92,0,0,0,0,0,0,0.0,0.0,0,0,0,0,0.0,0.0,0.73,1993.6840759606864,1600.4214621369322,2034.114228805482,0.2088722248325634,0.1448099370795431,0.2729345125855837,0.4103228090361563,0.0658534594046258,0.1246933287390184,0.037605457966461,0.0749891971271893,0.0004632014934812,0.0016068805568822,21,1,1,1,1,0.0,1993.6840759606864,0.7553191489361702,92,7.866769554984785,0.003945845608058,0.0,15.614118983407462,0.835,14.77911898340746,30.07476931969072,2264.981905879583,1993.6840759606864,376,376,1.0,3161.465296451125,0.3867364322419141,deployment_scaling,xlarge_minus,35,21,14,35,35,1.0,15.0,0.7,0.7,0.2,0.1,0.7,0.3,7.9937944789999165
epigenomics,750,3.0,reference,2,PBQS,Sharable,PBQS-Sharable,1718.3831241372704,3436.7662482745413,1,3.0000000000000004,downstream_reserved,1,queue_aware,1,1,1,0.0,5155.149372411812,5155.149372411812,3.0000000000000004,35,35,1,1,1.0,0.0213028240032144,0,251,2,1.49800796812749,"{""1"":126,""2"":125}",0,0.0,0,306,70,0,0,0,0,0,0,0.0,0.0,0,0,0,0,0.0,0.0,0.56,2118.068634493169,1338.5485507993187,1510.368406130255,0.2758689761939517,0.1912584074635475,0.3604795449243557,0.5392814061618055,0.0929792768920416,0.1328330587683591,0.0530955901258241,0.0830849949926844,0.0006097219499872,0.0013848808082528,10,1,1,1,1,0.0,2118.068634493169,0.8138297872340425,70,7.778178292996017,0.0036722975669092,0.0,12.154770537652633,0.615,11.53977053765263,261.0613278988371,2264.981905879584,2118.068634493169,376,376,1.0,3037.0807379186426,0.4108646484286528,deployment_scaling,xlarge_minus,35,21,14,35,35,1.0,15.0,0.7,0.7,0.2,0.1,0.7,0.3,7.882708424000157
epigenomics,750,3.0,reference,3,HDS,NonSharable,HDS-NonSharable,1698.1032627698376,3396.2065255396747,1,3.0,downstream_reserved,1,idle_only,1,1,1,0.0,5094.309788309512,5094.309788309512,3.0,35,35,1,1,1.0,0.0089585999994596,0,251,2,1.49800796812749,"{""1"":126,""2"":125}",0,0.0,62,314,62,0,0,0,0,0,0,0.0,0.0,0,0,0,0,0.0,0.0,0.5750000000000001,1802.7868087208992,1282.3388520591825,2167.5990957445188,0.2339117614503229,0.1588945654650576,0.3089289574355882,0.53975529813141,0.06425628839048,0.1267793355034444,0.0340875965584047,0.0643925657321219,0.0009257304646709,0.0023325986754858,11,1,1,1,1,0.0,1802.7868087208992,0.8351063829787234,62,0.7628373390289198,0.0004231433996181,0.0,12.180759422056068,0.905,11.275759422056067,24.186234121300075,2007.889709048845,1802.7868087208992,376,376,1.0,3291.522979588613,0.3538824460298738,deployment_scaling,xlarge_minus,35,21,14,35,35,1.0,15.0,0.7,0.7,0.2,0.1,0.7,0.3,0.8979386139981216
epigenomics,750,3.0,reference,3,HDS,Sharable,HDS-Sharable,1698.1032627698376,3396.2065255396747,1,3.0,downstream_reserved,1,idle_only,1,1,1,0.0,5094.309788309512,5094.309788309512,3.0,35,35,1,1,1.0,0.0089994010013469,0,251,2,1.49800796812749,"{""1"":126,""2"":125}",0,0.0,62,314,62,0,0,0,0,0,0,0.0,0.0,0,0,0,0,0.0,0.0,0.5750000000000001,1802.7868087208992,1282.3388520591825,2167.5990957445188,0.2339117614503229,0.1588945654650576,0.3089289574355882,0.53975529813141,0.06425628839048,0.1267793355034444,0.0340875965584047,0.0643925657321219,0.0009257304646709,0.0023325986754858,11,1,1,1,1,0.0,1802.7868087208992,0.8351063829787234,62,0.7685765330425056,0.0004263269119368,0.0,12.180759422056068,0.905,11.275759422056067,24.186234121300075,2007.889709048845,1802.7868087208992,376,376,1.0,3291.522979588613,0.3538824460298738,deployment_scaling,xlarge_minus,35,21,14,35,35,1.0,15.0,0.7,0.7,0.2,0.1,0.7,0.3,0.9028775389997464
epigenomics,750,3.0,reference,3,PBQS,NonSharable,PBQS-NonSharable,1698.1032627698376,3396.2065255396747,1,3.0,downstream_reserved,1,queue_aware,1,1,1,0.0,5094.309788309512,5094.309788309512,3.0,35,35,1,1,1.0,0.0176428940030746,0,251,2,1.49800796812749,"{""1"":126,""2"":125}",0,0.0,0,286,90,0,0,0,0,0,0,0.0,0.0,0,0,0,0,0.0,0.0,0.6950000000000001,2016.8405878455355,1610.1229813374214,2034.61322229625,0.2091775426830714,0.1459629166426666,0.2723921687234763,0.4195091438829506,0.0654132015041368,0.1046309957284296,0.0385223406665094,0.0693367221061189,0.0004221258665483,0.001596618848383,23,1,1,1,1,0.0,2016.8405878455355,0.7606382978723404,90,7.763373001980653,0.003849274478492,0.0,15.862701943899165,0.8210000000000001,15.041701943899165,29.52309310792081,2265.349376967933,2016.8405878455355,376,376,1.0,3077.4692004639774,0.3959006561544033,deployment_scaling,xlarge_minus,35,21,14,35,35,1.0,15.0,0.7,0.7,0.2,0.1,0.7,0.3,7.900690976999613
epigenomics,750,3.0,reference,3,PBQS,Sharable,PBQS-Sharable,1698.1032627698376,3396.2065255396747,1,3.0,downstream_reserved,1,queue_aware,1,1,1,0.0,5094.309788309512,5094.309788309512,3.0,35,35,1,1,1.0,0.0183304179990955,0,251,2,1.49800796812749,"{""1"":126,""2"":125}",0,0.0,0,308,68,0,0,0,0,0,0,0.0,0.0,0,0,0,0,0.0,0.0,0.53,2116.129717017283,1334.43272512747,1483.2327098763474,0.2755511860344307,0.1922780728850513,0.35882429918381,0.5552326904333172,0.0935160061646053,0.1208991061436813,0.0550722998478602,0.0789864726050078,0.0005650394813859,0.0013034632227384,11,1,1,1,1,0.0,2116.129717017283,0.8191489361702128,68,7.665112763963407,0.0036222319937775,0.0,12.413387872473846,0.586,11.827387872473846,263.0388026466915,2265.3493769679344,2116.129717017283,376,376,1.0,2978.180071292229,0.4153908586151169,deployment_scaling,xlarge_minus,35,21,14,35,35,1.0,15.0,0.7,0.7,0.2,0.1,0.7,0.3,7.759140123998804
epigenomics,750,3.0,reference,4,HDS,NonSharable,HDS-NonSharable,1681.6653466973032,3363.330693394607,1,3.0,downstream_reserved,1,idle_only,1,1,1,0.0,5044.99604009191,5044.99604009191,3.0,35,35,1,1,1.0,0.0089029880000452,0,251,2,1.49800796812749,"{""1"":126,""2"":125}",4,0.0106382978723404,60,312,64,2,2,33,33,173,1348,0.035551752000174,2.9605727609881346e-14,0,0,0,4,0.0,0.0,0.5650000000000001,1820.241628605292,1281.2401626426813,2036.131891446536,0.2432375694281383,0.1637152477429495,0.3227598911133271,0.5329528473260159,0.0489631090276163,0.1373840728306498,0.0265163491097952,0.0697026220504322,0.0005841722097788,0.0021914257608944,16,1,1,1,1,0.0,1820.241628605292,0.8297872340425532,64,0.8429614300403045,0.0004631041378205,0.0702439339984266,11.823219361790253,0.849,10.97421936179025,24.705265798305746,2046.538933731901,1820.241628605292,376,376,1.0,3224.7544114866178,0.3608013988792211,deployment_scaling,xlarge_minus,35,21,14,35,35,1.0,15.0,0.7,0.7,0.2,0.1,0.7,0.3,0.9685707480020938
epigenomics,750,3.0,reference,4,HDS,Sharable,HDS-Sharable,1681.6653466973032,3363.330693394607,1,3.0,downstream_reserved,1,idle_only,1,1,1,0.0,5044.99604009191,5044.99604009191,3.0,35,35,1,1,1.0,0.0089189919999626,0,251,2,1.49800796812749,"{""1"":126,""2"":125}",2,0.0053191489361702,63,311,65,1,2,33,33,206,1381,0.0581204409972997,3.560048511561987e-06,0,0,0,2,3.410605131648481e-13,3.410605131648481e-13,0.56,1828.544475728566,1288.5698014547022,2068.622324856337,0.2457109339430172,0.165356261032006,0.3260656068540283,0.5352910115681031,0.0855030452898423,0.1434131799557284,0.0464862566990048,0.0742128372958768,0.0010662075397957,0.0025123422768218,9,1,1,1,1,0.0,1828.544475728566,0.8271276595744681,64,0.8102664669713704,0.0004431210056558,0.0581204409972997,12.015453723468204,0.846,11.169453723468203,25.47347129019762,2055.517484421516,1828.544475728566,376,376,1.0,3216.451564363344,0.3624471577772048,deployment_scaling,xlarge_minus,35,21,14,35,35,1.0,15.0,0.7,0.7,0.2,0.1,0.7,0.3,0.9333607439984916
epigenomics,750,3.0,reference,4,PBQS,NonSharable,PBQS-NonSharable,1681.6653466973032,3363.330693394607,1,3.0,downstream_reserved,1,queue_aware,1,1,1,0.0,5044.99604009191,5044.99604009191,3.0,35,35,1,1,1.0,0.0174504170026921,0,251,2,1.49800796812749,"{""1"":126,""2"":125}",0,0.0,0,286,90,0,0,0,0,0,0,0.0,0.0,0,0,0,0,0.0,0.0,0.71,1931.3924438961787,1536.875548762323,1951.472255636312,0.207444934216514,0.1430773214996004,0.2718125469334276,0.4091677680216125,0.0566118454159003,0.1317947998200909,0.0315288275073143,0.0749683983883218,0.0003908925129166,0.0017452402669222,22,1,1,1,1,0.0,1931.3924438961787,0.7606382978723404,90,8.036650695026765,0.0041610656189658,0.0,13.971899701929171,0.8160000000000001,13.15589970192917,30.234843260277103,2209.5059473167075,1931.3924438961787,376,376,1.0,3113.603596195732,0.3828332923450605,deployment_scaling,xlarge_minus,35,21,14,35,35,1.0,15.0,0.7,0.7,0.2,0.1,0.7,0.3,8.191162358998554
epigenomics,750,3.0,reference,4,PBQS,Sharable,PBQS-Sharable,1681.6653466973032,3363.330693394607,1,3.0,downstream_reserved,1,queue_aware,1,1,1,0.0,5044.99604009191,5044.99604009191,3.0,35,35,1,1,1.0,0.0174297060002572,0,251,2,1.49800796812749,"{""1"":126,""2"":125}",0,0.0,0,308,68,0,0,0,0,0,0,0.0,0.0,0,0,0,0,0.0,0.0,0.53,2083.578740330553,1290.9768291734154,1459.6748164584965,0.2752634704026822,0.189852599682162,0.3606743411232022,0.5415455753227224,0.0918345223153882,0.1366900721293425,0.0511453882491747,0.075479687494906,0.0005581321313097,0.001325456880123,11,1,1,1,1,0.0,2083.578740330553,0.8191489361702128,68,8.048633248978149,0.0038628889291226,0.0,11.81928173488596,0.5720000000000001,11.24728173488596,297.51805177459977,2209.5059473167075,2083.578740330553,376,376,1.0,2961.4172997613564,0.4129990834031645,deployment_scaling,xlarge_minus,35,21,14,35,35,1.0,15.0,0.7,0.7,0.2,0.1,0.7,0.3,8.148401565998938
epigenomics,750,3.0,reference,5,HDS,NonSharable,HDS-NonSharable,1638.7638124532432,3277.5276249064864,1,3.0,downstream_reserved,1,idle_only,1,1,1,0.0,4916.29143735973,4916.29143735973,3.0,35,35,1,1,1.0,0.008861115999025,0,251,2,1.49800796812749,"{""1"":126,""2"":125}",6,0.0159574468085106,55,315,61,3,2,33,34,178,1366,0.0389207699990947,1.0502611950218984e-13,0,0,0,6,0.0,0.0,0.5650000000000001,1765.676573962154,1327.0855672493644,2089.309602490623,0.2406420203002661,0.1635363001725499,0.3177477404279824,0.5426468981105239,0.0418254160849863,0.1388506815290169,0.0222328529444143,0.0703209423330784,0.0003952395544516,0.0021679175162451,25,1,1,1,1,0.0,1765.676573962154,0.8377659574468085,61,0.816186115029268,0.0004622511999452,0.1113874260008742,12.213838278032872,0.865,11.348838278032872,23.472091952918436,1986.0876470845171,1765.676573962154,376,376,1.0,3150.6148633975754,0.3591480685104384,deployment_scaling,xlarge_minus,35,21,14,35,35,1.0,15.0,0.7,0.7,0.2,0.1,0.7,0.3,0.9465001499993376
epigenomics,750,3.0,reference,5,HDS,Sharable,HDS-Sharable,1638.7638124532432,3277.5276249064864,1,3.0,downstream_reserved,1,idle_only,1,1,1,0.0,4916.29143735973,4916.29143735973,3.0,35,35,1,1,1.0,0.0092147430004843,0,251,2,1.49800796812749,"{""1"":126,""2"":125}",8,0.0212765957446808,54,314,62,4,2,33,34,212,1400,0.0522881260003487,0.0,0,0,0,8,6.821210263296962e-13,6.821210263296962e-13,0.555,1767.575551430257,1365.5638207536656,2131.8705425147245,0.245350737368152,0.1669027590999826,0.3237987156363214,0.5522402516364662,0.0419271173493702,0.1304072887469591,0.0221859705352567,0.0648002570942076,0.0004375218696485,0.0021930677787614,23,1,1,1,1,0.0,1767.575551430257,0.8351063829787234,60,0.8781225439415721,0.0004967949139322,0.1807909780036425,12.50966430606728,0.853,11.65666430606728,28.086015538349145,1988.0649058912784,1767.575551430257,376,376,1.0,3148.7158859294723,0.3595343306945051,deployment_scaling,xlarge_minus,35,21,14,35,35,1.0,15.0,0.7,0.7,0.2,0.1,0.7,0.3,1.0051942959980806
epigenomics,750,3.0,reference,5,PBQS,NonSharable,PBQS-NonSharable,1638.7638124532432,3277.5276249064864,1,3.0,downstream_reserved,1,queue_aware,1,1,1,0.0,4916.29143735973,4916.29143735973,3.0,35,35,1,1,1.0,0.0174639569995633,0,251,2,1.49800796812749,"{""1"":126,""2"":125}",0,0.0,0,289,87,0,0,0,0,0,0,0.0,0.0,0,0,0,0,0.0,0.0,0.685,1955.9276844737783,1627.1533415831611,2025.1369002291688,0.2079144016676891,0.1454712485284579,0.2703575548069204,0.4260621827589227,0.0668947884984585,0.1368211279743873,0.038153033218762,0.0798638324841213,0.0005711455232022,0.0017668764935951,17,1,1,1,1,0.0,1955.9276844737783,0.7686170212765957,87,7.706543783981033,0.0039400964796172,0.0,15.566270397671556,0.788,14.778270397671555,28.95374083881235,2224.044594001577,1955.9276844737783,376,376,1.0,2960.3637528859517,0.3978461629858542,deployment_scaling,xlarge_minus,35,21,14,35,35,1.0,15.0,0.7,0.7,0.2,0.1,0.7,0.3,7.819484777999605
epigenomics,750,3.0,reference,5,PBQS,Sharable,PBQS-Sharable,1638.7638124532432,3277.5276249064864,1,3.0,downstream_reserved,1,queue_aware,1,1,1,0.0,4916.29143735973,4916.29143735973,3.0,35,35,1,1,1.0,0.0177055670028494,0,251,2,1.49800796812749,"{""1"":126,""2"":125}",0,0.0,0,307,69,0,0,0,0,0,0,0.0,0.0,0,0,0,0,0.0,0.0,0.54,2087.1923827073715,1388.4406811321485,1547.711579327143,0.2653383792711461,0.1856490219315558,0.3450277366107364,0.5372088391308157,0.0940316066610741,0.1279370943207708,0.0536303513783617,0.0769425086070363,0.0006189750659183,0.0013420727259298,11,1,1,1,1,0.0,2087.1923827073715,0.8164893617021277,69,7.799821559041447,0.0037369921544673,0.0,12.99131623645526,0.603,12.38831623645526,253.92027929029035,2224.044594001577,2087.1923827073715,376,376,1.0,2829.099054652358,0.4245461053928666,deployment_scaling,xlarge_minus,35,21,14,35,35,1.0,15.0,0.7,0.7,0.2,0.1,0.7,0.3,7.916752216002351
inspiral,750,3.0,reference,1,HDS,NonSharable,HDS-NonSharable,1511.006400378842,3022.012800757684,1,3.0,downstream_reserved,1,idle_only,1,1,1,0.0,4533.019201136526,4533.019201136526,3.0,35,35,1,1,1.0,0.0091798300018126,0,500,2,1.5,"{""1"":250,""2"":250}",10,0.0133333333333333,64,676,74,5,2,33,34,178,1366,0.0390032430004794,1.8044527929750606e-13,0,0,0,10,0.0,0.0,0.64,1890.1311616920536,2509.376713815107,3669.1423118477705,0.2433070696775404,0.1743888355221956,0.3122253038328852,0.5313253127447312,0.0511267009065653,0.1758460612807302,0.028012565225511,0.0966378131800507,0.0005840978885558,0.0032738941479029,28,1,1,1,1,0.0,1890.1311616920536,0.9013333333333332,74,1.0567406619520625,0.000559083244258,0.1663133800029754,23.11364535969801,1.5865,21.52714535969801,27.245615488319142,2359.0843885866066,1890.1311616920536,750,750,1.0,2642.8880394444723,0.4169695908674194,deployment_scaling,xlarge_minus,35,21,14,35,35,1.0,15.0,0.7,0.7,0.2,0.1,0.7,0.3,1.3318935869974666
inspiral,750,3.0,reference,1,HDS,Sharable,HDS-Sharable,1511.006400378842,3022.012800757684,1,3.0,downstream_reserved,1,idle_only,1,1,1,0.0,4533.019201136526,4533.019201136526,3.0,35,35,1,1,1.0,0.0091081040009157,0,500,2,1.5,"{""1"":250,""2"":250}",6,0.008,71,673,77,3,2,33,34,212,1400,0.0396680919984646,3.504453727402791e-14,0,0,0,6,0.0,0.0,0.67,1881.101792458066,2533.186267829205,3677.797850313768,0.2381329250767988,0.1704938048517206,0.305772045301877,0.5203115679941989,0.0651059496841085,0.1964226572284202,0.0354625716641121,0.1092582675952783,0.0008382292599078,0.0033789340901286,20,1,1,1,1,0.0,1881.101792458066,0.8973333333333333,75,1.0895580750730005,0.000579212714294,0.1137346499963314,23.572142582049626,1.5775,21.994642582049625,32.21057140549013,2341.4020559738947,1881.101792458066,750,750,1.0,2651.91740867846,0.4149776802150833,deployment_scaling,xlarge_minus,35,21,14,35,35,1.0,15.0,0.7,0.7,0.2,0.1,0.7,0.3,1.360408721000567
inspiral,750,3.0,reference,1,PBQS,NonSharable,PBQS-NonSharable,1511.006400378842,3022.012800757684,1,3.0,downstream_reserved,1,queue_aware,1,1,1,0.0,4533.019201136526,4533.019201136526,3.0,35,35,1,1,1.0,0.0184663750005711,0,500,2,1.5,"{""1"":250,""2"":250}",0,0.0,0,645,105,0,0,0,0,0,0,0.0,0.0,0,0,0,0,0.0,0.0,0.795,2125.503286962441,3117.1754687967145,3769.523433487179,0.2120885913411399,0.1562863138032099,0.2678908688790699,0.4279470801475938,0.0771290765445497,0.2087813093077999,0.0449253187905403,0.1212302103724672,0.0009208542463287,0.0030621967852925,25,1,1,1,1,0.0,2125.503286962441,0.86,105,17.61812317001022,0.0082889183366958,0.0,36.48019231637358,1.4825,34.99769231637358,32.15013677481521,2696.066604929841,2125.503286962441,750,750,1.0,2407.515914174085,0.4688935106274271,deployment_scaling,xlarge_minus,35,21,14,35,35,1.0,15.0,0.7,0.7,0.2,0.1,0.7,0.3,18.02275993199873
inspiral,750,3.0,reference,1,PBQS,Sharable,PBQS-Sharable,1511.006400378842,3022.012800757684,1,3.0,downstream_reserved,1,queue_aware,1,1,1,0.0,4533.019201136526,4533.019201136526,3.0,35,35,1,1,1.0,0.0174374980015272,0,500,2,1.5,"{""1"":250,""2"":250}",0,0.0,0,668,82,0,0,0,0,0,0,0.0,0.0,0,0,0,0,0.0,0.0,0.62,2426.211063319932,2607.0356853049234,2749.243866503596,0.2729336790209751,0.2011225513697045,0.3447448066722457,0.547981017262163,0.11824679614234,0.1990727035908755,0.0688751279108896,0.1189303752242178,0.0009714331376649,0.0021987414429139,12,1,1,1,1,0.0,2426.211063319932,0.8906666666666667,82,14.403338300995529,0.0059365561878555,0.0,25.769619179331283,1.0965,24.673119179331284,584.1144590371734,2696.0666049298416,2426.211063319932,750,750,1.0,2106.8081378165944,0.5352307051140723,deployment_scaling,xlarge_minus,35,21,14,35,35,1.0,15.0,0.7,0.7,0.2,0.1,0.7,0.3,14.635910127999525
inspiral,750,3.0,reference,2,HDS,NonSharable,HDS-NonSharable,1522.689161513685,3045.3783230273693,1,3.0,downstream_reserved,1,idle_only,1,1,1,0.0,4568.067484541054,4568.067484541054,3.0,35,35,1,1,1.0,0.0110843559996283,0,500,2,1.5,"{""1"":250,""2"":250}",10,0.0133333333333333,60,680,70,5,2,33,34,178,1366,0.0419223899989447,1.0510892888574704e-13,0,0,0,10,1.1368683772161605e-13,1.1368683772161605e-13,0.615,1817.1122760517171,2506.527394637368,3810.413956678272,0.2427351423540239,0.1678751250998382,0.3175951596082097,0.5366206883750324,0.0427156931510088,0.156235624812401,0.0244685625753089,0.0966563424168392,0.0006830886004761,0.0035890465014046,26,1,1,1,1,0.0,1817.1122760517171,0.9066666666666666,70,1.0816918689633894,0.0005952807007136,0.1739260100002866,23.30764746986453,1.6905,21.61714746986453,26.5789632551891,2253.806891175136,1817.1122760517171,750,750,1.0,2750.9552084893367,0.3977857775089939,deployment_scaling,xlarge_minus,35,21,14,35,35,1.0,15.0,0.7,0.7,0.2,0.1,0.7,0.3,1.3784328869987803
inspiral,750,3.0,reference,2,HDS,Sharable,HDS-Sharable,1522.689161513685,3045.3783230273693,1,3.0,downstream_reserved,1,idle_only,1,1,1,0.0,4568.067484541054,4568.067484541054,3.0,35,35,1,1,1.0,0.011339055999997,0,500,2,1.5,"{""1"":250,""2"":250}",4,0.0053333333333333,70,676,74,2,2,33,34,212,1402,0.0517847170012828,0.0,0,0,0,4,1.6484591469634324e-10,1.6484591469634324e-10,0.62,1872.7224694594504,2561.185545948966,3742.834988254048,0.2454757361796576,0.1708013124276988,0.3201501599316165,0.534804320237389,0.0732593909607755,0.1797917055012258,0.0424983455504615,0.1081763583551777,0.0009413459249406,0.0039666574708225,18,1,1,1,1,0.0,1872.7224694594504,0.9013333333333332,72,1.3227435009903274,0.000706321156798,0.0948498789985023,23.692912680357324,1.6385,22.054412680357323,32.974695945188465,2310.3546634255204,1872.7224694594504,750,750,1.0,2695.345015081604,0.4099594578663715,deployment_scaling,xlarge_minus,35,21,14,35,35,1.0,15.0,0.7,0.7,0.2,0.1,0.7,0.3,1.6694063460017787
inspiral,750,3.0,reference,2,PBQS,NonSharable,PBQS-NonSharable,1522.689161513685,3045.3783230273693,1,3.0,downstream_reserved,1,queue_aware,1,1,1,0.0,4568.067484541054,4568.067484541054,3.0,35,35,1,1,1.0,0.023711039997579,0,500,2,1.5,"{""1"":250,""2"":250}",0,0.0,0,643,107,0,0,0,0,0,0,0.0,0.0,0,0,0,0,0.0,0.0,0.835,2125.382239019595,3093.959537308146,3689.14250028239,0.2049947555823387,0.147569422724593,0.2624200884400844,0.4142576056217006,0.0749245353094076,0.222775138817323,0.0454139891085595,0.1316352541903076,0.0007426432068304,0.0021457026613734,27,1,1,1,1,0.0,2125.382239019595,0.8573333333333333,107,14.840290051011834,0.0069824099301109,0.0,33.46236677988428,1.4885,31.97386677988428,34.18924846529573,2659.533828091319,2125.382239019595,750,750,1.0,2442.685245521459,0.4652694484510508,deployment_scaling,xlarge_minus,35,21,14,35,35,1.0,15.0,0.7,0.7,0.2,0.1,0.7,0.3,15.136052485999244
inspiral,750,3.0,reference,2,PBQS,Sharable,PBQS-Sharable,1522.689161513685,3045.3783230273693,1,3.0,downstream_reserved,1,queue_aware,1,1,1,0.0,4568.067484541054,4568.067484541054,3.0,35,35,1,1,1.0,0.0211983680019329,0,500,2,1.5,"{""1"":250,""2"":250}",0,0.0,0,672,78,0,0,0,0,0,0,0.0,0.0,0,0,0,0,0.0,0.0,0.59,2377.116727786829,2682.4338690122904,2866.091163690678,0.286285779347749,0.2060883317360697,0.3664832269594282,0.5682764589938717,0.1172326671281835,0.2396889130891634,0.071058206048803,0.1400499966092931,0.0010674429147336,0.0022497507042663,12,1,1,1,1,0.0,2377.116727786829,0.896,78,14.742185114995664,0.0062017085415578,0.0,26.988576028009767,1.0985,25.89007602800977,514.5299104109336,2659.5338280913197,2377.116727786829,750,750,1.0,2190.950756754225,0.5203768849368594,deployment_scaling,xlarge_minus,35,21,14,35,35,1.0,15.0,0.7,0.7,0.2,0.1,0.7,0.3,14.996651088997169
inspiral,750,3.0,reference,3,HDS,NonSharable,HDS-NonSharable,1498.9770042449804,2997.9540084899613,1,3.0000000000000004,downstream_reserved,1,idle_only,1,1,1,0.0,4496.931012734942,4496.931012734942,3.0000000000000004,35,35,1,1,1.0,0.0110612620010215,0,500,2,1.5,"{""1"":250,""2"":250}",14,0.0186666666666666,59,677,73,7,2,33,34,178,1366,0.0573808900007861,5.496678464838209e-13,0,0,0,14,0.0,0.0,0.625,1847.452927171441,2601.6822428602945,3824.764860234207,0.2338656083697739,0.1650556620717639,0.3026755546677839,0.5221005971081385,0.040301748498826,0.1717495555942029,0.0227097552481414,0.0991899821485183,0.0005473266560515,0.0034018678558738,34,1,1,1,1,0.0,1847.452927171441,0.9026666666666666,73,1.1189796210273926,0.0006056877577609,0.242414958000154,24.989147108417036,1.6385,23.350647108417032,27.172993872202824,2286.8006153336464,1847.452927171441,750,750,1.0,2649.478085563501,0.4108252766029999,deployment_scaling,xlarge_minus,35,21,14,35,35,1.0,15.0,0.7,0.7,0.2,0.1,0.7,0.3,1.3981406599996262
inspiral,750,3.0,reference,3,HDS,Sharable,HDS-Sharable,1498.9770042449804,2997.9540084899613,1,3.0000000000000004,downstream_reserved,1,idle_only,1,1,1,0.0,4496.931012734942,4496.931012734942,3.0000000000000004,35,35,1,1,1.0,0.0108914700031164,0,500,2,1.5,"{""1"":250,""2"":250}",10,0.0133333333333333,64,676,74,5,2,33,34,212,1400,0.056523774001107,1.237144253489513e-13,0,0,0,10,7.087663789206999e-13,4.547473508864641e-13,0.605,1863.0020812839173,2503.304103497476,3725.9612941297833,0.2436988998582578,0.1713848891969059,0.3160129105196098,0.5436680945346378,0.0484255891111846,0.1681638447837997,0.0277139207473439,0.0991626862614481,0.0007631618378334,0.0036734150959184,24,1,1,1,1,0.0,1863.0020812839173,0.9013333333333332,70,1.156943482979841,0.0006210103008486,0.2210133970002061,24.422877406509635,1.5925,22.830377406509637,38.29625993826479,2283.4059970454787,1863.0020812839173,750,750,1.0,2633.9289314510243,0.4142830023427194,deployment_scaling,xlarge_minus,35,21,14,35,35,1.0,15.0,0.7,0.7,0.2,0.1,0.7,0.3,1.4383480710021104
inspiral,750,3.0,reference,3,PBQS,NonSharable,PBQS-NonSharable,1498.9770042449804,2997.9540084899613,1,3.0000000000000004,downstream_reserved,1,queue_aware,1,1,1,0.0,4496.931012734942,4496.931012734942,3.0000000000000004,35,35,1,1,1.0,0.0223122970019176,0,500,2,1.5,"{""1"":250,""2"":250}",0,0.0,0,641,109,0,0,0,0,0,0,0.0,0.0,0,0,0,0,0.0,0.0,0.845,2133.754771165645,3228.5757724103364,3985.324471572665,0.1979991090935611,0.1444158877611124,0.2515823304260098,0.4093717275224278,0.0760846014635236,0.21716311782395,0.045949301218163,0.1226066297736731,0.0009718684650812,0.002886720659364,26,1,1,1,1,0.0,2133.754771165645,0.8546666666666667,109,14.449267980020522,0.0067717566119967,0.0,39.00480960722192,1.5125,37.49230960722192,33.67911498913642,2677.2910979966778,2133.754771165645,750,750,1.0,2363.176241569297,0.4744913286690468,deployment_scaling,xlarge_minus,35,21,14,35,35,1.0,15.0,0.7,0.7,0.2,0.1,0.7,0.3,14.735764550001475
inspiral,750,3.0,reference,3,PBQS,Sharable,PBQS-Sharable,1498.9770042449804,2997.9540084899613,1,3.0000000000000004,downstream_reserved,1,queue_aware,1,1,1,0.0,4496.931012734942,4496.931012734942,3.0000000000000004,35,35,1,1,1.0,0.021180039999308,0,500,2,1.5,"{""1"":250,""2"":250}",0,0.0,0,669,81,0,0,0,0,0,0,0.0,0.0,0,0,0,0,0.0,0.0,0.645,2463.6623518094425,2638.2428406892686,2804.6586081305286,0.2699987851275833,0.1969307560378806,0.3430668142172861,0.5508829419746245,0.115318274931279,0.2303019234836545,0.0696434501706185,0.1358043032321185,0.001044263174924,0.0021981909121108,12,1,1,1,1,0.0,2463.6623518094425,0.892,81,14.454011045938389,0.0058668798649793,0.0,27.026604157806396,1.0565,25.970104157806396,606.6744655729434,2677.291097996675,2463.6623518094425,750,750,1.0,2033.2686609254995,0.5478541576093899,deployment_scaling,xlarge_minus,35,21,14,35,35,1.0,15.0,0.7,0.7,0.2,0.1,0.7,0.3,14.684351200998208
inspiral,750,3.0,reference,4,HDS,NonSharable,HDS-NonSharable,1482.6390851347176,2965.2781702694347,1,3.0,downstream_reserved,1,idle_only,1,1,1,0.0,4447.9172554041525,4447.9172554041525,3.0,35,35,1,1,1.0,0.0106444520024524,0,500,2,1.5,"{""1"":250,""2"":250}",4,0.0053333333333333,64,682,68,2,2,33,34,178,1366,0.0377809219971823,9.944547078000933e-14,0,0,0,4,0.0,0.0,0.625,1737.0266750306007,2515.810510014507,4058.780853185966,0.2380672927680423,0.1619961796280389,0.3141384059080457,0.5341939564485296,0.0510036013056096,0.1286113485082806,0.0290055488460107,0.0765563984591194,0.0008077413539835,0.0039865462705523,24,1,1,1,1,0.0,1737.0266750306007,0.9093333333333332,68,0.9725277450379508,0.0005598807197481,0.059562978996837,23.009096320400264,1.7185,21.290596320400265,26.454932717915938,2179.511342310001,1737.0266750306007,750,750,1.0,2710.8905803735515,0.3905258518287721,deployment_scaling,xlarge_minus,35,21,14,35,35,1.0,15.0,0.7,0.7,0.2,0.1,0.7,0.3,1.2677284639976278
inspiral,750,3.0,reference,4,HDS,Sharable,HDS-Sharable,1482.6390851347176,2965.2781702694347,1,3.0,downstream_reserved,1,idle_only,1,1,1,0.0,4447.9172554041525,4447.9172554041525,3.0,35,35,1,1,1.0,0.010853051997401,0,500,2,1.5,"{""1"":250,""2"":250}",6,0.008,63,681,69,3,2,33,34,212,1400,0.0514629570025135,7.645652923125684e-14,0,0,0,6,0.0,0.0,0.62,1730.1864082024758,2487.0147567606327,4051.4962550181,0.2393686631414892,0.1627926164397753,0.3159447098432031,0.53899071547004,0.0507578076597772,0.1286352869738446,0.0287303040211191,0.0766436969512013,0.0009230165001361,0.0040857054202073,21,1,1,1,1,0.0,1730.1864082024758,0.908,67,1.053662730002543,0.0006089879824551,0.1256030900003679,22.75045067866625,1.7295,21.02095067866625,30.945634279288758,2166.742676189561,1730.1864082024758,750,750,1.0,2717.7308472016766,0.3889879934480178,deployment_scaling,xlarge_minus,35,21,14,35,35,1.0,15.0,0.7,0.7,0.2,0.1,0.7,0.3,1.360297860999708
inspiral,750,3.0,reference,4,PBQS,NonSharable,PBQS-NonSharable,1482.6390851347176,2965.2781702694347,1,3.0,downstream_reserved,1,queue_aware,1,1,1,0.0,4447.9172554041525,4447.9172554041525,3.0,35,35,1,1,1.0,0.0216170220010099,0,501,2,1.499001996007984,"{""1"":251,""2"":250}",0,0.0,0,640,110,0,0,0,0,0,0,0.0,0.0,0,0,0,0,0.0,0.0,0.84,2093.846247524876,3114.4051132589416,3864.889448783668,0.1958441995566942,0.1406293061491252,0.2510590929642631,0.3974478919522203,0.0743238727314549,0.2225902759107907,0.0440037677006406,0.1204156415361237,0.0009967488926699,0.0029961068327396,24,1,1,1,1,0.0,2093.846247524876,0.8533333333333334,110,14.84960836393293,0.0070920242503414,0.0,36.59706656692614,1.5345,35.06256656692614,34.21977211884705,2623.156086884654,2093.846247524876,750,750,1.0,2354.0710078792767,0.4707475717946155,deployment_scaling,xlarge_minus,35,21,14,35,35,1.0,15.0,0.7,0.7,0.2,0.1,0.7,0.3,15.179718987998058
inspiral,750,3.0,reference,4,PBQS,Sharable,PBQS-Sharable,1482.6390851347176,2965.2781702694347,1,3.0,downstream_reserved,1,queue_aware,1,1,1,0.0,4447.9172554041525,4447.9172554041525,3.0,35,35,1,1,1.0,0.0210807629991904,0,501,2,1.499001996007984,"{""1"":251,""2"":250}",0,0.0,0,672,78,0,0,0,0,0,0,0.0,0.0,0,0,0,0,0.0,0.0,0.62,2378.6873419886647,2507.014764694562,2650.108751654909,0.2778644198838566,0.1995253403483315,0.3562034994193818,0.560503437368515,0.1144916478631415,0.2082309328015285,0.0677852712874183,0.1120818772914097,0.0009593417100906,0.0018284000734911,12,1,1,1,1,0.0,2378.6873419886647,0.896,78,14.623469877962634,0.0061477057618412,0.0,24.755443317834377,1.0455,23.709943317834377,561.900334763878,2623.1560868846504,2378.6873419886647,750,750,1.0,2069.229913415488,0.534786778935376,deployment_scaling,xlarge_minus,35,21,14,35,35,1.0,15.0,0.7,0.7,0.2,0.1,0.7,0.3,14.8556392879982
inspiral,750,3.0,reference,5,HDS,NonSharable,HDS-NonSharable,1445.0927702170586,2890.1855404341177,1,3.0,downstream_reserved,1,idle_only,1,1,1,0.0,4335.278310651176,4335.278310651176,3.0,35,35,1,1,1.0,0.0096789640010683,0,500,2,1.5,"{""1"":250,""2"":250}",4,0.0053333333333333,61,685,65,2,2,33,33,173,1348,0.0588770579997799,5.6790364971653206e-15,0,0,0,4,0.0,0.0,0.5750000000000001,1661.3754965482335,2603.3756065076823,4244.145223243022,0.2309976956223353,0.1581155989124568,0.3038797923322138,0.5347251642808475,0.0501964641274485,0.1255698821914898,0.0286250980320868,0.0859751309461291,0.0012512092691815,0.0046349001753766,17,1,1,1,1,0.0,1661.3754965482335,0.9133333333333332,65,1.0561432790309482,0.0006357041386641,0.1023995260002266,23.99572622094489,1.7835,22.21222622094489,25.44283479616159,2085.428140695305,1661.3754965482335,750,750,1.0,2673.902814102942,0.3832223394900542,deployment_scaling,xlarge_minus,35,21,14,35,35,1.0,15.0,0.7,0.7,0.2,0.1,0.7,0.3,1.3750594379998802
inspiral,750,3.0,reference,5,HDS,Sharable,HDS-Sharable,1445.0927702170586,2890.1855404341177,1,3.0,downstream_reserved,1,idle_only,1,1,1,0.0,4335.278310651176,4335.278310651176,3.0,35,35,1,1,1.0,0.0092142009998497,0,500,2,1.5,"{""1"":250,""2"":250}",2,0.0026666666666666,64,684,66,1,2,33,33,206,1381,0.0533154460026708,1.8611523818361605e-11,0,0,0,2,0.0,0.0,0.5750000000000001,1683.114960397526,2606.9392969986984,4183.071667544529,0.2348555194167721,0.1609799089838651,0.3087311298496791,0.5401485970660096,0.0675650839467929,0.1438364091255302,0.038969199654475,0.0973694894067314,0.0017254611998798,0.0047517663142165,12,1,1,1,1,0.0,1683.114960397526,0.912,65,1.0096197170751111,0.0005998519060377,0.0533154460026708,23.988235744873023,1.7475,22.240735744873025,28.74726788307133,2106.579528557437,1683.114960397526,750,750,1.0,2652.1633502536497,0.3882368881052795,deployment_scaling,xlarge_minus,35,21,14,35,35,1.0,15.0,0.7,0.7,0.2,0.1,0.7,0.3,1.3226309580022644
inspiral,750,3.0,reference,5,PBQS,NonSharable,PBQS-NonSharable,1445.0927702170586,2890.1855404341177,1,3.0,downstream_reserved,1,queue_aware,1,1,1,0.0,4335.278310651176,4335.278310651176,3.0,35,35,1,1,1.0,0.0176107849983964,0,500,2,1.5,"{""1"":250,""2"":250}",0,0.0,0,643,107,0,0,0,0,0,0,0.0,0.0,0,0,0,0,0.0,0.0,0.8150000000000001,2036.5924182698748,3282.176641694536,4061.861111110067,0.1940797967919116,0.1403861505943093,0.2477734429895139,0.3998831041254952,0.0871439524777273,0.1874025401234215,0.0523821937873144,0.1167788252842681,0.0011381160700892,0.0035875898433597,24,1,1,1,1,0.0,2036.5924182698748,0.8573333333333333,107,14.917488000977755,0.0073247292227722,0.0,40.035622087016655,1.5185,38.51712208701665,33.48899459560963,2567.2495284856795,2036.5924182698748,750,750,1.0,2298.685892381301,0.4697720128523814,deployment_scaling,xlarge_minus,35,21,14,35,35,1.0,15.0,0.7,0.7,0.2,0.1,0.7,0.3,15.220787382000708
inspiral,750,3.0,reference,5,PBQS,Sharable,PBQS-Sharable,1445.0927702170586,2890.1855404341177,1,3.0,downstream_reserved,1,queue_aware,1,1,1,0.0,4335.278310651176,4335.278310651176,3.0,35,35,1,1,1.0,0.0178938870012643,0,500,2,1.5,"{""1"":250,""2"":250}",0,0.0,0,672,78,0,0,0,0,0,0,0.0,0.0,0,0,0,0,0.0,0.0,0.6,2318.7551605636377,2715.575823171792,2928.6594740645787,0.2693693731336015,0.1948462952214121,0.3438924510457908,0.5485575915567695,0.1148094779039127,0.1954386270107837,0.0690119296771652,0.1072318588951131,0.0013012969574128,0.0018630696633818,12,1,1,1,1,0.0,2318.7551605636377,0.896,78,16.37008182694626,0.0070598578519031,0.0,29.880413586118006,1.0735,28.806913586118007,515.7153599502665,2567.2495284856814,2318.7551605636377,750,750,1.0,2016.5231500875384,0.5348572789125853,deployment_scaling,xlarge_minus,35,21,14,35,35,1.0,15.0,0.7,0.7,0.2,0.1,0.7,0.3,16.673551138999755
montage,750,3.0,reference,1,HDS,NonSharable,HDS-NonSharable,1005.2172457726437,2010.434491545287,1,3.0,downstream_reserved,1,idle_only,1,1,1,0.0,3015.651737317931,3015.651737317931,3.0,35,35,1,1,1.0,0.0096856439995463,0,300,4,2.5,"{""1"":150,""4"":150}",56,0.0746666666666666,34,660,90,26,3,30,34,216,1579,0.0562098059999698,3.0066317141598374e-13,0,0,0,56,7.105427357601002e-15,7.105427357601002e-15,0.8300000000000001,1235.975027604088,4394.723986226404,7203.333290265499,0.1928305875579729,0.1376484633410465,0.2480127117748992,0.427913329339998,0.03215739444323,0.1196675599932747,0.0174334701942504,0.0684488267323821,0.0006305765597881,0.0073149836870318,76,1,1,1,1,0.0,1235.975027604088,0.88,90,2.228286859957734,0.0018028575094087,1.0050965289992746,39.63323649397536,3.0255,36.60773649397536,33.8314734628695,2310.7319784359893,1235.975027604088,750,750,1.0,1779.676709713843,0.4098533701054429,deployment_scaling,xlarge_minus,35,21,14,35,35,1.0,15.0,0.7,0.7,0.2,0.1,0.7,0.3,2.6756368499991368
montage,750,3.0,reference,1,HDS,Sharable,HDS-Sharable,1005.2172457726437,2010.434491545287,1,3.0,downstream_reserved,1,idle_only,1,1,1,0.0,3015.651737317931,3015.651737317931,3.0,35,35,1,1,1.0,0.0089339639998797,0,300,4,2.5,"{""1"":150,""4"":150}",41,0.0546666666666666,63,646,104,20,3,31,34,318,1749,0.0847482539975317,2.629434661096055e-13,0,0,0,41,3.1086244689504387e-12,7.958078640513122e-13,0.76,1330.7507210922802,4391.473430029657,6791.378471298014,0.2086104992368719,0.1503117049737094,0.2669092935000345,0.4487986517419453,0.0366973305513303,0.1851666201696883,0.020574234682388,0.1025267102633122,0.000510013812406,0.0053519084662293,82,1,1,1,1,0.0,1330.7507210922802,0.8613333333333333,90,2.304709407941118,0.001731886649702,1.0221970829989004,39.28948104011077,2.8495,36.43998104011077,65.19564323358759,2423.5127194065044,1330.7507210922802,750,750,1.0,1684.901016225651,0.4412813006968196,deployment_scaling,xlarge_minus,35,21,14,35,35,1.0,15.0,0.7,0.7,0.2,0.1,0.7,0.3,2.7163282569999865
montage,750,3.0,reference,1,PBQS,NonSharable,PBQS-NonSharable,1005.2172457726437,2010.434491545287,1,3.0,downstream_reserved,1,queue_aware,1,1,1,0.0,3015.651737317931,3015.651737317931,3.0,35,35,1,1,1.0,0.0174067420011851,0,300,4,2.5,"{""1"":150,""4"":150}",0,0.0,0,634,116,0,0,0,0,0,0,0.0,0.0,0,0,0,0,0.0,0.0,0.945,1399.939679386154,4560.267958713515,6314.45245853761,0.1857987906636284,0.1366796682820219,0.2349179130452349,0.3810201670117211,0.07975688225321,0.268975290902523,0.0459524520241538,0.1403001290086607,0.0008461662680144,0.0048601351233044,44,1,1,1,1,0.0,1399.939679386154,0.8453333333333334,116,19.956791952994536,0.0142554656081647,0.0,40.51358827387224,2.5815,37.932088273872246,38.86831720207203,2651.9003624015795,1399.939679386154,750,750,1.0,1615.7120579317768,0.4642245860363294,deployment_scaling,xlarge_minus,35,21,14,35,35,1.0,15.0,0.7,0.7,0.2,0.1,0.7,0.3,20.35856686700208
montage,750,3.0,reference,1,PBQS,Sharable,PBQS-Sharable,1005.2172457726437,2010.434491545287,1,3.0,downstream_reserved,1,queue_aware,1,1,1,0.0,3015.651737317931,3015.651737317931,3.0,35,35,1,1,1.0,0.0174791390018071,0,300,4,2.5,"{""1"":150,""4"":150}",0,0.0,0,681,69,0,0,0,0,0,0,0.0,0.0,0,0,0,0,0.0,0.0,0.525,1950.506686282964,3172.242451757686,3538.401444625952,0.3224155485045317,0.2371794243717439,0.4076516726373194,0.6405556430921692,0.1431100248920143,0.2459422747742304,0.082453781632883,0.1276905684759773,0.0012780092985127,0.0030994638995102,12,1,1,1,1,0.0,1950.506686282964,0.908,69,18.60793147000732,0.0095400500807654,0.0,28.22538421822561,1.3975,26.82788421822561,1699.371599547347,2651.9003624015804,1950.506686282964,750,750,1.0,1065.1450510349669,0.6467944100261761,deployment_scaling,xlarge_minus,35,21,14,35,35,1.0,15.0,0.7,0.7,0.2,0.1,0.7,0.3,18.850503323003068
montage,750,3.0,reference,2,HDS,NonSharable,HDS-NonSharable,975.0150285768216,1950.0300571536432,1,3.0,downstream_reserved,1,idle_only,1,1,1,0.0,2925.045085730465,2925.045085730465,3.0,35,35,1,1,1.0,0.0091384889965411,0,301,4,2.495016611295681,"{""1"":151,""4"":150}",49,0.0653333333333333,42,659,91,23,3,31,34,216,1579,0.069182228999125,2.232161951365015e-13,0,0,0,49,1.1901590823981678e-13,1.1368683772161605e-13,0.78,1264.7474443808326,4341.599593640479,6776.3813974221175,0.2010273654662337,0.1407488147361967,0.2613059161962707,0.4389855904241842,0.0329791852393649,0.176082251788941,0.0194006133580217,0.0990187253156666,0.0005476915701388,0.0056488316935815,82,1,1,1,1,0.0,1264.7474443808326,0.8786666666666667,91,2.3958918289463327,0.0018943638428297,1.0404889750097936,40.218949688389046,2.8965,37.32244968838904,33.2667471406214,2396.8613237160457,1264.7474443808326,750,750,1.0,1660.2976413496324,0.4323856239176532,deployment_scaling,xlarge_minus,35,21,14,35,35,1.0,15.0,0.7,0.7,0.2,0.1,0.7,0.3,2.85175982200235
montage,750,3.0,reference,2,HDS,Sharable,HDS-Sharable,975.0150285768216,1950.0300571536432,1,3.0,downstream_reserved,1,idle_only,1,1,1,0.0,2925.045085730465,2925.045085730465,3.0,35,35,1,1,1.0,0.0089082359991152,0,301,4,2.495016611295681,"{""1"":151,""4"":150}",33,0.044,61,656,94,16,3,31,34,318,1749,0.1486556139971071,1.8873161814346729e-13,0,0,0,33,2.5446311724408588e-12,9.521272659185342e-13,0.735,1263.815489496343,4259.42051592168,6872.386343256682,0.2133683343107954,0.1486907793131924,0.2780458893083984,0.468872661310731,0.0413749366140146,0.1706101477581137,0.0241040444226843,0.1033290460933024,0.0007230403408576,0.0055608866206931,63,1,1,1,1,0.0,1263.815489496343,0.8746666666666667,83,2.393053959000099,0.0018935152946683,0.9068523779860698,39.62151706663865,2.9565,36.665017066638654,68.81455043345102,2334.9858533274405,1263.815489496343,750,750,1.0,1661.229596234122,0.4320670117741905,deployment_scaling,xlarge_minus,35,21,14,35,35,1.0,15.0,0.7,0.7,0.2,0.1,0.7,0.3,2.869314488998498
montage,750,3.0,reference,2,PBQS,NonSharable,PBQS-NonSharable,975.0150285768216,1950.0300571536432,1,3.0,downstream_reserved,1,queue_aware,1,1,1,0.0,2925.045085730465,2925.045085730465,3.0,35,35,1,1,1.0,0.0181315810004889,0,301,4,2.495016611295681,"{""1"":151,""4"":150}",0,0.0,0,630,120,0,0,0,0,0,0,0.0,0.0,0,0,0,0,0.0,0.0,0.95,1344.013077647202,4487.714310893271,6357.105023304854,0.1807620625368221,0.1289019660743694,0.2326221589992748,0.3618665763317528,0.0711135263393128,0.2300635928593981,0.0434283620124454,0.143875606481649,0.0009132649024144,0.0056819286878965,44,1,1,1,1,0.0,1344.013077647202,0.84,120,23.44270764303292,0.0174423210852019,0.0,41.46130025198657,2.6895,38.77180025198657,41.73374858241285,2605.4393495886206,1344.013077647202,750,750,1.0,1581.032008083263,0.4594845680170309,deployment_scaling,xlarge_minus,35,21,14,35,35,1.0,15.0,0.7,0.7,0.2,0.1,0.7,0.3,23.87490031299967
montage,750,3.0,reference,2,PBQS,Sharable,PBQS-Sharable,975.0150285768216,1950.0300571536432,1,3.0,downstream_reserved,1,queue_aware,1,1,1,0.0,2925.045085730465,2925.045085730465,3.0,35,35,1,1,1.0,0.0188861950009595,0,301,4,2.495016611295681,"{""1"":151,""4"":150}",0,0.0,0,682,68,0,0,0,0,0,0,0.0,0.0,0,0,0,0,0.0,0.0,0.525,1937.760614530042,2996.0766670718363,3373.829735661981,0.3221502104616631,0.2297262761721435,0.4145741447511827,0.6385880758795637,0.1356401553797033,0.2671608429274436,0.0828341677664444,0.1594005081235753,0.0013877448677217,0.0027917747710148,11,1,1,1,1,0.0,1937.760614530042,0.9093333333333332,68,20.722614117974445,0.010694104298843,0.0,27.874766275839907,1.3165,26.558266275839905,1869.046294308416,2605.43934958862,1937.760614530042,750,750,1.0,987.284471200423,0.6624720500833338,deployment_scaling,xlarge_minus,35,21,14,35,35,1.0,15.0,0.7,0.7,0.2,0.1,0.7,0.3,20.989186942999368
montage,750,3.0,reference,3,HDS,NonSharable,HDS-NonSharable,990.1758251347942,1980.3516502695884,1,3.0,downstream_reserved,1,idle_only,1,1,1,0.0,2970.5274754043826,2970.5274754043826,3.0,35,35,1,1,1.0,0.0089624059983179,0,301,4,2.495016611295681,"{""1"":151,""4"":150}",39,0.052,54,657,93,18,3,30,34,216,1579,0.0567989530027261,3.173020605985453e-13,0,0,0,39,5.684341886080803e-14,5.684341886080803e-14,0.8,1278.2918064915734,4319.494948105622,6959.595283215686,0.1910734861636938,0.1363169429740137,0.2458300293533738,0.4206514712420192,0.0344677976338234,0.1555766128124146,0.0193428305038524,0.0835858521850261,0.0005602300897915,0.0063084454390055,83,1,1,1,1,0.0,1278.2918064915734,0.876,93,2.0504562640126096,0.0016040596158089,0.7366397840014542,40.81930337351307,2.9535,37.865803373513074,34.03191399586554,2347.2352095304677,1278.2918064915734,750,750,1.0,1692.2356689128092,0.4303248554594021,deployment_scaling,xlarge_minus,35,21,14,35,35,1.0,15.0,0.7,0.7,0.2,0.1,0.7,0.3,2.4751602969990927
montage,750,3.0,reference,3,HDS,Sharable,HDS-Sharable,990.1758251347942,1980.3516502695884,1,3.0,downstream_reserved,1,idle_only,1,1,1,0.0,2970.5274754043826,2970.5274754043826,3.0,35,35,1,1,1.0,0.0088793029972293,0,301,4,2.495016611295681,"{""1"":151,""4"":150}",34,0.0453333333333333,66,650,100,17,3,31,34,318,1749,0.0770308620012656,3.299749432060188e-06,0,0,0,34,3.014033467252375e-12,1.3642420526593924e-12,0.8200000000000001,1274.1322246859231,4296.475103848553,6927.71481976324,0.1948544588667098,0.1383604418095149,0.2513484759239047,0.4289657478377047,0.0443312839223908,0.150442219664019,0.0247568915990618,0.0840360773217661,0.0006826859247719,0.0056129624276134,67,1,1,1,1,0.0,1274.1322246859231,0.8666666666666667,90,2.2010830819599505,0.0017275154331039,0.7909155819979787,40.22133539080826,2.9925,37.22883539080826,48.95465470427168,2316.4150383236056,1274.1322246859231,750,750,1.0,1696.3952507184597,0.4289245715569331,deployment_scaling,xlarge_minus,35,21,14,35,35,1.0,15.0,0.7,0.7,0.2,0.1,0.7,0.3,2.6312446419979096
montage,750,3.0,reference,3,PBQS,NonSharable,PBQS-NonSharable,990.1758251347942,1980.3516502695884,1,3.0,downstream_reserved,1,queue_aware,1,1,1,0.0,2970.5274754043826,2970.5274754043826,3.0,35,35,1,1,1.0,0.0174060300014389,0,301,4,2.495016611295681,"{""1"":151,""4"":150}",0,0.0,0,628,122,0,0,0,0,0,0,0.0,0.0,0,0,0,0,0.0,0.0,0.975,1396.7846373156262,4495.597006898535,6258.165123958397,0.1737341384850693,0.1267358168375106,0.2207324601326281,0.3618286493544096,0.0885687170820472,0.2323276874736654,0.0526950177114364,0.1217574545840504,0.0008643193280957,0.0051458461459847,44,1,1,1,1,0.0,1396.7846373156262,0.8373333333333334,122,18.847527859994443,0.01349351027816,0.0,41.54202794218408,2.6215,38.92052794218408,41.36814284843855,2648.585713274279,1396.7846373156262,750,750,1.0,1573.7428380887563,0.4702143470750021,deployment_scaling,xlarge_minus,35,21,14,35,35,1.0,15.0,0.7,0.7,0.2,0.1,0.7,0.3,19.236945296001068
montage,750,3.0,reference,3,PBQS,Sharable,PBQS-Sharable,990.1758251347942,1980.3516502695884,1,3.0,downstream_reserved,1,queue_aware,1,1,1,0.0,2970.5274754043826,2970.5274754043826,3.0,35,35,1,1,1.0,0.0181409510005323,0,301,4,2.495016611295681,"{""1"":151,""4"":150}",0,0.0,0,679,71,0,0,0,0,0,0,0.0,0.0,0,0,0,0,0.0,0.0,0.555,2051.2674013372784,3020.882913775676,3308.7369377126765,0.3077576167449799,0.2245034469693046,0.3910117865206551,0.6217337355103943,0.1085575493060301,0.2501320020410417,0.0645876125550305,0.146561202809819,0.0010997677316886,0.0025585072767984,13,1,1,1,1,0.0,2051.2674013372784,0.9053333333333332,71,18.49937969302846,0.009018512009194,0.0,28.380597870225238,1.3565,27.024097870225237,2010.7852880561836,2648.58571327428,2051.2674013372784,750,750,1.0,919.260074067104,0.6905397840355058,deployment_scaling,xlarge_minus,35,21,14,35,35,1.0,15.0,0.7,0.7,0.2,0.1,0.7,0.3,18.75889418099905
montage,750,3.0,reference,4,HDS,NonSharable,HDS-NonSharable,991.1267777970482,1982.2535555940965,1,3.0,downstream_reserved,1,idle_only,1,1,1,0.0,2973.3803333911446,2973.3803333911446,3.0,35,35,1,1,1.0,0.0089583799999672,0,301,4,2.495016611295681,"{""1"":151,""4"":150}",45,0.06,40,665,85,20,3,31,34,216,1579,0.0608878419989196,1.8627833761389525e-13,0,0,0,45,9.414691248821329e-14,5.684341886080803e-14,0.79,1181.4119412760092,4212.854571961139,7190.063427538234,0.1961464767275082,0.1356579076028026,0.2566350458522138,0.4327425797940236,0.0362514631500159,0.0983063876033419,0.0199425922113265,0.053983774775481,0.0007800455459778,0.0068438776837237,64,1,1,1,1,0.0,1181.4119412760092,0.8866666666666667,85,2.160436576985376,0.0018286903166493,0.8401963940013957,38.262357011857645,3.1005000000000003,35.16185701185765,32.7571302756933,2206.9871569495203,1181.4119412760092,750,750,1.0,1791.9683921151354,0.3973295740234506,deployment_scaling,xlarge_minus,35,21,14,35,35,1.0,15.0,0.7,0.7,0.2,0.1,0.7,0.3,2.631712629001413
montage,750,3.0,reference,4,HDS,Sharable,HDS-Sharable,991.1267777970482,1982.2535555940965,1,3.0,downstream_reserved,1,idle_only,1,1,1,0.0,2973.3803333911446,2973.3803333911446,3.0,35,35,1,1,1.0,0.0089850100011972,0,301,4,2.495016611295681,"{""1"":151,""4"":150}",47,0.0626666666666666,58,645,105,22,3,31,34,318,1749,0.081335011000192,1.5171412256471522e-13,0,0,0,47,1.395328297348897e-12,4.547473508864641e-13,0.785,1271.429689940717,4264.926747541142,7049.098630693285,0.2066086181254245,0.1443718020141563,0.2688454342366927,0.4479511168035945,0.0385591459204786,0.1807107778667101,0.0213387656911736,0.0905081717400545,0.0007109591118592,0.0066817669092134,64,1,1,1,1,0.0,1271.429689940717,0.86,85,2.5343662279774435,0.001993319998761,1.1854502809947007,38.59893441649766,3.0205,35.578434416497664,89.07036121667252,2284.550695698332,1271.429689940717,750,750,1.0,1701.9506434504276,0.4276041230455875,deployment_scaling,xlarge_minus,35,21,14,35,35,1.0,15.0,0.7,0.7,0.2,0.1,0.7,0.3,2.98559722400023
montage,750,3.0,reference,4,PBQS,NonSharable,PBQS-NonSharable,991.1267777970482,1982.2535555940965,1,3.0,downstream_reserved,1,queue_aware,1,1,1,0.0,2973.3803333911446,2973.3803333911446,3.0,35,35,1,1,1.0,0.0174659299991617,0,301,4,2.495016611295681,"{""1"":151,""4"":150}",0,0.0,0,627,123,0,0,0,0,0,0,0.0,0.0,0,0,0,0,0.0,0.0,0.965,1366.5325873690224,4501.0169672832735,6395.519319628989,0.1713623795053371,0.1234568503745256,0.2192679086361485,0.3470720520383756,0.0709251151372351,0.2081213020785626,0.0405566993974659,0.1114578801040323,0.0007858885742839,0.005412769685796,49,1,1,1,1,0.0,1366.5325873690224,0.836,123,18.81296561797353,0.0137669352285217,0.0,40.11565617443472,2.6485,37.46715617443472,40.93575150057887,2561.391744043212,1366.5325873690224,750,750,1.0,1606.8477460221222,0.4595888968601908,deployment_scaling,xlarge_minus,35,21,14,35,35,1.0,15.0,0.7,0.7,0.2,0.1,0.7,0.3,19.203176333001466
montage,750,3.0,reference,4,PBQS,Sharable,PBQS-Sharable,991.1267777970482,1982.2535555940965,1,3.0,downstream_reserved,1,queue_aware,1,1,1,0.0,2973.3803333911446,2973.3803333911446,3.0,35,35,1,1,1.0,0.0183227560009981,0,301,4,2.495016611295681,"{""1"":151,""4"":150}",0,0.0,0,684,66,0,0,0,0,0,0,0.0,0.0,0,0,0,0,0.0,0.0,0.54,1955.3381081203893,2836.031924740621,3065.549234543684,0.3269873976275309,0.2355758267350641,0.4183989685199977,0.646816096980609,0.1363109898551119,0.2626006695842073,0.0779459269037192,0.1413538594200206,0.0012080409848585,0.0027837508820012,11,1,1,1,1,0.0,1955.3381081203893,0.912,66,18.942251685992236,0.0096874558969245,0.0,25.38377583409349,1.2365,24.14727583409349,1829.0590701920987,2561.391744043212,1955.3381081203893,750,750,1.0,1018.0422252707552,0.6576145292150781,deployment_scaling,xlarge_minus,35,21,14,35,35,1.0,15.0,0.7,0.7,0.2,0.1,0.7,0.3,19.207301099999317
montage,750,3.0,reference,5,HDS,NonSharable,HDS-NonSharable,956.4713645444592,1912.9427290889184,1,3.0,downstream_reserved,1,idle_only,1,1,1,0.0,2869.414093633377,2869.414093633377,3.0,35,35,1,1,1.0,0.009029405999172,0,301,4,2.495016611295681,"{""1"":151,""4"":150}",46,0.0613333333333333,43,661,89,19,4,31,34,240,1732,0.0621432719999575,4.021403371196696e-13,0,0,0,46,4.440892098500626e-16,4.440892098500626e-16,0.785,1212.0005583363982,4443.6669115682525,7243.198163572398,0.1847741176651128,0.1289216380974407,0.2406265972327849,0.4172461198198643,0.0379882380384518,0.134953913962143,0.0220029696255854,0.0811487013791949,0.0007821837140185,0.0058161316311547,63,1,1,1,1,0.0,1212.0005583363982,0.8813333333333333,89,2.127133951995347,0.0017550602079879,0.8148444430153177,40.34069716502863,3.0125,37.32819716502863,33.337399337525746,2228.094279838076,1212.0005583363982,750,750,1.0,1657.4135352969793,0.42238607561926,deployment_scaling,xlarge_minus,35,21,14,35,35,1.0,15.0,0.7,0.7,0.2,0.1,0.7,0.3,2.563657954997325
montage,750,3.0,reference,5,HDS,Sharable,HDS-Sharable,956.4713645444592,1912.9427290889184,1,3.0,downstream_reserved,1,idle_only,1,1,1,0.0,2869.414093633377,2869.414093633377,3.0,35,35,1,1,1.0,0.0088975800026673,0,301,4,2.495016611295681,"{""1"":151,""4"":150}",46,0.0613333333333333,56,648,102,22,3,31,34,318,1749,0.1043047479979577,3.012604834812834e-06,0,0,0,46,1.1802114840975264e-10,5.7752913562580937e-11,0.715,1248.2425033216718,4467.457154527607,7314.575272660792,0.1982422226802884,0.137221662710961,0.2592627826496158,0.4472229424367974,0.0405721326056603,0.1249273119960762,0.0241066137240812,0.0838276707598238,0.0007318831354862,0.0061247151877355,66,1,1,1,1,0.0,1248.2425033216718,0.864,83,2.4986549610985094,0.0020017384077608,1.210294945998612,40.54701910870346,3.0285,37.51851910870346,97.35320619106184,2227.170253335251,1248.2425033216718,750,750,1.0,1621.1715903117056,0.4350165094997121,deployment_scaling,xlarge_minus,35,21,14,35,35,1.0,15.0,0.7,0.7,0.2,0.1,0.7,0.3,2.931347147001361
montage,750,3.0,reference,5,PBQS,NonSharable,PBQS-NonSharable,956.4713645444592,1912.9427290889184,1,3.0,downstream_reserved,1,queue_aware,1,1,1,0.0,2869.414093633377,2869.414093633377,3.0,35,35,1,1,1.0,0.017557757000759,0,301,4,2.495016611295681,"{""1"":151,""4"":150}",0,0.0,0,632,118,0,0,0,0,0,0,0.0,0.0,0,0,0,0,0.0,0.0,0.92,1337.681760168801,4658.351570841656,6419.637610568434,0.173330520567246,0.1242064159728068,0.2224546251616852,0.36025189052832,0.06935008213078,0.2183368973783652,0.0424493217352512,0.1336461673412713,0.0008275505109414,0.0053638519796686,48,1,1,1,1,0.0,1337.681760168801,0.8426666666666667,118,19.09321218898185,0.0142733591482719,0.0,41.658174439215856,2.6125000000000003,39.04567443921586,39.30344162336374,2550.5833849405058,1337.681760168801,750,750,1.0,1531.7323334645764,0.4661863769111728,deployment_scaling,xlarge_minus,35,21,14,35,35,1.0,15.0,0.7,0.7,0.2,0.1,0.7,0.3,19.491040496002825
montage,750,3.0,reference,5,PBQS,Sharable,PBQS-Sharable,956.4713645444592,1912.9427290889184,1,3.0,downstream_reserved,1,queue_aware,1,1,1,0.0,2869.414093633377,2869.414093633377,3.0,35,35,1,1,1.0,0.0175744210027914,0,301,4,2.495016611295681,"{""1"":151,""4"":150}",0,0.0,0,682,68,0,0,0,0,0,0,0.0,0.0,0,0,0,0,0.0,0.0,0.505,1982.3215263825416,3108.6198227108644,3320.1741143068502,0.3085283266096978,0.2210874204315961,0.3959692327877996,0.6251429865050254,0.1286940243644861,0.1941475230998489,0.0787738655500116,0.1161457676087993,0.0012996815927807,0.0021958032263355,11,1,1,1,1,0.0,1982.3215263825416,0.9093333333333332,68,18.73934410300353,0.0094532314024759,0.0,27.92432045416952,1.2765,26.647820454169523,1818.6972546134657,2550.583384940504,1982.3215263825416,750,750,1.0,887.0925672508356,0.6908453996866099,deployment_scaling,xlarge_minus,35,21,14,35,35,1.0,15.0,0.7,0.7,0.2,0.1,0.7,0.3,18.998972242996388
cybershake,900,3.0,reference,1,HDS,NonSharable,HDS-NonSharable,1304.5547403319413,2609.109480663882,1,3.0,downstream_reserved,1,idle_only,1,1,1,0.0,3913.664220995824,3913.664220995824,3.0,50,50,1,1,1.0,0.0315579950001847,0,401,4,2.2468827930174564,"{""1"":201,""3"":100,""4"":100}",59,0.0655555555555555,49,792,108,26,3,45,49,306,2614,0.1606886230001691,2.7869877172464534e-13,0,0,0,59,2.8421709430404014e-14,1.4210854715202004e-14,0.94,1616.5488615903596,4875.72288568327,7662.331004125969,0.197699573006008,0.1424561948372136,0.2529429511748025,0.4345779368140737,0.0239608226887052,0.1326539554858258,0.0133942808413353,0.0779974689917077,0.0003724696250714,0.0046714539028762,105,1,1,1,1,0.0,1616.5488615903596,0.88,108,6.314449486999365,0.0039061296797346,2.9000860819978698,44.20324663301527,3.274,40.92924663301527,40.12743088475082,2816.065030555198,1616.5488615903596,900,900,1.0,2297.115359405464,0.4130525181281475,deployment_scaling,xlarge_plus,50,30,20,50,50,1.0,15.0,0.7,0.7,0.2,0.1,0.7,0.3,7.147544178002136
cybershake,900,3.0,reference,1,HDS,Sharable,HDS-Sharable,1304.5547403319413,2609.109480663882,1,3.0,downstream_reserved,1,idle_only,1,1,1,0.0,3913.664220995824,3913.664220995824,3.0,50,50,1,1,1.0,0.0302484849999018,0,400,4,2.25,"{""1"":200,""3"":100,""4"":100}",44,0.0488888888888888,80,776,124,21,3,46,49,453,2859,0.2243370459982543,4.853073323617413e-06,0,0,0,44,3.986144747614162e-12,9.094947017729282e-13,0.9,1713.5147538784886,4980.382271574237,7565.716815360585,0.2083572872015563,0.1513116106320253,0.2654029637710873,0.4512179118158799,0.0293804182552261,0.1821512391658272,0.016413974925071,0.1020331637324156,0.0004444523074581,0.0048058659809028,82,1,1,1,1,0.0,1713.5147538784886,0.8622222222222222,107,6.779602539019834,0.0039565475136262,2.7695220179884927,44.89652172014301,3.13,41.76652172014301,92.4137801023397,2896.818993857949,1713.5147538784886,900,900,1.0,2200.149467117335,0.4378287602410838,deployment_scaling,xlarge_plus,50,30,20,50,50,1.0,15.0,0.7,0.7,0.2,0.1,0.7,0.3,7.562822404001054
cybershake,900,3.0,reference,1,PBQS,NonSharable,PBQS-NonSharable,1304.5547403319413,2609.109480663882,1,3.0,downstream_reserved,1,queue_aware,1,1,1,0.0,3913.664220995824,3913.664220995824,3.0,50,50,1,1,1.0,0.061243251999258,0,400,4,2.25,"{""1"":200,""3"":100,""4"":100}",0,0.0,0,760,140,0,0,0,0,0,0,0.0,0.0,0,0,0,0,0.0,0.0,1.1,1809.720473828236,5148.978117105268,6877.154904301643,0.1882597489177541,0.1397844956279231,0.2367350022075852,0.3820711064997546,0.0944461951070776,0.2361854986930293,0.0546964082030675,0.1322119464019445,0.0009534488153452,0.0045348805163232,33,1,1,1,1,0.0,1809.720473828236,0.8444444444444444,140,75.24377497297246,0.0415775673984633,0.0,45.95328848439126,2.838,43.11528848439126,45.88513336304061,3209.397294597939,1809.720473828236,900,900,1.0,2103.9437471675874,0.4624107669021632,deployment_scaling,xlarge_plus,50,30,20,50,50,1.0,15.0,0.7,0.7,0.2,0.1,0.7,0.3,75.92170911100038
cybershake,900,3.0,reference,1,PBQS,Sharable,PBQS-Sharable,1304.5547403319413,2609.109480663882,1,3.0,downstream_reserved,1,queue_aware,1,1,1,0.0,3913.664220995824,3913.664220995824,3.0,50,50,1,1,1.0,0.0611431620018265,0,400,4,2.25,"{""1"":200,""3"":100,""4"":100}",0,0.0,0,812,88,0,0,0,0,0,0,0.0,0.0,0,0,0,0,0.0,0.0,0.665,2531.904972517498,3711.518371127596,4002.235412346301,0.3026637501831585,0.2247304583556609,0.3805970420106562,0.6078403967041545,0.1350139241525371,0.2316839978716867,0.0781903040156646,0.1388848500231798,0.0012186780386789,0.0023308919786258,11,1,1,1,1,0.0,2531.904972517498,0.9022222222222224,88,73.9919897610198,0.0292238415596809,0.0,33.22161051656988,1.606,31.61561051656988,1939.586894586096,3209.397294597936,2531.904972517498,900,900,1.0,1381.7592484783254,0.6469397550598401,deployment_scaling,xlarge_plus,50,30,20,50,50,1.0,15.0,0.7,0.7,0.2,0.1,0.7,0.3,74.4329658530005
cybershake,900,3.0,reference,2,HDS,NonSharable,HDS-NonSharable,1321.631112844654,2643.262225689308,1,3.0,downstream_reserved,1,idle_only,1,1,1,0.0,3964.8933385339615,3964.8933385339615,3.0,50,50,1,1,1.0,0.0307026609989407,0,400,4,2.25,"{""1"":200,""3"":100,""4"":100}",74,0.0822222222222222,38,788,112,32,3,46,49,306,2614,0.1980117090024578,2.5554477608823088e-11,0,0,0,74,4.440892098500626e-15,3.552713678800501e-15,0.985,1610.1074796647215,4783.498002761813,7731.091404239226,0.1889596815869627,0.1288525503850315,0.2490668127888939,0.4075454706578415,0.0211854439409978,0.0925566549300277,0.0126488207430953,0.0508134543344631,0.000350952072011,0.0043630231619904,112,1,1,1,1,0.0,1610.1074796647215,0.8755555555555555,112,7.333233429031679,0.0045544993248268,3.874858166997001,43.06915507685783,3.362,39.70715507685783,41.66279628520645,2738.705562820695,1610.1074796647215,900,900,1.0,2354.78585886924,0.4060909946848827,deployment_scaling,xlarge_plus,50,30,20,50,50,1.0,15.0,0.7,0.7,0.2,0.1,0.7,0.3,8.244525230998988
cybershake,900,3.0,reference,2,HDS,Sharable,HDS-Sharable,1321.631112844654,2643.262225689308,1,3.0,downstream_reserved,1,idle_only,1,1,1,0.0,3964.8933385339615,3964.8933385339615,3.0,50,50,1,1,1.0,0.0325335380002798,0,400,4,2.25,"{""1"":200,""3"":100,""4"":100}",67,0.0744444444444444,64,769,131,31,3,46,49,453,2859,0.2331424939984572,3.994329570592308e-13,0,0,0,67,6.673772645626741e-12,1.1368683772161605e-12,0.915,1700.61480744077,4838.3045643319165,7710.614938385501,0.203876674814071,0.1396209653166936,0.2681323843114485,0.4431622493640823,0.0272716111380522,0.1183318358953782,0.0161124850390089,0.0760170928456258,0.0004078944401874,0.0045259633861627,91,1,1,1,1,0.0,1700.61480744077,0.8544444444444445,104,7.782882547999179,0.0045765111028943,4.059662259984179,43.49960756941866,3.354,40.14560756941866,130.01014558888295,2765.332436031874,1700.61480744077,900,900,1.0,2264.2785310931918,0.4289181731354167,deployment_scaling,xlarge_plus,50,30,20,50,50,1.0,15.0,0.7,0.7,0.2,0.1,0.7,0.3,8.661103806000028
cybershake,900,3.0,reference,2,PBQS,NonSharable,PBQS-NonSharable,1321.631112844654,2643.262225689308,1,3.0,downstream_reserved,1,queue_aware,1,1,1,0.0,3964.8933385339615,3964.8933385339615,3.0,50,50,1,1,1.0,0.0605438810016494,0,400,4,2.25,"{""1"":200,""3"":100,""4"":100}",0,0.0,0,755,145,0,0,0,0,0,0,0.0,0.0,0,0,0,0,0.0,0.0,1.16,1779.493566681023,5146.281731325504,7090.678870581233,0.1735345097203097,0.1218229043813039,0.2252461150593155,0.3533256283557386,0.062321311791535,0.1977956185927545,0.0382655527649347,0.12348548597393,0.0006670620880567,0.0049864575018905,49,1,1,1,1,0.0,1779.493566681023,0.8388888888888889,145,77.0468907440154,0.0432970886698497,0.0,45.61542490536736,3.006,42.60942490536736,48.58767879209721,3073.9329666949257,1779.493566681023,900,900,1.0,2185.3997718529386,0.448812468518762,deployment_scaling,xlarge_plus,50,30,20,50,50,1.0,15.0,0.7,0.7,0.2,0.1,0.7,0.3,77.79082716199991
cybershake,900,3.0,reference,2,PBQS,Sharable,PBQS-Sharable,1321.631112844654,2643.262225689308,1,3.0,downstream_reserved,1,queue_aware,1,1,1,0.0,3964.8933385339615,3964.8933385339615,3.0,50,50,1,1,1.0,0.060543528998096,0,400,4,2.25,"{""1"":200,""3"":100,""4"":100}",0,0.0,0,818,82,0,0,0,0,0,0,0.0,0.0,0,0,0,0,0.0,0.0,0.655,2438.702476759796,3491.382351952901,3780.880111836026,0.314619476972594,0.2208659160734209,0.4083730378717671,0.6247831233119766,0.1250566765551678,0.2216280593642777,0.0767853358308022,0.1335537986907908,0.0012993061782408,0.002589802846576,10,1,1,1,1,0.0,2438.702476759796,0.9088888888888887,82,75.64337364195308,0.0310178770730808,0.0,30.860229870386533,1.49,29.37022987038653,1920.9742195951344,3073.9329666949247,2438.702476759796,900,900,1.0,1526.1908617741656,0.6150739171363228,deployment_scaling,xlarge_plus,50,30,20,50,50,1.0,15.0,0.7,0.7,0.2,0.1,0.7,0.3,76.10260537100112
cybershake,900,3.0,reference,3,HDS,NonSharable,HDS-NonSharable,1302.6948842422191,2605.3897684844387,1,3.0,downstream_reserved,1,idle_only,1,1,1,0.0,3908.0846527266576,3908.0846527266576,3.0,50,50,1,1,1.0,0.0313675419965875,0,400,4,2.25,"{""1"":200,""3"":100,""4"":100}",48,0.0533333333333333,58,794,106,23,3,46,49,306,2614,0.170739985002001,3.787323723365909e-13,0,0,0,48,2.8421709430404014e-14,1.4210854715202004e-14,1.01,1610.7747209132406,4827.237543865239,7900.019765044914,0.1884263911636181,0.1313762026471607,0.2454765796800756,0.4270067581974556,0.0223839781128375,0.1035899568065898,0.0129920862697944,0.061089907968874,0.0004816790936461,0.0060773210435638,84,1,1,1,1,0.0,1610.7747209132406,0.8822222222222222,106,6.40300248506901,0.0039751073827622,2.484996558017883,43.95536887212375,3.364,40.59136887212375,40.06082868040616,2715.762982135818,1610.7747209132406,900,900,1.0,2297.3099318134173,0.4121647466846472,deployment_scaling,xlarge_plus,50,30,20,50,50,1.0,15.0,0.7,0.7,0.2,0.1,0.7,0.3,7.313146953998512
cybershake,900,3.0,reference,3,HDS,Sharable,HDS-Sharable,1302.6948842422191,2605.3897684844387,1,3.0,downstream_reserved,1,idle_only,1,1,1,0.0,3908.0846527266576,3908.0846527266576,3.0,50,50,1,1,1.0,0.0318044929990719,0,400,4,2.25,"{""1"":200,""3"":100,""4"":100}",70,0.0777777777777777,66,764,136,32,3,47,49,453,2859,0.247694350000529,1.8403798566452801e-13,0,0,0,70,2.9629632081196178e-12,6.821210263296962e-13,0.9,1744.705063244184,4774.249024516201,7323.064904902117,0.1984788927618665,0.1394499431996366,0.2575078423240964,0.4360159946175191,0.0253877082660436,0.1485881119414265,0.015060745462941,0.0965498891096642,0.000386266149506,0.0045097058467424,90,1,1,1,1,0.0,1744.705063244184,0.8488888888888889,108,8.047970214000088,0.0046127969612441,4.383099591006612,43.37388964325688,3.1590000000000003,40.21488964325688,129.1381761584852,2825.3836451215243,1744.705063244184,900,900,1.0,2163.3795894824734,0.4464348186590352,deployment_scaling,xlarge_plus,50,30,20,50,50,1.0,15.0,0.7,0.7,0.2,0.1,0.7,0.3,8.839651291000337
cybershake,900,3.0,reference,3,PBQS,NonSharable,PBQS-NonSharable,1302.6948842422191,2605.3897684844387,1,3.0,downstream_reserved,1,queue_aware,1,1,1,0.0,3908.0846527266576,3908.0846527266576,3.0,50,50,1,1,1.0,0.0610013320001598,0,401,4,2.2468827930174564,"{""1"":201,""3"":100,""4"":100}",0,0.0,0,754,146,0,0,0,0,0,0,0.0,0.0,0,0,0,0,0.0,0.0,1.15,1799.1666465432922,5153.447992254544,7030.321267407319,0.1761759164318632,0.1276676284064179,0.2246842044573086,0.3593683511565243,0.0723759930327733,0.2326503334471378,0.0435190342499032,0.1330204460463215,0.000810248686862,0.0046323289767644,40,1,1,1,1,0.0,1799.1666465432922,0.8377777777777777,146,74.38946937199216,0.041346625402886,0.0,46.17148138516363,2.923,43.24848138516363,47.81511984360088,3148.066756131153,1799.1666465432922,900,900,1.0,2108.9180061833654,0.4603704388255816,deployment_scaling,xlarge_plus,50,30,20,50,50,1.0,15.0,0.7,0.7,0.2,0.1,0.7,0.3,75.08844591600064
cybershake,900,3.0,reference,3,PBQS,Sharable,PBQS-Sharable,1302.6948842422191,2605.3897684844387,1,3.0,downstream_reserved,1,queue_aware,1,1,1,0.0,3908.0846527266576,3908.0846527266576,3.0,50,50,1,1,1.0,0.0602811490025487,0,400,4,2.25,"{""1"":200,""3"":100,""4"":100}",0,0.0,0,814,86,0,0,0,0,0,0,0.0,0.0,0,0,0,0,0.0,0.0,0.67,2527.878287645828,3585.8695242246945,3895.16433134762,0.3000496076730171,0.2174339296296805,0.3826652857163536,0.6100904566145645,0.1287804018407508,0.2071062536647837,0.0774344984238923,0.1279957575482633,0.0011119104631547,0.0022414618522637,12,1,1,1,1,0.0,2527.878287645828,0.9044444444444444,86,74.300149393006,0.0293922969931438,0.0,32.53367903469859,1.576,30.957679034698582,1967.7039723549344,3148.066756131153,2527.878287645828,900,900,1.0,1380.2063650808295,0.6468330428518573,deployment_scaling,xlarge_plus,50,30,20,50,50,1.0,15.0,0.7,0.7,0.2,0.1,0.7,0.3,74.73706838399812
cybershake,900,3.0,reference,4,HDS,NonSharable,HDS-NonSharable,1286.6268615407262,2573.2537230814523,1,3.0,downstream_reserved,1,idle_only,1,1,1,0.0,3859.8805846221785,3859.8805846221785,3.0,50,50,1,1,1.0,0.0311163869992014,0,401,4,2.2468827930174564,"{""1"":201,""3"":100,""4"":100}",47,0.0522222222222222,54,799,101,21,3,46,49,306,2614,0.1627925859975221,1.0069189508137993e-13,0,0,0,47,8.881784197001252e-16,4.440892098500626e-16,0.89,1519.3798154825658,4915.627047856471,8344.69473098783,0.1916500603831034,0.1312635995002205,0.2520365212659863,0.4332502290825957,0.0258514657591137,0.096517429894968,0.0147118517356767,0.0503807459675698,0.0005716558137841,0.0058960033388522,79,1,1,1,1,0.0,1519.3798154825658,0.8877777777777778,101,6.212361630994565,0.0040887482956468,2.434167855000851,44.66988061942823,3.486,41.18388061942823,39.35800539669045,2625.49638824053,1519.3798154825658,900,900,1.0,2340.5007691396127,0.3936338915602201,deployment_scaling,xlarge_plus,50,30,20,50,50,1.0,15.0,0.7,0.7,0.2,0.1,0.7,0.3,7.150639968000178
cybershake,900,3.0,reference,4,HDS,Sharable,HDS-Sharable,1286.6268615407262,2573.2537230814523,1,3.0,downstream_reserved,1,idle_only,1,1,1,0.0,3859.8805846221785,3859.8805846221785,3.0,50,50,1,1,1.0,0.0307708929976797,0,401,4,2.2468827930174564,"{""1"":201,""3"":100,""4"":100}",45,0.05,62,793,107,21,3,47,49,453,2859,0.1868480480006837,2.62896285912612e-13,0,0,0,45,3.524291969370097e-12,1.7053025658242404e-12,0.87,1532.368695192647,4860.279270876445,8333.99705784616,0.204246153236651,0.1400420837228637,0.2684502227504383,0.4648231237476906,0.0308863162990529,0.100944693619762,0.0171956931605969,0.051742395190979,0.0005661033137231,0.005553106695303,79,1,1,1,1,0.0,1532.368695192647,0.8811111111111111,93,6.292978712990589,0.0041067001255852,2.5246465539967176,44.26709840358802,3.526,40.74109840358802,76.67411503315012,2593.7130305121136,1532.368695192647,900,900,1.0,2327.5118894295315,0.3969989904085703,deployment_scaling,xlarge_plus,50,30,20,50,50,1.0,15.0,0.7,0.7,0.2,0.1,0.7,0.3,7.217006504997698
cybershake,900,3.0,reference,4,PBQS,NonSharable,PBQS-NonSharable,1286.6268615407262,2573.2537230814523,1,3.0,downstream_reserved,1,queue_aware,1,1,1,0.0,3859.8805846221785,3859.8805846221785,3.0,50,50,1,1,1.0,0.0612837619992205,0,401,4,2.2468827930174564,"{""1"":201,""3"":100,""4"":100}",0,0.0,0,759,141,0,0,0,0,0,0,0.0,0.0,0,0,0,0,0.0,0.0,1.095,1751.3376077543323,5196.940842293605,7048.518535788288,0.1791642939340791,0.1284008131332974,0.2299277747348608,0.3651272485094314,0.0798059555130276,0.2144498333554363,0.0473406207414709,0.1236693454457096,0.0007761162515117,0.0045092699842588,43,1,1,1,1,0.0,1751.3376077543323,0.8433333333333334,141,75.17062874299882,0.0429218378056684,0.0,46.45557866761386,2.9210000000000003,43.53457866761386,47.59912213027608,3088.9765223897903,1751.3376077543323,900,900,1.0,2108.542976867846,0.45372844298129,deployment_scaling,xlarge_plus,50,30,20,50,50,1.0,15.0,0.7,0.7,0.2,0.1,0.7,0.3,75.88645418600208
cybershake,900,3.0,reference,4,PBQS,Sharable,PBQS-Sharable,1286.6268615407262,2573.2537230814523,1,3.0,downstream_reserved,1,queue_aware,1,1,1,0.0,3859.8805846221785,3859.8805846221785,3.0,50,50,1,1,1.0,0.0616068429990264,0,401,4,2.2468827930174564,"{""1"":201,""3"":100,""4"":100}",0,0.0,0,816,84,0,0,0,0,0,0,0.0,0.0,0,0,0,0,0.0,0.0,0.645,2408.304804741781,3663.9047749359775,3982.446401073032,0.3092028943701044,0.2215949516977876,0.3968108370424211,0.6128921671408312,0.1044638982937612,0.1948052315409876,0.0619676283368759,0.1154441741425775,0.0011667416910424,0.0025087755012619,12,1,1,1,1,0.0,2408.304804741781,0.9066666666666666,84,75.28783802493854,0.0312617563510657,0.0,32.694102436064284,1.524,31.170102436064283,1891.4812508532784,3088.976522389789,2408.304804741781,900,900,1.0,1451.575779880397,0.6239324642157333,deployment_scaling,xlarge_plus,50,30,20,50,50,1.0,15.0,0.7,0.7,0.2,0.1,0.7,0.3,75.75251641399882
cybershake,900,3.0,reference,5,HDS,NonSharable,HDS-NonSharable,1274.059422672576,2548.1188453451514,1,3.0,downstream_reserved,1,idle_only,1,1,1,0.0,3822.178268017728,3822.178268017728,3.0,50,50,1,1,1.0,0.0302432980024605,0,401,4,2.2468827930174564,"{""1"":201,""3"":100,""4"":100}",39,0.0433333333333333,67,794,106,19,3,45,49,306,2614,0.1422880810023343,1.2188119301158758e-13,0,0,0,39,1.3322676295501878e-15,8.881784197001252e-16,0.945,1587.4441050087808,4877.0043480527365,7806.358591245731,0.1888953745558373,0.1323580568735863,0.2454326922380883,0.4214543404496172,0.0288745633480833,0.1711016714014121,0.0163453892505479,0.082459180210069,0.0006288706950662,0.0057324311308023,65,1,1,1,1,0.0,1587.4441050087808,0.8822222222222222,106,5.955223102981108,0.0037514537262703,1.97437091699976,44.73846512899285,3.311,41.42746512899285,39.68933806590985,2680.449605259565,1587.4441050087808,900,900,1.0,2234.734163008947,0.4153244547204406,deployment_scaling,xlarge_plus,50,30,20,50,50,1.0,15.0,0.7,0.7,0.2,0.1,0.7,0.3,6.816912632002641
cybershake,900,3.0,reference,5,HDS,Sharable,HDS-Sharable,1274.059422672576,2548.1188453451514,1,3.0,downstream_reserved,1,idle_only,1,1,1,0.0,3822.178268017728,3822.178268017728,3.0,50,50,1,1,1.0,0.0310182620014529,0,401,4,2.2468827930174564,"{""1"":201,""3"":100,""4"":100}",47,0.0522222222222222,69,784,116,22,3,46,49,453,2859,0.2272200989973498,1.462761281907595e-13,0,0,0,47,1.0890399693153086e-11,5.3717030823463574e-12,0.84,1576.1422168362726,4833.919797428265,7778.19101307991,0.2024194107828173,0.1411407198586623,0.2636981017069723,0.4536109057706274,0.0309290569880973,0.1612342149687029,0.017455221167376,0.0828110187610058,0.000594093629584,0.0052037120846793,69,1,1,1,1,0.0,1576.1422168362726,0.8711111111111111,97,6.92455845195218,0.0043933589101188,2.915316131999134,44.36977774830954,3.314,41.05577774830954,81.10342710273812,2640.015471585052,1576.1422168362726,900,900,1.0,2246.036051181455,0.4123675313694087,deployment_scaling,xlarge_plus,50,30,20,50,50,1.0,15.0,0.7,0.7,0.2,0.1,0.7,0.3,7.792793024000275
cybershake,900,3.0,reference,5,PBQS,NonSharable,PBQS-NonSharable,1274.059422672576,2548.1188453451514,1,3.0,downstream_reserved,1,queue_aware,1,1,1,0.0,3822.178268017728,3822.178268017728,3.0,50,50,1,1,1.0,0.0601193879992933,0,401,4,2.2468827930174564,"{""1"":201,""3"":100,""4"":100}",0,0.0,0,756,144,0,0,0,0,0,0,0.0,0.0,0,0,0,0,0.0,0.0,1.1,1743.002928811577,5122.795332424293,7086.854918957628,0.1679130821925741,0.1202095263477226,0.2156166380374257,0.3489906067828712,0.0868065228295904,0.2062938965976766,0.0522671003577097,0.1289390723861773,0.0009749447588848,0.0043211900259535,35,1,1,1,1,0.0,1743.002928811577,0.84,144,75.94292782901175,0.0435701665061409,0.0,46.505455145908144,2.94,43.56545514590815,47.89476516626669,3015.2788426040074,1743.002928811577,900,900,1.0,2079.1753392061505,0.4560234522278156,deployment_scaling,xlarge_plus,50,30,20,50,50,1.0,15.0,0.7,0.7,0.2,0.1,0.7,0.3,76.66695631199764
cybershake,900,3.0,reference,5,PBQS,Sharable,PBQS-Sharable,1274.059422672576,2548.1188453451514,1,3.0,downstream_reserved,1,queue_aware,1,1,1,0.0,3822.178268017728,3822.178268017728,3.0,50,50,1,1,1.0,0.0612740180004038,0,401,4,2.2468827930174564,"{""1"":201,""3"":100,""4"":100}",0,0.0,0,817,83,0,0,0,0,0,0,0.0,0.0,0,0,0,0,0.0,0.0,0.63,2377.789075305276,3549.6916390898973,3940.647532288837,0.3003323421330595,0.2150089089146259,0.385655775351493,0.6054776792377521,0.1272644618509738,0.2092732737301507,0.076627241625526,0.1229997557062108,0.0012964526194585,0.0023717279424882,11,1,1,1,1,0.0,2377.789075305276,0.9077777777777778,83,75.47678616402482,0.0317424228027183,0.0,32.34395248160259,1.562,30.78195248160259,1836.9273064541128,3015.278842604005,2377.789075305276,900,900,1.0,1444.389192712452,0.6221031329704183,deployment_scaling,xlarge_plus,50,30,20,50,50,1.0,15.0,0.7,0.7,0.2,0.1,0.7,0.3,75.92423113199766
epigenomics,900,3.0,reference,1,HDS,NonSharable,HDS-NonSharable,2056.3928452054884,4112.785690410978,1,3.0,downstream_reserved,1,idle_only,1,1,1,0.0,6169.1785356164655,6169.1785356164655,3.0,50,50,1,1,1.0,0.0303048989990202,0,301,2,1.4983388704318936,"{""1"":151,""2"":150}",4,0.0088691796008869,74,373,78,2,2,49,49,253,2311,0.1044389570015482,1.6516506076098448e-14,0,0,0,4,0.0,0.0,0.6950000000000001,2258.498106351957,1602.8368019109664,2550.930695361225,0.2425545380875731,0.1708082808929834,0.3143007952821627,0.5396008308047263,0.0450157535822504,0.1367210772598085,0.0233514559859849,0.0679369300840423,0.0005033068036786,0.002347301630731,19,1,1,1,1,0.0,2258.498106351957,0.8270509977827051,78,3.0038687450323778,0.0013300293396678,0.2040279820030264,14.698548937262082,1.03,13.668548937262084,29.721208125252428,2525.33188816612,2258.498106351957,451,451,1.0,3910.680429264508,0.3660938151348659,deployment_scaling,xlarge_plus,50,30,20,50,50,1.0,15.0,0.7,0.7,0.2,0.1,0.7,0.3,3.250601976000325
epigenomics,900,3.0,reference,1,HDS,Sharable,HDS-Sharable,2056.3928452054884,4112.785690410978,1,3.0,downstream_reserved,1,idle_only,1,1,1,0.0,6169.1785356164655,6169.1785356164655,3.0,50,50,1,1,1.0,0.0307097420009085,0,301,2,1.4983388704318936,"{""1"":151,""2"":150}",4,0.0088691796008869,75,372,79,2,2,49,49,302,2360,0.158862484000565,0.0,0,0,0,4,9.094947017729282e-13,9.094947017729282e-13,0.68,2263.9515210187383,1608.0013925690464,2548.121907190859,0.2463186835015884,0.1734564622101916,0.3191809047929851,0.5467100081969888,0.0599466011836963,0.1298257282797086,0.0311393250714439,0.0663609072134415,0.0006807049309187,0.0022819148143797,14,1,1,1,1,0.0,2263.9515210187383,0.8248337028824834,77,3.090630707993114,0.001365148802569,0.2756719429999066,14.72986566252672,1.02,13.70986566252672,35.60849262586232,2525.800237870088,2263.9515210187383,451,451,1.0,3905.2270145977272,0.3669777925777778,deployment_scaling,xlarge_plus,50,30,20,50,50,1.0,15.0,0.7,0.7,0.2,0.1,0.7,0.3,3.3612947870024072
epigenomics,900,3.0,reference,1,PBQS,NonSharable,PBQS-NonSharable,2056.3928452054884,4112.785690410978,1,3.0,downstream_reserved,1,queue_aware,1,1,1,0.0,6169.1785356164655,6169.1785356164655,3.0,50,50,1,1,1.0,0.0607843090001551,0,301,2,1.4983388704318936,"{""1"":151,""2"":150}",0,0.0,0,346,105,0,0,0,0,0,0,0.0,0.0,0,0,0,0,0.0,0.0,0.8300000000000001,2414.956894158643,1860.0742863264277,2414.845892387892,0.215988032052283,0.1556221434109325,0.2763539206936335,0.4338438908538085,0.0685304294905277,0.1332344905950588,0.0365906034998186,0.0710888211125459,0.0004717295555009,0.0017251211202016,21,1,1,1,1,0.0,2414.956894158643,0.7671840354767184,105,32.06507824700384,0.0132777021091198,0.0,18.38864081923949,0.955,17.433640819239493,34.28498366725419,2733.2165123789937,2414.956894158643,451,451,1.0,3754.2216414578224,0.3914551800075801,deployment_scaling,xlarge_plus,50,30,20,50,50,1.0,15.0,0.7,0.7,0.2,0.1,0.7,0.3,32.29720091100171
epigenomics,900,3.0,reference,1,PBQS,Sharable,PBQS-Sharable,2056.3928452054884,4112.785690410978,1,3.0,downstream_reserved,1,queue_aware,1,1,1,0.0,6169.1785356164655,6169.1785356164655,3.0,50,50,1,1,1.0,0.0605618369991134,0,301,2,1.4983388704318936,"{""1"":151,""2"":150}",0,0.0,0,368,83,0,0,0,0,0,0,0.0,0.0,0,0,0,0,0.0,0.0,0.67,2578.280532624579,1505.0080677045169,1704.713455144071,0.2716724465657623,0.1957434772590635,0.3476014158724609,0.5488386571042156,0.0962839561465404,0.138992286692487,0.0514091052535859,0.0773266106251071,0.0005008110188878,0.0012302538744345,12,1,1,1,1,0.0,2578.280532624579,0.8159645232815964,83,32.58334958501291,0.0126376277417122,0.0,13.900359928902043,0.681,13.219359928902044,325.42601741187315,2733.216512378994,2578.280532624579,451,451,1.0,3590.898002991886,0.4179293106431292,deployment_scaling,xlarge_plus,50,30,20,50,50,1.0,15.0,0.7,0.7,0.2,0.1,0.7,0.3,32.77836715900048
epigenomics,900,3.0,reference,2,HDS,NonSharable,HDS-NonSharable,2054.190394193036,4108.380788386072,1,3.0,downstream_reserved,1,idle_only,1,1,1,0.0,6162.571182579108,6162.571182579108,3.0,50,50,1,1,1.0,0.0358746230012911,0,301,2,1.4983388704318936,"{""1"":151,""2"":150}",2,0.0044345898004434,78,371,80,1,2,48,48,248,2293,0.0939788700015924,0.0,0,0,0,2,0.0,0.0,0.705,2228.7543860845303,1559.839666917798,2481.046346023292,0.237155069213942,0.1589605672998544,0.3153495711280297,0.5183947034231259,0.0489392587663215,0.1189695195651151,0.026486348512328,0.0636839246048354,0.000582739530808,0.0020713850736577,16,1,1,1,1,0.0,2228.7543860845303,0.8226164079822617,80,3.100100367992127,0.0013909564855364,0.0939788700015924,14.432418704871802,1.044,13.388418704871802,31.176660308553885,2488.2945764310043,2228.7543860845303,451,451,1.0,3933.8167964945774,0.3616598202362298,deployment_scaling,xlarge_plus,50,30,20,50,50,1.0,15.0,0.7,0.7,0.2,0.1,0.7,0.3,3.3691332439993857
epigenomics,900,3.0,reference,2,HDS,Sharable,HDS-Sharable,2054.190394193036,4108.380788386072,1,3.0,downstream_reserved,1,idle_only,1,1,1,0.0,6162.571182579108,6162.571182579108,3.0,50,50,1,1,1.0,0.037723471999925,0,301,2,1.4983388704318936,"{""1"":151,""2"":150}",2,0.0044345898004434,79,370,81,1,2,48,48,296,2341,0.1172078529998543,0.0,0,0,0,2,0.0,0.0,0.715,2235.3028690187366,1563.2485335617932,2481.088342468068,0.2373336125131394,0.1589857398984644,0.3156814851278144,0.5191625637513824,0.0569520155549864,0.1180182265414682,0.0309908115884233,0.0634730738726858,0.0005468628204393,0.0021045210942876,17,1,1,1,1,0.0,2235.3028690187366,0.8203991130820399,80,3.2061135320109315,0.0014343083330888,0.1172078529998543,14.451689638023764,1.036,13.415689638023764,34.769613063604986,2491.980306006635,2235.3028690187366,451,451,1.0,3927.268313560371,0.3627224421095021,deployment_scaling,xlarge_plus,50,30,20,50,50,1.0,15.0,0.7,0.7,0.2,0.1,0.7,0.3,3.462436955000157
epigenomics,900,3.0,reference,2,PBQS,NonSharable,PBQS-NonSharable,2054.190394193036,4108.380788386072,1,3.0,downstream_reserved,1,queue_aware,1,1,1,0.0,6162.571182579108,6162.571182579108,3.0,50,50,1,1,1.0,0.0718120299970905,0,301,2,1.4983388704318936,"{""1"":151,""2"":150}",0,0.0,0,341,110,0,0,0,0,0,0,0.0,0.0,0,0,0,0,0.0,0.0,0.88,2368.0733263504767,1938.5657807440864,2533.219026250982,0.2063430992756413,0.1407190135053253,0.2719671850459574,0.4071325366976607,0.0644162634732476,0.1201410422694225,0.0369489059663845,0.069558424222988,0.0005029865639602,0.0016174625462447,19,1,1,1,1,0.0,2368.0733263504767,0.7560975609756098,110,32.06757894601833,0.0135416325960813,0.0,18.163806736160986,1.029,17.134806736160986,36.44560724877505,2687.074742204561,2368.0733263504767,451,451,1.0,3794.497856228631,0.3842670950470726,deployment_scaling,xlarge_plus,50,30,20,50,50,1.0,15.0,0.7,0.7,0.2,0.1,0.7,0.3,32.30421928299984
epigenomics,900,3.0,reference,2,PBQS,Sharable,PBQS-Sharable,2054.190394193036,4108.380788386072,1,3.0,downstream_reserved,1,queue_aware,1,1,1,0.0,6162.571182579108,6162.571182579108,3.0,50,50,1,1,1.0,0.0714832409976224,0,301,2,1.4983388704318936,"{""1"":151,""2"":150}",0,0.0,0,368,83,0,0,0,0,0,0,0.0,0.0,0,0,0,0,0.0,0.0,0.65,2520.690217449712,1526.1994840367029,1708.486432836214,0.2745825494297905,0.1872560100976376,0.3619090887619434,0.5395732414065384,0.090774205964406,0.1223189237206567,0.05206771426202,0.0762348493647353,0.0005397791928739,0.0011851521459724,11,1,1,1,1,0.0,2520.690217449712,0.8159645232815964,83,32.254894379959296,0.0127960564755922,0.0,14.001659333537368,0.6990000000000001,13.302659333537369,314.04431836683244,2687.074742204561,2520.690217449712,451,451,1.0,3641.880965129397,0.4090322274208235,deployment_scaling,xlarge_plus,50,30,20,50,50,1.0,15.0,0.7,0.7,0.2,0.1,0.7,0.3,32.425971191001736
epigenomics,900,3.0,reference,3,HDS,NonSharable,HDS-NonSharable,2032.6003366257903,4065.200673251581,1,3.0,downstream_reserved,1,idle_only,1,1,1,0.0,6097.801009877371,6097.801009877371,3.0,50,50,1,1,1.0,0.0304680420013028,0,301,2,1.4983388704318936,"{""1"":151,""2"":150}",4,0.0088691796008869,72,375,76,2,2,49,49,253,2311,0.1034536200022557,0.0,0,0,0,4,0.0,0.0,0.6900000000000001,2184.3080687423703,1561.7471535070204,2559.363151160745,0.2346227663652556,0.1593560844532459,0.3098894482772654,0.5337648451740674,0.0365821534167894,0.1244684767616391,0.0199168841988945,0.0635441715516353,0.0004274736367798,0.0023321777736057,23,1,1,1,1,0.0,2184.3080687423703,0.8314855875831486,76,3.036860024996713,0.0013903075616733,0.2062658350041601,14.563956640605625,1.069,13.494956640605622,29.5794711849712,2433.967693993747,2184.3080687423703,451,451,1.0,3913.492941135001,0.358212422019704,deployment_scaling,xlarge_plus,50,30,20,50,50,1.0,15.0,0.7,0.7,0.2,0.1,0.7,0.3,3.299022072002117
epigenomics,900,3.0,reference,3,HDS,Sharable,HDS-Sharable,2032.6003366257903,4065.200673251581,1,3.0,downstream_reserved,1,idle_only,1,1,1,0.0,6097.801009877371,6097.801009877371,3.0,50,50,1,1,1.0,0.030532889002643,0,301,2,1.4983388704318936,"{""1"":151,""2"":150}",4,0.0088691796008869,72,375,76,2,2,49,49,302,2360,0.1624754929980554,0.0,0,0,0,4,1.1368683772161605e-12,1.1368683772161605e-12,0.685,2186.9495223415465,1555.203286692275,2552.819284346,0.2360901540225163,0.160231552894155,0.3119487551508775,0.5403026028767096,0.0408844339027889,0.1249068891432004,0.0222713994978219,0.0635908865187418,0.0004898040276754,0.0023293609096081,20,1,1,1,1,0.0,2186.9495223415465,0.8314855875831486,75,3.131995585965342,0.0014321298017943,0.2903740659967297,14.50760570608766,1.065,13.442605706087662,34.42334425676174,2431.361712945193,2186.9495223415465,451,451,1.0,3910.8514875358246,0.358645603357517,deployment_scaling,xlarge_plus,50,30,20,50,50,1.0,15.0,0.7,0.7,0.2,0.1,0.7,0.3,3.397836689000542
epigenomics,900,3.0,reference,3,PBQS,NonSharable,PBQS-NonSharable,2032.6003366257903,4065.200673251581,1,3.0,downstream_reserved,1,queue_aware,1,1,1,0.0,6097.801009877371,6097.801009877371,3.0,50,50,1,1,1.0,0.0601165440020849,0,301,2,1.4983388704318936,"{""1"":151,""2"":150}",0,0.0,0,345,106,0,0,0,0,0,0,0.0,0.0,0,0,0,0,0.0,0.0,0.835,2372.569785438233,1893.5509987564967,2328.021466159952,0.2105884530243718,0.1463765212480234,0.2748003848007202,0.4221471241923728,0.0645096339516432,0.1097519198299902,0.037527486364855,0.0623001412159961,0.0004721129547213,0.0014939482490636,18,1,1,1,1,0.0,2372.569785438233,0.7649667405764967,106,31.347371866995672,0.0132124129959808,0.0,17.396900216858562,0.979,16.417900216858563,34.650441512739576,2684.855709863491,2372.569785438233,451,451,1.0,3725.231224439138,0.3890861281952436,deployment_scaling,xlarge_plus,50,30,20,50,50,1.0,15.0,0.7,0.7,0.2,0.1,0.7,0.3,31.569103179001104
epigenomics,900,3.0,reference,3,PBQS,Sharable,PBQS-Sharable,2032.6003366257903,4065.200673251581,1,3.0,downstream_reserved,1,queue_aware,1,1,1,0.0,6097.801009877371,6097.801009877371,3.0,50,50,1,1,1.0,0.0609667200005787,0,301,2,1.4983388704318936,"{""1"":151,""2"":150}",0,0.0,0,369,82,0,0,0,0,0,0,0.0,0.0,0,0,0,0,0.0,0.0,0.665,2513.980485567029,1632.0599704689043,1805.039409584768,0.2690852455311419,0.1870366660391411,0.3511338250231426,0.5457023800535552,0.0913214775902454,0.1181036588024927,0.053124863608051,0.0755253448537538,0.0006142169669922,0.0013388703226292,10,1,1,1,1,0.0,2513.980485567029,0.8181818181818182,82,32.010445847048686,0.0127329730802698,0.0,14.786459176300696,0.729,14.057459176300696,323.84675908616265,2684.8557098634915,2513.980485567029,451,451,1.0,3583.8205243103416,0.4122765701102448,deployment_scaling,xlarge_plus,50,30,20,50,50,1.0,15.0,0.7,0.7,0.2,0.1,0.7,0.3,32.18494537399965
epigenomics,900,3.0,reference,4,HDS,NonSharable,HDS-NonSharable,2023.766298389491,4047.5325967789818,1,3.0,downstream_reserved,1,idle_only,1,1,1,0.0,6071.298895168473,6071.298895168473,3.0,50,50,1,1,1.0,0.0301442000018141,0,301,2,1.4983388704318936,"{""1"":151,""2"":150}",2,0.0044345898004434,75,374,77,1,2,49,49,253,2311,0.0408090220007579,0.0,0,0,0,2,0.0,0.0,0.6900000000000001,2173.5444412895954,1645.219989317918,2633.8655867040648,0.2397295335961248,0.1621545694472738,0.3173044977449758,0.5278278268670828,0.0567804498982378,0.1332595089673006,0.030302522636408,0.0700828160932887,0.0007094133567179,0.0022805040517865,14,1,1,1,1,0.0,2173.5444412895954,0.8292682926829268,77,2.980867476999265,0.0013714315752525,0.0408090220007579,14.604866798148112,1.038,13.566866798148112,29.809647531346094,2438.5645601259225,2173.5444412895954,451,451,1.0,3897.7544538788775,0.3580032014268475,deployment_scaling,xlarge_plus,50,30,20,50,50,1.0,15.0,0.7,0.7,0.2,0.1,0.7,0.3,3.241679768998438
epigenomics,900,3.0,reference,4,HDS,Sharable,HDS-Sharable,2023.766298389491,4047.5325967789818,1,3.0,downstream_reserved,1,idle_only,1,1,1,0.0,6071.298895168473,6071.298895168473,3.0,50,50,1,1,1.0,0.0306544490013038,0,301,2,1.4983388704318936,"{""1"":151,""2"":150}",2,0.0044345898004434,75,374,77,1,2,49,49,302,2360,0.0651149470031668,0.0,0,0,0,2,6.394884621840903e-13,6.394884621840903e-13,0.68,2173.154601410087,1636.1547163181738,2620.396482469528,0.243460581686913,0.1645192310572342,0.3224019323165918,0.5350073237351963,0.0567066071022187,0.127213087789751,0.030461978089429,0.0674208980478791,0.0007059989317299,0.0022587399074465,14,1,1,1,1,0.0,2173.154601410087,0.8292682926829268,76,2.950739452968264,0.0013578138670178,0.0651149470031668,14.52834461415016,1.034,13.494344614150158,30.645168054715068,2439.633396232495,2173.154601410087,451,451,1.0,3898.144293758386,0.3579389911340848,deployment_scaling,xlarge_plus,50,30,20,50,50,1.0,15.0,0.7,0.7,0.2,0.1,0.7,0.3,3.199426092000067
epigenomics,900,3.0,reference,4,PBQS,NonSharable,PBQS-NonSharable,2023.766298389491,4047.5325967789818,1,3.0,downstream_reserved,1,queue_aware,1,1,1,0.0,6071.298895168473,6071.298895168473,3.0,50,50,1,1,1.0,0.0705361399996036,0,301,2,1.4983388704318936,"{""1"":151,""2"":150}",0,0.0,0,344,107,0,0,0,0,0,0,0.0,0.0,0,0,0,0,0.0,0.0,0.865,2327.74059413187,1954.909982976048,2516.7995150623524,0.2098037361554831,0.1451379456151435,0.2744695266958226,0.413620475169334,0.0560984541003168,0.125887543083271,0.0314050157941702,0.0687571781769842,0.000393875074502,0.0018709126752557,24,1,1,1,1,0.0,2327.74059413187,0.7627494456762749,107,32.78942300703784,0.014086373322568,0.0,17.72512882670729,1.004,16.72112882670729,35.27422662535691,2655.443450587124,2327.74059413187,451,451,1.0,3743.558301036603,0.3834007572884084,deployment_scaling,xlarge_plus,50,30,20,50,50,1.0,15.0,0.7,0.7,0.2,0.1,0.7,0.3,33.05637728999864
epigenomics,900,3.0,reference,4,PBQS,Sharable,PBQS-Sharable,2023.766298389491,4047.5325967789818,1,3.0,downstream_reserved,1,queue_aware,1,1,1,0.0,6071.298895168473,6071.298895168473,3.0,50,50,1,1,1.0,0.0640829399999347,0,301,2,1.4983388704318936,"{""1"":151,""2"":150}",0,0.0,0,368,83,0,0,0,0,0,0,0.0,0.0,0,0,0,0,0.0,0.0,0.665,2508.309768625798,1607.9508809441063,1822.8813109984696,0.2692756613649113,0.1862794105139243,0.3522719122158983,0.5332215764231171,0.0911050295277368,0.1177857929127291,0.0510023838826382,0.0673730365579043,0.0005472466829405,0.0012978472232808,11,1,1,1,1,0.0,2508.309768625798,0.8159645232815964,83,32.48781363002854,0.012952073956889,0.0,13.98271393115762,0.714,13.26871393115762,365.8188460199119,2655.443450587123,2508.309768625798,451,451,1.0,3562.989126542675,0.4131421977300287,deployment_scaling,xlarge_plus,50,30,20,50,50,1.0,15.0,0.7,0.7,0.2,0.1,0.7,0.3,32.66775806399892
epigenomics,900,3.0,reference,5,HDS,NonSharable,HDS-NonSharable,1961.7216318760663,3923.443263752132,1,3.0,downstream_reserved,1,idle_only,1,1,1,0.0,5885.164895628199,5885.164895628199,3.0,50,50,1,1,1.0,0.0328812459993059,0,301,2,1.4983388704318936,"{""1"":151,""2"":150}",10,0.0221729490022172,63,378,73,5,2,48,49,253,2311,0.1189181299996562,4.375179318308429e-14,0,0,0,10,0.0,0.0,0.645,2110.008700265572,1546.891581681209,2564.782048253392,0.2386466821512286,0.1623756285735872,0.31491773572887,0.5412940884110383,0.030825577949676,0.1223370717689478,0.0159939826476715,0.0622995212704776,0.0003964952448634,0.0021944493124281,26,1,1,1,1,0.0,2110.008700265572,0.8381374722838137,73,3.1250773049869167,0.0014810731844819,0.4607825849961955,14.677695090595076,1.069,13.608695090595075,28.3250184291166,2370.8681072403474,2110.008700265572,451,451,1.0,3775.156195362627,0.3585300900970496,deployment_scaling,xlarge_plus,50,30,20,50,50,1.0,15.0,0.7,0.7,0.2,0.1,0.7,0.3,3.393151101998228
epigenomics,900,3.0,reference,5,HDS,Sharable,HDS-Sharable,1961.7216318760663,3923.443263752132,1,3.0,downstream_reserved,1,idle_only,1,1,1,0.0,5885.164895628199,5885.164895628199,3.0,50,50,1,1,1.0,0.0392806349991587,0,301,2,1.4983388704318936,"{""1"":151,""2"":150}",8,0.0177383592017738,66,377,74,4,2,48,49,302,2360,0.122948862001067,0.0,0,0,0,8,2.543742994021159e-12,2.543742994021159e-12,0.645,2114.226128898139,1543.8003507333908,2566.6292406264333,0.2423450121736347,0.1650205370164781,0.3196694873307913,0.5489416332010278,0.0376532993890948,0.1316708586699417,0.0194364686824543,0.0694556169250206,0.0004476218233901,0.0024554447903473,23,1,1,1,1,0.0,2114.226128898139,0.835920177383592,72,3.110672488972341,0.0014713054797944,0.4208770920013194,14.640965243012532,1.057,13.583965243012532,31.058619051079337,2371.42785542844,2114.226128898139,451,451,1.0,3770.93876673006,0.3592467103969668,deployment_scaling,xlarge_plus,50,30,20,50,50,1.0,15.0,0.7,0.7,0.2,0.1,0.7,0.3,3.3856549879965314
epigenomics,900,3.0,reference,5,PBQS,NonSharable,PBQS-NonSharable,1961.7216318760663,3923.443263752132,1,3.0,downstream_reserved,1,queue_aware,1,1,1,0.0,5885.164895628199,5885.164895628199,3.0,50,50,1,1,1.0,0.062316308998561,0,301,2,1.4983388704318936,"{""1"":151,""2"":150}",0,0.0,0,347,104,0,0,0,0,0,0,0.0,0.0,0,0,0,0,0.0,0.0,0.8150000000000001,2310.676133302915,1986.751023014166,2481.924614139845,0.2079299239944692,0.1448154217325417,0.2710444262563968,0.4220329486382268,0.0660431252367018,0.1197878429271718,0.0371618993410401,0.0708789264397537,0.0005412923575523,0.0016771016754108,19,1,1,1,1,0.0,2310.676133302915,0.7694013303769401,104,33.07169855601023,0.0143125633572616,0.0,19.44422859761381,0.979,18.46522859761381,34.18836147878589,2633.4855995025355,2310.676133302915,451,451,1.0,3574.488762325284,0.3926272541691063,deployment_scaling,xlarge_plus,50,30,20,50,50,1.0,15.0,0.7,0.7,0.2,0.1,0.7,0.3,33.30521263300034
epigenomics,900,3.0,reference,5,PBQS,Sharable,PBQS-Sharable,1961.7216318760663,3923.443263752132,1,3.0,downstream_reserved,1,queue_aware,1,1,1,0.0,5885.164895628199,5885.164895628199,3.0,50,50,1,1,1.0,0.0615855819996795,0,301,2,1.4983388704318936,"{""1"":151,""2"":150}",0,0.0,0,371,80,0,0,0,0,0,0,0.0,0.0,0,0,0,0,0.0,0.0,0.625,2480.011362869355,1725.2329867842852,1958.888541680083,0.2726949822878286,0.1899218645672678,0.3554681000083894,0.5486428332296953,0.0923005488228612,0.1347671768665648,0.0519367260738254,0.0737685387190279,0.000667843339686,0.0015696767970364,11,1,1,1,1,0.0,2480.011362869355,0.8226164079822617,80,32.04900004897718,0.0129229246804324,0.0,16.418515836835677,0.726,15.692515836835678,316.87618180525425,2633.4855995025378,2480.011362869355,451,451,1.0,3405.153532758844,0.4214004886611816,deployment_scaling,xlarge_plus,50,30,20,50,50,1.0,15.0,0.7,0.7,0.2,0.1,0.7,0.3,32.22947728299914
inspiral,900,3.0,reference,1,HDS,NonSharable,HDS-NonSharable,1813.6681597897505,3627.336319579501,1,3.0,downstream_reserved,1,idle_only,1,1,1,0.0,5441.004479369251,5441.004479369251,3.0,50,50,1,1,1.0,0.0330457899981411,0,600,2,1.5,"{""1"":300,""2"":300}",4,0.0044444444444444,75,821,79,2,2,48,49,253,2311,0.1007007910011452,9.995026325715793e-14,0,0,0,4,0.0,0.0,0.71,2148.5366388747298,2920.023812183879,4673.70015910694,0.2483394827034748,0.1777931112710111,0.3188858541359385,0.5646902279517567,0.0489332426849648,0.1493561076385277,0.0260970844848616,0.0827861628289388,0.0007331358549203,0.0039088153725051,25,1,1,1,1,0.0,2148.5366388747298,0.9122222222222224,79,3.415731048975431,0.0015897941823158,0.2000396840012399,26.865597675089536,2.0565,24.809097675089536,30.84348228375147,2676.6316804913267,2148.5366388747298,900,900,1.0,3292.4678404945216,0.3948786748883174,deployment_scaling,xlarge_plus,50,30,20,50,50,1.0,15.0,0.7,0.7,0.2,0.1,0.7,0.3,3.990476536000642
inspiral,900,3.0,reference,1,HDS,Sharable,HDS-Sharable,1813.6681597897505,3627.336319579501,1,3.0,downstream_reserved,1,idle_only,1,1,1,0.0,5441.004479369251,5441.004479369251,3.0,50,50,1,1,1.0,0.030201946003217,0,600,2,1.5,"{""1"":300,""2"":300}",4,0.0044444444444444,75,821,79,2,2,48,49,302,2360,0.1019161109979904,8.154215721716204e-14,0,0,0,4,0.0,0.0,0.71,2148.5366388747298,2920.023812183879,4673.70015910694,0.2483394827034747,0.1777931112710111,0.3188858541359384,0.5646902279517567,0.0629141691663833,0.1493561076385277,0.0335533943376792,0.0827861628289388,0.0008727807796671,0.0038283986300953,21,1,1,1,1,0.0,2148.5366388747298,0.9122222222222224,79,3.467447217033623,0.0016138645970913,0.2021384189974924,26.865597675089536,2.0565,24.809097675089536,30.84348228375147,2676.6316804913267,2148.5366388747298,900,900,1.0,3292.4678404945216,0.3948786748883174,deployment_scaling,xlarge_plus,50,30,20,50,50,1.0,15.0,0.7,0.7,0.2,0.1,0.7,0.3,4.065541821000807
inspiral,900,3.0,reference,1,PBQS,NonSharable,PBQS-NonSharable,1813.6681597897505,3627.336319579501,1,3.0,downstream_reserved,1,queue_aware,1,1,1,0.0,5441.004479369251,5441.004479369251,3.0,50,50,1,1,1.0,0.0603639930013741,0,600,2,1.5,"{""1"":300,""2"":300}",0,0.0,0,769,131,0,0,0,0,0,0,0.0,0.0,0,0,0,0,0.0,0.0,1.0,2570.392893450623,3800.850069090702,4589.559517737616,0.2026615939176579,0.151157249324625,0.2541659385106907,0.4118391377978758,0.078055727955459,0.1914510416263742,0.0450000340289833,0.1130933437105733,0.0009181983717674,0.0026851918480091,23,1,1,1,1,0.0,2570.392893450623,0.8544444444444445,131,58.02840849795393,0.0225756959746545,0.0,41.43565627624978,1.7915,39.64415627624978,40.74224215681895,3237.055623091304,2570.392893450623,900,900,1.0,2870.6115859186284,0.4724114643163454,deployment_scaling,xlarge_plus,50,30,20,50,50,1.0,15.0,0.7,0.7,0.2,0.1,0.7,0.3,58.54137022899886
inspiral,900,3.0,reference,1,PBQS,Sharable,PBQS-Sharable,1813.6681597897505,3627.336319579501,1,3.0,downstream_reserved,1,queue_aware,1,1,1,0.0,5441.004479369251,5441.004479369251,3.0,50,50,1,1,1.0,0.0620617300010053,0,600,2,1.5,"{""1"":300,""2"":300}",0,0.0,0,803,97,0,0,0,0,0,0,0.0,0.0,0,0,0,0,0.0,0.0,0.74,2906.9855422796336,3243.9812050121864,3475.8217895805847,0.2758449472768122,0.2057418115807396,0.3459480829728847,0.5561951242424922,0.1207812352850095,0.188307748414002,0.0696317853955514,0.1134439519067614,0.0011233434547024,0.0017612478877077,12,1,1,1,1,0.0,2906.9855422796336,0.8922222222222222,97,58.13526543098851,0.0199984707820044,0.0,33.43141381721256,1.3355,32.095913817212555,646.0722754665691,3237.0556230913044,2906.9855422796336,900,900,1.0,2534.018937089618,0.5342736903272364,deployment_scaling,xlarge_plus,50,30,20,50,50,1.0,15.0,0.7,0.7,0.2,0.1,0.7,0.3,58.54941777899876
inspiral,900,3.0,reference,2,HDS,NonSharable,HDS-NonSharable,1820.701674753579,3641.403349507158,1,3.0,downstream_reserved,1,idle_only,1,1,1,0.0,5462.105024260737,5462.105024260737,3.0,50,50,1,1,1.0,0.0314599589983117,0,600,2,1.5,"{""1"":300,""2"":300}",2,0.0022222222222222,80,818,82,1,2,48,48,248,2293,0.1156729169997561,1.7871805223536912e-14,0,0,0,2,0.0,0.0,0.735,2159.139896780112,2995.923552582525,4553.536890215543,0.2498318583158621,0.1700145052483927,0.3296492113833315,0.545654389384081,0.0707921692928421,0.1570659634412363,0.0412879813149862,0.0983683593352061,0.0011218054185748,0.0038189096137609,16,1,1,1,1,0.0,2159.139896780112,0.9088888888888887,82,3.4471975709529943,0.0015965605452864,0.1156729169997561,27.79722095909204,1.9985,25.79872095909204,30.768369497827663,2684.619595769678,2159.139896780112,900,900,1.0,3302.965127480625,0.3952944674608007,deployment_scaling,xlarge_plus,50,30,20,50,50,1.0,15.0,0.7,0.7,0.2,0.1,0.7,0.3,3.995228723000764
inspiral,900,3.0,reference,2,HDS,Sharable,HDS-Sharable,1820.701674753579,3641.403349507158,1,3.0,downstream_reserved,1,idle_only,1,1,1,0.0,5462.105024260737,5462.105024260737,3.0,50,50,1,1,1.0,0.0313820629999099,0,600,2,1.5,"{""1"":300,""2"":300}",2,0.0022222222222222,81,817,83,1,2,48,48,296,2341,0.1084790840031928,0.0,0,0,0,2,6.821210263296962e-13,6.821210263296962e-13,0.735,2162.0285405133627,3003.965130130703,4572.550405648246,0.2498830142131865,0.1699462074081458,0.3298198210182272,0.5452890847542443,0.0706312468932576,0.1563254036858274,0.0413294842519649,0.0988997907047969,0.0011247037436462,0.0038341924728423,16,1,1,1,1,0.0,2162.0285405133627,0.9077777777777778,82,3.3836226889907266,0.0015650222120505,0.1084790840031928,27.861553579477462,1.9985,25.863053579477462,32.36025101850207,2682.822296990882,2162.0285405133627,900,900,1.0,3300.0764837473744,0.3958233191984404,deployment_scaling,xlarge_plus,50,30,20,50,50,1.0,15.0,0.7,0.7,0.2,0.1,0.7,0.3,3.937673814001755
inspiral,900,3.0,reference,2,PBQS,NonSharable,PBQS-NonSharable,1820.701674753579,3641.403349507158,1,3.0,downstream_reserved,1,queue_aware,1,1,1,0.0,5462.105024260737,5462.105024260737,3.0,50,50,1,1,1.0,0.061671909999859,0,600,2,1.5,"{""1"":300,""2"":300}",0,0.0,0,774,126,0,0,0,0,0,0,0.0,0.0,0,0,0,0,0.0,0.0,0.97,2497.934432383652,3665.718231328705,4443.044628802594,0.2058982673370896,0.145420306223076,0.2663762284511031,0.4138102655962838,0.085049835837583,0.2028776559255293,0.0522461734291747,0.1281918769927827,0.0008446769655101,0.0027575858415538,24,1,1,1,1,0.0,2497.934432383652,0.86,126,59.553051566010254,0.0238409186381973,0.0,39.35184086603096,1.8105,37.54134086603096,39.72064408012818,3128.405607907905,2497.934432383652,900,900,1.0,2964.1705918770854,0.4573208353352254,deployment_scaling,xlarge_plus,50,30,20,50,50,1.0,15.0,0.7,0.7,0.2,0.1,0.7,0.3,60.07511022000108
inspiral,900,3.0,reference,2,PBQS,Sharable,PBQS-Sharable,1820.701674753579,3641.403349507158,1,3.0,downstream_reserved,1,queue_aware,1,1,1,0.0,5462.105024260737,5462.105024260737,3.0,50,50,1,1,1.0,0.0611863169979187,0,600,2,1.5,"{""1"":300,""2"":300}",0,0.0,0,808,92,0,0,0,0,0,0,0.0,0.0,0,0,0,0,0.0,0.0,0.705,2808.004909744315,3150.379881750322,3412.367929645829,0.2849751381259718,0.2012701339754169,0.3686801422765267,0.5667401463601278,0.1134874689873425,0.2116459177251048,0.0697154312922339,0.1297199251523055,0.0010416432631156,0.0022922420545137,12,1,1,1,1,0.0,2808.004909744315,0.8977777777777778,92,60.49351786204352,0.0215432379238794,0.0,31.065105131545355,1.2935,29.771605131545357,625.5640292290589,3128.405607907905,2808.004909744315,900,900,1.0,2654.1001145164223,0.514088414131942,deployment_scaling,xlarge_plus,50,30,20,50,50,1.0,15.0,0.7,0.7,0.2,0.1,0.7,0.3,60.92368416099998
inspiral,900,3.0,reference,3,HDS,NonSharable,HDS-NonSharable,1793.0711336286306,3586.1422672572617,1,3.0,downstream_reserved,1,idle_only,1,1,1,0.0,5379.213400885892,5379.213400885892,3.0,50,50,1,1,1.0,0.0351020529997185,0,600,2,1.5,"{""1"":300,""2"":300}",12,0.0133333333333333,73,815,85,6,2,48,49,253,2311,0.1018910330021753,1.490837655100705e-13,0,0,0,12,0.0,0.0,0.76,2126.776961775489,3183.8434087399323,5037.859571867519,0.2288889896024419,0.1589080291846956,0.2988699500201883,0.5198348451136262,0.0346916710440258,0.136202366812871,0.0196818709343142,0.0852216763774016,0.0005313127293305,0.0041345846585189,40,1,1,1,1,0.0,2126.776961775489,0.9055555555555556,85,3.3726866110082483,0.0015858205498862,0.423737377004727,30.683264263676037,2.0735,28.609764263676038,31.9949216590543,2651.157710079494,2126.776961775489,900,900,1.0,3252.436439110403,0.3953695091228829,deployment_scaling,xlarge_plus,50,30,20,50,50,1.0,15.0,0.7,0.7,0.2,0.1,0.7,0.3,3.9626804280014767
inspiral,900,3.0,reference,3,HDS,Sharable,HDS-Sharable,1793.0711336286306,3586.1422672572617,1,3.0,downstream_reserved,1,idle_only,1,1,1,0.0,5379.213400885892,5379.213400885892,3.0,50,50,1,1,1.0,0.0356222979971789,0,600,2,1.5,"{""1"":300,""2"":300}",6,0.0066666666666666,77,817,83,3,2,49,49,302,2360,0.1103091490003862,0.0,0,0,0,6,4.272138198757602e-13,3.987921104453562e-13,0.725,2132.985174631385,3143.3892207469185,4853.804061785628,0.2403191513839988,0.1670210245605594,0.3136172782074382,0.5453960642541703,0.0461928967083046,0.1601113740631257,0.0260506742055802,0.0969261699211594,0.0008390527958697,0.0044584142943822,23,1,1,1,1,0.0,2132.985174631385,0.9077777777777778,81,3.376992037068703,0.0015832233984712,0.2754474280009162,29.03558186001093,2.0315,27.00408186001093,35.077064132361244,2650.6248722752675,2132.985174631385,900,900,1.0,3246.2282262545077,0.3965236207732728,deployment_scaling,xlarge_plus,50,30,20,50,50,1.0,15.0,0.7,0.7,0.2,0.1,0.7,0.3,3.92854531500052
inspiral,900,3.0,reference,3,PBQS,NonSharable,PBQS-NonSharable,1793.0711336286306,3586.1422672572617,1,3.0,downstream_reserved,1,queue_aware,1,1,1,0.0,5379.213400885892,5379.213400885892,3.0,50,50,1,1,1.0,0.0721275100004277,0,600,2,1.5,"{""1"":300,""2"":300}",0,0.0,0,767,133,0,0,0,0,0,0,0.0,0.0,0,0,0,0,0.0,0.0,1.04,2568.1145631134536,3991.969831867105,4945.044274014283,0.1948381056992105,0.1419603058759684,0.2477159055224526,0.404470849601262,0.0759527637414817,0.2241530846316357,0.0459198095860762,0.1337178160122225,0.0009509170099796,0.0031935666804572,27,1,1,1,1,0.0,2568.1145631134536,0.8522222222222222,133,58.1832894329782,0.0226560334451901,0.0,47.66072498749424,1.8465,45.81422498749424,40.64546491555424,3227.677379818071,2568.1145631134536,900,900,1.0,2811.0988377724384,0.4774145161615108,deployment_scaling,xlarge_plus,50,30,20,50,50,1.0,15.0,0.7,0.7,0.2,0.1,0.7,0.3,58.7099172950002
inspiral,900,3.0,reference,3,PBQS,Sharable,PBQS-Sharable,1793.0711336286306,3586.1422672572617,1,3.0,downstream_reserved,1,queue_aware,1,1,1,0.0,5379.213400885892,5379.213400885892,3.0,50,50,1,1,1.0,0.0718762460019206,0,600,2,1.5,"{""1"":300,""2"":300}",0,0.0,0,801,99,0,0,0,0,0,0,0.0,0.0,0,0,0,0,0.0,0.0,0.76,2982.225100435194,3276.6577718596727,3514.4201539994183,0.2646112111185222,0.1927974424396597,0.3364249797973848,0.5433800302724021,0.1144604904667704,0.2405376014870343,0.0692009568638305,0.146886848960258,0.0010088868896985,0.0022133856956914,12,1,1,1,1,0.0,2982.225100435194,0.89,99,57.37825316296221,0.0192400812247838,0.0,32.21923023109505,1.3205,30.898730231095048,769.2534546651326,3227.6773798180684,2982.225100435194,900,900,1.0,2396.9883004506983,0.5543979905954386,deployment_scaling,xlarge_plus,50,30,20,50,50,1.0,15.0,0.7,0.7,0.2,0.1,0.7,0.3,57.82092877499963
inspiral,900,3.0,reference,4,HDS,NonSharable,HDS-NonSharable,1785.578701740167,3571.1574034803334,1,3.0,downstream_reserved,1,idle_only,1,1,1,0.0,5356.736105220501,5356.736105220501,3.0,50,50,1,1,1.0,0.0356901989980542,0,600,2,1.5,"{""1"":300,""2"":300}",0,0.0,74,826,74,0,0,0,0,0,0,0.0,0.0,0,0,0,0,0.0,0.0,0.705,2037.9672459722256,2967.6010853933435,5044.343635918463,0.2498354532718585,0.1706920412029702,0.3289788653407468,0.5745028590816054,0.1015826695452861,0.1442882549340113,0.0564338146645351,0.0862850931417841,0.0025000230658023,0.0047114592636993,8,1,1,1,1,0.0,2037.9672459722256,0.9177777777777778,74,3.2342021899785323,0.0015869745680999,0.0,26.295280574040717,2.1495,24.145780574040717,29.86519132884344,2550.792694322328,2037.9672459722256,900,900,1.0,3318.768859248275,0.3804494389757392,deployment_scaling,xlarge_plus,50,30,20,50,50,1.0,15.0,0.7,0.7,0.2,0.1,0.7,0.3,3.860574443999212
inspiral,900,3.0,reference,4,HDS,Sharable,HDS-Sharable,1785.578701740167,3571.1574034803334,1,3.0,downstream_reserved,1,idle_only,1,1,1,0.0,5356.736105220501,5356.736105220501,3.0,50,50,1,1,1.0,0.0357767780005815,0,600,2,1.5,"{""1"":300,""2"":300}",0,0.0,74,826,74,0,0,0,0,0,0,0.0,0.0,0,0,0,0,0.0,0.0,0.705,2037.9672459722256,2967.6010853933435,5044.343635918463,0.2498354532718585,0.1706920412029702,0.3289788653407468,0.5745028590816054,0.1015826695452861,0.1442882549340113,0.0564338146645351,0.0862850931417841,0.0025000230658023,0.0047114592636993,8,1,1,1,1,0.0,2037.9672459722256,0.9177777777777778,74,3.1969234550197143,0.00156868245127,0.0,26.295280574040717,2.1495,24.145780574040717,29.86519132884344,2550.792694322328,2037.9672459722256,900,900,1.0,3318.768859248275,0.3804494389757392,deployment_scaling,xlarge_plus,50,30,20,50,50,1.0,15.0,0.7,0.7,0.2,0.1,0.7,0.3,3.819714267003292
inspiral,900,3.0,reference,4,PBQS,NonSharable,PBQS-NonSharable,1785.578701740167,3571.1574034803334,1,3.0,downstream_reserved,1,queue_aware,1,1,1,0.0,5356.736105220501,5356.736105220501,3.0,50,50,1,1,1.0,0.0708346950013947,0,600,2,1.5,"{""1"":300,""2"":300}",0,0.0,0,771,129,0,0,0,0,0,0,0.0,0.0,0,0,0,0,0.0,0.0,0.99,2499.0682933914622,3881.438949155425,4826.464387246312,0.1998863739334176,0.1446803998231029,0.2550923480437325,0.4061413548949104,0.075687973128915,0.2192229205034079,0.0442710161400249,0.1189739157408358,0.0008101332674913,0.0033014329343226,28,1,1,1,1,0.0,2499.0682933914622,0.8566666666666667,129,59.61880862097678,0.0238564143199418,0.0,42.1607370606354,1.8685,40.2922370606354,41.238063118079886,3143.5340868866065,2499.0682933914622,900,900,1.0,2857.6678118290383,0.4665281701960176,deployment_scaling,xlarge_plus,50,30,20,50,50,1.0,15.0,0.7,0.7,0.2,0.1,0.7,0.3,60.16188507299739
inspiral,900,3.0,reference,4,PBQS,Sharable,PBQS-Sharable,1785.578701740167,3571.1574034803334,1,3.0,downstream_reserved,1,queue_aware,1,1,1,0.0,5356.736105220501,5356.736105220501,3.0,50,50,1,1,1.0,0.0762098350023734,0,600,2,1.5,"{""1"":300,""2"":300}",0,0.0,0,806,94,0,0,0,0,0,0,0.0,0.0,0,0,0,0,0.0,0.0,0.71,2858.783045317085,3073.033121639697,3209.652732214856,0.2784131636929746,0.2015191283250362,0.355307199060913,0.5573641998025894,0.1157875462980349,0.2327475447417951,0.0677258502119392,0.1295829422896126,0.0009439635009393,0.002249813668662,12,1,1,1,1,0.0,2858.783045317085,0.8955555555555555,94,58.953687356955925,0.0206219522161805,0.0,29.430161101006806,1.2905,28.139661101006805,742.0485702581926,3143.5340868866047,2858.783045317085,900,900,1.0,2497.953059903416,0.5336800225292054,deployment_scaling,xlarge_plus,50,30,20,50,50,1.0,15.0,0.7,0.7,0.2,0.1,0.7,0.3,59.37200019900047
inspiral,900,3.0,reference,5,HDS,NonSharable,HDS-NonSharable,1744.714709833897,3489.4294196677934,1,3.0,downstream_reserved,1,idle_only,1,1,1,0.0,5234.14412950169,5234.14412950169,3.0,50,50,1,1,1.0,0.0304943809969699,0,601,2,1.4991680532445923,"{""1"":301,""2"":300}",4,0.0044444444444444,74,822,78,2,2,48,48,248,2293,0.0971949699996912,1.9884865052861414e-13,0,0,0,4,0.0,0.0,0.6900000000000001,2032.810788203278,3021.5238099563016,4904.022355641572,0.2363703829258151,0.1629813172467265,0.3097594486049038,0.5413842966765589,0.0459048685525793,0.1259032534953952,0.0254921433851771,0.0770464933498136,0.000702792743648,0.0040280180534179,30,1,1,1,1,0.0,2032.810788203278,0.9133333333333332,78,3.1740904430080263,0.0015614293575318,0.1374272529974405,28.86498796763729,2.1245,26.740487967637293,30.50233371153376,2533.6785084462954,2032.810788203278,900,900,1.0,3201.333341298412,0.3883750118277329,deployment_scaling,xlarge_plus,50,30,20,50,50,1.0,15.0,0.7,0.7,0.2,0.1,0.7,0.3,3.752200963001087
inspiral,900,3.0,reference,5,HDS,Sharable,HDS-Sharable,1744.714709833897,3489.4294196677934,1,3.0,downstream_reserved,1,idle_only,1,1,1,0.0,5234.14412950169,5234.14412950169,3.0,50,50,1,1,1.0,0.0311288659977435,0,601,2,1.4991680532445923,"{""1"":301,""2"":300}",2,0.0022222222222222,75,823,77,1,2,48,48,296,2341,0.0637151919981988,0.0,0,0,0,2,1.3642420526593924e-12,1.3642420526593924e-12,0.68,2058.5495840801614,3029.8027404088984,4827.215418362412,0.245650819996411,0.170377951776886,0.3209236882159361,0.5608906199788553,0.0704142742108101,0.1681875775171,0.0388049235712634,0.093435062257776,0.0012779581851604,0.0044040621158682,16,1,1,1,1,0.0,2058.5495840801614,0.9144444444444444,76,3.236548485016101,0.001572247037451,0.0637151919981988,28.801699417263706,2.0715,26.730199417263705,31.62618720392788,2557.66122710358,2058.5495840801614,900,900,1.0,3175.594545421529,0.3932924912169246,deployment_scaling,xlarge_plus,50,30,20,50,50,1.0,15.0,0.7,0.7,0.2,0.1,0.7,0.3,3.814943907997076
inspiral,900,3.0,reference,5,PBQS,NonSharable,PBQS-NonSharable,1744.714709833897,3489.4294196677934,1,3.0,downstream_reserved,1,queue_aware,1,1,1,0.0,5234.14412950169,5234.14412950169,3.0,50,50,1,1,1.0,0.0629334280019975,0,601,2,1.4991680532445923,"{""1"":301,""2"":300}",0,0.0,0,772,128,0,0,0,0,0,0,0.0,0.0,0,0,0,0,0.0,0.0,1.005,2422.486158052015,3862.487726116662,4860.303867277928,0.1926458936593632,0.1383566172577869,0.2469351700609395,0.3959398471371127,0.063650415722611,0.1786417027756441,0.0382103376979397,0.1102972649621893,0.0007461350165498,0.0037160095080449,34,1,1,1,1,0.0,2422.486158052015,0.8577777777777778,128,59.51226584694086,0.0245666071812753,0.0,44.81943292670241,1.8785,42.94093292670241,39.706281347080925,3040.8180260130257,2422.486158052015,900,900,1.0,2811.657971449675,0.4628237393001718,deployment_scaling,xlarge_plus,50,30,20,50,50,1.0,15.0,0.7,0.7,0.2,0.1,0.7,0.3,60.05853113700141
inspiral,900,3.0,reference,5,PBQS,Sharable,PBQS-Sharable,1744.714709833897,3489.4294196677934,1,3.0,downstream_reserved,1,queue_aware,1,1,1,0.0,5234.14412950169,5234.14412950169,3.0,50,50,1,1,1.0,0.060601826000493,0,601,2,1.4991680532445923,"{""1"":301,""2"":300}",0,0.0,0,810,90,0,0,0,0,0,0,0.0,0.0,0,0,0,0,0.0,0.0,0.675,2774.303261689895,3100.58194856227,3336.492312169144,0.2754122776019046,0.1977987194870585,0.3530258357167507,0.5631144492616718,0.1111574593675526,0.2131627733076854,0.0667295572520569,0.1215101174507675,0.0009127802105659,0.0018251610483576,12,1,1,1,1,0.0,2774.303261689895,0.9,90,59.629085451964784,0.0214933552057475,0.0,28.68587787526828,1.2785,27.40737787526828,685.2563494756151,3040.8180260130275,2774.303261689895,900,900,1.0,2459.8408678117958,0.5300395237595451,deployment_scaling,xlarge_plus,50,30,20,50,50,1.0,15.0,0.7,0.7,0.2,0.1,0.7,0.3,60.075259792
montage,900,3.0,reference,1,HDS,NonSharable,HDS-NonSharable,1203.782422422725,2407.564844845449,1,3.0,downstream_reserved,1,idle_only,1,1,1,0.0,3611.347267268175,3611.347267268175,3.0,50,50,1,1,1.0,0.0304194790005567,0,360,4,2.5,"{""1"":180,""4"":180}",54,0.06,58,788,112,24,4,44,49,338,2827,0.1856890229973942,6.716935839518196e-13,0,0,0,54,0.0,0.0,1.005,1521.285629787223,5262.99737994629,8369.948080233373,0.1965132354564986,0.1422718166185204,0.2507546542944768,0.4259264557360998,0.0229271309582359,0.1211227163255815,0.0127954637195002,0.0603974453067976,0.0003708718975505,0.0058795231977867,123,1,1,1,1,0.0,1521.285629787223,0.8755555555555555,112,6.293791337040602,0.0041371529539268,2.5808885359983837,47.49826131710948,3.4865,44.01176131710948,40.11875565376035,2862.225782546591,1521.285629787223,900,900,1.0,2090.061637480952,0.4212515488542336,deployment_scaling,xlarge_plus,50,30,20,50,50,1.0,15.0,0.7,0.7,0.2,0.1,0.7,0.3,7.132210354000563
montage,900,3.0,reference,1,HDS,Sharable,HDS-Sharable,1203.782422422725,2407.564844845449,1,3.0,downstream_reserved,1,idle_only,1,1,1,0.0,3611.347267268175,3611.347267268175,3.0,50,50,1,1,1.0,0.0304162249994988,0,361,4,2.4958448753462603,"{""1"":181,""4"":180}",35,0.0388888888888888,84,781,119,16,3,46,49,453,2859,0.2009176409992505,0.0,0,0,0,35,1.6541434888495132e-11,1.3415046851150692e-11,0.93,1529.0612118720878,5264.426706672039,8470.063087818862,0.210715631904243,0.1523615260762655,0.2690697377322205,0.4608378740805477,0.0575212503129171,0.2039743389244425,0.031698541014912,0.1102671687993687,0.0010529948929973,0.0061358484898573,43,1,1,1,1,0.0,1529.0612118720878,0.8677777777777778,102,6.452679953032202,0.0042200272316972,2.127674326999113,47.05582088849072,3.5145,43.54132088849072,69.08903531713257,2820.327789372952,1529.0612118720878,900,900,1.0,2082.286055396087,0.4234046461637447,deployment_scaling,xlarge_plus,50,30,20,50,50,1.0,15.0,0.7,0.7,0.2,0.1,0.7,0.3,7.282001778999984
montage,900,3.0,reference,1,PBQS,NonSharable,PBQS-NonSharable,1203.782422422725,2407.564844845449,1,3.0,downstream_reserved,1,queue_aware,1,1,1,0.0,3611.347267268175,3611.347267268175,3.0,50,50,1,1,1.0,0.0618116080004256,0,361,4,2.4958448753462603,"{""1"":181,""4"":180}",0,0.0,0,762,138,0,0,0,0,0,0,0.0,0.0,0,0,0,0,0.0,0.0,1.125,1679.8595693579553,5355.065325897656,7294.026400783522,0.1873054642917224,0.1391206363064424,0.2354902922770023,0.3859042713564988,0.0806545103269807,0.2536562563813894,0.0463267354391881,0.1303339681378811,0.0008338543930383,0.0046734377335751,43,1,1,1,1,0.0,1679.8595693579553,0.8466666666666667,138,76.99013783103874,0.0458312940173115,0.0,47.52436623035861,3.0545,44.46986623035861,50.69927148030371,3195.2873668318107,1679.8595693579553,900,900,1.0,1931.4876979102196,0.465161460539544,deployment_scaling,xlarge_plus,50,30,20,50,50,1.0,15.0,0.7,0.7,0.2,0.1,0.7,0.3,77.6808446340001
montage,900,3.0,reference,1,PBQS,Sharable,PBQS-Sharable,1203.782422422725,2407.564844845449,1,3.0,downstream_reserved,1,queue_aware,1,1,1,0.0,3611.347267268175,3611.347267268175,3.0,50,50,1,1,1.0,0.0600893429982534,0,360,4,2.5,"{""1"":180,""4"":180}",0,0.0,0,815,85,0,0,0,0,0,0,0.0,0.0,0,0,0,0,0.0,0.0,0.64,2391.655402266979,3764.75854411359,4113.41283721539,0.3131747362957598,0.2326097039043718,0.3937397686871479,0.6265269346729042,0.1416260164991091,0.2404564165731985,0.0813478498730094,0.1240147277438601,0.0013280412131381,0.0024685939236973,11,1,1,1,1,0.0,2391.655402266979,0.9055555555555556,85,76.09689361301571,0.0318176663497951,0.0,33.48525635612421,1.6625,31.82275635612421,2134.1664266737425,3195.287366831812,2391.655402266979,900,900,1.0,1219.6918650011958,0.6622612629762856,deployment_scaling,xlarge_plus,50,30,20,50,50,1.0,15.0,0.7,0.7,0.2,0.1,0.7,0.3,76.49405784600094
montage,900,3.0,reference,2,HDS,NonSharable,HDS-NonSharable,1172.3992439952156,2344.798487990432,1,3.0,downstream_reserved,1,idle_only,1,1,1,0.0,3517.197731985647,3517.197731985647,3.0,50,50,1,1,1.0,0.0308378230001835,0,361,4,2.4958448753462603,"{""1"":181,""4"":180}",61,0.0677777777777777,46,793,107,29,3,45,49,306,2614,0.1472990340007527,2.625819810263967e-13,0,0,0,61,4.440892098500626e-15,3.552713678800501e-15,0.94,1453.8578833460908,5099.295622825105,8461.208615554382,0.1962121656144366,0.1343765221081319,0.2580478091207412,0.4295069808596294,0.0255001107121223,0.1091541672852352,0.0149220163510056,0.0734803365892004,0.0004946013546718,0.0056672904858353,97,1,1,1,1,0.0,1453.8578833460908,0.8811111111111111,107,6.699720589036588,0.0046082362421951,3.037848269006645,46.543963682682936,3.6885,42.85546368268294,39.84548204205261,2757.434817118821,1453.8578833460908,900,900,1.0,2063.3398486395563,0.4133568807134736,deployment_scaling,xlarge_plus,50,30,20,50,50,1.0,15.0,0.7,0.7,0.2,0.1,0.7,0.3,7.644594205998146
montage,900,3.0,reference,2,HDS,Sharable,HDS-Sharable,1172.3992439952156,2344.798487990432,1,3.0,downstream_reserved,1,idle_only,1,1,1,0.0,3517.197731985647,3517.197731985647,3.0,50,50,1,1,1.0,0.0302376090003235,0,361,4,2.4958448753462603,"{""1"":181,""4"":180}",57,0.0633333333333333,64,779,121,28,3,46,49,453,2859,0.3514610299971537,4.875055457201602e-06,0,0,0,57,4.6060932845648495e-12,7.105427357601002e-13,0.895,1524.7787042841803,5112.147278716275,8312.329269931137,0.212228276218055,0.1462701642862135,0.2781863881498965,0.4580058559617045,0.0312203810438807,0.1131125675758856,0.0181186695626424,0.0676176970670466,0.000528985019399,0.0047725040814467,85,1,1,1,1,0.0,1524.7787042841803,0.8655555555555555,101,7.71329755501938,0.0050586341043111,3.839825413990184,46.54277692981229,3.5845,42.95827692981229,114.4624034462193,2775.5154871279296,1524.7787042841803,900,900,1.0,1992.4190277014663,0.4335208937552001,deployment_scaling,xlarge_plus,50,30,20,50,50,1.0,15.0,0.7,0.7,0.2,0.1,0.7,0.3,8.597259481997753
montage,900,3.0,reference,2,PBQS,NonSharable,PBQS-NonSharable,1172.3992439952156,2344.798487990432,1,3.0,downstream_reserved,1,queue_aware,1,1,1,0.0,3517.197731985647,3517.197731985647,3.0,50,50,1,1,1.0,0.0612503470001684,0,361,4,2.4986149584487536,"{""1"":180,""2"":1,""4"":180}",0,0.0,0,759,141,0,0,0,0,0,0,0.0,0.0,0,0,0,0,0.0,0.0,1.085,1619.4035500457503,5383.632386885352,7672.618370068268,0.1825948542580166,0.1286147944501124,0.2365749140659208,0.3668244677181756,0.069636414538527,0.2211764780130459,0.0425216285870113,0.1383127204421132,0.0007760170789896,0.0053090036248543,51,1,1,1,1,0.0,1619.4035500457503,0.8433333333333334,141,78.15625608100527,0.0482623717101257,0.0,48.6690976864576,3.2145,45.4545976864576,46.28171001264828,3103.334996895766,1619.4035500457503,900,900,1.0,1897.7941819398968,0.4604243700371972,deployment_scaling,xlarge_plus,50,30,20,50,50,1.0,15.0,0.7,0.7,0.2,0.1,0.7,0.3,78.92873144600162
montage,900,3.0,reference,2,PBQS,Sharable,PBQS-Sharable,1172.3992439952156,2344.798487990432,1,3.0,downstream_reserved,1,queue_aware,1,1,1,0.0,3517.197731985647,3517.197731985647,3.0,50,50,1,1,1.0,0.0628417320003791,0,361,4,2.4986149584487536,"{""1"":180,""2"":1,""4"":180}",0,0.0,0,820,80,0,0,0,0,0,0,0.0,0.0,0,0,0,0,0.0,0.0,0.625,2296.148492157142,3531.382902530277,3968.1194013581194,0.3268294450164498,0.2302096740997811,0.4234492159331186,0.6465281243532843,0.1350592122324223,0.2494546202825971,0.0824703238651677,0.1456024099252613,0.0014722938880659,0.0027580061296949,10,1,1,1,1,0.0,2296.148492157142,0.9111111111111112,80,77.39987583105176,0.0337085672357093,0.0,31.880661920324314,1.5685,30.312161920324314,2176.5603612475275,3103.334996895765,2296.148492157142,900,900,1.0,1221.049239828505,0.6528346334571422,deployment_scaling,xlarge_plus,50,30,20,50,50,1.0,15.0,0.7,0.7,0.2,0.1,0.7,0.3,77.85811544099852
montage,900,3.0,reference,3,HDS,NonSharable,HDS-NonSharable,1179.251346496717,2358.502692993433,1,3.0,downstream_reserved,1,idle_only,1,1,1,0.0,3537.75403949015,3537.75403949015,3.0,50,50,1,1,1.0,0.0304370859994378,0,360,4,2.5,"{""1"":180,""4"":180}",62,0.0688888888888888,43,795,105,29,3,45,49,306,2614,0.1739142180013004,5.161639997244222e-13,0,0,0,62,0.0,0.0,0.92,1471.678702259488,5124.558446679814,8594.806628355422,0.1901680086973605,0.1343097904724514,0.2460262269222696,0.432308548474562,0.0264499163187146,0.1344594339386517,0.0145797332719429,0.0603339513423128,0.0005272051628139,0.0063194957663968,92,1,1,1,1,0.0,1471.678702259488,0.8833333333333333,105,6.59291753596699,0.0044798620282027,3.0901640429910917,46.85135342271918,3.6855,43.16585342271918,39.72275738435947,2723.5438553897407,1471.678702259488,900,900,1.0,2066.0753372306617,0.415992374210272,deployment_scaling,xlarge_plus,50,30,20,50,50,1.0,15.0,0.7,0.7,0.2,0.1,0.7,0.3,7.539495730998169
montage,900,3.0,reference,3,HDS,Sharable,HDS-Sharable,1179.251346496717,2358.502692993433,1,3.0,downstream_reserved,1,idle_only,1,1,1,0.0,3537.75403949015,3537.75403949015,3.0,50,50,1,1,1.0,0.0312655000016093,0,361,4,2.4986149584487536,"{""1"":180,""2"":1,""4"":180}",44,0.0488888888888888,74,782,118,22,3,46,49,453,2859,0.2363186990005488,5.069546023120353e-06,0,0,0,44,2.515321284590755e-12,9.663381206337365e-13,0.865,1507.4466413531045,5190.177601407058,8599.241170569117,0.2029898693139006,0.1429808261352459,0.2629989124925552,0.4568049152444329,0.0358245303410978,0.1369352002326966,0.020082784920672,0.0811561710824588,0.0007196122140568,0.0072937419241099,65,1,1,1,1,0.0,1507.4466413531045,0.8688888888888889,100,7.168437711010483,0.0047553508790042,2.883146026993927,46.87849743188888,3.6405,43.23799743188887,80.219081281066,2740.8294914665976,1507.4466413531045,900,900,1.0,2030.3073981370453,0.4261027263416969,deployment_scaling,xlarge_plus,50,30,20,50,50,1.0,15.0,0.7,0.7,0.2,0.1,0.7,0.3,8.101113576001808
montage,900,3.0,reference,3,PBQS,NonSharable,PBQS-NonSharable,1179.251346496717,2358.502692993433,1,3.0,downstream_reserved,1,queue_aware,1,1,1,0.0,3537.75403949015,3537.75403949015,3.0,50,50,1,1,1.0,0.060321668999677,0,360,4,2.5,"{""1"":180,""4"":180}",0,0.0,0,757,143,0,0,0,0,0,0,0.0,0.0,0,0,0,0,0.0,0.0,1.125,1652.0429701501375,5374.2318683969725,7507.534319682501,0.1768539991386348,0.128627410006404,0.2250805882708656,0.3689127148218591,0.0799613366970612,0.2308087009816175,0.0476692541354781,0.1249690839376099,0.0008683639876653,0.0046398890316463,44,1,1,1,1,0.0,1652.0429701501375,0.8411111111111111,143,76.64968047198636,0.0463969048365736,0.0,48.52714764855055,3.1445,45.38264764855055,47.26282395348685,3165.2710931715515,1652.0429701501375,900,900,1.0,1885.7110693400125,0.4669750784563374,deployment_scaling,xlarge_plus,50,30,20,50,50,1.0,15.0,0.7,0.7,0.2,0.1,0.7,0.3,77.38529391400152
montage,900,3.0,reference,3,PBQS,Sharable,PBQS-Sharable,1179.251346496717,2358.502692993433,1,3.0,downstream_reserved,1,queue_aware,1,1,1,0.0,3537.75403949015,3537.75403949015,3.0,50,50,1,1,1.0,0.0604558590021042,0,360,4,2.5,"{""1"":180,""4"":180}",0,0.0,0,816,84,0,0,0,0,0,0,0.0,0.0,0,0,0,0,0.0,0.0,0.635,2437.5417757052983,3574.6461981030325,3908.362979094622,0.3084333744977791,0.2243262030511687,0.3925405459443895,0.6280299788038797,0.1354844104527865,0.253875883197369,0.0807695451332627,0.1500228469811881,0.0012301320342162,0.0025635728822281,11,1,1,1,1,0.0,2437.5417757052983,0.9066666666666666,84,76.699430148994,0.0314658935955266,0.0,31.910246205456662,1.5965,30.313746205456663,2383.2133238443566,3165.2710931715537,2437.5417757052983,900,900,1.0,1100.2122637848515,0.6890082658365332,deployment_scaling,xlarge_plus,50,30,20,50,50,1.0,15.0,0.7,0.7,0.2,0.1,0.7,0.3,77.11140709999745
montage,900,3.0,reference,4,HDS,NonSharable,HDS-NonSharable,1188.4647635292954,2376.929527058591,1,3.0,downstream_reserved,1,idle_only,1,1,1,0.0,3565.394290587886,3565.394290587886,3.0,50,50,1,1,1.0,0.0304200199971091,0,361,4,2.4958448753462603,"{""1"":181,""4"":180}",56,0.0622222222222222,43,801,99,26,3,46,49,306,2614,0.157418653001514,2.2876508878658295e-13,0,0,0,56,7.993605777301127e-15,7.105427357601002e-15,0.895,1422.959205148184,5319.012623355344,9027.059384654436,0.1971474195302768,0.1361159728118031,0.2581788662487504,0.4444499220890506,0.0276286015477195,0.0990976955686189,0.015517438620058,0.0538034455471321,0.0005698460919846,0.0065697981921106,92,1,1,1,1,0.0,1422.959205148184,0.89,99,6.2170520769868745,0.0043691007124406,2.755792018997454,48.68395818348214,3.7485,44.93545818348214,38.50110941274982,2640.032537208961,1422.959205148184,900,900,1.0,2142.4350854397026,0.3991029011586701,deployment_scaling,xlarge_plus,50,30,20,50,50,1.0,15.0,0.7,0.7,0.2,0.1,0.7,0.3,7.157868376998522
montage,900,3.0,reference,4,HDS,Sharable,HDS-Sharable,1188.4647635292954,2376.929527058591,1,3.0,downstream_reserved,1,idle_only,1,1,1,0.0,3565.394290587886,3565.394290587886,3.0,50,50,1,1,1.0,0.0301861829975678,0,361,4,2.4958448753462603,"{""1"":181,""4"":180}",57,0.0633333333333333,66,777,123,26,3,46,49,453,2859,0.1848147810014779,1.8893268231134706e-13,0,0,0,57,3.808509063674137e-12,6.821210263296962e-13,0.855,1502.707188502844,5325.923064918497,8771.08339523851,0.2077704883026672,0.1446288091032697,0.2709121675020647,0.4613966606806929,0.0335771504194225,0.0992160606304753,0.0188490888436288,0.0636854354683462,0.0006189856317714,0.0053438394058751,78,1,1,1,1,0.0,1502.707188502844,0.8633333333333333,98,7.441282577961829,0.0049519178685606,3.467309365998517,48.63124171598737,3.6405,44.99074171598737,102.94218055050716,2713.0123648024737,1502.707188502844,900,900,1.0,2062.687102085042,0.4214701281341502,deployment_scaling,xlarge_plus,50,30,20,50,50,1.0,15.0,0.7,0.7,0.2,0.1,0.7,0.3,8.378314180001325
montage,900,3.0,reference,4,PBQS,NonSharable,PBQS-NonSharable,1188.4647635292954,2376.929527058591,1,3.0,downstream_reserved,1,queue_aware,1,1,1,0.0,3565.394290587886,3565.394290587886,3.0,50,50,1,1,1.0,0.066043085000274,0,362,4,2.494475138121547,"{""1"":181,""2"":1,""4"":180}",0,0.0,0,752,148,0,0,0,0,0,0,0.0,0.0,0,0,0,0,0.0,0.0,1.15,1648.9438687300897,5605.32342913103,7783.423042919553,0.1723530517841185,0.1245751884090864,0.2201309151591505,0.3499430689158282,0.0714694749815745,0.2302520015093904,0.04144171599172,0.1204999718684338,0.0007254866330198,0.005312591593677,55,1,1,1,1,0.0,1648.9438687300897,0.8355555555555556,148,77.4195798509827,0.0469510098670649,0.0,50.94495908219221,3.1465,47.79845908219221,50.54118665245852,3107.4944519725545,1648.9438687300897,900,900,1.0,1916.4504218577963,0.4624856984494135,deployment_scaling,xlarge_plus,50,30,20,50,50,1.0,15.0,0.7,0.7,0.2,0.1,0.7,0.3,78.17457978099992
montage,900,3.0,reference,4,PBQS,Sharable,PBQS-Sharable,1188.4647635292954,2376.929527058591,1,3.0,downstream_reserved,1,queue_aware,1,1,1,0.0,3565.394290587886,3565.394290587886,3.0,50,50,1,1,1.0,0.0603027719989768,0,362,4,2.494475138121547,"{""1"":181,""2"":1,""4"":180}",0,0.0,0,818,82,0,0,0,0,0,0,0.0,0.0,0,0,0,0,0.0,0.0,0.65,2385.1454668199794,3665.8548339147783,3904.485852487052,0.3164515049151027,0.2287282147838964,0.404174795046309,0.6316045634090557,0.1358764796873001,0.2659446237758782,0.078788244668196,0.1463711712478426,0.0012813872164656,0.0029008666689172,11,1,1,1,1,0.0,2385.1454668199794,0.9088888888888887,82,77.06047287498222,0.0323085002348824,0.0,33.22269586795762,1.5125,31.71019586795762,2249.49588307608,3107.494451972554,2385.1454668199794,900,900,1.0,1180.2488237679067,0.6689710232375732,deployment_scaling,xlarge_plus,50,30,20,50,50,1.0,15.0,0.7,0.7,0.2,0.1,0.7,0.3,77.4634061809993
montage,900,3.0,reference,5,HDS,NonSharable,HDS-NonSharable,1141.9814521557244,2283.9629043114483,1,3.0,downstream_reserved,1,idle_only,1,1,1,0.0,3425.944356467173,3425.944356467173,3.0,50,50,1,1,1.0,0.0304726590002246,0,361,4,2.4986149584487536,"{""1"":180,""2"":1,""4"":180}",58,0.0644444444444444,45,797,103,27,4,44,49,345,2857,0.2009579810001014,1.778722805652566e-13,0,0,0,58,1.3322676295501878e-15,8.881784197001252e-16,0.9,1399.2089143903668,5253.448938861462,8743.492178354607,0.1885399954282443,0.1313251360964116,0.2457548547600769,0.4257010825904253,0.0241002245116205,0.1094571442963875,0.0134789487234549,0.0588789413358813,0.0004827400080174,0.0067097654168336,107,1,1,1,1,0.0,1399.2089143903668,0.8855555555555555,103,6.47353732899137,0.0046265695296916,2.9221120530019107,48.009745196998935,3.6565,44.35324519699893,39.018624645126046,2630.8326904088285,1399.2089143903668,900,900,1.0,2026.735442076806,0.4084155400098874,deployment_scaling,xlarge_plus,50,30,20,50,50,1.0,15.0,0.7,0.7,0.2,0.1,0.7,0.3,7.374957920997986
montage,900,3.0,reference,5,HDS,Sharable,HDS-Sharable,1141.9814521557244,2283.9629043114483,1,3.0,downstream_reserved,1,idle_only,1,1,1,0.0,3425.944356467173,3425.944356467173,3.0,50,50,1,1,1.0,0.0324622020016249,0,361,4,2.4986149584487536,"{""1"":180,""2"":1,""4"":180}",43,0.0477777777777777,75,782,118,20,3,45,49,453,2859,0.1890739330010546,1.3928983532395146e-13,0,0,0,43,1.9042545318370685e-12,4.973799150320701e-13,0.86,1473.6420117429386,5271.1331527178845,8713.870940416193,0.1988191125857208,0.1381704807908982,0.2594677443805434,0.4478275560052986,0.0389944279547851,0.1942126227575066,0.022348838962282,0.1035212656964452,0.0009400652448857,0.0070470882119463,52,1,1,1,1,0.0,1473.6420117429386,0.8688888888888889,99,7.043253205039946,0.0047794872492197,2.6990751970115525,48.15521890785031,3.6605,44.49471890785031,97.31512759013852,2660.095682671474,1473.6420117429386,900,900,1.0,1952.3023447242344,0.4301418407339678,deployment_scaling,xlarge_plus,50,30,20,50,50,1.0,15.0,0.7,0.7,0.2,0.1,0.7,0.3,7.940771950001363
montage,900,3.0,reference,5,PBQS,NonSharable,PBQS-NonSharable,1141.9814521557244,2283.9629043114483,1,3.0,downstream_reserved,1,queue_aware,1,1,1,0.0,3425.944356467173,3425.944356467173,3.0,50,50,1,1,1.0,0.0678816969993931,0,361,4,2.4986149584487536,"{""1"":180,""2"":1,""4"":180}",0,0.0,0,759,141,0,0,0,0,0,0,0.0,0.0,0,0,0,0,0.0,0.0,1.115,1585.0951516516743,5558.124420901037,7819.894930852474,0.1720063590821946,0.1227246959363479,0.2212880222280412,0.3587093305384004,0.06911007155875,0.1952316831659917,0.0422245975598722,0.1118182062592019,0.0008527986088789,0.0055974422777686,48,1,1,1,1,0.0,1585.0951516516743,0.8433333333333334,141,78.44012720896717,0.0494860684718089,0.0,49.95514905331554,3.1645,46.79064905331554,46.87676250648183,3034.680936354868,1585.0951516516743,900,900,1.0,1840.8492048154983,0.4626739335854893,deployment_scaling,xlarge_plus,50,30,20,50,50,1.0,15.0,0.7,0.7,0.2,0.1,0.7,0.3,79.20137424700079
montage,900,3.0,reference,5,PBQS,Sharable,PBQS-Sharable,1141.9814521557244,2283.9629043114483,1,3.0,downstream_reserved,1,queue_aware,1,1,1,0.0,3425.944356467173,3425.944356467173,3.0,50,50,1,1,1.0,0.0603090600016003,0,361,4,2.4986149584487536,"{""1"":180,""2"":1,""4"":180}",0,0.0,0,819,81,0,0,0,0,0,0,0.0,0.0,0,0,0,0,0.0,0.0,0.615,2329.3341555313937,3684.208163973668,4072.062416997737,0.310767791619091,0.2217294926581076,0.3998060905800744,0.6244199457520301,0.1293294942330768,0.1865201475224678,0.0790172217079997,0.1143388076262533,0.0013621587930926,0.0026174172052576,11,1,1,1,1,0.0,2329.3341555313937,0.91,81,79.01519370403548,0.0339217941386385,0.0,33.35981899789658,1.5605,31.79931899789658,2179.5536029015,3034.6809363548664,2329.3341555313937,900,900,1.0,1096.6102009357792,0.6799100957767448,deployment_scaling,xlarge_plus,50,30,20,50,50,1.0,15.0,0.7,0.7,0.2,0.1,0.7,0.3,79.43866846500168
cybershake,1000,3.0,reference,1,HDS,NonSharable,HDS-NonSharable,1431.374730667269,2862.7494613345384,1,3.0000000000000004,downstream_reserved,1,idle_only,1,1,1,0.0,4294.124192001807,4294.124192001807,3.0000000000000004,60,60,1,1,1.0,0.0611077369999293,0,445,4,2.247191011235955,"{""1"":223,""3"":111,""4"":111}",42,0.042,78,880,120,19,3,56,59,366,3424,0.2992431229999965,2.8517667144610784e-11,0,0,0,42,0.0,0.0,1.07,1809.308808008756,5397.955229006121,8638.704828884613,0.1949503340221217,0.1401008442630092,0.2497998237812342,0.428782221940136,0.0264244072060229,0.1587166732252193,0.0146302246527405,0.0867146547352635,0.0004886125700961,0.0053435373723783,80,1,1,1,1,0.0,1809.308808008756,0.88,120,11.674636557002032,0.0064525395031103,3.68250187699914,47.9461195396833,3.634,44.3121195396833,44.47517587559194,3087.231997968979,1809.308808008756,1000,1000,1.0,2484.815383993052,0.4213452445969672,deployment_scaling,xxlarge,60,36,24,60,60,1.0,15.0,0.7,0.7,0.2,0.1,0.7,0.3,12.959795944000234
cybershake,1000,3.0,reference,1,HDS,Sharable,HDS-Sharable,1431.374730667269,2862.7494613345384,1,3.0000000000000004,downstream_reserved,1,idle_only,1,1,1,0.0,4294.124192001807,4294.124192001807,3.0000000000000004,60,60,1,1,1.0,0.0617382820000784,0,445,4,2.247191011235955,"{""1"":223,""3"":111,""4"":111}",60,0.06,80,860,140,28,3,56,59,543,3719,0.3240409889999682,4.517378234312193e-06,0,0,0,60,4.543920795185841e-12,6.821210263296962e-13,0.985,1886.27226544882,5429.925163736655,8429.907627656763,0.212799437780691,0.1531155003252819,0.2724833752361002,0.4613022229331581,0.0300402904878668,0.1653045562548513,0.0170249411305698,0.0916199460618967,0.0004244975728879,0.0046200761710563,86,1,1,1,1,0.0,1886.27226544882,0.86,114,13.491432170005735,0.0071524309704016,6.170348943002409,48.000900686312505,3.529,44.47190068631251,118.37346485402924,3155.3072048628014,1886.27226544882,1000,1000,1.0,2407.851926552988,0.4392682142175048,deployment_scaling,xxlarge,60,36,24,60,60,1.0,15.0,0.7,0.7,0.2,0.1,0.7,0.3,14.66366091000009
cybershake,1000,3.0,reference,1,PBQS,NonSharable,PBQS-NonSharable,1431.374730667269,2862.7494613345384,1,3.0000000000000004,downstream_reserved,1,queue_aware,1,1,1,0.0,4294.124192001807,4294.124192001807,3.0000000000000004,60,60,1,1,1.0,0.1170951889998832,0,445,4,2.247191011235955,"{""1"":223,""3"":111,""4"":111}",0,0.0,0,840,160,0,0,0,0,0,0,0.0,0.0,0,0,0,0,0.0,0.0,1.265,1999.656210674222,5736.813835606387,7619.308471805584,0.1812891974096684,0.1342024985650541,0.2283758962542827,0.3685796100658139,0.0840026396715253,0.2361190184323479,0.0487204812467495,0.1347166981538417,0.0008064276270135,0.0046716005240272,39,1,1,1,1,0.0,1999.656210674222,0.84,160,157.1519806469978,0.0785894994390115,0.0,50.312803999583416,3.129,47.18380399958342,52.95997141631174,3538.364256631814,1999.656210674222,1000,1000,1.0,2294.467981327585,0.4656726543677431,deployment_scaling,xxlarge,60,36,24,60,60,1.0,15.0,0.7,0.7,0.2,0.1,0.7,0.3,158.169219719
cybershake,1000,3.0,reference,1,PBQS,Sharable,PBQS-Sharable,1431.374730667269,2862.7494613345384,1,3.0000000000000004,downstream_reserved,1,queue_aware,1,1,1,0.0,4294.124192001807,4294.124192001807,3.0000000000000004,60,60,1,1,1.0,0.1252632800001265,0,445,4,2.247191011235955,"{""1"":223,""3"":111,""4"":111}",0,0.0,0,904,96,0,0,0,0,0,0,0.0,0.0,0,0,0,0,0.0,0.0,0.72,2791.666355967573,4151.067897820237,4447.816596233282,0.3064042773121158,0.2268211243353027,0.3859874302889288,0.6142993501096895,0.1353839793532359,0.2132319147050037,0.0785210161607043,0.1294488651626523,0.0011048291809458,0.0026569947075738,12,1,1,1,1,0.0,2791.666355967573,0.904,96,157.45738449899682,0.0564026514710147,0.0,35.982419470880764,1.738,34.244419470880764,2136.689007805827,3538.364256631812,2791.666355967573,1000,1000,1.0,1502.457836034234,0.6501130920170645,deployment_scaling,xxlarge,60,36,24,60,60,1.0,15.0,0.7,0.7,0.2,0.1,0.7,0.3,158.01862085499988
cybershake,1000,3.0,reference,2,HDS,NonSharable,HDS-NonSharable,1458.3714090214212,2916.742818042842,1,3.0,downstream_reserved,1,idle_only,1,1,1,0.0,4375.114227064263,4375.114227064263,3.0,60,60,1,1,1.0,0.0658243210000364,0,445,4,2.247191011235955,"{""1"":223,""3"":111,""4"":111}",83,0.083,42,875,125,40,3,55,59,366,3424,0.6855465260000528,6.077390298653174e-12,0,0,0,83,1.7763568394002505e-15,8.881784197001252e-16,1.08,1833.3534091636363,5314.100556426947,8440.903138323705,0.1899696841932496,0.1314036702061331,0.2485356981803662,0.4129287642763743,0.0195781207206516,0.0936112729793611,0.0115245581038284,0.0606174128061173,0.0003120918843326,0.0049611126908034,120,1,1,1,1,0.0,1833.3534091636363,0.875,125,16.430257422001432,0.0089618604573881,8.599752982000155,47.30554575846323,3.659,43.64654575846323,46.140301744403374,3096.965732072808,1833.3534091636363,1000,1000,1.0,2541.7608179006265,0.4190412670422622,deployment_scaling,xxlarge,60,36,24,60,60,1.0,15.0,0.7,0.7,0.2,0.1,0.7,0.3,17.88906432099975
cybershake,1000,3.0,reference,2,HDS,Sharable,HDS-Sharable,1458.3714090214212,2916.742818042842,1,3.0,downstream_reserved,1,idle_only,1,1,1,0.0,4375.114227064263,4375.114227064263,3.0,60,60,1,1,1.0,0.060018662999937,0,445,4,2.247191011235955,"{""1"":223,""3"":111,""4"":111}",55,0.055,80,865,135,25,3,56,59,543,3719,0.350812422999752,2.438977761672977e-14,0,0,0,55,2.0497825659049335e-10,2.0077095541637388e-10,0.97,1815.71708183554,5334.464086703377,8641.829335471715,0.2088023015239157,0.1441422617753649,0.2734623412724665,0.4535480322751046,0.0326443807178743,0.1575315606436665,0.0187451135494984,0.0885088115975307,0.000604688575021,0.0043558805377492,64,1,1,1,1,0.0,1815.71708183554,0.865,111,13.044378445997609,0.0071841470108387,5.475253091000923,47.52045400067468,3.711,43.80945400067468,108.54161384258552,3020.629894952197,1815.71708183554,1000,1000,1.0,2559.397145228724,0.4150102117571227,deployment_scaling,xxlarge,60,36,24,60,60,1.0,15.0,0.7,0.7,0.2,0.1,0.7,0.3,14.371824824999749
cybershake,1000,3.0,reference,2,PBQS,NonSharable,PBQS-NonSharable,1458.3714090214212,2916.742818042842,1,3.0,downstream_reserved,1,queue_aware,1,1,1,0.0,4375.114227064263,4375.114227064263,3.0,60,60,1,1,1.0,0.1210813839998081,0,445,4,2.247191011235955,"{""1"":223,""3"":111,""4"":111}",0,0.0,0,839,161,0,0,0,0,0,0,0.0,0.0,0,0,0,0,0.0,0.0,1.245,1962.3183082986336,5721.788153823515,7895.594094221547,0.1731663345337861,0.1224259113559641,0.2239067577116081,0.3527551888549821,0.0631223242667307,0.2079142876931888,0.0385184083436861,0.126667210403195,0.0006301268738819,0.0042472016298331,52,1,1,1,1,0.0,1962.3183082986336,0.839,161,161.96200962299736,0.0825360538797711,0.0,50.211046537635774,3.303,46.90804653763578,53.72730054088899,3407.615124339127,1962.3183082986336,1000,1000,1.0,2412.7959187656293,0.4485181886588971,deployment_scaling,xxlarge,60,36,24,60,60,1.0,15.0,0.7,0.7,0.2,0.1,0.7,0.3,163.06446623300008
cybershake,1000,3.0,reference,2,PBQS,Sharable,PBQS-Sharable,1458.3714090214212,2916.742818042842,1,3.0,downstream_reserved,1,queue_aware,1,1,1,0.0,4375.114227064263,4375.114227064263,3.0,60,60,1,1,1.0,0.1177566889996342,0,445,4,2.247191011235955,"{""1"":223,""3"":111,""4"":111}",0,0.0,0,909,91,0,0,0,0,0,0,0.0,0.0,0,0,0,0,0.0,0.0,0.71,2692.2942097834184,3868.322244418076,4188.662275410668,0.3122049972981401,0.2207240883571032,0.4036859062391769,0.624105334128045,0.1265209995743989,0.2138354983840116,0.0772054511976614,0.1310944491823777,0.001286747911296,0.0023121365216473,10,1,1,1,1,0.0,2692.2942097834184,0.909,91,163.9314385510056,0.0608891249534697,0.0,33.74731926239227,1.667,32.080319262392266,2085.488831862692,3407.615124339126,2692.2942097834184,1000,1000,1.0,1682.8200172808447,0.615365467061181,deployment_scaling,xxlarge,60,36,24,60,60,1.0,15.0,0.7,0.7,0.2,0.1,0.7,0.3,164.5264270990001
cybershake,1000,3.0,reference,3,HDS,NonSharable,HDS-NonSharable,1460.1916171605878,2920.383234321175,1,3.0,downstream_reserved,1,idle_only,1,1,1,0.0,4380.574851481763,4380.574851481763,3.0,60,60,1,1,1.0,0.0589990230000694,0,445,4,2.247191011235955,"{""1"":223,""3"":111,""4"":111}",47,0.047,71,882,118,21,3,56,59,366,3424,0.2716053109998029,5.713452237259859e-13,0,0,0,47,0.0,0.0,1.055,1778.42406611119,5331.411454222319,8784.669204425283,0.1889741231687406,0.1313019743266957,0.2466462720107855,0.4260303867352552,0.0211151236249267,0.1178546448319724,0.0121320861125117,0.0749471988955006,0.0004036621666382,0.0051685697189131,99,1,1,1,1,0.0,1778.42406611119,0.882,118,11.538729939003588,0.006488176897108,4.034762899999805,47.20130665944523,3.757,43.44430665944523,44.80016646476803,3016.295138085607,1778.42406611119,1000,1000,1.0,2602.150785370573,0.4059796091623966,deployment_scaling,xxlarge,60,36,24,60,60,1.0,15.0,0.7,0.7,0.2,0.1,0.7,0.3,12.8485419499998
cybershake,1000,3.0,reference,3,HDS,Sharable,HDS-Sharable,1460.1916171605878,2920.383234321175,1,3.0,downstream_reserved,1,idle_only,1,1,1,0.0,4380.574851481763,4380.574851481763,3.0,60,60,1,1,1.0,0.0605204779999439,0,445,4,2.247191011235955,"{""1"":223,""3"":111,""4"":111}",72,0.072,74,854,146,34,3,56,59,543,3719,0.2950971069999468,1.3730250027235314e-13,0,0,0,72,5.341949105286403e-12,7.958078640513122e-13,0.995,1887.2093920583577,5360.237249764166,8585.364637392026,0.2034626232227547,0.1421323895672496,0.2647928568782599,0.4499141634897988,0.0290068501493633,0.1395465867857422,0.0166847638885708,0.082403332796321,0.0004489525478741,0.0054232965506541,82,1,1,1,1,0.0,1887.2093920583577,0.854,114,14.201367427998775,0.0075250618652917,7.220311597998261,47.30791302378002,3.633,43.674913023780014,117.98178851141796,3077.412878270224,1887.2093920583577,1000,1000,1.0,2493.365459423406,0.4308131822972947,deployment_scaling,xxlarge,60,36,24,60,60,1.0,15.0,0.7,0.7,0.2,0.1,0.7,0.3,15.413934039000196
cybershake,1000,3.0,reference,3,PBQS,NonSharable,PBQS-NonSharable,1460.1916171605878,2920.383234321175,1,3.0,downstream_reserved,1,queue_aware,1,1,1,0.0,4380.574851481763,4380.574851481763,3.0,60,60,1,1,1.0,0.1286290670000198,0,445,4,2.247191011235955,"{""1"":223,""3"":111,""4"":111}",0,0.0,0,836,164,0,0,0,0,0,0,0.0,0.0,0,0,0,0,0.0,0.0,1.285,2017.787976939296,5675.850124301754,7699.358297574146,0.174758004396563,0.1255590829508831,0.2239569258422429,0.3570672451996689,0.0650691951310813,0.246603714196778,0.0396855738811111,0.140292308258472,0.0006816122260137,0.0047341350251004,47,1,1,1,1,0.0,2017.787976939296,0.836,164,160.09325056299167,0.0793409676302219,0.0,50.52457574970506,3.198,47.32657574970506,53.68654282077069,3513.5416927647425,2017.787976939296,1000,1000,1.0,2362.786874542468,0.4606217323867353,deployment_scaling,xxlarge,60,36,24,60,60,1.0,15.0,0.7,0.7,0.2,0.1,0.7,0.3,161.11659799200015
cybershake,1000,3.0,reference,3,PBQS,Sharable,PBQS-Sharable,1460.1916171605878,2920.383234321175,1,3.0,downstream_reserved,1,queue_aware,1,1,1,0.0,4380.574851481763,4380.574851481763,3.0,60,60,1,1,1.0,0.1174374750003153,0,445,4,2.247191011235955,"{""1"":223,""3"":111,""4"":111}",0,0.0,0,904,96,0,0,0,0,0,0,0.0,0.0,0,0,0,0,0.0,0.0,0.735,2829.559640804666,3992.004647178728,4331.667343328092,0.3006326509199615,0.2159967440973234,0.3852685577425996,0.6099898772161013,0.1276041521464473,0.2108210474032358,0.0778255209295721,0.1306983619153331,0.0012064371955764,0.0020562056988701,11,1,1,1,1,0.0,2829.559640804666,0.904,96,160.70600864599692,0.0567954130842407,0.0,35.5531483046791,1.772,33.7811483046791,2210.555045653225,3513.5416927647434,2829.559640804666,1000,1000,1.0,1551.0152106770977,0.6459334075406896,deployment_scaling,xxlarge,60,36,24,60,60,1.0,15.0,0.7,0.7,0.2,0.1,0.7,0.3,161.28908282099974
cybershake,1000,3.0,reference,4,HDS,NonSharable,HDS-NonSharable,1427.5095207429345,2855.0190414858685,1,3.0,downstream_reserved,1,idle_only,1,1,1,0.0,4282.528562228803,4282.528562228803,3.0,60,60,1,1,1.0,0.0587777350001488,0,445,4,2.247191011235955,"{""1"":223,""3"":111,""4"":111}",55,0.055,62,883,117,26,3,55,59,366,3424,0.2709129950003444,2.7690221421137133e-13,0,0,0,55,8.881784197001252e-16,4.440892098500626e-16,1.01,1761.5270676067332,5490.6692759642565,8692.555708537571,0.1945514662946164,0.1362200778613009,0.252882854727932,0.4308000892232866,0.0246748511983055,0.1378082342705767,0.013893277706364,0.0741653180735467,0.0003998608431219,0.0058430333324556,102,1,1,1,1,0.0,1761.5270676067332,0.883,117,11.587065928003083,0.0065778528988178,4.730961967001804,49.06965323481108,3.665,45.40465323481108,44.15019581883831,3024.2166263474724,1761.5270676067332,1000,1000,1.0,2521.00149462207,0.4113287376862146,deployment_scaling,xxlarge,60,36,24,60,60,1.0,15.0,0.7,0.7,0.2,0.1,0.7,0.3,12.87024935699992
cybershake,1000,3.0,reference,4,HDS,Sharable,HDS-Sharable,1427.5095207429345,2855.0190414858685,1,3.0,downstream_reserved,1,idle_only,1,1,1,0.0,4282.528562228803,4282.528562228803,3.0,60,60,1,1,1.0,0.0595767380000324,0,445,4,2.247191011235955,"{""1"":223,""3"":111,""4"":111}",67,0.067,72,861,139,32,3,55,59,543,3719,0.3385204119999798,3.5263790771601154e-13,0,0,0,67,3.773870105305832e-12,6.821210263296962e-13,0.995,1846.5209936603928,5454.408896860518,8517.746467906096,0.2027082231224277,0.1424506761118532,0.2629657701330022,0.4417249575429391,0.0242779011220959,0.1266208984074845,0.0137298694931342,0.073229190641275,0.0003502150076522,0.0040713296219139,109,1,1,1,1,0.0,1846.5209936603928,0.861,116,13.650099792002038,0.0073923339289759,6.642172094999296,48.72118187821138,3.586,45.13518187821138,105.89999272090294,3074.4057044988567,1846.5209936603928,1000,1000,1.0,2436.0075685684105,0.4311754064984887,deployment_scaling,xxlarge,60,36,24,60,60,1.0,15.0,0.7,0.7,0.2,0.1,0.7,0.3,14.874079950999658
cybershake,1000,3.0,reference,4,PBQS,NonSharable,PBQS-NonSharable,1427.5095207429345,2855.0190414858685,1,3.0,downstream_reserved,1,queue_aware,1,1,1,0.0,4282.528562228803,4282.528562228803,3.0,60,60,1,1,1.0,0.116861121000511,0,445,4,2.247191011235955,"{""1"":223,""3"":111,""4"":111}",0,0.0,0,843,157,0,0,0,0,0,0,0.0,0.0,0,0,0,0,0.0,0.0,1.205,1943.614753822292,5804.514433034525,7945.954917963789,0.1764776437158124,0.1270414708420387,0.2259138165895862,0.3614771212919769,0.0716117072306255,0.2049116337567656,0.0420747452956506,0.1158893528368469,0.0007268758516659,0.00453456850455,46,1,1,1,1,0.0,1943.614753822292,0.843,157,158.6851424729948,0.0816443393223509,0.0,50.72779951185028,3.255,47.47279951185028,52.54391806824412,3405.1144825704228,1943.614753822292,1000,1000,1.0,2338.913808406511,0.4538474701522493,deployment_scaling,xxlarge,60,36,24,60,60,1.0,15.0,0.7,0.7,0.2,0.1,0.7,0.3,159.72402328999942
cybershake,1000,3.0,reference,4,PBQS,Sharable,PBQS-Sharable,1427.5095207429345,2855.0190414858685,1,3.0,downstream_reserved,1,queue_aware,1,1,1,0.0,4282.528562228803,4282.528562228803,3.0,60,60,1,1,1.0,0.1157189489995289,0,445,4,2.247191011235955,"{""1"":223,""3"":111,""4"":111}",0,0.0,0,909,91,0,0,0,0,0,0,0.0,0.0,0,0,0,0,0.0,0.0,0.6900000000000001,2672.392359176328,3986.9075617352814,4310.741175365303,0.3124307914672533,0.2249104557870166,0.3999511271474899,0.6236473411301136,0.1302069007961328,0.1853472009666728,0.0765017676382171,0.1088310142842795,0.0011967790554498,0.0022312021110533,11,1,1,1,1,0.0,2672.392359176328,0.909,91,157.8561344270065,0.0590692208368909,0.0,34.25361465220121,1.684,32.56961465220121,2078.710857829721,3405.11448257042,2672.392359176328,1000,1000,1.0,1610.1362030524756,0.6240220748896781,deployment_scaling,xxlarge,60,36,24,60,60,1.0,15.0,0.7,0.7,0.2,0.1,0.7,0.3,158.4260909529994
cybershake,1000,3.0,reference,5,HDS,NonSharable,HDS-NonSharable,1421.3935050447649,2842.7870100895293,1,3.0,downstream_reserved,1,idle_only,1,1,1,0.0,4264.180515134294,4264.180515134294,3.0,60,60,1,1,1.0,0.0594880879998527,0,445,4,2.247191011235955,"{""1"":223,""3"":111,""4"":111}",56,0.056,63,881,119,25,4,56,59,415,3727,0.3267268790004891,2.932290670968777e-13,0,0,0,56,4.440892098500626e-16,4.440892098500626e-16,1.025,1762.6810426459028,5336.03831616346,8747.801084831754,0.1855711898894004,0.1289740435871217,0.2421683361916791,0.4138230174227807,0.0217766573571414,0.1182903789139276,0.0123596677651243,0.0658451082079698,0.0003671456092257,0.0053245519183471,109,1,1,1,1,0.0,1762.6810426459028,0.881,119,11.960896084003252,0.0067856270048999,4.864059553000516,47.00140382540005,3.755,43.24640382540005,44.85153774168833,2954.6963443986547,1762.6810426459028,1000,1000,1.0,2501.499472488392,0.4133692362201485,deployment_scaling,xxlarge,60,36,24,60,60,1.0,15.0,0.7,0.7,0.2,0.1,0.7,0.3,13.304094316000374
cybershake,1000,3.0,reference,5,HDS,Sharable,HDS-Sharable,1421.3935050447649,2842.7870100895293,1,3.0,downstream_reserved,1,idle_only,1,1,1,0.0,4264.180515134294,4264.180515134294,3.0,60,60,1,1,1.0,0.0585950539998521,0,445,4,2.247191011235955,"{""1"":223,""3"":111,""4"":111}",54,0.054,78,868,132,25,3,56,59,543,3719,0.3719191459995272,1.5945260798228024e-13,0,0,0,54,4.359623773098065e-12,8.526512829121202e-13,0.96,1797.991912023091,5384.639896526532,8736.02345117283,0.1999362237967123,0.1388947386854458,0.2609777089079788,0.445434204310997,0.0263362999769527,0.1388102316166298,0.015064302957422,0.0822163994230829,0.0004124266834303,0.0055237687123153,95,1,1,1,1,0.0,1797.991912023091,0.868,111,13.048450534012773,0.0072572353895244,5.590866438999001,47.35021646830463,3.715,43.63521646830464,104.7773815847722,2966.59180071124,1797.991912023091,1000,1000,1.0,2466.1886031112035,0.4216500463903239,deployment_scaling,xxlarge,60,36,24,60,60,1.0,15.0,0.7,0.7,0.2,0.1,0.7,0.3,14.3367046759995
cybershake,1000,3.0,reference,5,PBQS,NonSharable,PBQS-NonSharable,1421.3935050447649,2842.7870100895293,1,3.0,downstream_reserved,1,queue_aware,1,1,1,0.0,4264.180515134294,4264.180515134294,3.0,60,60,1,1,1.0,0.1208733809999103,0,445,4,2.247191011235955,"{""1"":223,""3"":111,""4"":111}",0,0.0,0,841,159,0,0,0,0,0,0,0.0,0.0,0,0,0,0,0.0,0.0,1.23,1941.5392450426568,5657.139595245345,7822.465896011039,0.1706693366154476,0.1217638510117868,0.2195748222191084,0.3515179172123189,0.0865081465411801,0.2023562456433655,0.0521318986178836,0.1265643466323548,0.0009631949247895,0.0044079416725697,34,1,1,1,1,0.0,1941.5392450426568,0.841,159,160.20661613100674,0.0825152602709748,0.0,49.31567452674837,3.278,46.03767452674837,53.054216405800965,3353.480930205523,1941.5392450426568,1000,1000,1.0,2322.6412700916376,0.4553135680236348,deployment_scaling,xxlarge,60,36,24,60,60,1.0,15.0,0.7,0.7,0.2,0.1,0.7,0.3,161.24849219600037
cybershake,1000,3.0,reference,5,PBQS,Sharable,PBQS-Sharable,1421.3935050447649,2842.7870100895293,1,3.0,downstream_reserved,1,queue_aware,1,1,1,0.0,4264.180515134294,4264.180515134294,3.0,60,60,1,1,1.0,0.1234304550007436,0,445,4,2.247191011235955,"{""1"":223,""3"":111,""4"":111}",0,0.0,0,908,92,0,0,0,0,0,0,0.0,0.0,0,0,0,0,0.0,0.0,0.72,2653.1289445341645,3878.8560312234695,4265.898767967287,0.3014743026345862,0.215086510546368,0.3878620947228045,0.6075146612691159,0.126611985347808,0.2091285379480547,0.0762994405482826,0.1246394940454155,0.0011935592104051,0.0024487138355233,11,1,1,1,1,0.0,2653.1289445341645,0.908,92,159.60142334699685,0.0601559240744025,0.0,33.364967510741124,1.702,31.66296751074113,2064.501921795727,3353.48093020552,2653.1289445341645,1000,1000,1.0,1611.0515706001297,0.6221896411556133,deployment_scaling,xxlarge,60,36,24,60,60,1.0,15.0,0.7,0.7,0.2,0.1,0.7,0.3,160.1623091829997
epigenomics,1000,3.0,reference,1,HDS,NonSharable,HDS-NonSharable,2266.697721173769,4533.395442347539,1,3.0,downstream_reserved,1,idle_only,1,1,1,0.0,6800.093163521307,6800.093163521307,3.0,60,60,1,1,1.0,0.0579634269961388,0,333,2,1.4984984984984986,"{""1"":167,""2"":166}",0,0.0,85,414,85,0,0,0,0,0,0,0.0,0.0,0,0,0,0,0.0,0.0,0.755,2431.2257007478206,1768.8087097871426,2862.678274206007,0.2409647065498694,0.1676210800567413,0.3143083330429975,0.5318557867163742,0.0854137607503668,0.1388331931901671,0.0436977306892522,0.0689476287868876,0.0012240662179881,0.0023077135738604,8,1,1,1,1,0.0,2431.2257007478206,0.8296593186372746,85,6.100051246030489,0.0025090435841288,0.0,16.225893473369396,1.169,15.056893473369396,32.440867628576626,2712.4645122535085,2431.2257007478206,499,499,1.0,4368.867462773487,0.3575282929636884,deployment_scaling,xxlarge,60,36,24,60,60,1.0,15.0,0.7,0.7,0.2,0.1,0.7,0.3,6.478159455000423
epigenomics,1000,3.0,reference,1,HDS,Sharable,HDS-Sharable,2266.697721173769,4533.395442347539,1,3.0,downstream_reserved,1,idle_only,1,1,1,0.0,6800.093163521307,6800.093163521307,3.0,60,60,1,1,1.0,0.0584129769995342,0,333,2,1.4984984984984986,"{""1"":167,""2"":166}",0,0.0,85,414,85,0,0,0,0,0,0,0.0,0.0,0,0,0,0,0.0,0.0,0.755,2431.2257007478206,1768.8087097871426,2862.678274206007,0.2409647065498694,0.1676210800567413,0.3143083330429975,0.5318557867163742,0.0854137607503668,0.1388331931901671,0.0436977306892522,0.0689476287868876,0.0012240662179881,0.0023077135738604,8,1,1,1,1,0.0,2431.2257007478206,0.8296593186372746,85,6.051567140930274,0.0024891013364447,0.0,16.225893473369396,1.169,15.056893473369396,32.440867628576626,2712.4645122535085,2431.2257007478206,499,499,1.0,4368.867462773487,0.3575282929636884,deployment_scaling,xxlarge,60,36,24,60,60,1.0,15.0,0.7,0.7,0.2,0.1,0.7,0.3,6.4255972809987725
epigenomics,1000,3.0,reference,1,PBQS,NonSharable,PBQS-NonSharable,2266.697721173769,4533.395442347539,1,3.0,downstream_reserved,1,queue_aware,1,1,1,0.0,6800.093163521307,6800.093163521307,3.0,60,60,1,1,1.0,0.116054685000563,0,333,2,1.4984984984984986,"{""1"":167,""2"":166}",0,0.0,0,385,114,0,0,0,0,0,0,0.0,0.0,0,0,0,0,0.0,0.0,0.925,2628.693797952607,2198.2931769657125,2826.750129696452,0.2184924479116321,0.1555486840976316,0.2814362117256327,0.4346696016934315,0.0665036266282038,0.1242254574684347,0.0361523923632526,0.0684484376555766,0.0004812698506306,0.0017301566522039,21,1,1,1,1,0.0,2628.693797952607,0.7715430861723447,114,66.79105451500072,0.0254084574502446,0.0,21.102223045167783,1.086,20.016223045167788,36.9906671587712,2973.1400755830714,2628.693797952607,499,499,1.0,4171.399365568701,0.3865673211734918,deployment_scaling,xxlarge,60,36,24,60,60,1.0,15.0,0.7,0.7,0.2,0.1,0.7,0.3,67.13081417700596
epigenomics,1000,3.0,reference,1,PBQS,Sharable,PBQS-Sharable,2266.697721173769,4533.395442347539,1,3.0,downstream_reserved,1,queue_aware,1,1,1,0.0,6800.093163521307,6800.093163521307,3.0,60,60,1,1,1.0,0.1182471549982437,0,333,2,1.4984984984984986,"{""1"":167,""2"":166}",0,0.0,0,410,89,0,0,0,0,0,0,0.0,0.0,0,0,0,0,0.0,0.0,0.7000000000000001,2810.7593014215054,1832.1410892259985,2094.445954217023,0.2775013572016351,0.1975581827225394,0.3574445316807307,0.5567678044163057,0.0932938320815145,0.1252655991020199,0.0507159593165996,0.070554397535527,0.0005984846994183,0.0012658436719218,12,1,1,1,1,0.0,2810.7593014215054,0.8216432865731463,89,67.62971744089737,0.0240610134801277,0.0,17.5987354083677,0.773,16.8257354083677,355.4263637441192,2973.1400755830723,2810.7593014215054,499,499,1.0,3989.333862099802,0.413341293101638,deployment_scaling,xxlarge,60,36,24,60,60,1.0,15.0,0.7,0.7,0.2,0.1,0.7,0.3,67.86381021499983
epigenomics,1000,3.0,reference,2,HDS,NonSharable,HDS-NonSharable,2270.505682744013,4541.011365488028,1,3.0,downstream_reserved,1,idle_only,1,1,1,0.0,6811.517048232041,6811.517048232041,3.0,60,60,1,1,1.0,0.0662657410066458,0,333,2,1.4984984984984986,"{""1"":167,""2"":166}",2,0.0040080160320641,82,415,84,1,2,59,59,303,3061,0.0600178070017136,2.1673705081823628e-14,0,0,0,2,0.0,0.0,0.79,2431.722612602472,1727.56729241701,2887.1712752215312,0.2419145391367593,0.1631887367216845,0.3206403415518341,0.5389180694533096,0.0568431040048991,0.1418144447153755,0.0298922079486896,0.0751185621438621,0.000826987988441,0.0022773530937793,12,1,1,1,1,0.0,2431.722612602472,0.8316633266533067,84,5.969041378979455,0.002454655538442,0.0600178070017136,16.050232839676227,1.195,14.855232839676226,33.04600222045242,2716.1470700446803,2431.722612602472,499,499,1.0,4379.794435629569,0.3570016187852948,deployment_scaling,xxlarge,60,36,24,60,60,1.0,15.0,0.7,0.7,0.2,0.1,0.7,0.3,6.361631414998556
epigenomics,1000,3.0,reference,2,HDS,Sharable,HDS-Sharable,2270.505682744013,4541.011365488028,1,3.0,downstream_reserved,1,idle_only,1,1,1,0.0,6811.517048232041,6811.517048232041,3.0,60,60,1,1,1.0,0.0671132930001476,0,333,2,1.4984984984984986,"{""1"":167,""2"":166}",2,0.0040080160320641,83,414,85,1,2,59,59,362,3120,0.081150666999747,0.0,0,0,0,2,9.094947017729282e-13,9.094947017729282e-13,0.79,2448.842105351449,1729.3499965297824,2818.12506298823,0.2464803211577656,0.1664534029477741,0.3265072393677571,0.5423072440286959,0.0688633642809418,0.1398917102745814,0.0365681311269228,0.0753401429245622,0.0008024096692037,0.0022644350356405,12,1,1,1,1,0.0,2448.842105351449,0.8296593186372746,84,6.025395748125447,0.0024605080641819,0.081150666999747,16.032494472578403,1.163,14.869494472578404,34.74477913114579,2733.228509904628,2448.842105351449,499,499,1.0,4362.674942880592,0.3595149344868859,deployment_scaling,xxlarge,60,36,24,60,60,1.0,15.0,0.7,0.7,0.2,0.1,0.7,0.3,6.401636214999599
epigenomics,1000,3.0,reference,2,PBQS,NonSharable,PBQS-NonSharable,2270.505682744013,4541.011365488028,1,3.0,downstream_reserved,1,queue_aware,1,1,1,0.0,6811.517048232041,6811.517048232041,3.0,60,60,1,1,1.0,0.134679581002274,0,333,2,1.4984984984984986,"{""1"":167,""2"":166}",0,0.0,0,378,121,0,0,0,0,0,0,0.0,0.0,0,0,0,0,0.0,0.0,0.945,2615.529366891933,2110.3694131848474,2728.3965885778825,0.2064365873435661,0.1421356325073437,0.2707375421797886,0.4084639734811607,0.0650186733341227,0.1247159844802952,0.0364285959909021,0.0683307769771363,0.0005214740982824,0.0017272113802475,18,1,1,1,1,0.0,2615.529366891933,0.7575150300601202,121,66.71635444190906,0.025507782587503,0.0,19.90809356451896,1.146,18.76209356451896,40.62209265904501,2965.448447473227,2615.529366891933,499,499,1.0,4195.987681340108,0.38398632028247,deployment_scaling,xxlarge,60,36,24,60,60,1.0,15.0,0.7,0.7,0.2,0.1,0.7,0.3,67.05556746799994
epigenomics,1000,3.0,reference,2,PBQS,Sharable,PBQS-Sharable,2270.505682744013,4541.011365488028,1,3.0,downstream_reserved,1,queue_aware,1,1,1,0.0,6811.517048232041,6811.517048232041,3.0,60,60,1,1,1.0,0.1370476169977337,0,333,2,1.4984984984984986,"{""1"":167,""2"":166}",0,0.0,0,411,88,0,0,0,0,0,0,0.0,0.0,0,0,0,0,0.0,0.0,0.705,2794.202083388748,1691.0667996898378,1889.7913615878629,0.282332391513995,0.1943913797526907,0.3702734032752993,0.5616379635365961,0.0912916699078768,0.1232946996378277,0.0511488037185696,0.0730572868323825,0.0005318088254671,0.0013550830062657,11,1,1,1,1,0.0,2794.202083388748,0.8236472945891784,88,66.81392324110493,0.0239116288826448,0.0,15.435613505804287,0.776,14.659613505804288,382.71022801522366,2965.448447473228,2794.202083388748,499,499,1.0,4017.3149648432927,0.4102172928002868,deployment_scaling,xxlarge,60,36,24,60,60,1.0,15.0,0.7,0.7,0.2,0.1,0.7,0.3,67.04519642899686
epigenomics,1000,3.0,reference,3,HDS,NonSharable,HDS-NonSharable,2273.32405154637,4546.648103092741,1,3.0,downstream_reserved,1,idle_only,1,1,1,0.0,6819.97215463911,6819.97215463911,3.0,60,60,1,1,1.0,0.0590511780028464,0,333,2,1.4984984984984986,"{""1"":167,""2"":166}",8,0.0160320641282565,77,414,85,4,2,58,59,303,3061,0.1751432180026313,6.852382428479594e-14,0,0,0,8,1.1368683772161605e-13,1.1368683772161605e-13,0.74,2481.0365037608544,1644.5251632821685,2593.9936726570463,0.2448081925919391,0.1660201630713275,0.3235962221125505,0.5430591715807074,0.0262260452154763,0.124065283606216,0.0145351520722878,0.0659464038378058,0.0002733251184755,0.0019245211795157,32,1,1,1,1,0.0,2481.0365037608544,0.8296593186372746,85,6.259679509086709,0.0025230098386694,0.6921523430064553,15.23739900764108,1.133,14.10439900764108,32.481670566410244,2769.6017750616074,2481.0365037608544,499,499,1.0,4338.935650878256,0.3637898289765294,deployment_scaling,xxlarge,60,36,24,60,60,1.0,15.0,0.7,0.7,0.2,0.1,0.7,0.3,6.6559283530004905
epigenomics,1000,3.0,reference,3,HDS,Sharable,HDS-Sharable,2273.32405154637,4546.648103092741,1,3.0,downstream_reserved,1,idle_only,1,1,1,0.0,6819.97215463911,6819.97215463911,3.0,60,60,1,1,1.0,0.0582005809992551,0,333,2,1.4984984984984986,"{""1"":167,""2"":166}",10,0.0200400801603206,75,414,85,5,2,59,59,362,3120,0.268974448001245,8.60702088001909e-14,0,0,0,10,7.389644451905042e-13,7.389644451905042e-13,0.725,2495.387469856085,1636.0419896306455,2581.1149667600266,0.2503019376919673,0.1701320207449235,0.3304718546390112,0.5566204781662445,0.0285184584365237,0.1173531214861233,0.0156776442305554,0.063321439147909,0.000270462975394,0.0019256277432414,32,1,1,1,1,0.0,2495.387469856085,0.8296593186372746,83,6.287315180947189,0.0025195747181137,0.9856450080042124,15.161533618428898,1.125,14.036533618428898,41.7110975469878,2771.9699812678978,2495.387469856085,499,499,1.0,4324.584684783025,0.3658940847960298,deployment_scaling,xxlarge,60,36,24,60,60,1.0,15.0,0.7,0.7,0.2,0.1,0.7,0.3,6.649163389003661
epigenomics,1000,3.0,reference,3,PBQS,NonSharable,PBQS-NonSharable,2273.32405154637,4546.648103092741,1,3.0,downstream_reserved,1,queue_aware,1,1,1,0.0,6819.97215463911,6819.97215463911,3.0,60,60,1,1,1.0,0.1153873579999071,0,333,2,1.4984984984984986,"{""1"":167,""2"":166}",0,0.0,0,382,117,0,0,0,0,0,0,0.0,0.0,0,0,0,0,0.0,0.0,0.905,2678.9213267581963,2040.894255423056,2562.548150298564,0.2162193188705032,0.1496131733141274,0.2828254644268791,0.4310339312465785,0.0651825779992883,0.0999551506929574,0.0383611951673118,0.0643604251575302,0.000388422012704,0.0016058961023825,22,1,1,1,1,0.0,2678.9213267581963,0.7655310621242485,117,70.62979418200109,0.0263650124684591,0.0,19.07713244264845,1.08,17.99713244264845,38.19996626673654,3025.8581973509813,2678.9213267581963,499,499,1.0,4141.050827880914,0.3928053173847534,deployment_scaling,xxlarge,60,36,24,60,60,1.0,15.0,0.7,0.7,0.2,0.1,0.7,0.3,70.93878564400006
epigenomics,1000,3.0,reference,3,PBQS,Sharable,PBQS-Sharable,2273.32405154637,4546.648103092741,1,3.0,downstream_reserved,1,queue_aware,1,1,1,0.0,6819.97215463911,6819.97215463911,3.0,60,60,1,1,1.0,0.1153562249965034,0,333,2,1.4984984984984986,"{""1"":167,""2"":166}",0,0.0,0,408,91,0,0,0,0,0,0,0.0,0.0,0,0,0,0,0.0,0.0,0.745,2834.647423689994,1732.5227769596015,1945.8051933716547,0.2733629960005648,0.1891537976900039,0.3575721943111257,0.5541864830313155,0.0924024960967085,0.1130743100445409,0.0543806381323444,0.0748547914548335,0.000552389738163,0.001160283643107,11,1,1,1,1,0.0,2834.647423689994,0.8176352705410822,91,65.96942640302586,0.023272533244064,0.0,15.98512610774343,0.8220000000000001,15.16312610774343,358.488014781705,3025.858197350982,2834.647423689994,499,499,1.0,3985.324730949116,0.4156391491659974,deployment_scaling,xxlarge,60,36,24,60,60,1.0,15.0,0.7,0.7,0.2,0.1,0.7,0.3,66.20635355799459
epigenomics,1000,3.0,reference,4,HDS,NonSharable,HDS-NonSharable,2233.612317485873,4467.224634971746,1,3.0,downstream_reserved,1,idle_only,1,1,1,0.0,6700.836952457619,6700.836952457619,3.0,60,60,1,1,1.0,0.0603082119999953,0,333,2,1.4984984984984986,"{""1"":167,""2"":166}",0,0.0,85,414,85,0,0,0,0,0,0,0.0,0.0,0,0,0,0,0.0,0.0,0.77,2406.4445971741884,1746.6534668390975,2835.3557410708104,0.2386653481161761,0.1616987658887977,0.3156319303435544,0.5281320689440866,0.0675703261134456,0.1326598796992351,0.0362009117369654,0.0675542392091929,0.0007404894710235,0.0023879667026218,13,1,1,1,1,0.0,2406.4445971741884,0.8296593186372746,85,6.198687306999318,0.002575869527301,0.0,15.557653392237556,1.154,14.403653392237556,33.01753731574889,2693.4735516148417,2406.4445971741884,499,499,1.0,4294.392355283431,0.3591259740011422,deployment_scaling,xxlarge,60,36,24,60,60,1.0,15.0,0.7,0.7,0.2,0.1,0.7,0.3,6.5873695249999855
epigenomics,1000,3.0,reference,4,HDS,Sharable,HDS-Sharable,2233.612317485873,4467.224634971746,1,3.0,downstream_reserved,1,idle_only,1,1,1,0.0,6700.836952457619,6700.836952457619,3.0,60,60,1,1,1.0,0.0589371820000224,0,333,2,1.4984984984984986,"{""1"":167,""2"":166}",0,0.0,85,414,85,0,0,0,0,0,0,0.0,0.0,0,0,0,0,0.0,0.0,0.77,2406.4445971741884,1746.6534668390975,2835.3557410708104,0.2386653481161761,0.1616987658887977,0.3156319303435544,0.5281320689440866,0.0675703261134456,0.1326598796992351,0.0362009117369654,0.0675542392091929,0.0007404894710235,0.0023879667026218,13,1,1,1,1,0.0,2406.4445971741884,0.8296593186372746,85,6.012141864,0.002498350417483,0.0,15.557653392237556,1.154,14.403653392237556,33.01753731574889,2693.4735516148417,2406.4445971741884,499,499,1.0,4294.392355283431,0.3591259740011422,deployment_scaling,xxlarge,60,36,24,60,60,1.0,15.0,0.7,0.7,0.2,0.1,0.7,0.3,6.394139709000001
epigenomics,1000,3.0,reference,4,PBQS,NonSharable,PBQS-NonSharable,2233.612317485873,4467.224634971746,1,3.0,downstream_reserved,1,queue_aware,1,1,1,0.0,6700.836952457619,6700.836952457619,3.0,60,60,1,1,1.0,0.1165645219998623,0,333,2,1.4984984984984986,"{""1"":167,""2"":166}",0,0.0,0,381,118,0,0,0,0,0,0,0.0,0.0,0,0,0,0,0.0,0.0,0.925,2567.5928199326845,2125.645205330329,2730.830871695375,0.2075663209343838,0.1438954518637466,0.2712371900050209,0.412133623744282,0.0558194081052008,0.1196950573185814,0.0311881194831124,0.0658651804529736,0.0003952961558562,0.0017396575498345,22,1,1,1,1,0.0,2567.5928199326845,0.7635270541082164,118,68.37954491799974,0.0266317713568744,0.0,18.51758730016741,1.082,17.43558730016741,39.400430374140086,2917.9060561095166,2567.5928199326845,499,499,1.0,4133.244132524935,0.3831749433913604,deployment_scaling,xxlarge,60,36,24,60,60,1.0,15.0,0.7,0.7,0.2,0.1,0.7,0.3,68.68954814900007
epigenomics,1000,3.0,reference,4,PBQS,Sharable,PBQS-Sharable,2233.612317485873,4467.224634971746,1,3.0,downstream_reserved,1,queue_aware,1,1,1,0.0,6700.836952457619,6700.836952457619,3.0,60,60,1,1,1.0,0.1181416740000713,0,333,2,1.4984984984984986,"{""1"":167,""2"":166}",0,0.0,0,410,89,0,0,0,0,0,0,0.0,0.0,0,0,0,0,0.0,0.0,0.7000000000000001,2763.450721096216,1756.5823895287135,1992.705240092144,0.2742299568549158,0.1901100495426142,0.3583498641672175,0.5464243550766884,0.0907606722084652,0.1238738084155449,0.0507109406081552,0.0713757888288909,0.0005905670584695,0.0014770047800735,10,1,1,1,1,0.0,2763.450721096216,0.8216432865731463,89,68.74319297600016,0.0248758526617514,0.0,15.19604683132736,0.765,14.43104683132736,389.1469232064623,2917.906056109516,2763.450721096216,499,499,1.0,3937.386231361403,0.4124038147328274,deployment_scaling,xxlarge,60,36,24,60,60,1.0,15.0,0.7,0.7,0.2,0.1,0.7,0.3,68.98464501500007
epigenomics,1000,3.0,reference,5,HDS,NonSharable,HDS-NonSharable,2193.038822682907,4386.077645365813,1,3.0,downstream_reserved,1,idle_only,1,1,1,0.0,6579.11646804872,6579.11646804872,3.0,60,60,1,1,1.0,0.0580295469999327,0,333,2,1.4984984984984986,"{""1"":167,""2"":166}",6,0.0120240480961923,77,416,83,3,2,59,59,303,3061,0.1954526519994033,0.0,0,0,0,6,0.0,0.0,0.735,2405.3611246196474,1671.378733301788,2592.1453335629208,0.244596155529543,0.1655107029930587,0.3236816080660273,0.5415898463614339,0.0427055295500958,0.117632378615634,0.0233889294385446,0.061930419875876,0.0004152619056213,0.0019896026775569,22,1,1,1,1,0.0,2405.3611246196474,0.8336673346693386,83,6.232016533990645,0.0025908860296293,0.5576951359989835,15.725673772889015,1.117,14.608673772889016,31.43659319802084,2697.117434879941,2405.3611246196474,499,499,1.0,4173.755343429073,0.3656054937317512,deployment_scaling,xxlarge,60,36,24,60,60,1.0,15.0,0.7,0.7,0.2,0.1,0.7,0.3,6.589145977000044
epigenomics,1000,3.0,reference,5,HDS,Sharable,HDS-Sharable,2193.038822682907,4386.077645365813,1,3.0,downstream_reserved,1,idle_only,1,1,1,0.0,6579.11646804872,6579.11646804872,3.0,60,60,1,1,1.0,0.0581883619997825,0,333,2,1.4984984984984986,"{""1"":167,""2"":166}",6,0.0120240480961923,78,415,84,3,2,59,59,362,3120,0.194432911000149,1.4293843414057172e-13,0,0,0,6,9.094947017729282e-13,9.094947017729282e-13,0.73,2407.261426491803,1678.6933353134314,2606.7745375862078,0.244596155529543,0.1655107029930587,0.3236816080660272,0.5415898463614339,0.0379305045626232,0.1186511638274778,0.020773747665227,0.062347621989243,0.0003990072623793,0.0020245403056524,23,1,1,1,1,0.0,2407.261426491803,0.8316633266533067,83,6.184193330001108,0.0025689745459069,0.5422514090005279,15.780190588982164,1.113,14.667190588982164,34.2222490322202,2697.117434879941,2407.261426491803,499,499,1.0,4171.855041556917,0.3658943321922625,deployment_scaling,xxlarge,60,36,24,60,60,1.0,15.0,0.7,0.7,0.2,0.1,0.7,0.3,6.551659325999935
epigenomics,1000,3.0,reference,5,PBQS,NonSharable,PBQS-NonSharable,2193.038822682907,4386.077645365813,1,3.0,downstream_reserved,1,queue_aware,1,1,1,0.0,6579.11646804872,6579.11646804872,3.0,60,60,1,1,1.0,0.1207343699998091,0,333,2,1.4984984984984986,"{""1"":167,""2"":166}",0,0.0,0,383,116,0,0,0,0,0,0,0.0,0.0,0,0,0,0,0.0,0.0,0.97,2588.3597939188253,2081.14509519401,2609.919501154676,0.2075806778148635,0.1441262058794657,0.2710351497502614,0.422816280230132,0.0660971705470994,0.1319321584782396,0.0374312377857722,0.0789843338097389,0.0004497434647146,0.0015685542904886,20,1,1,1,1,0.0,2588.3597939188253,0.7675350701402806,116,66.94864342099208,0.0258652771451184,0.0,19.55728372662241,1.088,18.469283726622407,38.8118674664037,2942.801310401719,2588.3597939188253,499,499,1.0,3990.756674129895,0.3934205765301642,deployment_scaling,xxlarge,60,36,24,60,60,1.0,15.0,0.7,0.7,0.2,0.1,0.7,0.3,67.27896797999983
epigenomics,1000,3.0,reference,5,PBQS,Sharable,PBQS-Sharable,2193.038822682907,4386.077645365813,1,3.0,downstream_reserved,1,queue_aware,1,1,1,0.0,6579.11646804872,6579.11646804872,3.0,60,60,1,1,1.0,0.1188629569996919,0,333,2,1.4984984984984986,"{""1"":167,""2"":166}",0,0.0,0,409,90,0,0,0,0,0,0,0.0,0.0,0,0,0,0,0.0,0.0,0.705,2756.533460178318,1748.0000115920586,1943.629333950773,0.2727337372750033,0.1893628982357943,0.3561045763142121,0.5449632056299483,0.0930969610241048,0.1216457611778605,0.0527213866551654,0.0693782789385682,0.0006093509500417,0.0012256971792187,11,1,1,1,1,0.0,2756.533460178318,0.8196392785571143,90,66.92443068199736,0.0242784757191621,0.0,16.857634265468917,0.791,16.066634265468917,340.4624284248861,2942.801310401721,2756.533460178318,499,499,1.0,3822.583007870402,0.4189823167845317,deployment_scaling,xxlarge,60,36,24,60,60,1.0,15.0,0.7,0.7,0.2,0.1,0.7,0.3,67.15551910700015
inspiral,1000,3.0,reference,1,HDS,NonSharable,HDS-NonSharable,1996.0947526945,3992.189505389,1,3.0,downstream_reserved,1,idle_only,1,1,1,0.0,5988.2842580835,5988.2842580835,3.0,60,60,1,1,1.0,0.0584263849996204,0,667,2,1.4992503748125936,"{""1"":334,""2"":333}",2,0.002,87,911,89,1,2,59,59,303,3061,0.1907362100000682,0.0,0,0,0,2,0.0,0.0,0.765,2366.987504029123,3413.279910710881,5152.840943916109,0.2493732222596039,0.1770804024180093,0.3216660421011984,0.5557616563484543,0.0624949606982564,0.1771940381198964,0.034171019878869,0.102209771206532,0.0009906540977252,0.0043592065945479,18,1,1,1,1,0.0,2366.987504029123,0.911,89,6.640163884975664,0.0028053227461795,0.1907362100000682,30.47409739671446,2.183,28.29109739671446,33.811732875149495,2967.767244900746,2366.987504029123,1000,1000,1.0,3621.296754054376,0.3952697303629099,deployment_scaling,xxlarge,60,36,24,60,60,1.0,15.0,0.7,0.7,0.2,0.1,0.7,0.3,7.438525692000439
inspiral,1000,3.0,reference,1,HDS,Sharable,HDS-Sharable,1996.0947526945,3992.189505389,1,3.0,downstream_reserved,1,idle_only,1,1,1,0.0,5988.2842580835,5988.2842580835,3.0,60,60,1,1,1.0,0.0582899029996042,0,667,2,1.4992503748125936,"{""1"":334,""2"":333}",2,0.002,87,911,89,1,2,59,59,362,3120,0.2372384130003411,0.0,0,0,0,2,0.0,0.0,0.765,2365.405072057433,3403.166147560534,5142.727180765762,0.2505689882756241,0.1777700691627698,0.3233679073884784,0.5609924172191275,0.072497017125533,0.1773125791319312,0.0396535823733556,0.1022781485054931,0.0011872998288199,0.0043621228594904,15,1,1,1,1,0.0,2365.405072057433,0.911,88,6.390346316000432,0.0027015864603867,0.2372384130003411,30.385187291511684,2.1750000000000003,28.210187291511684,37.51108473955643,2962.0399629169933,2365.405072057433,1000,1000,1.0,3622.879186026066,0.3950054757110781,deployment_scaling,xxlarge,60,36,24,60,60,1.0,15.0,0.7,0.7,0.2,0.1,0.7,0.3,7.171469576999698
inspiral,1000,3.0,reference,1,PBQS,NonSharable,PBQS-NonSharable,1996.0947526945,3992.189505389,1,3.0,downstream_reserved,1,queue_aware,1,1,1,0.0,5988.2842580835,5988.2842580835,3.0,60,60,1,1,1.0,0.1192106630001035,0,667,2,1.4992503748125936,"{""1"":334,""2"":333}",0,0.0,0,856,144,0,0,0,0,0,0,0.0,0.0,0,0,0,0,0.0,0.0,1.095,2824.288724759562,4351.133992808436,5157.035000723061,0.2017825206293154,0.1494023821031008,0.2541626591555301,0.4115407591295504,0.0671583223311401,0.1992369270829556,0.0390136360042159,0.1194686814991894,0.0007517578964657,0.0025677363817866,28,1,1,1,1,0.0,2824.288724759562,0.856,144,122.56381170599934,0.0433963463549334,0.0,46.35489990541004,1.957,44.39789990541004,45.16847662049722,3555.712158879316,2824.288724759562,1000,1000,1.0,3163.9955333239377,0.4716357145115639,deployment_scaling,xxlarge,60,36,24,60,60,1.0,15.0,0.7,0.7,0.2,0.1,0.7,0.3,123.25169763999996
inspiral,1000,3.0,reference,1,PBQS,Sharable,PBQS-Sharable,1996.0947526945,3992.189505389,1,3.0,downstream_reserved,1,queue_aware,1,1,1,0.0,5988.2842580835,5988.2842580835,3.0,60,60,1,1,1.0,0.1190409110004111,0,667,2,1.4992503748125936,"{""1"":334,""2"":333}",0,0.0,0,894,106,0,0,0,0,0,0,0.0,0.0,0,0,0,0,0.0,0.0,0.795,3181.004729143218,3786.79685212488,4028.3607193559496,0.2758545851641275,0.2042462945206947,0.3474628758075603,0.5590742388175025,0.1192544549185219,0.2196913089049533,0.0692773394953477,0.1260814696761916,0.0011657568243294,0.0021710433635231,12,1,1,1,1,0.0,3181.004729143218,0.894,106,120.6510979020104,0.0379286131820706,0.0,38.41602882242754,1.493,36.92302882242754,716.0256182530458,3555.712158879316,3181.004729143218,1000,1000,1.0,2807.2795289402816,0.5312046977144121,deployment_scaling,xxlarge,60,36,24,60,60,1.0,15.0,0.7,0.7,0.2,0.1,0.7,0.3,121.20649774699996
inspiral,1000,3.0,reference,2,HDS,NonSharable,HDS-NonSharable,2012.521792320748,4025.043584641496,1,3.0,downstream_reserved,1,idle_only,1,1,1,0.0,6037.565376962243,6037.565376962243,3.0,60,60,1,1,1.0,0.071127142000023,0,667,2,1.4992503748125936,"{""1"":334,""2"":333}",2,0.002,89,909,91,1,2,58,58,298,3043,0.1897675399998206,4.4969827475353946e-14,0,0,0,2,0.0,0.0,0.805,2394.876339902853,3321.240302555316,5053.46834857604,0.2475318124988791,0.1704852117226825,0.3245784132750757,0.543001024260768,0.06171576521722,0.1758861128665013,0.034969027790273,0.1026377632090237,0.0010062901899361,0.0041052016708717,18,1,1,1,1,0.0,2394.876339902853,0.909,91,6.659502723000742,0.0027807292644057,0.1897675399998206,30.690123197791785,2.237,28.453123197791783,34.27311744475307,2964.7855924637934,2394.876339902853,1000,1000,1.0,3642.6890370593896,0.3966625933428513,deployment_scaling,xxlarge,60,36,24,60,60,1.0,15.0,0.7,0.7,0.2,0.1,0.7,0.3,7.468914791000088
inspiral,1000,3.0,reference,2,HDS,Sharable,HDS-Sharable,2012.521792320748,4025.043584641496,1,3.0,downstream_reserved,1,idle_only,1,1,1,0.0,6037.565376962243,6037.565376962243,3.0,60,60,1,1,1.0,0.0689107929999863,0,667,2,1.4992503748125936,"{""1"":334,""2"":333}",2,0.002,90,908,92,1,2,58,58,356,3101,0.1992295379998268,0.0,0,0,0,2,0.0,0.0,0.805,2396.4977516964123,3303.561398653244,5030.317462113009,0.2474529797450573,0.1704412200948169,0.3244647393952977,0.5427497171871631,0.0719100569596382,0.1754234764669531,0.040704850199325,0.1021243449954733,0.0011264803785779,0.0041570453103564,16,1,1,1,1,0.0,2396.4977516964123,0.908,91,6.7088631000040095,0.0027994447711269,0.1992295379998268,30.54469196657521,2.233,28.31169196657521,36.552536121739166,2963.4134558419105,2396.4977516964123,1000,1000,1.0,3641.067625265831,0.396931147253629,deployment_scaling,xxlarge,60,36,24,60,60,1.0,15.0,0.7,0.7,0.2,0.1,0.7,0.3,7.561569244000111
inspiral,1000,3.0,reference,2,PBQS,NonSharable,PBQS-NonSharable,2012.521792320748,4025.043584641496,1,3.0,downstream_reserved,1,queue_aware,1,1,1,0.0,6037.565376962243,6037.565376962243,3.0,60,60,1,1,1.0,0.1369637059999604,0,667,2,1.4992503748125936,"{""1"":334,""2"":333}",0,0.0,0,864,136,0,0,0,0,0,0,0.0,0.0,0,0,0,0,0.0,0.0,1.03,2750.184941099561,4078.3912578331583,4910.475241661407,0.2125478382630983,0.1514730826967409,0.2736225938294558,0.4231233379897267,0.0738674898288936,0.2109296450113132,0.0445905729752592,0.1319324414543538,0.0008946349769403,0.0025707929618407,25,1,1,1,1,0.0,2750.184941099561,0.864,136,127.06151064299728,0.0462010786053524,0.0,46.13698368211031,1.989,44.14798368211031,42.04516371081158,3452.68643799617,2750.184941099561,1000,1000,1.0,3287.380435862682,0.4555122420029672,deployment_scaling,xxlarge,60,36,24,60,60,1.0,15.0,0.7,0.7,0.2,0.1,0.7,0.3,127.78454977299998
inspiral,1000,3.0,reference,2,PBQS,Sharable,PBQS-Sharable,2012.521792320748,4025.043584641496,1,3.0,downstream_reserved,1,queue_aware,1,1,1,0.0,6037.565376962243,6037.565376962243,3.0,60,60,1,1,1.0,0.1405090680000285,0,667,2,1.4992503748125936,"{""1"":334,""2"":333}",0,0.0,0,897,103,0,0,0,0,0,0,0.0,0.0,0,0,0,0,0.0,0.0,0.775,3078.619362694603,3444.86298016848,3643.4186863320497,0.2815568766602082,0.2006526550008776,0.3624610983195389,0.5586871258893481,0.1154774786696166,0.1954130393925257,0.0697087034031355,0.1164529252033128,0.0009671165007158,0.0019410155171613,12,1,1,1,1,0.0,3078.619362694603,0.897,103,126.78908110799809,0.0411837470537521,0.0,32.694139675595245,1.437,31.257139675595244,686.0083898397357,3452.686437996171,3078.619362694603,1000,1000,1.0,2958.9460142676403,0.509910728990497,deployment_scaling,xxlarge,60,36,24,60,60,1.0,15.0,0.7,0.7,0.2,0.1,0.7,0.3,127.33804224200004
inspiral,1000,3.0,reference,3,HDS,NonSharable,HDS-NonSharable,2012.7005218887384,4025.401043777477,1,3.0,downstream_reserved,1,idle_only,1,1,1,0.0,6038.101565666215,6038.101565666215,3.0,60,60,1,1,1.0,0.0678266309998889,0,667,2,1.4992503748125936,"{""1"":334,""2"":333}",6,0.006,88,906,94,3,2,58,59,303,3061,0.1988033670002096,3.1130308885922544e-14,0,0,0,6,0.0,0.0,0.8200000000000001,2454.208526139618,3374.681894287264,4954.407994949735,0.239513060352606,0.1664199098620603,0.3126062108431517,0.5363820716461448,0.0473492795065674,0.1718990006306573,0.0270702551954168,0.1038862286419319,0.0008371467457284,0.0039118930392567,21,1,1,1,1,0.0,2454.208526139618,0.906,94,6.926086228000486,0.0028221262187915,0.4335115810001753,31.39355641693073,2.1670000000000003,29.226556416930727,34.97407420168505,3025.194884084257,2454.208526139618,1000,1000,1.0,3583.893039526597,0.4064536675061431,deployment_scaling,xxlarge,60,36,24,60,60,1.0,15.0,0.7,0.7,0.2,0.1,0.7,0.3,7.700867291999884
inspiral,1000,3.0,reference,3,HDS,Sharable,HDS-Sharable,2012.7005218887384,4025.401043777477,1,3.0,downstream_reserved,1,idle_only,1,1,1,0.0,6038.101565666215,6038.101565666215,3.0,60,60,1,1,1.0,0.0680592669998532,0,667,2,1.4992503748125936,"{""1"":334,""2"":333}",8,0.008,90,902,98,4,2,58,59,362,3120,0.2448331860000507,0.0,0,0,0,8,1.5916157281026244e-12,1.5916157281026244e-12,0.8150000000000001,2487.5083792643604,3504.196423032643,5046.560890145442,0.2453254869881093,0.1708636197196461,0.3197873542565725,0.5443394526262015,0.0619483389625973,0.1727753002016883,0.0358529378002118,0.1041514272943827,0.0009080971280611,0.0035525405653959,20,1,1,1,1,0.0,2487.5083792643604,0.902,94,6.975343895004016,0.0028041489038388,0.7795551849999356,33.05246006802362,2.142,30.91046006802362,41.82133034724369,3070.0745128117765,2487.5083792643604,1000,1000,1.0,3550.5931864018544,0.4119686216291562,deployment_scaling,xxlarge,60,36,24,60,60,1.0,15.0,0.7,0.7,0.2,0.1,0.7,0.3,7.766993099000047
inspiral,1000,3.0,reference,3,PBQS,NonSharable,PBQS-NonSharable,2012.7005218887384,4025.401043777477,1,3.0,downstream_reserved,1,queue_aware,1,1,1,0.0,6038.101565666215,6038.101565666215,3.0,60,60,1,1,1.0,0.1601217859999906,0,667,2,1.4992503748125936,"{""1"":334,""2"":333}",0,0.0,0,847,153,0,0,0,0,0,0,0.0,0.0,0,0,0,0,0.0,0.0,1.215,2891.2475809626267,4388.974333014631,5278.120807003204,0.1909651395190398,0.138027788705994,0.2439024903320856,0.393746525638112,0.0751801686555607,0.2110650103473738,0.0461277236384581,0.1272262775658906,0.0009068900270351,0.0027680655270425,27,1,1,1,1,0.0,2891.2475809626267,0.847,153,125.06960626699832,0.0432580063673955,0.0,51.93204008574117,2.061,49.87104008574117,47.26680986283113,3614.593105357869,2891.2475809626267,1000,1000,1.0,3146.853984703588,0.4788338767606703,deployment_scaling,xxlarge,60,36,24,60,60,1.0,15.0,0.7,0.7,0.2,0.1,0.7,0.3,125.832265193
inspiral,1000,3.0,reference,3,PBQS,Sharable,PBQS-Sharable,2012.7005218887384,4025.401043777477,1,3.0,downstream_reserved,1,queue_aware,1,1,1,0.0,6038.101565666215,6038.101565666215,3.0,60,60,1,1,1.0,0.1370322569998734,0,667,2,1.4992503748125936,"{""1"":334,""2"":333}",0,0.0,0,890,110,0,0,0,0,0,0,0.0,0.0,0,0,0,0,0.0,0.0,0.85,3323.426106330153,3709.439411985688,3919.050964945317,0.2678169639596291,0.1935755573315771,0.342058370587681,0.5476656220239193,0.1144565364665516,0.2243702345776127,0.0702262255746307,0.1379966074324655,0.0010724843557089,0.0022138217355889,12,1,1,1,1,0.0,3323.426106330153,0.89,110,121.82752551500356,0.0366572090418853,0.0,37.35438656643152,1.495,35.859386566431525,804.4253936544944,3614.593105357867,3323.426106330153,1000,1000,1.0,2714.675459336062,0.5504091095830155,deployment_scaling,xxlarge,60,36,24,60,60,1.0,15.0,0.7,0.7,0.2,0.1,0.7,0.3,122.37424436599986
inspiral,1000,3.0,reference,4,HDS,NonSharable,HDS-NonSharable,1973.652159749761,3947.3043194995216,1,3.0,downstream_reserved,1,idle_only,1,1,1,0.0,5920.956479249283,5920.956479249283,3.0,60,60,1,1,1.0,0.067823847999989,0,667,2,1.4992503748125936,"{""1"":334,""2"":333}",0,0.0,86,914,86,0,0,0,0,0,0,0.0,0.0,0,0,0,0,0.0,0.0,0.78,2349.8387007981955,3375.752315172076,5149.711580591226,0.2560074708526194,0.1770298739213977,0.3349850677838412,0.567986235776669,0.0852227772932822,0.1560069528165079,0.0483747760193339,0.0922751939610247,0.0013151187126718,0.0040095037567247,14,1,1,1,1,0.0,2349.8387007981955,0.914,86,6.013609112997983,0.0025591582566732,0.0,30.282056848849862,2.186,28.096056848849862,32.56253921197569,2930.808976607612,2349.8387007981955,1000,1000,1.0,3571.117778451088,0.3968680920107237,deployment_scaling,xxlarge,60,36,24,60,60,1.0,15.0,0.7,0.7,0.2,0.1,0.7,0.3,6.809056975999965
inspiral,1000,3.0,reference,4,HDS,Sharable,HDS-Sharable,1973.652159749761,3947.3043194995216,1,3.0,downstream_reserved,1,idle_only,1,1,1,0.0,5920.956479249283,5920.956479249283,3.0,60,60,1,1,1.0,0.0741264850000789,0,667,2,1.4992503748125936,"{""1"":334,""2"":333}",0,0.0,86,914,86,0,0,0,0,0,0,0.0,0.0,0,0,0,0,0.0,0.0,0.78,2349.8387007981955,3375.752315172076,5149.711580591226,0.2560074708526194,0.1770298739213977,0.3349850677838412,0.567986235776669,0.0852227772932822,0.1560069528165079,0.0483747760193339,0.0922751939610247,0.0013151187126718,0.0040095037567247,14,1,1,1,1,0.0,2349.8387007981955,0.914,86,6.104180961998736,0.0025977021145856,0.0,30.282056848849862,2.186,28.096056848849862,32.56253921197569,2930.808976607612,2349.8387007981955,1000,1000,1.0,3571.117778451088,0.3968680920107237,deployment_scaling,xxlarge,60,36,24,60,60,1.0,15.0,0.7,0.7,0.2,0.1,0.7,0.3,6.897178882999924
inspiral,1000,3.0,reference,4,PBQS,NonSharable,PBQS-NonSharable,1973.652159749761,3947.3043194995216,1,3.0,downstream_reserved,1,queue_aware,1,1,1,0.0,5920.956479249283,5920.956479249283,3.0,60,60,1,1,1.0,0.1384056720003172,0,667,2,1.4992503748125936,"{""1"":334,""2"":333}",0,0.0,0,856,144,0,0,0,0,0,0,0.0,0.0,0,0,0,0,0.0,0.0,1.105,2761.8451880220173,4279.500497832673,5271.837080670318,0.1965781793541054,0.1418067759992566,0.2513495827089542,0.4000136609612767,0.0862153082081866,0.1975346082935752,0.0510900869356641,0.1121984720056804,0.0009956337832258,0.0025360074196266,24,1,1,1,1,0.0,2761.8451880220173,0.856,144,126.53642896400744,0.0458159021775693,0.0,48.23975885836976,2.037,46.20275885836976,45.97986529226071,3456.118030705431,2761.8451880220173,1000,1000,1.0,3159.1112912272656,0.466452539839001,deployment_scaling,xxlarge,60,36,24,60,60,1.0,15.0,0.7,0.7,0.2,0.1,0.7,0.3,127.285328295
inspiral,1000,3.0,reference,4,PBQS,Sharable,PBQS-Sharable,1973.652159749761,3947.3043194995216,1,3.0,downstream_reserved,1,queue_aware,1,1,1,0.0,5920.956479249283,5920.956479249283,3.0,60,60,1,1,1.0,0.13547542099991,0,667,2,1.4992503748125936,"{""1"":334,""2"":333}",0,0.0,0,897,103,0,0,0,0,0,0,0.0,0.0,0,0,0,0,0.0,0.0,0.77,3120.640768300074,3522.7674457479447,3758.3709765008607,0.2788069602603979,0.2011246430839131,0.3564892774368827,0.5592423997905225,0.1144540585353842,0.1976397789468578,0.0678240085460498,0.116225024784516,0.0010641627001918,0.002222323635046,12,1,1,1,1,0.0,3120.640768300074,0.897,103,130.40360809000094,0.0417874461599873,0.0,34.582539417494345,1.452,33.13053941749435,752.1825855190374,3456.1180307054287,3120.640768300074,1000,1000,1.0,2800.315710949209,0.5270501107780038,deployment_scaling,xxlarge,60,36,24,60,60,1.0,15.0,0.7,0.7,0.2,0.1,0.7,0.3,130.96462535600017
inspiral,1000,3.0,reference,5,HDS,NonSharable,HDS-NonSharable,1934.5098505792496,3869.019701158499,1,3.0,downstream_reserved,1,idle_only,1,1,1,0.0,5803.529551737749,5803.529551737749,3.0,60,60,1,1,1.0,0.0597462600003382,0,667,2,1.4992503748125936,"{""1"":334,""2"":333}",4,0.004,87,909,91,2,2,58,59,303,3061,0.1729751500001839,8.26550481755665e-14,0,0,0,4,0.0,0.0,0.81,2285.686860846677,3356.6851122440485,5313.404236089677,0.235315980921631,0.16107710330986,0.3095548585334021,0.5257881998103264,0.0463355756286977,0.1515582503763157,0.0269933540323069,0.0967902234846232,0.0008841128596263,0.0040131729161285,22,1,1,1,1,0.0,2285.686860846677,0.909,91,6.944083560993931,0.003038073009888,0.2366877770000428,30.559548683246245,2.2880000000000003,28.271548683246245,34.23616884032644,2870.8035709643823,2285.686860846677,1000,1000,1.0,3517.8426908910715,0.3938442701928303,deployment_scaling,xxlarge,60,36,24,60,60,1.0,15.0,0.7,0.7,0.2,0.1,0.7,0.3,7.821830321000107
inspiral,1000,3.0,reference,5,HDS,Sharable,HDS-Sharable,1934.5098505792496,3869.019701158499,1,3.0,downstream_reserved,1,idle_only,1,1,1,0.0,5803.529551737749,5803.529551737749,3.0,60,60,1,1,1.0,0.0595065150000664,0,667,2,1.4992503748125936,"{""1"":334,""2"":333}",8,0.008,85,907,93,4,2,58,59,362,3120,0.2007386939999378,0.0,0,0,0,8,0.0,0.0,0.8150000000000001,2303.516602818744,3323.081974909024,5183.139108098501,0.2374329051411385,0.1629190819612158,0.3119467283210613,0.5320332704199603,0.0523317375565572,0.1534178738999756,0.0303067818904093,0.0963811458413153,0.0008413712125923,0.0041439592490519,22,1,1,1,1,0.0,2303.516602818744,0.907,90,7.150708702999054,0.0031042575053502,0.655832399999781,29.8801656129836,2.266,27.6141656129836,41.35802624306869,2872.9796602677857,2303.516602818744,1000,1000,1.0,3500.012948919005,0.3969164940547262,deployment_scaling,xxlarge,60,36,24,60,60,1.0,15.0,0.7,0.7,0.2,0.1,0.7,0.3,8.030598721999922
inspiral,1000,3.0,reference,5,PBQS,NonSharable,PBQS-NonSharable,1934.5098505792496,3869.019701158499,1,3.0,downstream_reserved,1,queue_aware,1,1,1,0.0,5803.529551737749,5803.529551737749,3.0,60,60,1,1,1.0,0.1181932250001409,0,667,2,1.4992503748125936,"{""1"":334,""2"":333}",0,0.0,0,861,139,0,0,0,0,0,0,0.0,0.0,0,0,0,0,0.0,0.0,1.07,2692.106118953385,4185.315383890873,5254.781403163472,0.1994042608149614,0.1422593047514333,0.2565492168784896,0.4068584889909932,0.072569445584126,0.2160085301229706,0.0443103516986881,0.1240727737306634,0.0008691188706079,0.0030807257965833,28,1,1,1,1,0.0,2692.106118953385,0.861,139,126.75585147000312,0.047084270035864,0.0,47.74986878909561,2.087,45.6628687890956,43.05120369884163,3393.199798184883,2692.106118953385,1000,1000,1.0,3111.423432784364,0.4638739399797298,deployment_scaling,xxlarge,60,36,24,60,60,1.0,15.0,0.7,0.7,0.2,0.1,0.7,0.3,127.56327613799976
inspiral,1000,3.0,reference,5,PBQS,Sharable,PBQS-Sharable,1934.5098505792496,3869.019701158499,1,3.0,downstream_reserved,1,queue_aware,1,1,1,0.0,5803.529551737749,5803.529551737749,3.0,60,60,1,1,1.0,0.1197602259999257,0,667,2,1.4992503748125936,"{""1"":334,""2"":333}",0,0.0,0,896,104,0,0,0,0,0,0,0.0,0.0,0,0,0,0,0.0,0.0,0.79,3087.793798069032,3376.049118391514,3636.248872164754,0.2688741323246899,0.1918206109229003,0.3459276537264794,0.5437820189398854,0.1107224631060021,0.1650565289845186,0.0676062941046521,0.0935765473643467,0.0010168225815578,0.0019277828335535,12,1,1,1,1,0.0,3087.793798069032,0.896,104,126.64773538699092,0.0410156065039675,0.0,33.187656340262045,1.443,31.744656340262043,749.3807339666889,3393.1997981848854,3087.793798069032,1000,1000,1.0,2715.7357536687173,0.5320544628129712,deployment_scaling,xxlarge,60,36,24,60,60,1.0,15.0,0.7,0.7,0.2,0.1,0.7,0.3,127.252569365
montage,1000,3.0,reference,1,HDS,NonSharable,HDS-NonSharable,1333.3356899994735,2666.6713799989475,1,3.0,downstream_reserved,1,idle_only,1,1,1,0.0,4000.007069998421,4000.007069998421,3.0,60,60,1,1,1.0,0.0588798669996322,0,402,4,2.4950248756218905,"{""1"":201,""2"":1,""4"":200}",75,0.075,46,879,121,34,3,55,59,366,3424,0.2731235069986724,7.539748060924974e-13,0,0,0,75,7.105427357601002e-15,7.105427357601002e-15,1.04,1668.1578221233367,5906.6657159439965,9448.852128922354,0.1928937230782955,0.1392434398283621,0.2465440063282289,0.4261856024121885,0.0192659508475054,0.0875053558403792,0.0104377342768139,0.0471031611113167,0.000318667317829,0.0048682157891424,146,1,1,1,1,0.0,1668.1578221233367,0.879,121,12.580723083006887,0.0075416863537488,6.481110232998617,53.21476601433636,3.9405,49.27426601433636,45.45162874041191,3094.1074735124885,1668.1578221233367,1000,1000,1.0,2331.849247875084,0.417038718415064,deployment_scaling,xxlarge,60,36,24,60,60,1.0,15.0,0.7,0.7,0.2,0.1,0.7,0.3,13.885438888999488
montage,1000,3.0,reference,1,HDS,Sharable,HDS-Sharable,1333.3356899994735,2666.6713799989475,1,3.0,downstream_reserved,1,idle_only,1,1,1,0.0,4000.007069998421,4000.007069998421,3.0,60,60,1,1,1.0,0.0591335550016083,0,402,4,2.4950248756218905,"{""1"":201,""2"":1,""4"":200}",46,0.046,88,866,134,23,3,56,59,543,3719,0.2693326929984323,4.849297359983864e-06,0,0,0,46,2.515321284590755e-12,4.689582056016661e-13,1.0,1736.662124845784,5931.495025381521,9532.396199313274,0.205772695432863,0.1489720258758824,0.2625733649898437,0.4527250797249988,0.0359810085145908,0.1700336241840403,0.0195784270738971,0.0919258386323043,0.0006439291028574,0.005372449121926,70,1,1,1,1,0.0,1736.662124845784,0.866,115,12.869522073982807,0.0074104927434434,4.7584560049836,53.433400489836544,3.9605,49.47290048983654,90.07440398978076,3123.803050102492,1736.662124845784,1000,1000,1.0,2263.3449451526367,0.4341647638253973,deployment_scaling,xxlarge,60,36,24,60,60,1.0,15.0,0.7,0.7,0.2,0.1,0.7,0.3,14.158479968999018
montage,1000,3.0,reference,1,PBQS,NonSharable,PBQS-NonSharable,1333.3356899994735,2666.6713799989475,1,3.0,downstream_reserved,1,queue_aware,1,1,1,0.0,4000.007069998421,4000.007069998421,3.0,60,60,1,1,1.0,0.1327156070001365,0,401,4,2.496259351620948,"{""1"":201,""4"":200}",0,0.0,0,844,156,0,0,0,0,0,0,0.0,0.0,0,0,0,0,0.0,0.0,1.265,1841.7945365590908,6179.815616846961,8437.096886479723,0.1811089560266487,0.1338231636375767,0.2283947484157207,0.3728704889491105,0.0796756469543914,0.2367894575569623,0.0456665096932518,0.1232084373746178,0.0008777803512964,0.0043531986368834,43,1,1,1,1,0.0,1841.7945365590908,0.844,156,161.53681739610693,0.0877062094547723,0.0,54.89596522156007,3.4365,51.45946522156007,55.21628818264379,3490.067776563674,1841.7945365590908,1000,1000,1.0,2158.21253343933,0.4604478202984321,deployment_scaling,xxlarge,60,36,24,60,60,1.0,15.0,0.7,0.7,0.2,0.1,0.7,0.3,162.59553251099717
montage,1000,3.0,reference,1,PBQS,Sharable,PBQS-Sharable,1333.3356899994735,2666.6713799989475,1,3.0,downstream_reserved,1,queue_aware,1,1,1,0.0,4000.007069998421,4000.007069998421,3.0,60,60,1,1,1.0,0.1181824439991032,0,401,4,2.496259351620948,"{""1"":201,""4"":200}",0,0.0,0,906,94,0,0,0,0,0,0,0.0,0.0,0,0,0,0,0.0,0.0,0.71,2628.42650569014,4335.091988295713,4747.649629377226,0.3110349462196793,0.2298267375514904,0.3922431548878682,0.6188063433623536,0.1395760647479834,0.2108998557384818,0.07999874437679,0.1159282191864113,0.0013835494089231,0.0026331651664079,11,1,1,1,1,0.0,2628.42650569014,0.906,94,163.67159605697452,0.0622698012299946,0.0,38.52217619315009,1.8205,36.701676193150085,2340.2963508435914,3490.067776563674,2628.42650569014,1000,1000,1.0,1371.5805643082808,0.657105464988885,deployment_scaling,xxlarge,60,36,24,60,60,1.0,15.0,0.7,0.7,0.2,0.1,0.7,0.3,164.2082471549984
montage,1000,3.0,reference,2,HDS,NonSharable,HDS-NonSharable,1297.0996591380836,2594.199318276167,1,3.0,downstream_reserved,1,idle_only,1,1,1,0.0,3891.29897741425,3891.29897741425,3.0,60,60,1,1,1.0,0.057587458002672,0,401,4,2.496259351620948,"{""1"":201,""4"":200}",53,0.053,62,885,115,24,3,56,59,366,3424,0.2809581640030956,8.551487092016219e-12,0,0,0,53,1.7763568394002505e-15,8.881784197001252e-16,0.99,1632.5202158342088,5825.789836083503,9378.636308251074,0.2022450785683676,0.1397986058204602,0.264691551316275,0.4456499561842198,0.0239433600526521,0.1080888435125576,0.0139509983810509,0.0659075395083729,0.000425195054999,0.005181207665915,111,1,1,1,1,0.0,1632.5202158342088,0.885,115,11.90686543794436,0.0072935485407511,4.739584078983171,52.63521527107736,4.0085,48.626715271077366,43.37768177051917,3074.984697671117,1632.5202158342088,1000,1000,1.0,2258.7787615800416,0.4195309137924453,deployment_scaling,xxlarge,60,36,24,60,60,1.0,15.0,0.7,0.7,0.2,0.1,0.7,0.3,13.328744717000518
montage,1000,3.0,reference,2,HDS,Sharable,HDS-Sharable,1297.0996591380836,2594.199318276167,1,3.0,downstream_reserved,1,idle_only,1,1,1,0.0,3891.29897741425,3891.29897741425,3.0,60,60,1,1,1.0,0.059383521998825,0,401,4,2.496259351620948,"{""1"":201,""4"":200}",54,0.054,77,869,131,26,3,56,59,543,3719,0.3648358529972029,2.266717681339197e-13,0,0,0,54,3.582023566650605e-12,9.094947017729282e-13,0.985,1692.226467947325,5856.872140087198,9415.895323426075,0.2051149585723962,0.142189640719216,0.2680402764255765,0.4466324396468345,0.026257314589289,0.1334591311001415,0.0152189175466705,0.0821182886154844,0.0004312034873898,0.0057489447979578,106,1,1,1,1,0.0,1692.226467947325,0.869,115,12.999301097028363,0.0076817738897539,5.458247830014443,52.84787370310693,3.9725,48.87537370310693,99.83265067172718,3081.763833563158,1692.226467947325,1000,1000,1.0,2199.072509466925,0.4348744410977646,deployment_scaling,xxlarge,60,36,24,60,60,1.0,15.0,0.7,0.7,0.2,0.1,0.7,0.3,14.34886102800374
montage,1000,3.0,reference,2,PBQS,NonSharable,PBQS-NonSharable,1297.0996591380836,2594.199318276167,1,3.0,downstream_reserved,1,queue_aware,1,1,1,0.0,3891.29897741425,3891.29897741425,3.0,60,60,1,1,1.0,0.1160331729988684,0,400,4,2.5,"{""1"":200,""4"":200}",0,0.0,0,842,158,0,0,0,0,0,0,0.0,0.0,0,0,0,0,0.0,0.0,1.22,1791.8354201926843,6097.577414553522,8524.477296287541,0.1807364130086585,0.1283030556152014,0.2331697704021156,0.363093089878331,0.0704838708683005,0.2412992329862188,0.0426877961893193,0.145303250031025,0.0008518859702692,0.0051374005876127,46,1,1,1,1,0.0,1791.8354201926843,0.842,158,166.81020873093803,0.0930946039190363,0.0,54.37351589883752,3.5725,50.80101589883752,52.02902751937282,3442.122492046578,1791.8354201926843,1000,1000,1.0,2099.463557221566,0.4604723077288064,deployment_scaling,xxlarge,60,36,24,60,60,1.0,15.0,0.7,0.7,0.2,0.1,0.7,0.3,167.9115688680031
montage,1000,3.0,reference,2,PBQS,Sharable,PBQS-Sharable,1297.0996591380836,2594.199318276167,1,3.0,downstream_reserved,1,queue_aware,1,1,1,0.0,3891.29897741425,3891.29897741425,3.0,60,60,1,1,1.0,0.1192583100055344,0,400,4,2.5,"{""1"":200,""4"":200}",0,0.0,0,911,89,0,0,0,0,0,0,0.0,0.0,0,0,0,0,0.0,0.0,0.675,2557.1638299468505,4121.729460540994,4572.781388262485,0.3234230548575996,0.2295949416272027,0.4172511680879965,0.6445922269750144,0.1358194617651918,0.2528437435068882,0.0822575921406025,0.1456558106629766,0.0013723530604291,0.0028189810764572,11,1,1,1,1,0.0,2557.1638299468505,0.911,89,163.2029521620716,0.0638218600821769,0.0,36.774732266737296,1.7805,34.9942322667373,2436.667777571536,3442.122492046577,2557.1638299468505,1000,1000,1.0,1334.1351474674002,0.6571491537373655,deployment_scaling,xxlarge,60,36,24,60,60,1.0,15.0,0.7,0.7,0.2,0.1,0.7,0.3,163.75468100700527
montage,1000,3.0,reference,3,HDS,NonSharable,HDS-NonSharable,1315.574099658709,2631.148199317417,1,3.0,downstream_reserved,1,idle_only,1,1,1,0.0,3946.722298976127,3946.722298976127,3.0,60,60,1,1,1.0,0.058606875994883,0,401,4,2.496259351620948,"{""1"":201,""4"":200}",56,0.056,62,882,118,25,3,55,59,366,3424,0.265823141002329,2.1301176983833005e-13,0,0,0,56,7.105427357601002e-15,7.105427357601002e-15,1.045,1631.1198258451725,5693.52583302993,9477.509854710614,0.1906600663931396,0.1332810308698894,0.2480391019163897,0.4276421542831302,0.0244192607119819,0.1440814845015572,0.0137573456138595,0.0707470334783571,0.0004307728925423,0.0062903268981142,111,1,1,1,1,0.0,1631.1198258451725,0.882,118,12.144310909992782,0.00744538244068,4.921498138013703,51.79791263289618,4.0765,47.721412632896175,44.6486450808826,3027.706452324562,1631.1198258451725,1000,1000,1.0,2315.6024731309544,0.4132846707426878,deployment_scaling,xxlarge,60,36,24,60,60,1.0,15.0,0.7,0.7,0.2,0.1,0.7,0.3,13.516936449996138
montage,1000,3.0,reference,3,HDS,Sharable,HDS-Sharable,1315.574099658709,2631.148199317417,1,3.0,downstream_reserved,1,idle_only,1,1,1,0.0,3946.722298976127,3946.722298976127,3.0,60,60,1,1,1.0,0.0591845460003241,0,401,4,2.496259351620948,"{""1"":201,""4"":200}",44,0.044,87,869,131,22,3,55,59,543,3719,0.3290744729965809,1.9853474717029485e-13,0,0,0,44,1.5494272531668685e-12,4.547473508864641e-13,1.03,1717.121375179038,5760.139543628128,9311.576326862463,0.2004919397363317,0.1417798624657374,0.2592040170069261,0.4430940228821861,0.0319641471186237,0.178826490298222,0.0178051378624342,0.0953335355475735,0.0005379261772074,0.005585482490327,83,1,1,1,1,0.0,1717.121375179038,0.869,117,12.77029793595284,0.0074370385929307,4.470524243013642,52.226822317681766,3.9725,48.25432231768177,73.86794720076546,3110.520040632947,1717.121375179038,1000,1000,1.0,2229.6009237970884,0.4350752966897367,deployment_scaling,xxlarge,60,36,24,60,60,1.0,15.0,0.7,0.7,0.2,0.1,0.7,0.3,14.128617523005232
montage,1000,3.0,reference,3,PBQS,NonSharable,PBQS-NonSharable,1315.574099658709,2631.148199317417,1,3.0,downstream_reserved,1,queue_aware,1,1,1,0.0,3946.722298976127,3946.722298976127,3.0,60,60,1,1,1.0,0.1199510529986582,0,401,4,2.496259351620948,"{""1"":201,""4"":200}",0,0.0,0,841,159,0,0,0,0,0,0,0.0,0.0,0,0,0,0,0.0,0.0,1.28,1840.4690480508564,5920.411421684411,8206.675105744886,0.1772847377693408,0.1278390555722517,0.2267304199664299,0.3690466280730894,0.0881548396607418,0.231563484521877,0.0531843558871161,0.1290578480208516,0.000877449806386,0.0049041289409025,42,1,1,1,1,0.0,1840.4690480508564,0.841,159,162.91189294504147,0.0885165078530241,0.0,53.03699734213202,3.5005,49.536497342132016,53.26828307203548,3520.704831817273,1840.4690480508564,1000,1000,1.0,2106.2532509252705,0.466328489472978,deployment_scaling,xxlarge,60,36,24,60,60,1.0,15.0,0.7,0.7,0.2,0.1,0.7,0.3,163.9802353099949
montage,1000,3.0,reference,3,PBQS,Sharable,PBQS-Sharable,1315.574099658709,2631.148199317417,1,3.0,downstream_reserved,1,queue_aware,1,1,1,0.0,3946.722298976127,3946.722298976127,3.0,60,60,1,1,1.0,0.1173769849992822,0,401,4,2.496259351620948,"{""1"":201,""4"":200}",0,0.0,0,906,94,0,0,0,0,0,0,0.0,0.0,0,0,0,0,0.0,0.0,0.71,2691.847523936851,4010.772817427552,4387.39789723117,0.3099294336543152,0.2234884208924976,0.3963704464161328,0.6242384453576731,0.1356146913503253,0.2475420015866944,0.0818171757336778,0.147794385163559,0.001258763352377,0.0027145427022374,11,1,1,1,1,0.0,2691.847523936851,0.906,94,161.55560730789875,0.0600166264512717,0.0,36.04788850807715,1.7885,34.25938850807715,2594.23876202458,3520.7048318172765,2691.847523936851,1000,1000,1.0,1254.8747750392758,0.6820463463150624,deployment_scaling,xxlarge,60,36,24,60,60,1.0,15.0,0.7,0.7,0.2,0.1,0.7,0.3,162.10255348200008
montage,1000,3.0,reference,4,HDS,NonSharable,HDS-NonSharable,1304.7282055735373,2609.4564111470745,1,3.0,downstream_reserved,1,idle_only,1,1,1,0.0,3914.184616720612,3914.184616720612,3.0,60,60,1,1,1.0,0.0578212950058514,0,401,4,2.496259351620948,"{""1"":201,""4"":200}",55,0.055,60,885,115,25,3,56,59,366,3424,0.2640208220036584,4.722449755532887e-13,0,0,0,55,8.881784197001252e-16,4.440892098500626e-16,1.025,1615.3267332765436,5932.474508324322,9866.624444040965,0.1922239942942234,0.1339163400803759,0.2505316485080709,0.4321444386655416,0.0269703652951178,0.1411501596659397,0.0151515742316598,0.0807794025104865,0.0005965378888877,0.0060965550652386,83,1,1,1,1,0.0,1615.3267332765436,0.885,115,11.7382643710298,0.0072668049932039,4.652665304005495,52.6103992588791,4.1045,48.5058992588791,44.35714013487824,2981.796626792237,1615.3267332765436,1000,1000,1.0,2298.857883444068,0.4126853716547226,deployment_scaling,xxlarge,60,36,24,60,60,1.0,15.0,0.7,0.7,0.2,0.1,0.7,0.3,13.119400718001998
montage,1000,3.0,reference,4,HDS,Sharable,HDS-Sharable,1304.7282055735373,2609.4564111470745,1,3.0,downstream_reserved,1,idle_only,1,1,1,0.0,3914.184616720612,3914.184616720612,3.0,60,60,1,1,1.0,0.0579131720005534,0,401,4,2.496259351620948,"{""1"":201,""4"":200}",37,0.037,90,873,127,16,3,56,59,543,3719,0.3369044080027379,3.40277797558761e-06,0,0,0,37,1.656452752740734e-12,7.958078640513122e-13,1.015,1697.7103053305088,5991.209003995422,9750.385194079256,0.2033451673922828,0.1423699925099807,0.2643203422745849,0.4537219609307552,0.0357907071094779,0.1573275473157884,0.0202793647611655,0.1034799472098484,0.0007054883961161,0.0061917875060908,66,1,1,1,1,0.0,1697.7103053305088,0.873,112,11.929891180967388,0.0070270476320427,3.6463531180052087,53.008275224247896,4.0325,48.9757752242479,80.59397240425454,3049.011577454676,1697.7103053305088,1000,1000,1.0,2216.474311390103,0.4337328132347746,deployment_scaling,xxlarge,60,36,24,60,60,1.0,15.0,0.7,0.7,0.2,0.1,0.7,0.3,13.23662646599405
montage,1000,3.0,reference,4,PBQS,NonSharable,PBQS-NonSharable,1304.7282055735373,2609.4564111470745,1,3.0,downstream_reserved,1,queue_aware,1,1,1,0.0,3914.184616720612,3914.184616720612,3.0,60,60,1,1,1.0,0.1208027059983578,0,401,4,2.496259351620948,"{""1"":201,""4"":200}",0,0.0,0,839,161,0,0,0,0,0,0,0.0,0.0,0,0,0,0,0.0,0.0,1.255,1815.5419659883312,6259.967677407711,8723.207174530738,0.172877756095693,0.1252183113491229,0.220537200842263,0.3539054399019433,0.071116126566208,0.2205184960821379,0.0410484534862457,0.1167869161783433,0.0007802822729021,0.0057773469936896,50,1,1,1,1,0.0,1815.5419659883312,0.839,161,168.4829297680335,0.0928003499364532,0.0,54.63834461154621,3.5125,51.125844611546206,55.08765182276157,3418.726549452772,1815.5419659883312,1000,1000,1.0,2098.6426507322803,0.4638365697501083,deployment_scaling,xxlarge,60,36,24,60,60,1.0,15.0,0.7,0.7,0.2,0.1,0.7,0.3,169.57215344699944
montage,1000,3.0,reference,4,PBQS,Sharable,PBQS-Sharable,1304.7282055735373,2609.4564111470745,1,3.0,downstream_reserved,1,queue_aware,1,1,1,0.0,3914.184616720612,3914.184616720612,3.0,60,60,1,1,1.0,0.117091389001871,0,400,4,2.5,"{""1"":200,""4"":200}",0,0.0,0,911,89,0,0,0,0,0,0,0.0,0.0,0,0,0,0,0.0,0.0,0.685,2595.855760077734,4063.9826783605954,4331.237176436509,0.3208715927533695,0.2324127748525389,0.4093304106542003,0.6402109643169984,0.1367812357370581,0.2580260485622239,0.0789505624679472,0.14356240329253,0.0012501044988272,0.0028137615367891,11,1,1,1,1,0.0,2595.855760077734,0.911,89,164.59579328987456,0.0634071414218121,0.0,35.226464619169285,1.6685,33.55796461916928,2410.679939826469,3418.7265494527715,2595.855760077734,1000,1000,1.0,1318.3288566428778,0.6631919580361025,deployment_scaling,xxlarge,60,36,24,60,60,1.0,15.0,0.7,0.7,0.2,0.1,0.7,0.3,165.1471986329998
montage,1000,3.0,reference,5,HDS,NonSharable,HDS-NonSharable,1279.9946018093665,2559.989203618733,1,3.0,downstream_reserved,1,idle_only,1,1,1,0.0,3839.983805428099,3839.983805428099,3.0,60,60,1,1,1.0,0.0580823540003621,0,401,4,2.496259351620948,"{""1"":201,""4"":200}",53,0.053,62,885,115,25,3,55,59,366,3424,0.2798804609992658,3.691446265335713e-13,0,0,0,53,4.440892098500626e-16,4.440892098500626e-16,0.98,1584.6360653074958,5799.130808059365,9528.138650789184,0.1899840660408807,0.1318393850258491,0.2481287470559122,0.4255211674686416,0.0256791269944162,0.1070224018420177,0.014470848421135,0.0696059015009123,0.0005265666330281,0.0058413431984237,94,1,1,1,1,0.0,1584.6360653074958,0.885,115,11.969204007044029,0.0075532825921902,4.6524910329826525,52.687586141648815,4.0845,48.60308614164882,43.50326717650352,2936.096055533628,1584.6360653074958,1000,1000,1.0,2255.3477401206032,0.4126673823643465,deployment_scaling,xxlarge,60,36,24,60,60,1.0,15.0,0.7,0.7,0.2,0.1,0.7,0.3,13.364068940994912
montage,1000,3.0,reference,5,HDS,Sharable,HDS-Sharable,1279.9946018093665,2559.989203618733,1,3.0,downstream_reserved,1,idle_only,1,1,1,0.0,3839.983805428099,3839.983805428099,3.0,60,60,1,1,1.0,0.0594931460000225,0,401,4,2.496259351620948,"{""1"":201,""4"":200}",60,0.06,78,862,138,29,3,55,59,543,3719,0.351786880994041,6.458059176233796e-14,0,0,0,60,4.3936854154935645e-11,4.013145371573046e-11,0.955,1663.1389130777322,5916.094102864718,9581.443275947006,0.2035536482778606,0.1425814898199716,0.2645258067357497,0.4449196108637105,0.0341291603002554,0.1555201935533027,0.0190864647697804,0.0900525024055235,0.0006495522944936,0.0056160674708063,73,1,1,1,1,0.0,1663.1389130777322,0.862,112,13.692675337057151,0.0082330316664397,6.044024497983628,53.54729250009164,4.0085,49.53879250009164,118.92623188453362,2989.859785004135,1663.1389130777322,1000,1000,1.0,2176.8448923503665,0.4331109185217821,deployment_scaling,xxlarge,60,36,24,60,60,1.0,15.0,0.7,0.7,0.2,0.1,0.7,0.3,14.997787001004326
montage,1000,3.0,reference,5,PBQS,NonSharable,PBQS-NonSharable,1279.9946018093665,2559.989203618733,1,3.0,downstream_reserved,1,queue_aware,1,1,1,0.0,3839.983805428099,3839.983805428099,3.0,60,60,1,1,1.0,0.1156263669981854,0,400,4,2.5,"{""1"":200,""4"":200}",0,0.0,0,843,157,0,0,0,0,0,0,0.0,0.0,0,0,0,0,0.0,0.0,1.22,1773.5111799482215,6167.000680048031,8606.780539019079,0.1737422812790299,0.1234363619834743,0.2240482005745855,0.3584445935095142,0.0684652059892911,0.2074862644185814,0.0420077402403749,0.1257942897051244,0.0007725332241,0.0058009099091005,52,1,1,1,1,0.0,1773.5111799482215,0.843,157,162.5790872418729,0.0916707428067183,0.0,55.1459071782902,3.5095,51.6364071782902,52.28517760068696,3376.548070859624,1773.5111799482215,1000,1000,1.0,2066.472625479877,0.461853817571114,deployment_scaling,xxlarge,60,36,24,60,60,1.0,15.0,0.7,0.7,0.2,0.1,0.7,0.3,163.65069089300232
montage,1000,3.0,reference,5,PBQS,Sharable,PBQS-Sharable,1279.9946018093665,2559.989203618733,1,3.0,downstream_reserved,1,queue_aware,1,1,1,0.0,3839.983805428099,3839.983805428099,3.0,60,60,1,1,1.0,0.1344601189994136,0,400,4,2.5,"{""1"":200,""4"":200}",0,0.0,0,910,90,0,0,0,0,0,0,0.0,0.0,0,0,0,0,0.0,0.0,0.685,2597.232088975552,4069.9483596547007,4412.67589823242,0.3132625980637055,0.222559501152022,0.4039656949753891,0.6252866797888186,0.1028527174389686,0.1786158215942089,0.0631066565091278,0.1136022541046339,0.0011109888580189,0.0022909060893955,13,1,1,1,1,0.0,2597.232088975552,0.91,90,162.05464195495006,0.0623951331276176,0.0,36.4621265544115,1.6925,34.769626554411495,2476.439724471653,3376.548070859621,2597.232088975552,1000,1000,1.0,1242.751716452547,0.676365375631057,deployment_scaling,xxlarge,60,36,24,60,60,1.0,15.0,0.7,0.7,0.2,0.1,0.7,0.3,162.59109216900106
